volume_id,true_pixels,predicted_pixels,intersection_pixels,micro_dice,tumor_threshold,liver_threshold,dilation_kernel,mode
104,69032,482,9,0.00025894065943178444,0.05000000074505806,,1,raw
105,0,2404,0,4.159733775307931e-10,0.05000000074505806,,1,raw
106,0,1590,0,6.289308172145088e-10,0.05000000074505806,,1,raw
107,1473,4712,256,0.08278092173277592,0.05000000074505806,,1,raw
108,363698,251899,188587,0.6126962931924413,0.05000000074505806,,1,raw
109,18200,22467,13074,0.6429783362519247,0.05000000074505806,,1,raw
110,31120,25370,19913,0.705009736241724,0.05000000074505806,,1,raw
111,1830,4052,874,0.29717783078932714,0.05000000074505806,,1,raw
112,295,5044,157,0.05881251188259739,0.05000000074505806,,1,raw
113,21076,27227,13702,0.5673353622017818,0.05000000074505806,,1,raw
114,0,1,0,9.99999000001e-07,0.05000000074505806,,1,raw
115,0,5079,0,1.9688915136899207e-10,0.05000000074505806,,1,raw
116,152763,761,0,6.513639561198811e-12,0.05000000074505806,,1,raw
104,69032,482,9,0.00025894065943178444,0.05000000074505806,0.30000001192092896,1,liver_supported
105,0,2404,0,4.159733775307931e-10,0.05000000074505806,0.30000001192092896,1,liver_supported
106,0,1590,0,6.289308172145088e-10,0.05000000074505806,0.30000001192092896,1,liver_supported
107,1473,4712,256,0.08278092173277592,0.05000000074505806,0.30000001192092896,1,liver_supported
108,363698,251899,188587,0.6126962931924413,0.05000000074505806,0.30000001192092896,1,liver_supported
109,18200,22467,13074,0.6429783362519247,0.05000000074505806,0.30000001192092896,1,liver_supported
110,31120,25370,19913,0.705009736241724,0.05000000074505806,0.30000001192092896,1,liver_supported
111,1830,4052,874,0.29717783078932714,0.05000000074505806,0.30000001192092896,1,liver_supported
112,295,5044,157,0.05881251188259739,0.05000000074505806,0.30000001192092896,1,liver_supported
113,21076,27227,13702,0.5673353622017818,0.05000000074505806,0.30000001192092896,1,liver_supported
114,0,1,0,9.99999000001e-07,0.05000000074505806,0.30000001192092896,1,liver_supported
115,0,5079,0,1.9688915136899207e-10,0.05000000074505806,0.30000001192092896,1,liver_supported
116,152763,761,0,6.513639561198811e-12,0.05000000074505806,0.30000001192092896,1,liver_supported
104,69032,482,9,0.00025894065943178444,0.05000000074505806,0.30000001192092896,5,liver_supported
105,0,2404,0,4.159733775307931e-10,0.05000000074505806,0.30000001192092896,5,liver_supported
106,0,1590,0,6.289308172145088e-10,0.05000000074505806,0.30000001192092896,5,liver_supported
107,1473,4712,256,0.08278092173277592,0.05000000074505806,0.30000001192092896,5,liver_supported
108,363698,251899,188587,0.6126962931924413,0.05000000074505806,0.30000001192092896,5,liver_supported
109,18200,22467,13074,0.6429783362519247,0.05000000074505806,0.30000001192092896,5,liver_supported
110,31120,25370,19913,0.705009736241724,0.05000000074505806,0.30000001192092896,5,liver_supported
111,1830,4052,874,0.29717783078932714,0.05000000074505806,0.30000001192092896,5,liver_supported
112,295,5044,157,0.05881251188259739,0.05000000074505806,0.30000001192092896,5,liver_supported
113,21076,27227,13702,0.5673353622017818,0.05000000074505806,0.30000001192092896,5,liver_supported
114,0,1,0,9.99999000001e-07,0.05000000074505806,0.30000001192092896,5,liver_supported
115,0,5079,0,1.9688915136899207e-10,0.05000000074505806,0.30000001192092896,5,liver_supported
116,152763,761,0,6.513639561198811e-12,0.05000000074505806,0.30000001192092896,5,liver_supported
104,69032,482,9,0.00025894065943178444,0.05000000074505806,0.30000001192092896,11,liver_supported
105,0,2404,0,4.159733775307931e-10,0.05000000074505806,0.30000001192092896,11,liver_supported
106,0,1590,0,6.289308172145088e-10,0.05000000074505806,0.30000001192092896,11,liver_supported
107,1473,4712,256,0.08278092173277592,0.05000000074505806,0.30000001192092896,11,liver_supported
108,363698,251899,188587,0.6126962931924413,0.05000000074505806,0.30000001192092896,11,liver_supported
109,18200,22467,13074,0.6429783362519247,0.05000000074505806,0.30000001192092896,11,liver_supported
110,31120,25370,19913,0.705009736241724,0.05000000074505806,0.30000001192092896,11,liver_supported
111,1830,4052,874,0.29717783078932714,0.05000000074505806,0.30000001192092896,11,liver_supported
112,295,5044,157,0.05881251188259739,0.05000000074505806,0.30000001192092896,11,liver_supported
113,21076,27227,13702,0.5673353622017818,0.05000000074505806,0.30000001192092896,11,liver_supported
114,0,1,0,9.99999000001e-07,0.05000000074505806,0.30000001192092896,11,liver_supported
115,0,5079,0,1.9688915136899207e-10,0.05000000074505806,0.30000001192092896,11,liver_supported
116,152763,761,0,6.513639561198811e-12,0.05000000074505806,0.30000001192092896,11,liver_supported
104,69032,482,9,0.00025894065943178444,0.05000000074505806,0.30000001192092896,21,liver_supported
105,0,2404,0,4.159733775307931e-10,0.05000000074505806,0.30000001192092896,21,liver_supported
106,0,1590,0,6.289308172145088e-10,0.05000000074505806,0.30000001192092896,21,liver_supported
107,1473,4712,256,0.08278092173277592,0.05000000074505806,0.30000001192092896,21,liver_supported
108,363698,251899,188587,0.6126962931924413,0.05000000074505806,0.30000001192092896,21,liver_supported
109,18200,22467,13074,0.6429783362519247,0.05000000074505806,0.30000001192092896,21,liver_supported
110,31120,25370,19913,0.705009736241724,0.05000000074505806,0.30000001192092896,21,liver_supported
111,1830,4052,874,0.29717783078932714,0.05000000074505806,0.30000001192092896,21,liver_supported
112,295,5044,157,0.05881251188259739,0.05000000074505806,0.30000001192092896,21,liver_supported
113,21076,27227,13702,0.5673353622017818,0.05000000074505806,0.30000001192092896,21,liver_supported
114,0,1,0,9.99999000001e-07,0.05000000074505806,0.30000001192092896,21,liver_supported
115,0,5079,0,1.9688915136899207e-10,0.05000000074505806,0.30000001192092896,21,liver_supported
116,152763,761,0,6.513639561198811e-12,0.05000000074505806,0.30000001192092896,21,liver_supported
104,69032,482,9,0.00025894065943178444,0.05000000074505806,0.30000001192092896,31,liver_supported
105,0,2404,0,4.159733775307931e-10,0.05000000074505806,0.30000001192092896,31,liver_supported
106,0,1590,0,6.289308172145088e-10,0.05000000074505806,0.30000001192092896,31,liver_supported
107,1473,4712,256,0.08278092173277592,0.05000000074505806,0.30000001192092896,31,liver_supported
108,363698,251899,188587,0.6126962931924413,0.05000000074505806,0.30000001192092896,31,liver_supported
109,18200,22467,13074,0.6429783362519247,0.05000000074505806,0.30000001192092896,31,liver_supported
110,31120,25370,19913,0.705009736241724,0.05000000074505806,0.30000001192092896,31,liver_supported
111,1830,4052,874,0.29717783078932714,0.05000000074505806,0.30000001192092896,31,liver_supported
112,295,5044,157,0.05881251188259739,0.05000000074505806,0.30000001192092896,31,liver_supported
113,21076,27227,13702,0.5673353622017818,0.05000000074505806,0.30000001192092896,31,liver_supported
114,0,1,0,9.99999000001e-07,0.05000000074505806,0.30000001192092896,31,liver_supported
115,0,5079,0,1.9688915136899207e-10,0.05000000074505806,0.30000001192092896,31,liver_supported
116,152763,761,0,6.513639561198811e-12,0.05000000074505806,0.30000001192092896,31,liver_supported
104,69032,482,9,0.00025894065943178444,0.05000000074505806,0.4000000059604645,1,liver_supported
105,0,2404,0,4.159733775307931e-10,0.05000000074505806,0.4000000059604645,1,liver_supported
106,0,1584,0,6.31313130914575e-10,0.05000000074505806,0.4000000059604645,1,liver_supported
107,1473,4712,256,0.08278092173277592,0.05000000074505806,0.4000000059604645,1,liver_supported
108,363698,251844,188534,0.612578832964099,0.05000000074505806,0.4000000059604645,1,liver_supported
109,18200,22467,13074,0.6429783362519247,0.05000000074505806,0.4000000059604645,1,liver_supported
110,31120,25370,19913,0.705009736241724,0.05000000074505806,0.4000000059604645,1,liver_supported
111,1830,4052,874,0.29717783078932714,0.05000000074505806,0.4000000059604645,1,liver_supported
112,295,5041,157,0.05884557738777257,0.05000000074505806,0.4000000059604645,1,liver_supported
113,21076,27227,13702,0.5673353622017818,0.05000000074505806,0.4000000059604645,1,liver_supported
114,0,1,0,9.99999000001e-07,0.05000000074505806,0.4000000059604645,1,liver_supported
115,0,5079,0,1.9688915136899207e-10,0.05000000074505806,0.4000000059604645,1,liver_supported
116,152763,761,0,6.513639561198811e-12,0.05000000074505806,0.4000000059604645,1,liver_supported
104,69032,482,9,0.00025894065943178444,0.05000000074505806,0.4000000059604645,5,liver_supported
105,0,2404,0,4.159733775307931e-10,0.05000000074505806,0.4000000059604645,5,liver_supported
106,0,1590,0,6.289308172145088e-10,0.05000000074505806,0.4000000059604645,5,liver_supported
107,1473,4712,256,0.08278092173277592,0.05000000074505806,0.4000000059604645,5,liver_supported
108,363698,251899,188587,0.6126962931924413,0.05000000074505806,0.4000000059604645,5,liver_supported
109,18200,22467,13074,0.6429783362519247,0.05000000074505806,0.4000000059604645,5,liver_supported
110,31120,25370,19913,0.705009736241724,0.05000000074505806,0.4000000059604645,5,liver_supported
111,1830,4052,874,0.29717783078932714,0.05000000074505806,0.4000000059604645,5,liver_supported
112,295,5044,157,0.05881251188259739,0.05000000074505806,0.4000000059604645,5,liver_supported
113,21076,27227,13702,0.5673353622017818,0.05000000074505806,0.4000000059604645,5,liver_supported
114,0,1,0,9.99999000001e-07,0.05000000074505806,0.4000000059604645,5,liver_supported
115,0,5079,0,1.9688915136899207e-10,0.05000000074505806,0.4000000059604645,5,liver_supported
116,152763,761,0,6.513639561198811e-12,0.05000000074505806,0.4000000059604645,5,liver_supported
104,69032,482,9,0.00025894065943178444,0.05000000074505806,0.4000000059604645,11,liver_supported
105,0,2404,0,4.159733775307931e-10,0.05000000074505806,0.4000000059604645,11,liver_supported
106,0,1590,0,6.289308172145088e-10,0.05000000074505806,0.4000000059604645,11,liver_supported
107,1473,4712,256,0.08278092173277592,0.05000000074505806,0.4000000059604645,11,liver_supported
108,363698,251899,188587,0.6126962931924413,0.05000000074505806,0.4000000059604645,11,liver_supported
109,18200,22467,13074,0.6429783362519247,0.05000000074505806,0.4000000059604645,11,liver_supported
110,31120,25370,19913,0.705009736241724,0.05000000074505806,0.4000000059604645,11,liver_supported
111,1830,4052,874,0.29717783078932714,0.05000000074505806,0.4000000059604645,11,liver_supported
112,295,5044,157,0.05881251188259739,0.05000000074505806,0.4000000059604645,11,liver_supported
113,21076,27227,13702,0.5673353622017818,0.05000000074505806,0.4000000059604645,11,liver_supported
114,0,1,0,9.99999000001e-07,0.05000000074505806,0.4000000059604645,11,liver_supported
115,0,5079,0,1.9688915136899207e-10,0.05000000074505806,0.4000000059604645,11,liver_supported
116,152763,761,0,6.513639561198811e-12,0.05000000074505806,0.4000000059604645,11,liver_supported
104,69032,482,9,0.00025894065943178444,0.05000000074505806,0.4000000059604645,21,liver_supported
105,0,2404,0,4.159733775307931e-10,0.05000000074505806,0.4000000059604645,21,liver_supported
106,0,1590,0,6.289308172145088e-10,0.05000000074505806,0.4000000059604645,21,liver_supported
107,1473,4712,256,0.08278092173277592,0.05000000074505806,0.4000000059604645,21,liver_supported
108,363698,251899,188587,0.6126962931924413,0.05000000074505806,0.4000000059604645,21,liver_supported
109,18200,22467,13074,0.6429783362519247,0.05000000074505806,0.4000000059604645,21,liver_supported
110,31120,25370,19913,0.705009736241724,0.05000000074505806,0.4000000059604645,21,liver_supported
111,1830,4052,874,0.29717783078932714,0.05000000074505806,0.4000000059604645,21,liver_supported
112,295,5044,157,0.05881251188259739,0.05000000074505806,0.4000000059604645,21,liver_supported
113,21076,27227,13702,0.5673353622017818,0.05000000074505806,0.4000000059604645,21,liver_supported
114,0,1,0,9.99999000001e-07,0.05000000074505806,0.4000000059604645,21,liver_supported
115,0,5079,0,1.9688915136899207e-10,0.05000000074505806,0.4000000059604645,21,liver_supported
116,152763,761,0,6.513639561198811e-12,0.05000000074505806,0.4000000059604645,21,liver_supported
104,69032,482,9,0.00025894065943178444,0.05000000074505806,0.4000000059604645,31,liver_supported
105,0,2404,0,4.159733775307931e-10,0.05000000074505806,0.4000000059604645,31,liver_supported
106,0,1590,0,6.289308172145088e-10,0.05000000074505806,0.4000000059604645,31,liver_supported
107,1473,4712,256,0.08278092173277592,0.05000000074505806,0.4000000059604645,31,liver_supported
108,363698,251899,188587,0.6126962931924413,0.05000000074505806,0.4000000059604645,31,liver_supported
109,18200,22467,13074,0.6429783362519247,0.05000000074505806,0.4000000059604645,31,liver_supported
110,31120,25370,19913,0.705009736241724,0.05000000074505806,0.4000000059604645,31,liver_supported
111,1830,4052,874,0.29717783078932714,0.05000000074505806,0.4000000059604645,31,liver_supported
112,295,5044,157,0.05881251188259739,0.05000000074505806,0.4000000059604645,31,liver_supported
113,21076,27227,13702,0.5673353622017818,0.05000000074505806,0.4000000059604645,31,liver_supported
114,0,1,0,9.99999000001e-07,0.05000000074505806,0.4000000059604645,31,liver_supported
115,0,5079,0,1.9688915136899207e-10,0.05000000074505806,0.4000000059604645,31,liver_supported
116,152763,761,0,6.513639561198811e-12,0.05000000074505806,0.4000000059604645,31,liver_supported
104,69032,482,9,0.00025894065943178444,0.05000000074505806,0.5,1,liver_supported
105,0,2404,0,4.159733775307931e-10,0.05000000074505806,0.5,1,liver_supported
106,0,1577,0,6.341154086023364e-10,0.05000000074505806,0.5,1,liver_supported
107,1473,4712,256,0.08278092173277592,0.05000000074505806,0.5,1,liver_supported
108,363698,251656,188351,0.6121712055181048,0.05000000074505806,0.5,1,liver_supported
109,18200,22462,13070,0.6428606561496517,0.05000000074505806,0.5,1,liver_supported
110,31120,25370,19913,0.705009736241724,0.05000000074505806,0.5,1,liver_supported
111,1830,4052,874,0.29717783078932714,0.05000000074505806,0.5,1,liver_supported
112,295,5036,157,0.05890076926300867,0.05000000074505806,0.5,1,liver_supported
113,21076,27227,13702,0.5673353622017818,0.05000000074505806,0.5,1,liver_supported
114,0,1,0,9.99999000001e-07,0.05000000074505806,0.5,1,liver_supported
115,0,5079,0,1.9688915136899207e-10,0.05000000074505806,0.5,1,liver_supported
116,152763,756,0,6.513851705609638e-12,0.05000000074505806,0.5,1,liver_supported
104,69032,482,9,0.00025894065943178444,0.05000000074505806,0.5,5,liver_supported
105,0,2404,0,4.159733775307931e-10,0.05000000074505806,0.5,5,liver_supported
106,0,1590,0,6.289308172145088e-10,0.05000000074505806,0.5,5,liver_supported
107,1473,4712,256,0.08278092173277592,0.05000000074505806,0.5,5,liver_supported
108,363698,251897,188585,0.6126917859962919,0.05000000074505806,0.5,5,liver_supported
109,18200,22467,13074,0.6429783362519247,0.05000000074505806,0.5,5,liver_supported
110,31120,25370,19913,0.705009736241724,0.05000000074505806,0.5,5,liver_supported
111,1830,4052,874,0.29717783078932714,0.05000000074505806,0.5,5,liver_supported
112,295,5044,157,0.05881251188259739,0.05000000074505806,0.5,5,liver_supported
113,21076,27227,13702,0.5673353622017818,0.05000000074505806,0.5,5,liver_supported
114,0,1,0,9.99999000001e-07,0.05000000074505806,0.5,5,liver_supported
115,0,5079,0,1.9688915136899207e-10,0.05000000074505806,0.5,5,liver_supported
116,152763,761,0,6.513639561198811e-12,0.05000000074505806,0.5,5,liver_supported
104,69032,482,9,0.00025894065943178444,0.05000000074505806,0.5,11,liver_supported
105,0,2404,0,4.159733775307931e-10,0.05000000074505806,0.5,11,liver_supported
106,0,1590,0,6.289308172145088e-10,0.05000000074505806,0.5,11,liver_supported
107,1473,4712,256,0.08278092173277592,0.05000000074505806,0.5,11,liver_supported
108,363698,251899,188587,0.6126962931924413,0.05000000074505806,0.5,11,liver_supported
109,18200,22467,13074,0.6429783362519247,0.05000000074505806,0.5,11,liver_supported
110,31120,25370,19913,0.705009736241724,0.05000000074505806,0.5,11,liver_supported
111,1830,4052,874,0.29717783078932714,0.05000000074505806,0.5,11,liver_supported
112,295,5044,157,0.05881251188259739,0.05000000074505806,0.5,11,liver_supported
113,21076,27227,13702,0.5673353622017818,0.05000000074505806,0.5,11,liver_supported
114,0,1,0,9.99999000001e-07,0.05000000074505806,0.5,11,liver_supported
115,0,5079,0,1.9688915136899207e-10,0.05000000074505806,0.5,11,liver_supported
116,152763,761,0,6.513639561198811e-12,0.05000000074505806,0.5,11,liver_supported
104,69032,482,9,0.00025894065943178444,0.05000000074505806,0.5,21,liver_supported
105,0,2404,0,4.159733775307931e-10,0.05000000074505806,0.5,21,liver_supported
106,0,1590,0,6.289308172145088e-10,0.05000000074505806,0.5,21,liver_supported
107,1473,4712,256,0.08278092173277592,0.05000000074505806,0.5,21,liver_supported
108,363698,251899,188587,0.6126962931924413,0.05000000074505806,0.5,21,liver_supported
109,18200,22467,13074,0.6429783362519247,0.05000000074505806,0.5,21,liver_supported
110,31120,25370,19913,0.705009736241724,0.05000000074505806,0.5,21,liver_supported
111,1830,4052,874,0.29717783078932714,0.05000000074505806,0.5,21,liver_supported
112,295,5044,157,0.05881251188259739,0.05000000074505806,0.5,21,liver_supported
113,21076,27227,13702,0.5673353622017818,0.05000000074505806,0.5,21,liver_supported
114,0,1,0,9.99999000001e-07,0.05000000074505806,0.5,21,liver_supported
115,0,5079,0,1.9688915136899207e-10,0.05000000074505806,0.5,21,liver_supported
116,152763,761,0,6.513639561198811e-12,0.05000000074505806,0.5,21,liver_supported
104,69032,482,9,0.00025894065943178444,0.05000000074505806,0.5,31,liver_supported
105,0,2404,0,4.159733775307931e-10,0.05000000074505806,0.5,31,liver_supported
106,0,1590,0,6.289308172145088e-10,0.05000000074505806,0.5,31,liver_supported
107,1473,4712,256,0.08278092173277592,0.05000000074505806,0.5,31,liver_supported
108,363698,251899,188587,0.6126962931924413,0.05000000074505806,0.5,31,liver_supported
109,18200,22467,13074,0.6429783362519247,0.05000000074505806,0.5,31,liver_supported
110,31120,25370,19913,0.705009736241724,0.05000000074505806,0.5,31,liver_supported
111,1830,4052,874,0.29717783078932714,0.05000000074505806,0.5,31,liver_supported
112,295,5044,157,0.05881251188259739,0.05000000074505806,0.5,31,liver_supported
113,21076,27227,13702,0.5673353622017818,0.05000000074505806,0.5,31,liver_supported
114,0,1,0,9.99999000001e-07,0.05000000074505806,0.5,31,liver_supported
115,0,5079,0,1.9688915136899207e-10,0.05000000074505806,0.5,31,liver_supported
116,152763,761,0,6.513639561198811e-12,0.05000000074505806,0.5,31,liver_supported
104,69032,482,9,0.00025894065943178444,0.05000000074505806,0.6000000238418579,1,liver_supported
105,0,2404,0,4.159733775307931e-10,0.05000000074505806,0.6000000238418579,1,liver_supported
106,0,1569,0,6.373486292942328e-10,0.05000000074505806,0.6000000238418579,1,liver_supported
107,1473,4712,256,0.08278092173277592,0.05000000074505806,0.6000000238418579,1,liver_supported
108,363698,251399,188119,0.6116726304963093,0.05000000074505806,0.6000000238418579,1,liver_supported
109,18200,22451,13063,0.6426902167316255,0.05000000074505806,0.6000000238418579,1,liver_supported
110,31120,25368,19913,0.7050346976401176,0.05000000074505806,0.6000000238418579,1,liver_supported
111,1830,4052,874,0.29717783078932714,0.05000000074505806,0.6000000238418579,1,liver_supported
112,295,5031,157,0.05895606476549829,0.05000000074505806,0.6000000238418579,1,liver_supported
113,21076,27224,13700,0.5672877846880479,0.05000000074505806,0.6000000238418579,1,liver_supported
114,0,1,0,9.99999000001e-07,0.05000000074505806,0.6000000238418579,1,liver_supported
115,0,5079,0,1.9688915136899207e-10,0.05000000074505806,0.6000000238418579,1,liver_supported
116,152763,748,0,6.514191165411506e-12,0.05000000074505806,0.6000000238418579,1,liver_supported
104,69032,482,9,0.00025894065943178444,0.05000000074505806,0.6000000238418579,5,liver_supported
105,0,2404,0,4.159733775307931e-10,0.05000000074505806,0.6000000238418579,5,liver_supported
106,0,1590,0,6.289308172145088e-10,0.05000000074505806,0.6000000238418579,5,liver_supported
107,1473,4712,256,0.08278092173277592,0.05000000074505806,0.6000000238418579,5,liver_supported
108,363698,251875,188564,0.612645453911051,0.05000000074505806,0.6000000238418579,5,liver_supported
109,18200,22467,13074,0.6429783362519247,0.05000000074505806,0.6000000238418579,5,liver_supported
110,31120,25370,19913,0.705009736241724,0.05000000074505806,0.6000000238418579,5,liver_supported
111,1830,4052,874,0.29717783078932714,0.05000000074505806,0.6000000238418579,5,liver_supported
112,295,5044,157,0.05881251188259739,0.05000000074505806,0.6000000238418579,5,liver_supported
113,21076,27227,13702,0.5673353622017818,0.05000000074505806,0.6000000238418579,5,liver_supported
114,0,1,0,9.99999000001e-07,0.05000000074505806,0.6000000238418579,5,liver_supported
115,0,5079,0,1.9688915136899207e-10,0.05000000074505806,0.6000000238418579,5,liver_supported
116,152763,761,0,6.513639561198811e-12,0.05000000074505806,0.6000000238418579,5,liver_supported
104,69032,482,9,0.00025894065943178444,0.05000000074505806,0.6000000238418579,11,liver_supported
105,0,2404,0,4.159733775307931e-10,0.05000000074505806,0.6000000238418579,11,liver_supported
106,0,1590,0,6.289308172145088e-10,0.05000000074505806,0.6000000238418579,11,liver_supported
107,1473,4712,256,0.08278092173277592,0.05000000074505806,0.6000000238418579,11,liver_supported
108,363698,251899,188587,0.6126962931924413,0.05000000074505806,0.6000000238418579,11,liver_supported
109,18200,22467,13074,0.6429783362519247,0.05000000074505806,0.6000000238418579,11,liver_supported
110,31120,25370,19913,0.705009736241724,0.05000000074505806,0.6000000238418579,11,liver_supported
111,1830,4052,874,0.29717783078932714,0.05000000074505806,0.6000000238418579,11,liver_supported
112,295,5044,157,0.05881251188259739,0.05000000074505806,0.6000000238418579,11,liver_supported
113,21076,27227,13702,0.5673353622017818,0.05000000074505806,0.6000000238418579,11,liver_supported
114,0,1,0,9.99999000001e-07,0.05000000074505806,0.6000000238418579,11,liver_supported
115,0,5079,0,1.9688915136899207e-10,0.05000000074505806,0.6000000238418579,11,liver_supported
116,152763,761,0,6.513639561198811e-12,0.05000000074505806,0.6000000238418579,11,liver_supported
104,69032,482,9,0.00025894065943178444,0.05000000074505806,0.6000000238418579,21,liver_supported
105,0,2404,0,4.159733775307931e-10,0.05000000074505806,0.6000000238418579,21,liver_supported
106,0,1590,0,6.289308172145088e-10,0.05000000074505806,0.6000000238418579,21,liver_supported
107,1473,4712,256,0.08278092173277592,0.05000000074505806,0.6000000238418579,21,liver_supported
108,363698,251899,188587,0.6126962931924413,0.05000000074505806,0.6000000238418579,21,liver_supported
109,18200,22467,13074,0.6429783362519247,0.05000000074505806,0.6000000238418579,21,liver_supported
110,31120,25370,19913,0.705009736241724,0.05000000074505806,0.6000000238418579,21,liver_supported
111,1830,4052,874,0.29717783078932714,0.05000000074505806,0.6000000238418579,21,liver_supported
112,295,5044,157,0.05881251188259739,0.05000000074505806,0.6000000238418579,21,liver_supported
113,21076,27227,13702,0.5673353622017818,0.05000000074505806,0.6000000238418579,21,liver_supported
114,0,1,0,9.99999000001e-07,0.05000000074505806,0.6000000238418579,21,liver_supported
115,0,5079,0,1.9688915136899207e-10,0.05000000074505806,0.6000000238418579,21,liver_supported
116,152763,761,0,6.513639561198811e-12,0.05000000074505806,0.6000000238418579,21,liver_supported
104,69032,482,9,0.00025894065943178444,0.05000000074505806,0.6000000238418579,31,liver_supported
105,0,2404,0,4.159733775307931e-10,0.05000000074505806,0.6000000238418579,31,liver_supported
106,0,1590,0,6.289308172145088e-10,0.05000000074505806,0.6000000238418579,31,liver_supported
107,1473,4712,256,0.08278092173277592,0.05000000074505806,0.6000000238418579,31,liver_supported
108,363698,251899,188587,0.6126962931924413,0.05000000074505806,0.6000000238418579,31,liver_supported
109,18200,22467,13074,0.6429783362519247,0.05000000074505806,0.6000000238418579,31,liver_supported
110,31120,25370,19913,0.705009736241724,0.05000000074505806,0.6000000238418579,31,liver_supported
111,1830,4052,874,0.29717783078932714,0.05000000074505806,0.6000000238418579,31,liver_supported
112,295,5044,157,0.05881251188259739,0.05000000074505806,0.6000000238418579,31,liver_supported
113,21076,27227,13702,0.5673353622017818,0.05000000074505806,0.6000000238418579,31,liver_supported
114,0,1,0,9.99999000001e-07,0.05000000074505806,0.6000000238418579,31,liver_supported
115,0,5079,0,1.9688915136899207e-10,0.05000000074505806,0.6000000238418579,31,liver_supported
116,152763,761,0,6.513639561198811e-12,0.05000000074505806,0.6000000238418579,31,liver_supported
104,69032,482,9,0.00025894065943178444,0.05000000074505806,0.699999988079071,1,liver_supported
105,0,2404,0,4.159733775307931e-10,0.05000000074505806,0.699999988079071,1,liver_supported
106,0,1546,0,6.468305299826451e-10,0.05000000074505806,0.699999988079071,1,liver_supported
107,1473,4712,256,0.08278092173277592,0.05000000074505806,0.699999988079071,1,liver_supported
108,363698,251020,187773,0.6109240334598777,0.05000000074505806,0.699999988079071,1,liver_supported
109,18200,22437,13058,0.6426655511075458,0.05000000074505806,0.699999988079071,1,liver_supported
110,31120,25359,19913,0.7051470458098559,0.05000000074505806,0.699999988079071,1,liver_supported
111,1830,4052,874,0.29717783078932714,0.05000000074505806,0.699999988079071,1,liver_supported
112,295,5020,157,0.05907808108013582,0.05000000074505806,0.699999988079071,1,liver_supported
113,21076,27213,13690,0.5670028370940172,0.05000000074505806,0.699999988079071,1,liver_supported
114,0,1,0,9.99999000001e-07,0.05000000074505806,0.699999988079071,1,liver_supported
115,0,5079,0,1.9688915136899207e-10,0.05000000074505806,0.699999988079071,1,liver_supported
116,152763,742,0,6.514445783482528e-12,0.05000000074505806,0.699999988079071,1,liver_supported
104,69032,482,9,0.00025894065943178444,0.05000000074505806,0.699999988079071,5,liver_supported
105,0,2404,0,4.159733775307931e-10,0.05000000074505806,0.699999988079071,5,liver_supported
106,0,1590,0,6.289308172145088e-10,0.05000000074505806,0.699999988079071,5,liver_supported
107,1473,4712,256,0.08278092173277592,0.05000000074505806,0.699999988079071,5,liver_supported
108,363698,251791,188480,0.6124561121326093,0.05000000074505806,0.699999988079071,5,liver_supported
109,18200,22467,13074,0.6429783362519247,0.05000000074505806,0.699999988079071,5,liver_supported
110,31120,25370,19913,0.705009736241724,0.05000000074505806,0.699999988079071,5,liver_supported
111,1830,4052,874,0.29717783078932714,0.05000000074505806,0.699999988079071,5,liver_supported
112,295,5044,157,0.05881251188259739,0.05000000074505806,0.699999988079071,5,liver_supported
113,21076,27227,13702,0.5673353622017818,0.05000000074505806,0.699999988079071,5,liver_supported
114,0,1,0,9.99999000001e-07,0.05000000074505806,0.699999988079071,5,liver_supported
115,0,5079,0,1.9688915136899207e-10,0.05000000074505806,0.699999988079071,5,liver_supported
116,152763,759,0,6.513724417304921e-12,0.05000000074505806,0.699999988079071,5,liver_supported
104,69032,482,9,0.00025894065943178444,0.05000000074505806,0.699999988079071,11,liver_supported
105,0,2404,0,4.159733775307931e-10,0.05000000074505806,0.699999988079071,11,liver_supported
106,0,1590,0,6.289308172145088e-10,0.05000000074505806,0.699999988079071,11,liver_supported
107,1473,4712,256,0.08278092173277592,0.05000000074505806,0.699999988079071,11,liver_supported
108,363698,251848,188536,0.61258135054145,0.05000000074505806,0.699999988079071,11,liver_supported
109,18200,22467,13074,0.6429783362519247,0.05000000074505806,0.699999988079071,11,liver_supported
110,31120,25370,19913,0.705009736241724,0.05000000074505806,0.699999988079071,11,liver_supported
111,1830,4052,874,0.29717783078932714,0.05000000074505806,0.699999988079071,11,liver_supported
112,295,5044,157,0.05881251188259739,0.05000000074505806,0.699999988079071,11,liver_supported
113,21076,27227,13702,0.5673353622017818,0.05000000074505806,0.699999988079071,11,liver_supported
114,0,1,0,9.99999000001e-07,0.05000000074505806,0.699999988079071,11,liver_supported
115,0,5079,0,1.9688915136899207e-10,0.05000000074505806,0.699999988079071,11,liver_supported
116,152763,761,0,6.513639561198811e-12,0.05000000074505806,0.699999988079071,11,liver_supported
104,69032,482,9,0.00025894065943178444,0.05000000074505806,0.699999988079071,21,liver_supported
105,0,2404,0,4.159733775307931e-10,0.05000000074505806,0.699999988079071,21,liver_supported
106,0,1590,0,6.289308172145088e-10,0.05000000074505806,0.699999988079071,21,liver_supported
107,1473,4712,256,0.08278092173277592,0.05000000074505806,0.699999988079071,21,liver_supported
108,363698,251848,188536,0.61258135054145,0.05000000074505806,0.699999988079071,21,liver_supported
109,18200,22467,13074,0.6429783362519247,0.05000000074505806,0.699999988079071,21,liver_supported
110,31120,25370,19913,0.705009736241724,0.05000000074505806,0.699999988079071,21,liver_supported
111,1830,4052,874,0.29717783078932714,0.05000000074505806,0.699999988079071,21,liver_supported
112,295,5044,157,0.05881251188259739,0.05000000074505806,0.699999988079071,21,liver_supported
113,21076,27227,13702,0.5673353622017818,0.05000000074505806,0.699999988079071,21,liver_supported
114,0,1,0,9.99999000001e-07,0.05000000074505806,0.699999988079071,21,liver_supported
115,0,5079,0,1.9688915136899207e-10,0.05000000074505806,0.699999988079071,21,liver_supported
116,152763,761,0,6.513639561198811e-12,0.05000000074505806,0.699999988079071,21,liver_supported
104,69032,482,9,0.00025894065943178444,0.05000000074505806,0.699999988079071,31,liver_supported
105,0,2404,0,4.159733775307931e-10,0.05000000074505806,0.699999988079071,31,liver_supported
106,0,1590,0,6.289308172145088e-10,0.05000000074505806,0.699999988079071,31,liver_supported
107,1473,4712,256,0.08278092173277592,0.05000000074505806,0.699999988079071,31,liver_supported
108,363698,251848,188536,0.61258135054145,0.05000000074505806,0.699999988079071,31,liver_supported
109,18200,22467,13074,0.6429783362519247,0.05000000074505806,0.699999988079071,31,liver_supported
110,31120,25370,19913,0.705009736241724,0.05000000074505806,0.699999988079071,31,liver_supported
111,1830,4052,874,0.29717783078932714,0.05000000074505806,0.699999988079071,31,liver_supported
112,295,5044,157,0.05881251188259739,0.05000000074505806,0.699999988079071,31,liver_supported
113,21076,27227,13702,0.5673353622017818,0.05000000074505806,0.699999988079071,31,liver_supported
114,0,1,0,9.99999000001e-07,0.05000000074505806,0.699999988079071,31,liver_supported
115,0,5079,0,1.9688915136899207e-10,0.05000000074505806,0.699999988079071,31,liver_supported
116,152763,761,0,6.513639561198811e-12,0.05000000074505806,0.699999988079071,31,liver_supported
104,69032,423,1,2.879563746269102e-05,0.10000000149011612,,1,raw
105,0,2279,0,4.387889423261128e-10,0.10000000149011612,,1,raw
106,0,1522,0,6.570302229585871e-10,0.10000000149011612,,1,raw
107,1473,4525,248,0.08269423156340543,0.10000000149011612,,1,raw
108,363698,245285,185830,0.6102961823242844,0.10000000149011612,,1,raw
109,18200,21714,12895,0.6461391992873142,0.10000000149011612,,1,raw
110,31120,24742,19679,0.7045576599530171,0.10000000149011612,,1,raw
111,1830,3881,854,0.29907196650340184,0.10000000149011612,,1,raw
112,295,4784,153,0.06024808051580073,0.10000000149011612,,1,raw
113,21076,26422,13569,0.571350372656294,0.10000000149011612,,1,raw
114,0,1,0,9.99999000001e-07,0.10000000149011612,,1,raw
115,0,4881,0,2.0487604994778198e-10,0.10000000149011612,,1,raw
116,152763,693,0,6.516525909664551e-12,0.10000000149011612,,1,raw
104,69032,423,1,2.879563746269102e-05,0.10000000149011612,0.30000001192092896,1,liver_supported
105,0,2279,0,4.387889423261128e-10,0.10000000149011612,0.30000001192092896,1,liver_supported
106,0,1522,0,6.570302229585871e-10,0.10000000149011612,0.30000001192092896,1,liver_supported
107,1473,4525,248,0.08269423156340543,0.10000000149011612,0.30000001192092896,1,liver_supported
108,363698,245285,185830,0.6102961823242844,0.10000000149011612,0.30000001192092896,1,liver_supported
109,18200,21714,12895,0.6461391992873142,0.10000000149011612,0.30000001192092896,1,liver_supported
110,31120,24742,19679,0.7045576599530171,0.10000000149011612,0.30000001192092896,1,liver_supported
111,1830,3881,854,0.29907196650340184,0.10000000149011612,0.30000001192092896,1,liver_supported
112,295,4784,153,0.06024808051580073,0.10000000149011612,0.30000001192092896,1,liver_supported
113,21076,26422,13569,0.571350372656294,0.10000000149011612,0.30000001192092896,1,liver_supported
114,0,1,0,9.99999000001e-07,0.10000000149011612,0.30000001192092896,1,liver_supported
115,0,4881,0,2.0487604994778198e-10,0.10000000149011612,0.30000001192092896,1,liver_supported
116,152763,693,0,6.516525909664551e-12,0.10000000149011612,0.30000001192092896,1,liver_supported
104,69032,423,1,2.879563746269102e-05,0.10000000149011612,0.30000001192092896,5,liver_supported
105,0,2279,0,4.387889423261128e-10,0.10000000149011612,0.30000001192092896,5,liver_supported
106,0,1522,0,6.570302229585871e-10,0.10000000149011612,0.30000001192092896,5,liver_supported
107,1473,4525,248,0.08269423156340543,0.10000000149011612,0.30000001192092896,5,liver_supported
108,363698,245285,185830,0.6102961823242844,0.10000000149011612,0.30000001192092896,5,liver_supported
109,18200,21714,12895,0.6461391992873142,0.10000000149011612,0.30000001192092896,5,liver_supported
110,31120,24742,19679,0.7045576599530171,0.10000000149011612,0.30000001192092896,5,liver_supported
111,1830,3881,854,0.29907196650340184,0.10000000149011612,0.30000001192092896,5,liver_supported
112,295,4784,153,0.06024808051580073,0.10000000149011612,0.30000001192092896,5,liver_supported
113,21076,26422,13569,0.571350372656294,0.10000000149011612,0.30000001192092896,5,liver_supported
114,0,1,0,9.99999000001e-07,0.10000000149011612,0.30000001192092896,5,liver_supported
115,0,4881,0,2.0487604994778198e-10,0.10000000149011612,0.30000001192092896,5,liver_supported
116,152763,693,0,6.516525909664551e-12,0.10000000149011612,0.30000001192092896,5,liver_supported
104,69032,423,1,2.879563746269102e-05,0.10000000149011612,0.30000001192092896,11,liver_supported
105,0,2279,0,4.387889423261128e-10,0.10000000149011612,0.30000001192092896,11,liver_supported
106,0,1522,0,6.570302229585871e-10,0.10000000149011612,0.30000001192092896,11,liver_supported
107,1473,4525,248,0.08269423156340543,0.10000000149011612,0.30000001192092896,11,liver_supported
108,363698,245285,185830,0.6102961823242844,0.10000000149011612,0.30000001192092896,11,liver_supported
109,18200,21714,12895,0.6461391992873142,0.10000000149011612,0.30000001192092896,11,liver_supported
110,31120,24742,19679,0.7045576599530171,0.10000000149011612,0.30000001192092896,11,liver_supported
111,1830,3881,854,0.29907196650340184,0.10000000149011612,0.30000001192092896,11,liver_supported
112,295,4784,153,0.06024808051580073,0.10000000149011612,0.30000001192092896,11,liver_supported
113,21076,26422,13569,0.571350372656294,0.10000000149011612,0.30000001192092896,11,liver_supported
114,0,1,0,9.99999000001e-07,0.10000000149011612,0.30000001192092896,11,liver_supported
115,0,4881,0,2.0487604994778198e-10,0.10000000149011612,0.30000001192092896,11,liver_supported
116,152763,693,0,6.516525909664551e-12,0.10000000149011612,0.30000001192092896,11,liver_supported
104,69032,423,1,2.879563746269102e-05,0.10000000149011612,0.30000001192092896,21,liver_supported
105,0,2279,0,4.387889423261128e-10,0.10000000149011612,0.30000001192092896,21,liver_supported
106,0,1522,0,6.570302229585871e-10,0.10000000149011612,0.30000001192092896,21,liver_supported
107,1473,4525,248,0.08269423156340543,0.10000000149011612,0.30000001192092896,21,liver_supported
108,363698,245285,185830,0.6102961823242844,0.10000000149011612,0.30000001192092896,21,liver_supported
109,18200,21714,12895,0.6461391992873142,0.10000000149011612,0.30000001192092896,21,liver_supported
110,31120,24742,19679,0.7045576599530171,0.10000000149011612,0.30000001192092896,21,liver_supported
111,1830,3881,854,0.29907196650340184,0.10000000149011612,0.30000001192092896,21,liver_supported
112,295,4784,153,0.06024808051580073,0.10000000149011612,0.30000001192092896,21,liver_supported
113,21076,26422,13569,0.571350372656294,0.10000000149011612,0.30000001192092896,21,liver_supported
114,0,1,0,9.99999000001e-07,0.10000000149011612,0.30000001192092896,21,liver_supported
115,0,4881,0,2.0487604994778198e-10,0.10000000149011612,0.30000001192092896,21,liver_supported
116,152763,693,0,6.516525909664551e-12,0.10000000149011612,0.30000001192092896,21,liver_supported
104,69032,423,1,2.879563746269102e-05,0.10000000149011612,0.30000001192092896,31,liver_supported
105,0,2279,0,4.387889423261128e-10,0.10000000149011612,0.30000001192092896,31,liver_supported
106,0,1522,0,6.570302229585871e-10,0.10000000149011612,0.30000001192092896,31,liver_supported
107,1473,4525,248,0.08269423156340543,0.10000000149011612,0.30000001192092896,31,liver_supported
108,363698,245285,185830,0.6102961823242844,0.10000000149011612,0.30000001192092896,31,liver_supported
109,18200,21714,12895,0.6461391992873142,0.10000000149011612,0.30000001192092896,31,liver_supported
110,31120,24742,19679,0.7045576599530171,0.10000000149011612,0.30000001192092896,31,liver_supported
111,1830,3881,854,0.29907196650340184,0.10000000149011612,0.30000001192092896,31,liver_supported
112,295,4784,153,0.06024808051580073,0.10000000149011612,0.30000001192092896,31,liver_supported
113,21076,26422,13569,0.571350372656294,0.10000000149011612,0.30000001192092896,31,liver_supported
114,0,1,0,9.99999000001e-07,0.10000000149011612,0.30000001192092896,31,liver_supported
115,0,4881,0,2.0487604994778198e-10,0.10000000149011612,0.30000001192092896,31,liver_supported
116,152763,693,0,6.516525909664551e-12,0.10000000149011612,0.30000001192092896,31,liver_supported
104,69032,423,1,2.879563746269102e-05,0.10000000149011612,0.4000000059604645,1,liver_supported
105,0,2279,0,4.387889423261128e-10,0.10000000149011612,0.4000000059604645,1,liver_supported
106,0,1522,0,6.570302229585871e-10,0.10000000149011612,0.4000000059604645,1,liver_supported
107,1473,4525,248,0.08269423156340543,0.10000000149011612,0.4000000059604645,1,liver_supported
108,363698,245272,185817,0.6102665155925411,0.10000000149011612,0.4000000059604645,1,liver_supported
109,18200,21714,12895,0.6461391992873142,0.10000000149011612,0.4000000059604645,1,liver_supported
110,31120,24742,19679,0.7045576599530171,0.10000000149011612,0.4000000059604645,1,liver_supported
111,1830,3881,854,0.29907196650340184,0.10000000149011612,0.4000000059604645,1,liver_supported
112,295,4784,153,0.06024808051580073,0.10000000149011612,0.4000000059604645,1,liver_supported
113,21076,26422,13569,0.571350372656294,0.10000000149011612,0.4000000059604645,1,liver_supported
114,0,1,0,9.99999000001e-07,0.10000000149011612,0.4000000059604645,1,liver_supported
115,0,4881,0,2.0487604994778198e-10,0.10000000149011612,0.4000000059604645,1,liver_supported
116,152763,693,0,6.516525909664551e-12,0.10000000149011612,0.4000000059604645,1,liver_supported
104,69032,423,1,2.879563746269102e-05,0.10000000149011612,0.4000000059604645,5,liver_supported
105,0,2279,0,4.387889423261128e-10,0.10000000149011612,0.4000000059604645,5,liver_supported
106,0,1522,0,6.570302229585871e-10,0.10000000149011612,0.4000000059604645,5,liver_supported
107,1473,4525,248,0.08269423156340543,0.10000000149011612,0.4000000059604645,5,liver_supported
108,363698,245285,185830,0.6102961823242844,0.10000000149011612,0.4000000059604645,5,liver_supported
109,18200,21714,12895,0.6461391992873142,0.10000000149011612,0.4000000059604645,5,liver_supported
110,31120,24742,19679,0.7045576599530171,0.10000000149011612,0.4000000059604645,5,liver_supported
111,1830,3881,854,0.29907196650340184,0.10000000149011612,0.4000000059604645,5,liver_supported
112,295,4784,153,0.06024808051580073,0.10000000149011612,0.4000000059604645,5,liver_supported
113,21076,26422,13569,0.571350372656294,0.10000000149011612,0.4000000059604645,5,liver_supported
114,0,1,0,9.99999000001e-07,0.10000000149011612,0.4000000059604645,5,liver_supported
115,0,4881,0,2.0487604994778198e-10,0.10000000149011612,0.4000000059604645,5,liver_supported
116,152763,693,0,6.516525909664551e-12,0.10000000149011612,0.4000000059604645,5,liver_supported
104,69032,423,1,2.879563746269102e-05,0.10000000149011612,0.4000000059604645,11,liver_supported
105,0,2279,0,4.387889423261128e-10,0.10000000149011612,0.4000000059604645,11,liver_supported
106,0,1522,0,6.570302229585871e-10,0.10000000149011612,0.4000000059604645,11,liver_supported
107,1473,4525,248,0.08269423156340543,0.10000000149011612,0.4000000059604645,11,liver_supported
108,363698,245285,185830,0.6102961823242844,0.10000000149011612,0.4000000059604645,11,liver_supported
109,18200,21714,12895,0.6461391992873142,0.10000000149011612,0.4000000059604645,11,liver_supported
110,31120,24742,19679,0.7045576599530171,0.10000000149011612,0.4000000059604645,11,liver_supported
111,1830,3881,854,0.29907196650340184,0.10000000149011612,0.4000000059604645,11,liver_supported
112,295,4784,153,0.06024808051580073,0.10000000149011612,0.4000000059604645,11,liver_supported
113,21076,26422,13569,0.571350372656294,0.10000000149011612,0.4000000059604645,11,liver_supported
114,0,1,0,9.99999000001e-07,0.10000000149011612,0.4000000059604645,11,liver_supported
115,0,4881,0,2.0487604994778198e-10,0.10000000149011612,0.4000000059604645,11,liver_supported
116,152763,693,0,6.516525909664551e-12,0.10000000149011612,0.4000000059604645,11,liver_supported
104,69032,423,1,2.879563746269102e-05,0.10000000149011612,0.4000000059604645,21,liver_supported
105,0,2279,0,4.387889423261128e-10,0.10000000149011612,0.4000000059604645,21,liver_supported
106,0,1522,0,6.570302229585871e-10,0.10000000149011612,0.4000000059604645,21,liver_supported
107,1473,4525,248,0.08269423156340543,0.10000000149011612,0.4000000059604645,21,liver_supported
108,363698,245285,185830,0.6102961823242844,0.10000000149011612,0.4000000059604645,21,liver_supported
109,18200,21714,12895,0.6461391992873142,0.10000000149011612,0.4000000059604645,21,liver_supported
110,31120,24742,19679,0.7045576599530171,0.10000000149011612,0.4000000059604645,21,liver_supported
111,1830,3881,854,0.29907196650340184,0.10000000149011612,0.4000000059604645,21,liver_supported
112,295,4784,153,0.06024808051580073,0.10000000149011612,0.4000000059604645,21,liver_supported
113,21076,26422,13569,0.571350372656294,0.10000000149011612,0.4000000059604645,21,liver_supported
114,0,1,0,9.99999000001e-07,0.10000000149011612,0.4000000059604645,21,liver_supported
115,0,4881,0,2.0487604994778198e-10,0.10000000149011612,0.4000000059604645,21,liver_supported
116,152763,693,0,6.516525909664551e-12,0.10000000149011612,0.4000000059604645,21,liver_supported
104,69032,423,1,2.879563746269102e-05,0.10000000149011612,0.4000000059604645,31,liver_supported
105,0,2279,0,4.387889423261128e-10,0.10000000149011612,0.4000000059604645,31,liver_supported
106,0,1522,0,6.570302229585871e-10,0.10000000149011612,0.4000000059604645,31,liver_supported
107,1473,4525,248,0.08269423156340543,0.10000000149011612,0.4000000059604645,31,liver_supported
108,363698,245285,185830,0.6102961823242844,0.10000000149011612,0.4000000059604645,31,liver_supported
109,18200,21714,12895,0.6461391992873142,0.10000000149011612,0.4000000059604645,31,liver_supported
110,31120,24742,19679,0.7045576599530171,0.10000000149011612,0.4000000059604645,31,liver_supported
111,1830,3881,854,0.29907196650340184,0.10000000149011612,0.4000000059604645,31,liver_supported
112,295,4784,153,0.06024808051580073,0.10000000149011612,0.4000000059604645,31,liver_supported
113,21076,26422,13569,0.571350372656294,0.10000000149011612,0.4000000059604645,31,liver_supported
114,0,1,0,9.99999000001e-07,0.10000000149011612,0.4000000059604645,31,liver_supported
115,0,4881,0,2.0487604994778198e-10,0.10000000149011612,0.4000000059604645,31,liver_supported
116,152763,693,0,6.516525909664551e-12,0.10000000149011612,0.4000000059604645,31,liver_supported
104,69032,423,1,2.879563746269102e-05,0.10000000149011612,0.5,1,liver_supported
105,0,2279,0,4.387889423261128e-10,0.10000000149011612,0.5,1,liver_supported
106,0,1518,0,6.587615278927789e-10,0.10000000149011612,0.5,1,liver_supported
107,1473,4525,248,0.08269423156340543,0.10000000149011612,0.5,1,liver_supported
108,363698,245133,185679,0.6099525155591454,0.10000000149011612,0.5,1,liver_supported
109,18200,21713,12894,0.6461052789906521,0.10000000149011612,0.5,1,liver_supported
110,31120,24742,19679,0.7045576599530171,0.10000000149011612,0.5,1,liver_supported
111,1830,3881,854,0.29907196650340184,0.10000000149011612,0.5,1,liver_supported
112,295,4782,153,0.06027181424851845,0.10000000149011612,0.5,1,liver_supported
113,21076,26422,13569,0.571350372656294,0.10000000149011612,0.5,1,liver_supported
114,0,1,0,9.99999000001e-07,0.10000000149011612,0.5,1,liver_supported
115,0,4881,0,2.0487604994778198e-10,0.10000000149011612,0.5,1,liver_supported
116,152763,693,0,6.516525909664551e-12,0.10000000149011612,0.5,1,liver_supported
104,69032,423,1,2.879563746269102e-05,0.10000000149011612,0.5,5,liver_supported
105,0,2279,0,4.387889423261128e-10,0.10000000149011612,0.5,5,liver_supported
106,0,1522,0,6.570302229585871e-10,0.10000000149011612,0.5,5,liver_supported
107,1473,4525,248,0.08269423156340543,0.10000000149011612,0.5,5,liver_supported
108,363698,245285,185830,0.6102961823242844,0.10000000149011612,0.5,5,liver_supported
109,18200,21714,12895,0.6461391992873142,0.10000000149011612,0.5,5,liver_supported
110,31120,24742,19679,0.7045576599530171,0.10000000149011612,0.5,5,liver_supported
111,1830,3881,854,0.29907196650340184,0.10000000149011612,0.5,5,liver_supported
112,295,4784,153,0.06024808051580073,0.10000000149011612,0.5,5,liver_supported
113,21076,26422,13569,0.571350372656294,0.10000000149011612,0.5,5,liver_supported
114,0,1,0,9.99999000001e-07,0.10000000149011612,0.5,5,liver_supported
115,0,4881,0,2.0487604994778198e-10,0.10000000149011612,0.5,5,liver_supported
116,152763,693,0,6.516525909664551e-12,0.10000000149011612,0.5,5,liver_supported
104,69032,423,1,2.879563746269102e-05,0.10000000149011612,0.5,11,liver_supported
105,0,2279,0,4.387889423261128e-10,0.10000000149011612,0.5,11,liver_supported
106,0,1522,0,6.570302229585871e-10,0.10000000149011612,0.5,11,liver_supported
107,1473,4525,248,0.08269423156340543,0.10000000149011612,0.5,11,liver_supported
108,363698,245285,185830,0.6102961823242844,0.10000000149011612,0.5,11,liver_supported
109,18200,21714,12895,0.6461391992873142,0.10000000149011612,0.5,11,liver_supported
110,31120,24742,19679,0.7045576599530171,0.10000000149011612,0.5,11,liver_supported
111,1830,3881,854,0.29907196650340184,0.10000000149011612,0.5,11,liver_supported
112,295,4784,153,0.06024808051580073,0.10000000149011612,0.5,11,liver_supported
113,21076,26422,13569,0.571350372656294,0.10000000149011612,0.5,11,liver_supported
114,0,1,0,9.99999000001e-07,0.10000000149011612,0.5,11,liver_supported
115,0,4881,0,2.0487604994778198e-10,0.10000000149011612,0.5,11,liver_supported
116,152763,693,0,6.516525909664551e-12,0.10000000149011612,0.5,11,liver_supported
104,69032,423,1,2.879563746269102e-05,0.10000000149011612,0.5,21,liver_supported
105,0,2279,0,4.387889423261128e-10,0.10000000149011612,0.5,21,liver_supported
106,0,1522,0,6.570302229585871e-10,0.10000000149011612,0.5,21,liver_supported
107,1473,4525,248,0.08269423156340543,0.10000000149011612,0.5,21,liver_supported
108,363698,245285,185830,0.6102961823242844,0.10000000149011612,0.5,21,liver_supported
109,18200,21714,12895,0.6461391992873142,0.10000000149011612,0.5,21,liver_supported
110,31120,24742,19679,0.7045576599530171,0.10000000149011612,0.5,21,liver_supported
111,1830,3881,854,0.29907196650340184,0.10000000149011612,0.5,21,liver_supported
112,295,4784,153,0.06024808051580073,0.10000000149011612,0.5,21,liver_supported
113,21076,26422,13569,0.571350372656294,0.10000000149011612,0.5,21,liver_supported
114,0,1,0,9.99999000001e-07,0.10000000149011612,0.5,21,liver_supported
115,0,4881,0,2.0487604994778198e-10,0.10000000149011612,0.5,21,liver_supported
116,152763,693,0,6.516525909664551e-12,0.10000000149011612,0.5,21,liver_supported
104,69032,423,1,2.879563746269102e-05,0.10000000149011612,0.5,31,liver_supported
105,0,2279,0,4.387889423261128e-10,0.10000000149011612,0.5,31,liver_supported
106,0,1522,0,6.570302229585871e-10,0.10000000149011612,0.5,31,liver_supported
107,1473,4525,248,0.08269423156340543,0.10000000149011612,0.5,31,liver_supported
108,363698,245285,185830,0.6102961823242844,0.10000000149011612,0.5,31,liver_supported
109,18200,21714,12895,0.6461391992873142,0.10000000149011612,0.5,31,liver_supported
110,31120,24742,19679,0.7045576599530171,0.10000000149011612,0.5,31,liver_supported
111,1830,3881,854,0.29907196650340184,0.10000000149011612,0.5,31,liver_supported
112,295,4784,153,0.06024808051580073,0.10000000149011612,0.5,31,liver_supported
113,21076,26422,13569,0.571350372656294,0.10000000149011612,0.5,31,liver_supported
114,0,1,0,9.99999000001e-07,0.10000000149011612,0.5,31,liver_supported
115,0,4881,0,2.0487604994778198e-10,0.10000000149011612,0.5,31,liver_supported
116,152763,693,0,6.516525909664551e-12,0.10000000149011612,0.5,31,liver_supported
104,69032,423,1,2.879563746269102e-05,0.10000000149011612,0.6000000238418579,1,liver_supported
105,0,2279,0,4.387889423261128e-10,0.10000000149011612,0.6000000238418579,1,liver_supported
106,0,1511,0,6.618133681920494e-10,0.10000000149011612,0.6000000238418579,1,liver_supported
107,1473,4525,248,0.08269423156340543,0.10000000149011612,0.6000000238418579,1,liver_supported
108,363698,244935,185493,0.6095397390552114,0.10000000149011612,0.6000000238418579,1,liver_supported
109,18200,21705,12887,0.6458839744481673,0.10000000149011612,0.6000000238418579,1,liver_supported
110,31120,24742,19679,0.7045576599530171,0.10000000149011612,0.6000000238418579,1,liver_supported
111,1830,3881,854,0.29907196650340184,0.10000000149011612,0.6000000238418579,1,liver_supported
112,295,4779,153,0.06030744992898946,0.10000000149011612,0.6000000238418579,1,liver_supported
113,21076,26420,13567,0.5712902139217768,0.10000000149011612,0.6000000238418579,1,liver_supported
114,0,1,0,9.99999000001e-07,0.10000000149011612,0.6000000238418579,1,liver_supported
115,0,4881,0,2.0487604994778198e-10,0.10000000149011612,0.6000000238418579,1,liver_supported
116,152763,686,0,6.516823178994214e-12,0.10000000149011612,0.6000000238418579,1,liver_supported
104,69032,423,1,2.879563746269102e-05,0.10000000149011612,0.6000000238418579,5,liver_supported
105,0,2279,0,4.387889423261128e-10,0.10000000149011612,0.6000000238418579,5,liver_supported
106,0,1522,0,6.570302229585871e-10,0.10000000149011612,0.6000000238418579,5,liver_supported
107,1473,4525,248,0.08269423156340543,0.10000000149011612,0.6000000238418579,5,liver_supported
108,363698,245271,185816,0.6102642334837893,0.10000000149011612,0.6000000238418579,5,liver_supported
109,18200,21714,12895,0.6461391992873142,0.10000000149011612,0.6000000238418579,5,liver_supported
110,31120,24742,19679,0.7045576599530171,0.10000000149011612,0.6000000238418579,5,liver_supported
111,1830,3881,854,0.29907196650340184,0.10000000149011612,0.6000000238418579,5,liver_supported
112,295,4784,153,0.06024808051580073,0.10000000149011612,0.6000000238418579,5,liver_supported
113,21076,26422,13569,0.571350372656294,0.10000000149011612,0.6000000238418579,5,liver_supported
114,0,1,0,9.99999000001e-07,0.10000000149011612,0.6000000238418579,5,liver_supported
115,0,4881,0,2.0487604994778198e-10,0.10000000149011612,0.6000000238418579,5,liver_supported
116,152763,693,0,6.516525909664551e-12,0.10000000149011612,0.6000000238418579,5,liver_supported
104,69032,423,1,2.879563746269102e-05,0.10000000149011612,0.6000000238418579,11,liver_supported
105,0,2279,0,4.387889423261128e-10,0.10000000149011612,0.6000000238418579,11,liver_supported
106,0,1522,0,6.570302229585871e-10,0.10000000149011612,0.6000000238418579,11,liver_supported
107,1473,4525,248,0.08269423156340543,0.10000000149011612,0.6000000238418579,11,liver_supported
108,363698,245285,185830,0.6102961823242844,0.10000000149011612,0.6000000238418579,11,liver_supported
109,18200,21714,12895,0.6461391992873142,0.10000000149011612,0.6000000238418579,11,liver_supported
110,31120,24742,19679,0.7045576599530171,0.10000000149011612,0.6000000238418579,11,liver_supported
111,1830,3881,854,0.29907196650340184,0.10000000149011612,0.6000000238418579,11,liver_supported
112,295,4784,153,0.06024808051580073,0.10000000149011612,0.6000000238418579,11,liver_supported
113,21076,26422,13569,0.571350372656294,0.10000000149011612,0.6000000238418579,11,liver_supported
114,0,1,0,9.99999000001e-07,0.10000000149011612,0.6000000238418579,11,liver_supported
115,0,4881,0,2.0487604994778198e-10,0.10000000149011612,0.6000000238418579,11,liver_supported
116,152763,693,0,6.516525909664551e-12,0.10000000149011612,0.6000000238418579,11,liver_supported
104,69032,423,1,2.879563746269102e-05,0.10000000149011612,0.6000000238418579,21,liver_supported
105,0,2279,0,4.387889423261128e-10,0.10000000149011612,0.6000000238418579,21,liver_supported
106,0,1522,0,6.570302229585871e-10,0.10000000149011612,0.6000000238418579,21,liver_supported
107,1473,4525,248,0.08269423156340543,0.10000000149011612,0.6000000238418579,21,liver_supported
108,363698,245285,185830,0.6102961823242844,0.10000000149011612,0.6000000238418579,21,liver_supported
109,18200,21714,12895,0.6461391992873142,0.10000000149011612,0.6000000238418579,21,liver_supported
110,31120,24742,19679,0.7045576599530171,0.10000000149011612,0.6000000238418579,21,liver_supported
111,1830,3881,854,0.29907196650340184,0.10000000149011612,0.6000000238418579,21,liver_supported
112,295,4784,153,0.06024808051580073,0.10000000149011612,0.6000000238418579,21,liver_supported
113,21076,26422,13569,0.571350372656294,0.10000000149011612,0.6000000238418579,21,liver_supported
114,0,1,0,9.99999000001e-07,0.10000000149011612,0.6000000238418579,21,liver_supported
115,0,4881,0,2.0487604994778198e-10,0.10000000149011612,0.6000000238418579,21,liver_supported
116,152763,693,0,6.516525909664551e-12,0.10000000149011612,0.6000000238418579,21,liver_supported
104,69032,423,1,2.879563746269102e-05,0.10000000149011612,0.6000000238418579,31,liver_supported
105,0,2279,0,4.387889423261128e-10,0.10000000149011612,0.6000000238418579,31,liver_supported
106,0,1522,0,6.570302229585871e-10,0.10000000149011612,0.6000000238418579,31,liver_supported
107,1473,4525,248,0.08269423156340543,0.10000000149011612,0.6000000238418579,31,liver_supported
108,363698,245285,185830,0.6102961823242844,0.10000000149011612,0.6000000238418579,31,liver_supported
109,18200,21714,12895,0.6461391992873142,0.10000000149011612,0.6000000238418579,31,liver_supported
110,31120,24742,19679,0.7045576599530171,0.10000000149011612,0.6000000238418579,31,liver_supported
111,1830,3881,854,0.29907196650340184,0.10000000149011612,0.6000000238418579,31,liver_supported
112,295,4784,153,0.06024808051580073,0.10000000149011612,0.6000000238418579,31,liver_supported
113,21076,26422,13569,0.571350372656294,0.10000000149011612,0.6000000238418579,31,liver_supported
114,0,1,0,9.99999000001e-07,0.10000000149011612,0.6000000238418579,31,liver_supported
115,0,4881,0,2.0487604994778198e-10,0.10000000149011612,0.6000000238418579,31,liver_supported
116,152763,693,0,6.516525909664551e-12,0.10000000149011612,0.6000000238418579,31,liver_supported
104,69032,423,1,2.879563746269102e-05,0.10000000149011612,0.699999988079071,1,liver_supported
105,0,2279,0,4.387889423261128e-10,0.10000000149011612,0.699999988079071,1,liver_supported
106,0,1491,0,6.706908110860558e-10,0.10000000149011612,0.699999988079071,1,liver_supported
107,1473,4525,248,0.08269423156340543,0.10000000149011612,0.699999988079071,1,liver_supported
108,363698,244638,185212,0.6089134951743627,0.10000000149011612,0.699999988079071,1,liver_supported
109,18200,21698,12883,0.6457967818024514,0.10000000149011612,0.699999988079071,1,liver_supported
110,31120,24737,19679,0.7046207279355386,0.10000000149011612,0.699999988079071,1,liver_supported
111,1830,3881,854,0.29907196650340184,0.10000000149011612,0.699999988079071,1,liver_supported
112,295,4771,153,0.06040268474922963,0.10000000149011612,0.699999988079071,1,liver_supported
113,21076,26409,13557,0.5710013688623565,0.10000000149011612,0.699999988079071,1,liver_supported
114,0,1,0,9.99999000001e-07,0.10000000149011612,0.699999988079071,1,liver_supported
115,0,4881,0,2.0487604994778198e-10,0.10000000149011612,0.699999988079071,1,liver_supported
116,152763,680,0,6.517078002864144e-12,0.10000000149011612,0.699999988079071,1,liver_supported
104,69032,423,1,2.879563746269102e-05,0.10000000149011612,0.699999988079071,5,liver_supported
105,0,2279,0,4.387889423261128e-10,0.10000000149011612,0.699999988079071,5,liver_supported
106,0,1522,0,6.570302229585871e-10,0.10000000149011612,0.699999988079071,5,liver_supported
107,1473,4525,248,0.08269423156340543,0.10000000149011612,0.699999988079071,5,liver_supported
108,363698,245205,185750,0.6101135977329556,0.10000000149011612,0.699999988079071,5,liver_supported
109,18200,21714,12895,0.6461391992873142,0.10000000149011612,0.699999988079071,5,liver_supported
110,31120,24742,19679,0.7045576599530171,0.10000000149011612,0.699999988079071,5,liver_supported
111,1830,3881,854,0.29907196650340184,0.10000000149011612,0.699999988079071,5,liver_supported
112,295,4784,153,0.06024808051580073,0.10000000149011612,0.699999988079071,5,liver_supported
113,21076,26422,13569,0.571350372656294,0.10000000149011612,0.699999988079071,5,liver_supported
114,0,1,0,9.99999000001e-07,0.10000000149011612,0.699999988079071,5,liver_supported
115,0,4881,0,2.0487604994778198e-10,0.10000000149011612,0.699999988079071,5,liver_supported
116,152763,693,0,6.516525909664551e-12,0.10000000149011612,0.699999988079071,5,liver_supported
104,69032,423,1,2.879563746269102e-05,0.10000000149011612,0.699999988079071,11,liver_supported
105,0,2279,0,4.387889423261128e-10,0.10000000149011612,0.699999988079071,11,liver_supported
106,0,1522,0,6.570302229585871e-10,0.10000000149011612,0.699999988079071,11,liver_supported
107,1473,4525,248,0.08269423156340543,0.10000000149011612,0.699999988079071,11,liver_supported
108,363698,245247,185792,0.6102094606251629,0.10000000149011612,0.699999988079071,11,liver_supported
109,18200,21714,12895,0.6461391992873142,0.10000000149011612,0.699999988079071,11,liver_supported
110,31120,24742,19679,0.7045576599530171,0.10000000149011612,0.699999988079071,11,liver_supported
111,1830,3881,854,0.29907196650340184,0.10000000149011612,0.699999988079071,11,liver_supported
112,295,4784,153,0.06024808051580073,0.10000000149011612,0.699999988079071,11,liver_supported
113,21076,26422,13569,0.571350372656294,0.10000000149011612,0.699999988079071,11,liver_supported
114,0,1,0,9.99999000001e-07,0.10000000149011612,0.699999988079071,11,liver_supported
115,0,4881,0,2.0487604994778198e-10,0.10000000149011612,0.699999988079071,11,liver_supported
116,152763,693,0,6.516525909664551e-12,0.10000000149011612,0.699999988079071,11,liver_supported
104,69032,423,1,2.879563746269102e-05,0.10000000149011612,0.699999988079071,21,liver_supported
105,0,2279,0,4.387889423261128e-10,0.10000000149011612,0.699999988079071,21,liver_supported
106,0,1522,0,6.570302229585871e-10,0.10000000149011612,0.699999988079071,21,liver_supported
107,1473,4525,248,0.08269423156340543,0.10000000149011612,0.699999988079071,21,liver_supported
108,363698,245247,185792,0.6102094606251629,0.10000000149011612,0.699999988079071,21,liver_supported
109,18200,21714,12895,0.6461391992873142,0.10000000149011612,0.699999988079071,21,liver_supported
110,31120,24742,19679,0.7045576599530171,0.10000000149011612,0.699999988079071,21,liver_supported
111,1830,3881,854,0.29907196650340184,0.10000000149011612,0.699999988079071,21,liver_supported
112,295,4784,153,0.06024808051580073,0.10000000149011612,0.699999988079071,21,liver_supported
113,21076,26422,13569,0.571350372656294,0.10000000149011612,0.699999988079071,21,liver_supported
114,0,1,0,9.99999000001e-07,0.10000000149011612,0.699999988079071,21,liver_supported
115,0,4881,0,2.0487604994778198e-10,0.10000000149011612,0.699999988079071,21,liver_supported
116,152763,693,0,6.516525909664551e-12,0.10000000149011612,0.699999988079071,21,liver_supported
104,69032,423,1,2.879563746269102e-05,0.10000000149011612,0.699999988079071,31,liver_supported
105,0,2279,0,4.387889423261128e-10,0.10000000149011612,0.699999988079071,31,liver_supported
106,0,1522,0,6.570302229585871e-10,0.10000000149011612,0.699999988079071,31,liver_supported
107,1473,4525,248,0.08269423156340543,0.10000000149011612,0.699999988079071,31,liver_supported
108,363698,245247,185792,0.6102094606251629,0.10000000149011612,0.699999988079071,31,liver_supported
109,18200,21714,12895,0.6461391992873142,0.10000000149011612,0.699999988079071,31,liver_supported
110,31120,24742,19679,0.7045576599530171,0.10000000149011612,0.699999988079071,31,liver_supported
111,1830,3881,854,0.29907196650340184,0.10000000149011612,0.699999988079071,31,liver_supported
112,295,4784,153,0.06024808051580073,0.10000000149011612,0.699999988079071,31,liver_supported
113,21076,26422,13569,0.571350372656294,0.10000000149011612,0.699999988079071,31,liver_supported
114,0,1,0,9.99999000001e-07,0.10000000149011612,0.699999988079071,31,liver_supported
115,0,4881,0,2.0487604994778198e-10,0.10000000149011612,0.699999988079071,31,liver_supported
116,152763,693,0,6.516525909664551e-12,0.10000000149011612,0.699999988079071,31,liver_supported
104,69032,397,0,1.4403203272200331e-11,0.15000000596046448,,1,raw
105,0,2212,0,4.520795657992407e-10,0.15000000596046448,,1,raw
106,0,1471,0,6.798096528349356e-10,0.15000000596046448,,1,raw
107,1473,4445,245,0.08279824280452885,0.15000000596046448,,1,raw
108,363698,241087,184106,0.6088312375478743,0.15000000596046448,,1,raw
109,18200,21217,12775,0.6481974782543523,0.15000000596046448,,1,raw
110,31120,24338,19522,0.7040282736538637,0.15000000596046448,,1,raw
111,1830,3804,846,0.3003194889420803,0.15000000596046448,,1,raw
112,295,4627,151,0.06135717207205258,0.15000000596046448,,1,raw
113,21076,25937,13493,0.5740114436523087,0.15000000596046448,,1,raw
114,0,1,0,9.99999000001e-07,0.15000000596046448,,1,raw
115,0,4738,0,2.1105951873975102e-10,0.15000000596046448,,1,raw
116,152763,654,0,6.518182469957578e-12,0.15000000596046448,,1,raw
104,69032,397,0,1.4403203272200331e-11,0.15000000596046448,0.30000001192092896,1,liver_supported
105,0,2212,0,4.520795657992407e-10,0.15000000596046448,0.30000001192092896,1,liver_supported
106,0,1471,0,6.798096528349356e-10,0.15000000596046448,0.30000001192092896,1,liver_supported
107,1473,4445,245,0.08279824280452885,0.15000000596046448,0.30000001192092896,1,liver_supported
108,363698,241087,184106,0.6088312375478743,0.15000000596046448,0.30000001192092896,1,liver_supported
109,18200,21217,12775,0.6481974782543523,0.15000000596046448,0.30000001192092896,1,liver_supported
110,31120,24338,19522,0.7040282736538637,0.15000000596046448,0.30000001192092896,1,liver_supported
111,1830,3804,846,0.3003194889420803,0.15000000596046448,0.30000001192092896,1,liver_supported
112,295,4627,151,0.06135717207205258,0.15000000596046448,0.30000001192092896,1,liver_supported
113,21076,25937,13493,0.5740114436523087,0.15000000596046448,0.30000001192092896,1,liver_supported
114,0,1,0,9.99999000001e-07,0.15000000596046448,0.30000001192092896,1,liver_supported
115,0,4738,0,2.1105951873975102e-10,0.15000000596046448,0.30000001192092896,1,liver_supported
116,152763,654,0,6.518182469957578e-12,0.15000000596046448,0.30000001192092896,1,liver_supported
104,69032,397,0,1.4403203272200331e-11,0.15000000596046448,0.30000001192092896,5,liver_supported
105,0,2212,0,4.520795657992407e-10,0.15000000596046448,0.30000001192092896,5,liver_supported
106,0,1471,0,6.798096528349356e-10,0.15000000596046448,0.30000001192092896,5,liver_supported
107,1473,4445,245,0.08279824280452885,0.15000000596046448,0.30000001192092896,5,liver_supported
108,363698,241087,184106,0.6088312375478743,0.15000000596046448,0.30000001192092896,5,liver_supported
109,18200,21217,12775,0.6481974782543523,0.15000000596046448,0.30000001192092896,5,liver_supported
110,31120,24338,19522,0.7040282736538637,0.15000000596046448,0.30000001192092896,5,liver_supported
111,1830,3804,846,0.3003194889420803,0.15000000596046448,0.30000001192092896,5,liver_supported
112,295,4627,151,0.06135717207205258,0.15000000596046448,0.30000001192092896,5,liver_supported
113,21076,25937,13493,0.5740114436523087,0.15000000596046448,0.30000001192092896,5,liver_supported
114,0,1,0,9.99999000001e-07,0.15000000596046448,0.30000001192092896,5,liver_supported
115,0,4738,0,2.1105951873975102e-10,0.15000000596046448,0.30000001192092896,5,liver_supported
116,152763,654,0,6.518182469957578e-12,0.15000000596046448,0.30000001192092896,5,liver_supported
104,69032,397,0,1.4403203272200331e-11,0.15000000596046448,0.30000001192092896,11,liver_supported
105,0,2212,0,4.520795657992407e-10,0.15000000596046448,0.30000001192092896,11,liver_supported
106,0,1471,0,6.798096528349356e-10,0.15000000596046448,0.30000001192092896,11,liver_supported
107,1473,4445,245,0.08279824280452885,0.15000000596046448,0.30000001192092896,11,liver_supported
108,363698,241087,184106,0.6088312375478743,0.15000000596046448,0.30000001192092896,11,liver_supported
109,18200,21217,12775,0.6481974782543523,0.15000000596046448,0.30000001192092896,11,liver_supported
110,31120,24338,19522,0.7040282736538637,0.15000000596046448,0.30000001192092896,11,liver_supported
111,1830,3804,846,0.3003194889420803,0.15000000596046448,0.30000001192092896,11,liver_supported
112,295,4627,151,0.06135717207205258,0.15000000596046448,0.30000001192092896,11,liver_supported
113,21076,25937,13493,0.5740114436523087,0.15000000596046448,0.30000001192092896,11,liver_supported
114,0,1,0,9.99999000001e-07,0.15000000596046448,0.30000001192092896,11,liver_supported
115,0,4738,0,2.1105951873975102e-10,0.15000000596046448,0.30000001192092896,11,liver_supported
116,152763,654,0,6.518182469957578e-12,0.15000000596046448,0.30000001192092896,11,liver_supported
104,69032,397,0,1.4403203272200331e-11,0.15000000596046448,0.30000001192092896,21,liver_supported
105,0,2212,0,4.520795657992407e-10,0.15000000596046448,0.30000001192092896,21,liver_supported
106,0,1471,0,6.798096528349356e-10,0.15000000596046448,0.30000001192092896,21,liver_supported
107,1473,4445,245,0.08279824280452885,0.15000000596046448,0.30000001192092896,21,liver_supported
108,363698,241087,184106,0.6088312375478743,0.15000000596046448,0.30000001192092896,21,liver_supported
109,18200,21217,12775,0.6481974782543523,0.15000000596046448,0.30000001192092896,21,liver_supported
110,31120,24338,19522,0.7040282736538637,0.15000000596046448,0.30000001192092896,21,liver_supported
111,1830,3804,846,0.3003194889420803,0.15000000596046448,0.30000001192092896,21,liver_supported
112,295,4627,151,0.06135717207205258,0.15000000596046448,0.30000001192092896,21,liver_supported
113,21076,25937,13493,0.5740114436523087,0.15000000596046448,0.30000001192092896,21,liver_supported
114,0,1,0,9.99999000001e-07,0.15000000596046448,0.30000001192092896,21,liver_supported
115,0,4738,0,2.1105951873975102e-10,0.15000000596046448,0.30000001192092896,21,liver_supported
116,152763,654,0,6.518182469957578e-12,0.15000000596046448,0.30000001192092896,21,liver_supported
104,69032,397,0,1.4403203272200331e-11,0.15000000596046448,0.30000001192092896,31,liver_supported
105,0,2212,0,4.520795657992407e-10,0.15000000596046448,0.30000001192092896,31,liver_supported
106,0,1471,0,6.798096528349356e-10,0.15000000596046448,0.30000001192092896,31,liver_supported
107,1473,4445,245,0.08279824280452885,0.15000000596046448,0.30000001192092896,31,liver_supported
108,363698,241087,184106,0.6088312375478743,0.15000000596046448,0.30000001192092896,31,liver_supported
109,18200,21217,12775,0.6481974782543523,0.15000000596046448,0.30000001192092896,31,liver_supported
110,31120,24338,19522,0.7040282736538637,0.15000000596046448,0.30000001192092896,31,liver_supported
111,1830,3804,846,0.3003194889420803,0.15000000596046448,0.30000001192092896,31,liver_supported
112,295,4627,151,0.06135717207205258,0.15000000596046448,0.30000001192092896,31,liver_supported
113,21076,25937,13493,0.5740114436523087,0.15000000596046448,0.30000001192092896,31,liver_supported
114,0,1,0,9.99999000001e-07,0.15000000596046448,0.30000001192092896,31,liver_supported
115,0,4738,0,2.1105951873975102e-10,0.15000000596046448,0.30000001192092896,31,liver_supported
116,152763,654,0,6.518182469957578e-12,0.15000000596046448,0.30000001192092896,31,liver_supported
104,69032,397,0,1.4403203272200331e-11,0.15000000596046448,0.4000000059604645,1,liver_supported
105,0,2212,0,4.520795657992407e-10,0.15000000596046448,0.4000000059604645,1,liver_supported
106,0,1471,0,6.798096528349356e-10,0.15000000596046448,0.4000000059604645,1,liver_supported
107,1473,4445,245,0.08279824280452885,0.15000000596046448,0.4000000059604645,1,liver_supported
108,363698,241087,184106,0.6088312375478743,0.15000000596046448,0.4000000059604645,1,liver_supported
109,18200,21217,12775,0.6481974782543523,0.15000000596046448,0.4000000059604645,1,liver_supported
110,31120,24338,19522,0.7040282736538637,0.15000000596046448,0.4000000059604645,1,liver_supported
111,1830,3804,846,0.3003194889420803,0.15000000596046448,0.4000000059604645,1,liver_supported
112,295,4627,151,0.06135717207205258,0.15000000596046448,0.4000000059604645,1,liver_supported
113,21076,25937,13493,0.5740114436523087,0.15000000596046448,0.4000000059604645,1,liver_supported
114,0,1,0,9.99999000001e-07,0.15000000596046448,0.4000000059604645,1,liver_supported
115,0,4738,0,2.1105951873975102e-10,0.15000000596046448,0.4000000059604645,1,liver_supported
116,152763,654,0,6.518182469957578e-12,0.15000000596046448,0.4000000059604645,1,liver_supported
104,69032,397,0,1.4403203272200331e-11,0.15000000596046448,0.4000000059604645,5,liver_supported
105,0,2212,0,4.520795657992407e-10,0.15000000596046448,0.4000000059604645,5,liver_supported
106,0,1471,0,6.798096528349356e-10,0.15000000596046448,0.4000000059604645,5,liver_supported
107,1473,4445,245,0.08279824280452885,0.15000000596046448,0.4000000059604645,5,liver_supported
108,363698,241087,184106,0.6088312375478743,0.15000000596046448,0.4000000059604645,5,liver_supported
109,18200,21217,12775,0.6481974782543523,0.15000000596046448,0.4000000059604645,5,liver_supported
110,31120,24338,19522,0.7040282736538637,0.15000000596046448,0.4000000059604645,5,liver_supported
111,1830,3804,846,0.3003194889420803,0.15000000596046448,0.4000000059604645,5,liver_supported
112,295,4627,151,0.06135717207205258,0.15000000596046448,0.4000000059604645,5,liver_supported
113,21076,25937,13493,0.5740114436523087,0.15000000596046448,0.4000000059604645,5,liver_supported
114,0,1,0,9.99999000001e-07,0.15000000596046448,0.4000000059604645,5,liver_supported
115,0,4738,0,2.1105951873975102e-10,0.15000000596046448,0.4000000059604645,5,liver_supported
116,152763,654,0,6.518182469957578e-12,0.15000000596046448,0.4000000059604645,5,liver_supported
104,69032,397,0,1.4403203272200331e-11,0.15000000596046448,0.4000000059604645,11,liver_supported
105,0,2212,0,4.520795657992407e-10,0.15000000596046448,0.4000000059604645,11,liver_supported
106,0,1471,0,6.798096528349356e-10,0.15000000596046448,0.4000000059604645,11,liver_supported
107,1473,4445,245,0.08279824280452885,0.15000000596046448,0.4000000059604645,11,liver_supported
108,363698,241087,184106,0.6088312375478743,0.15000000596046448,0.4000000059604645,11,liver_supported
109,18200,21217,12775,0.6481974782543523,0.15000000596046448,0.4000000059604645,11,liver_supported
110,31120,24338,19522,0.7040282736538637,0.15000000596046448,0.4000000059604645,11,liver_supported
111,1830,3804,846,0.3003194889420803,0.15000000596046448,0.4000000059604645,11,liver_supported
112,295,4627,151,0.06135717207205258,0.15000000596046448,0.4000000059604645,11,liver_supported
113,21076,25937,13493,0.5740114436523087,0.15000000596046448,0.4000000059604645,11,liver_supported
114,0,1,0,9.99999000001e-07,0.15000000596046448,0.4000000059604645,11,liver_supported
115,0,4738,0,2.1105951873975102e-10,0.15000000596046448,0.4000000059604645,11,liver_supported
116,152763,654,0,6.518182469957578e-12,0.15000000596046448,0.4000000059604645,11,liver_supported
104,69032,397,0,1.4403203272200331e-11,0.15000000596046448,0.4000000059604645,21,liver_supported
105,0,2212,0,4.520795657992407e-10,0.15000000596046448,0.4000000059604645,21,liver_supported
106,0,1471,0,6.798096528349356e-10,0.15000000596046448,0.4000000059604645,21,liver_supported
107,1473,4445,245,0.08279824280452885,0.15000000596046448,0.4000000059604645,21,liver_supported
108,363698,241087,184106,0.6088312375478743,0.15000000596046448,0.4000000059604645,21,liver_supported
109,18200,21217,12775,0.6481974782543523,0.15000000596046448,0.4000000059604645,21,liver_supported
110,31120,24338,19522,0.7040282736538637,0.15000000596046448,0.4000000059604645,21,liver_supported
111,1830,3804,846,0.3003194889420803,0.15000000596046448,0.4000000059604645,21,liver_supported
112,295,4627,151,0.06135717207205258,0.15000000596046448,0.4000000059604645,21,liver_supported
113,21076,25937,13493,0.5740114436523087,0.15000000596046448,0.4000000059604645,21,liver_supported
114,0,1,0,9.99999000001e-07,0.15000000596046448,0.4000000059604645,21,liver_supported
115,0,4738,0,2.1105951873975102e-10,0.15000000596046448,0.4000000059604645,21,liver_supported
116,152763,654,0,6.518182469957578e-12,0.15000000596046448,0.4000000059604645,21,liver_supported
104,69032,397,0,1.4403203272200331e-11,0.15000000596046448,0.4000000059604645,31,liver_supported
105,0,2212,0,4.520795657992407e-10,0.15000000596046448,0.4000000059604645,31,liver_supported
106,0,1471,0,6.798096528349356e-10,0.15000000596046448,0.4000000059604645,31,liver_supported
107,1473,4445,245,0.08279824280452885,0.15000000596046448,0.4000000059604645,31,liver_supported
108,363698,241087,184106,0.6088312375478743,0.15000000596046448,0.4000000059604645,31,liver_supported
109,18200,21217,12775,0.6481974782543523,0.15000000596046448,0.4000000059604645,31,liver_supported
110,31120,24338,19522,0.7040282736538637,0.15000000596046448,0.4000000059604645,31,liver_supported
111,1830,3804,846,0.3003194889420803,0.15000000596046448,0.4000000059604645,31,liver_supported
112,295,4627,151,0.06135717207205258,0.15000000596046448,0.4000000059604645,31,liver_supported
113,21076,25937,13493,0.5740114436523087,0.15000000596046448,0.4000000059604645,31,liver_supported
114,0,1,0,9.99999000001e-07,0.15000000596046448,0.4000000059604645,31,liver_supported
115,0,4738,0,2.1105951873975102e-10,0.15000000596046448,0.4000000059604645,31,liver_supported
116,152763,654,0,6.518182469957578e-12,0.15000000596046448,0.4000000059604645,31,liver_supported
104,69032,397,0,1.4403203272200331e-11,0.15000000596046448,0.5,1,liver_supported
105,0,2212,0,4.520795657992407e-10,0.15000000596046448,0.5,1,liver_supported
106,0,1469,0,6.807351935461298e-10,0.15000000596046448,0.5,1,liver_supported
107,1473,4445,245,0.08279824280452885,0.15000000596046448,0.5,1,liver_supported
108,363698,240987,184006,0.6086011725119548,0.15000000596046448,0.5,1,liver_supported
109,18200,21217,12775,0.6481974782543523,0.15000000596046448,0.5,1,liver_supported
110,31120,24338,19522,0.7040282736538637,0.15000000596046448,0.5,1,liver_supported
111,1830,3804,846,0.3003194889420803,0.15000000596046448,0.5,1,liver_supported
112,295,4627,151,0.06135717207205258,0.15000000596046448,0.5,1,liver_supported
113,21076,25937,13493,0.5740114436523087,0.15000000596046448,0.5,1,liver_supported
114,0,1,0,9.99999000001e-07,0.15000000596046448,0.5,1,liver_supported
115,0,4738,0,2.1105951873975102e-10,0.15000000596046448,0.5,1,liver_supported
116,152763,654,0,6.518182469957578e-12,0.15000000596046448,0.5,1,liver_supported
104,69032,397,0,1.4403203272200331e-11,0.15000000596046448,0.5,5,liver_supported
105,0,2212,0,4.520795657992407e-10,0.15000000596046448,0.5,5,liver_supported
106,0,1471,0,6.798096528349356e-10,0.15000000596046448,0.5,5,liver_supported
107,1473,4445,245,0.08279824280452885,0.15000000596046448,0.5,5,liver_supported
108,363698,241087,184106,0.6088312375478743,0.15000000596046448,0.5,5,liver_supported
109,18200,21217,12775,0.6481974782543523,0.15000000596046448,0.5,5,liver_supported
110,31120,24338,19522,0.7040282736538637,0.15000000596046448,0.5,5,liver_supported
111,1830,3804,846,0.3003194889420803,0.15000000596046448,0.5,5,liver_supported
112,295,4627,151,0.06135717207205258,0.15000000596046448,0.5,5,liver_supported
113,21076,25937,13493,0.5740114436523087,0.15000000596046448,0.5,5,liver_supported
114,0,1,0,9.99999000001e-07,0.15000000596046448,0.5,5,liver_supported
115,0,4738,0,2.1105951873975102e-10,0.15000000596046448,0.5,5,liver_supported
116,152763,654,0,6.518182469957578e-12,0.15000000596046448,0.5,5,liver_supported
104,69032,397,0,1.4403203272200331e-11,0.15000000596046448,0.5,11,liver_supported
105,0,2212,0,4.520795657992407e-10,0.15000000596046448,0.5,11,liver_supported
106,0,1471,0,6.798096528349356e-10,0.15000000596046448,0.5,11,liver_supported
107,1473,4445,245,0.08279824280452885,0.15000000596046448,0.5,11,liver_supported
108,363698,241087,184106,0.6088312375478743,0.15000000596046448,0.5,11,liver_supported
109,18200,21217,12775,0.6481974782543523,0.15000000596046448,0.5,11,liver_supported
110,31120,24338,19522,0.7040282736538637,0.15000000596046448,0.5,11,liver_supported
111,1830,3804,846,0.3003194889420803,0.15000000596046448,0.5,11,liver_supported
112,295,4627,151,0.06135717207205258,0.15000000596046448,0.5,11,liver_supported
113,21076,25937,13493,0.5740114436523087,0.15000000596046448,0.5,11,liver_supported
114,0,1,0,9.99999000001e-07,0.15000000596046448,0.5,11,liver_supported
115,0,4738,0,2.1105951873975102e-10,0.15000000596046448,0.5,11,liver_supported
116,152763,654,0,6.518182469957578e-12,0.15000000596046448,0.5,11,liver_supported
104,69032,397,0,1.4403203272200331e-11,0.15000000596046448,0.5,21,liver_supported
105,0,2212,0,4.520795657992407e-10,0.15000000596046448,0.5,21,liver_supported
106,0,1471,0,6.798096528349356e-10,0.15000000596046448,0.5,21,liver_supported
107,1473,4445,245,0.08279824280452885,0.15000000596046448,0.5,21,liver_supported
108,363698,241087,184106,0.6088312375478743,0.15000000596046448,0.5,21,liver_supported
109,18200,21217,12775,0.6481974782543523,0.15000000596046448,0.5,21,liver_supported
110,31120,24338,19522,0.7040282736538637,0.15000000596046448,0.5,21,liver_supported
111,1830,3804,846,0.3003194889420803,0.15000000596046448,0.5,21,liver_supported
112,295,4627,151,0.06135717207205258,0.15000000596046448,0.5,21,liver_supported
113,21076,25937,13493,0.5740114436523087,0.15000000596046448,0.5,21,liver_supported
114,0,1,0,9.99999000001e-07,0.15000000596046448,0.5,21,liver_supported
115,0,4738,0,2.1105951873975102e-10,0.15000000596046448,0.5,21,liver_supported
116,152763,654,0,6.518182469957578e-12,0.15000000596046448,0.5,21,liver_supported
104,69032,397,0,1.4403203272200331e-11,0.15000000596046448,0.5,31,liver_supported
105,0,2212,0,4.520795657992407e-10,0.15000000596046448,0.5,31,liver_supported
106,0,1471,0,6.798096528349356e-10,0.15000000596046448,0.5,31,liver_supported
107,1473,4445,245,0.08279824280452885,0.15000000596046448,0.5,31,liver_supported
108,363698,241087,184106,0.6088312375478743,0.15000000596046448,0.5,31,liver_supported
109,18200,21217,12775,0.6481974782543523,0.15000000596046448,0.5,31,liver_supported
110,31120,24338,19522,0.7040282736538637,0.15000000596046448,0.5,31,liver_supported
111,1830,3804,846,0.3003194889420803,0.15000000596046448,0.5,31,liver_supported
112,295,4627,151,0.06135717207205258,0.15000000596046448,0.5,31,liver_supported
113,21076,25937,13493,0.5740114436523087,0.15000000596046448,0.5,31,liver_supported
114,0,1,0,9.99999000001e-07,0.15000000596046448,0.5,31,liver_supported
115,0,4738,0,2.1105951873975102e-10,0.15000000596046448,0.5,31,liver_supported
116,152763,654,0,6.518182469957578e-12,0.15000000596046448,0.5,31,liver_supported
104,69032,397,0,1.4403203272200331e-11,0.15000000596046448,0.6000000238418579,1,liver_supported
105,0,2212,0,4.520795657992407e-10,0.15000000596046448,0.6000000238418579,1,liver_supported
106,0,1462,0,6.839945275759271e-10,0.15000000596046448,0.6000000238418579,1,liver_supported
107,1473,4445,245,0.08279824280452885,0.15000000596046448,0.6000000238418579,1,liver_supported
108,363698,240826,183849,0.6082438414362238,0.15000000596046448,0.6000000238418579,1,liver_supported
109,18200,21214,12772,0.6480945856891436,0.15000000596046448,0.6000000238418579,1,liver_supported
110,31120,24338,19522,0.7040282736538637,0.15000000596046448,0.6000000238418579,1,liver_supported
111,1830,3804,846,0.3003194889420803,0.15000000596046448,0.6000000238418579,1,liver_supported
112,295,4624,151,0.06139459258764086,0.15000000596046448,0.6000000238418579,1,liver_supported
113,21076,25935,13491,0.5739507774866743,0.15000000596046448,0.6000000238418579,1,liver_supported
114,0,1,0,9.99999000001e-07,0.15000000596046448,0.6000000238418579,1,liver_supported
115,0,4738,0,2.1105951873975102e-10,0.15000000596046448,0.6000000238418579,1,liver_supported
116,152763,649,0,6.518394910394764e-12,0.15000000596046448,0.6000000238418579,1,liver_supported
104,69032,397,0,1.4403203272200331e-11,0.15000000596046448,0.6000000238418579,5,liver_supported
105,0,2212,0,4.520795657992407e-10,0.15000000596046448,0.6000000238418579,5,liver_supported
106,0,1471,0,6.798096528349356e-10,0.15000000596046448,0.6000000238418579,5,liver_supported
107,1473,4445,245,0.08279824280452885,0.15000000596046448,0.6000000238418579,5,liver_supported
108,363698,241079,184098,0.6088128351448405,0.15000000596046448,0.6000000238418579,5,liver_supported
109,18200,21217,12775,0.6481974782543523,0.15000000596046448,0.6000000238418579,5,liver_supported
110,31120,24338,19522,0.7040282736538637,0.15000000596046448,0.6000000238418579,5,liver_supported
111,1830,3804,846,0.3003194889420803,0.15000000596046448,0.6000000238418579,5,liver_supported
112,295,4627,151,0.06135717207205258,0.15000000596046448,0.6000000238418579,5,liver_supported
113,21076,25937,13493,0.5740114436523087,0.15000000596046448,0.6000000238418579,5,liver_supported
114,0,1,0,9.99999000001e-07,0.15000000596046448,0.6000000238418579,5,liver_supported
115,0,4738,0,2.1105951873975102e-10,0.15000000596046448,0.6000000238418579,5,liver_supported
116,152763,654,0,6.518182469957578e-12,0.15000000596046448,0.6000000238418579,5,liver_supported
104,69032,397,0,1.4403203272200331e-11,0.15000000596046448,0.6000000238418579,11,liver_supported
105,0,2212,0,4.520795657992407e-10,0.15000000596046448,0.6000000238418579,11,liver_supported
106,0,1471,0,6.798096528349356e-10,0.15000000596046448,0.6000000238418579,11,liver_supported
107,1473,4445,245,0.08279824280452885,0.15000000596046448,0.6000000238418579,11,liver_supported
108,363698,241087,184106,0.6088312375478743,0.15000000596046448,0.6000000238418579,11,liver_supported
109,18200,21217,12775,0.6481974782543523,0.15000000596046448,0.6000000238418579,11,liver_supported
110,31120,24338,19522,0.7040282736538637,0.15000000596046448,0.6000000238418579,11,liver_supported
111,1830,3804,846,0.3003194889420803,0.15000000596046448,0.6000000238418579,11,liver_supported
112,295,4627,151,0.06135717207205258,0.15000000596046448,0.6000000238418579,11,liver_supported
113,21076,25937,13493,0.5740114436523087,0.15000000596046448,0.6000000238418579,11,liver_supported
114,0,1,0,9.99999000001e-07,0.15000000596046448,0.6000000238418579,11,liver_supported
115,0,4738,0,2.1105951873975102e-10,0.15000000596046448,0.6000000238418579,11,liver_supported
116,152763,654,0,6.518182469957578e-12,0.15000000596046448,0.6000000238418579,11,liver_supported
104,69032,397,0,1.4403203272200331e-11,0.15000000596046448,0.6000000238418579,21,liver_supported
105,0,2212,0,4.520795657992407e-10,0.15000000596046448,0.6000000238418579,21,liver_supported
106,0,1471,0,6.798096528349356e-10,0.15000000596046448,0.6000000238418579,21,liver_supported
107,1473,4445,245,0.08279824280452885,0.15000000596046448,0.6000000238418579,21,liver_supported
108,363698,241087,184106,0.6088312375478743,0.15000000596046448,0.6000000238418579,21,liver_supported
109,18200,21217,12775,0.6481974782543523,0.15000000596046448,0.6000000238418579,21,liver_supported
110,31120,24338,19522,0.7040282736538637,0.15000000596046448,0.6000000238418579,21,liver_supported
111,1830,3804,846,0.3003194889420803,0.15000000596046448,0.6000000238418579,21,liver_supported
112,295,4627,151,0.06135717207205258,0.15000000596046448,0.6000000238418579,21,liver_supported
113,21076,25937,13493,0.5740114436523087,0.15000000596046448,0.6000000238418579,21,liver_supported
114,0,1,0,9.99999000001e-07,0.15000000596046448,0.6000000238418579,21,liver_supported
115,0,4738,0,2.1105951873975102e-10,0.15000000596046448,0.6000000238418579,21,liver_supported
116,152763,654,0,6.518182469957578e-12,0.15000000596046448,0.6000000238418579,21,liver_supported
104,69032,397,0,1.4403203272200331e-11,0.15000000596046448,0.6000000238418579,31,liver_supported
105,0,2212,0,4.520795657992407e-10,0.15000000596046448,0.6000000238418579,31,liver_supported
106,0,1471,0,6.798096528349356e-10,0.15000000596046448,0.6000000238418579,31,liver_supported
107,1473,4445,245,0.08279824280452885,0.15000000596046448,0.6000000238418579,31,liver_supported
108,363698,241087,184106,0.6088312375478743,0.15000000596046448,0.6000000238418579,31,liver_supported
109,18200,21217,12775,0.6481974782543523,0.15000000596046448,0.6000000238418579,31,liver_supported
110,31120,24338,19522,0.7040282736538637,0.15000000596046448,0.6000000238418579,31,liver_supported
111,1830,3804,846,0.3003194889420803,0.15000000596046448,0.6000000238418579,31,liver_supported
112,295,4627,151,0.06135717207205258,0.15000000596046448,0.6000000238418579,31,liver_supported
113,21076,25937,13493,0.5740114436523087,0.15000000596046448,0.6000000238418579,31,liver_supported
114,0,1,0,9.99999000001e-07,0.15000000596046448,0.6000000238418579,31,liver_supported
115,0,4738,0,2.1105951873975102e-10,0.15000000596046448,0.6000000238418579,31,liver_supported
116,152763,654,0,6.518182469957578e-12,0.15000000596046448,0.6000000238418579,31,liver_supported
104,69032,397,0,1.4403203272200331e-11,0.15000000596046448,0.699999988079071,1,liver_supported
105,0,2212,0,4.520795657992407e-10,0.15000000596046448,0.699999988079071,1,liver_supported
106,0,1445,0,6.920415220124279e-10,0.15000000596046448,0.699999988079071,1,liver_supported
107,1473,4445,245,0.08279824280452885,0.15000000596046448,0.699999988079071,1,liver_supported
108,363698,240572,183604,0.6076886160166686,0.15000000596046448,0.699999988079071,1,liver_supported
109,18200,21210,12769,0.6480081197754882,0.15000000596046448,0.699999988079071,1,liver_supported
110,31120,24335,19522,0.7040663601171389,0.15000000596046448,0.699999988079071,1,liver_supported
111,1830,3804,846,0.3003194889420803,0.15000000596046448,0.699999988079071,1,liver_supported
112,295,4619,151,0.06145706164805513,0.15000000596046448,0.699999988079071,1,liver_supported
113,21076,25925,13481,0.5736473692139816,0.15000000596046448,0.699999988079071,1,liver_supported
114,0,1,0,9.99999000001e-07,0.15000000596046448,0.699999988079071,1,liver_supported
115,0,4738,0,2.1105951873975102e-10,0.15000000596046448,0.699999988079071,1,liver_supported
116,152763,644,0,6.518607364680108e-12,0.15000000596046448,0.699999988079071,1,liver_supported
104,69032,397,0,1.4403203272200331e-11,0.15000000596046448,0.699999988079071,5,liver_supported
105,0,2212,0,4.520795657992407e-10,0.15000000596046448,0.699999988079071,5,liver_supported
106,0,1471,0,6.798096528349356e-10,0.15000000596046448,0.699999988079071,5,liver_supported
107,1473,4445,245,0.08279824280452885,0.15000000596046448,0.699999988079071,5,liver_supported
108,363698,241026,184045,0.608690906926782,0.15000000596046448,0.699999988079071,5,liver_supported
109,18200,21217,12775,0.6481974782543523,0.15000000596046448,0.699999988079071,5,liver_supported
110,31120,24338,19522,0.7040282736538637,0.15000000596046448,0.699999988079071,5,liver_supported
111,1830,3804,846,0.3003194889420803,0.15000000596046448,0.699999988079071,5,liver_supported
112,295,4627,151,0.06135717207205258,0.15000000596046448,0.699999988079071,5,liver_supported
113,21076,25937,13493,0.5740114436523087,0.15000000596046448,0.699999988079071,5,liver_supported
114,0,1,0,9.99999000001e-07,0.15000000596046448,0.699999988079071,5,liver_supported
115,0,4738,0,2.1105951873975102e-10,0.15000000596046448,0.699999988079071,5,liver_supported
116,152763,654,0,6.518182469957578e-12,0.15000000596046448,0.699999988079071,5,liver_supported
104,69032,397,0,1.4403203272200331e-11,0.15000000596046448,0.699999988079071,11,liver_supported
105,0,2212,0,4.520795657992407e-10,0.15000000596046448,0.699999988079071,11,liver_supported
106,0,1471,0,6.798096528349356e-10,0.15000000596046448,0.699999988079071,11,liver_supported
107,1473,4445,245,0.08279824280452885,0.15000000596046448,0.699999988079071,11,liver_supported
108,363698,241057,184076,0.6087622260260622,0.15000000596046448,0.699999988079071,11,liver_supported
109,18200,21217,12775,0.6481974782543523,0.15000000596046448,0.699999988079071,11,liver_supported
110,31120,24338,19522,0.7040282736538637,0.15000000596046448,0.699999988079071,11,liver_supported
111,1830,3804,846,0.3003194889420803,0.15000000596046448,0.699999988079071,11,liver_supported
112,295,4627,151,0.06135717207205258,0.15000000596046448,0.699999988079071,11,liver_supported
113,21076,25937,13493,0.5740114436523087,0.15000000596046448,0.699999988079071,11,liver_supported
114,0,1,0,9.99999000001e-07,0.15000000596046448,0.699999988079071,11,liver_supported
115,0,4738,0,2.1105951873975102e-10,0.15000000596046448,0.699999988079071,11,liver_supported
116,152763,654,0,6.518182469957578e-12,0.15000000596046448,0.699999988079071,11,liver_supported
104,69032,397,0,1.4403203272200331e-11,0.15000000596046448,0.699999988079071,21,liver_supported
105,0,2212,0,4.520795657992407e-10,0.15000000596046448,0.699999988079071,21,liver_supported
106,0,1471,0,6.798096528349356e-10,0.15000000596046448,0.699999988079071,21,liver_supported
107,1473,4445,245,0.08279824280452885,0.15000000596046448,0.699999988079071,21,liver_supported
108,363698,241057,184076,0.6087622260260622,0.15000000596046448,0.699999988079071,21,liver_supported
109,18200,21217,12775,0.6481974782543523,0.15000000596046448,0.699999988079071,21,liver_supported
110,31120,24338,19522,0.7040282736538637,0.15000000596046448,0.699999988079071,21,liver_supported
111,1830,3804,846,0.3003194889420803,0.15000000596046448,0.699999988079071,21,liver_supported
112,295,4627,151,0.06135717207205258,0.15000000596046448,0.699999988079071,21,liver_supported
113,21076,25937,13493,0.5740114436523087,0.15000000596046448,0.699999988079071,21,liver_supported
114,0,1,0,9.99999000001e-07,0.15000000596046448,0.699999988079071,21,liver_supported
115,0,4738,0,2.1105951873975102e-10,0.15000000596046448,0.699999988079071,21,liver_supported
116,152763,654,0,6.518182469957578e-12,0.15000000596046448,0.699999988079071,21,liver_supported
104,69032,397,0,1.4403203272200331e-11,0.15000000596046448,0.699999988079071,31,liver_supported
105,0,2212,0,4.520795657992407e-10,0.15000000596046448,0.699999988079071,31,liver_supported
106,0,1471,0,6.798096528349356e-10,0.15000000596046448,0.699999988079071,31,liver_supported
107,1473,4445,245,0.08279824280452885,0.15000000596046448,0.699999988079071,31,liver_supported
108,363698,241057,184076,0.6087622260260622,0.15000000596046448,0.699999988079071,31,liver_supported
109,18200,21217,12775,0.6481974782543523,0.15000000596046448,0.699999988079071,31,liver_supported
110,31120,24338,19522,0.7040282736538637,0.15000000596046448,0.699999988079071,31,liver_supported
111,1830,3804,846,0.3003194889420803,0.15000000596046448,0.699999988079071,31,liver_supported
112,295,4627,151,0.06135717207205258,0.15000000596046448,0.699999988079071,31,liver_supported
113,21076,25937,13493,0.5740114436523087,0.15000000596046448,0.699999988079071,31,liver_supported
114,0,1,0,9.99999000001e-07,0.15000000596046448,0.699999988079071,31,liver_supported
115,0,4738,0,2.1105951873975102e-10,0.15000000596046448,0.699999988079071,31,liver_supported
116,152763,654,0,6.518182469957578e-12,0.15000000596046448,0.699999988079071,31,liver_supported
104,69032,378,0,1.4407145944180851e-11,0.20000000298023224,,1,raw
105,0,2162,0,4.625346898878193e-10,0.20000000298023224,,1,raw
106,0,1434,0,6.973500692487098e-10,0.20000000298023224,,1,raw
107,1473,4377,241,0.08239316255001826,0.20000000298023224,,1,raw
108,363698,237917,182690,0.6073319315515615,0.20000000298023224,,1,raw
109,18200,20846,12692,0.6501050043628002,0.20000000298023224,,1,raw
110,31120,24069,19432,0.7041983003913063,0.20000000298023224,,1,raw
111,1830,3745,843,0.3024215247888033,0.20000000298023224,,1,raw
112,295,4527,150,0.06221484880501558,0.20000000298023224,,1,raw
113,21076,25575,13419,0.5752931341327026,0.20000000298023224,,1,raw
114,0,1,0,9.99999000001e-07,0.20000000298023224,,1,raw
115,0,4629,0,2.160293799490107e-10,0.20000000298023224,,1,raw
116,152763,625,0,6.519414817283493e-12,0.20000000298023224,,1,raw
104,69032,378,0,1.4407145944180851e-11,0.20000000298023224,0.30000001192092896,1,liver_supported
105,0,2162,0,4.625346898878193e-10,0.20000000298023224,0.30000001192092896,1,liver_supported
106,0,1434,0,6.973500692487098e-10,0.20000000298023224,0.30000001192092896,1,liver_supported
107,1473,4377,241,0.08239316255001826,0.20000000298023224,0.30000001192092896,1,liver_supported
108,363698,237917,182690,0.6073319315515615,0.20000000298023224,0.30000001192092896,1,liver_supported
109,18200,20846,12692,0.6501050043628002,0.20000000298023224,0.30000001192092896,1,liver_supported
110,31120,24069,19432,0.7041983003913063,0.20000000298023224,0.30000001192092896,1,liver_supported
111,1830,3745,843,0.3024215247888033,0.20000000298023224,0.30000001192092896,1,liver_supported
112,295,4527,150,0.06221484880501558,0.20000000298023224,0.30000001192092896,1,liver_supported
113,21076,25575,13419,0.5752931341327026,0.20000000298023224,0.30000001192092896,1,liver_supported
114,0,1,0,9.99999000001e-07,0.20000000298023224,0.30000001192092896,1,liver_supported
115,0,4629,0,2.160293799490107e-10,0.20000000298023224,0.30000001192092896,1,liver_supported
116,152763,625,0,6.519414817283493e-12,0.20000000298023224,0.30000001192092896,1,liver_supported
104,69032,378,0,1.4407145944180851e-11,0.20000000298023224,0.30000001192092896,5,liver_supported
105,0,2162,0,4.625346898878193e-10,0.20000000298023224,0.30000001192092896,5,liver_supported
106,0,1434,0,6.973500692487098e-10,0.20000000298023224,0.30000001192092896,5,liver_supported
107,1473,4377,241,0.08239316255001826,0.20000000298023224,0.30000001192092896,5,liver_supported
108,363698,237917,182690,0.6073319315515615,0.20000000298023224,0.30000001192092896,5,liver_supported
109,18200,20846,12692,0.6501050043628002,0.20000000298023224,0.30000001192092896,5,liver_supported
110,31120,24069,19432,0.7041983003913063,0.20000000298023224,0.30000001192092896,5,liver_supported
111,1830,3745,843,0.3024215247888033,0.20000000298023224,0.30000001192092896,5,liver_supported
112,295,4527,150,0.06221484880501558,0.20000000298023224,0.30000001192092896,5,liver_supported
113,21076,25575,13419,0.5752931341327026,0.20000000298023224,0.30000001192092896,5,liver_supported
114,0,1,0,9.99999000001e-07,0.20000000298023224,0.30000001192092896,5,liver_supported
115,0,4629,0,2.160293799490107e-10,0.20000000298023224,0.30000001192092896,5,liver_supported
116,152763,625,0,6.519414817283493e-12,0.20000000298023224,0.30000001192092896,5,liver_supported
104,69032,378,0,1.4407145944180851e-11,0.20000000298023224,0.30000001192092896,11,liver_supported
105,0,2162,0,4.625346898878193e-10,0.20000000298023224,0.30000001192092896,11,liver_supported
106,0,1434,0,6.973500692487098e-10,0.20000000298023224,0.30000001192092896,11,liver_supported
107,1473,4377,241,0.08239316255001826,0.20000000298023224,0.30000001192092896,11,liver_supported
108,363698,237917,182690,0.6073319315515615,0.20000000298023224,0.30000001192092896,11,liver_supported
109,18200,20846,12692,0.6501050043628002,0.20000000298023224,0.30000001192092896,11,liver_supported
110,31120,24069,19432,0.7041983003913063,0.20000000298023224,0.30000001192092896,11,liver_supported
111,1830,3745,843,0.3024215247888033,0.20000000298023224,0.30000001192092896,11,liver_supported
112,295,4527,150,0.06221484880501558,0.20000000298023224,0.30000001192092896,11,liver_supported
113,21076,25575,13419,0.5752931341327026,0.20000000298023224,0.30000001192092896,11,liver_supported
114,0,1,0,9.99999000001e-07,0.20000000298023224,0.30000001192092896,11,liver_supported
115,0,4629,0,2.160293799490107e-10,0.20000000298023224,0.30000001192092896,11,liver_supported
116,152763,625,0,6.519414817283493e-12,0.20000000298023224,0.30000001192092896,11,liver_supported
104,69032,378,0,1.4407145944180851e-11,0.20000000298023224,0.30000001192092896,21,liver_supported
105,0,2162,0,4.625346898878193e-10,0.20000000298023224,0.30000001192092896,21,liver_supported
106,0,1434,0,6.973500692487098e-10,0.20000000298023224,0.30000001192092896,21,liver_supported
107,1473,4377,241,0.08239316255001826,0.20000000298023224,0.30000001192092896,21,liver_supported
108,363698,237917,182690,0.6073319315515615,0.20000000298023224,0.30000001192092896,21,liver_supported
109,18200,20846,12692,0.6501050043628002,0.20000000298023224,0.30000001192092896,21,liver_supported
110,31120,24069,19432,0.7041983003913063,0.20000000298023224,0.30000001192092896,21,liver_supported
111,1830,3745,843,0.3024215247888033,0.20000000298023224,0.30000001192092896,21,liver_supported
112,295,4527,150,0.06221484880501558,0.20000000298023224,0.30000001192092896,21,liver_supported
113,21076,25575,13419,0.5752931341327026,0.20000000298023224,0.30000001192092896,21,liver_supported
114,0,1,0,9.99999000001e-07,0.20000000298023224,0.30000001192092896,21,liver_supported
115,0,4629,0,2.160293799490107e-10,0.20000000298023224,0.30000001192092896,21,liver_supported
116,152763,625,0,6.519414817283493e-12,0.20000000298023224,0.30000001192092896,21,liver_supported
104,69032,378,0,1.4407145944180851e-11,0.20000000298023224,0.30000001192092896,31,liver_supported
105,0,2162,0,4.625346898878193e-10,0.20000000298023224,0.30000001192092896,31,liver_supported
106,0,1434,0,6.973500692487098e-10,0.20000000298023224,0.30000001192092896,31,liver_supported
107,1473,4377,241,0.08239316255001826,0.20000000298023224,0.30000001192092896,31,liver_supported
108,363698,237917,182690,0.6073319315515615,0.20000000298023224,0.30000001192092896,31,liver_supported
109,18200,20846,12692,0.6501050043628002,0.20000000298023224,0.30000001192092896,31,liver_supported
110,31120,24069,19432,0.7041983003913063,0.20000000298023224,0.30000001192092896,31,liver_supported
111,1830,3745,843,0.3024215247888033,0.20000000298023224,0.30000001192092896,31,liver_supported
112,295,4527,150,0.06221484880501558,0.20000000298023224,0.30000001192092896,31,liver_supported
113,21076,25575,13419,0.5752931341327026,0.20000000298023224,0.30000001192092896,31,liver_supported
114,0,1,0,9.99999000001e-07,0.20000000298023224,0.30000001192092896,31,liver_supported
115,0,4629,0,2.160293799490107e-10,0.20000000298023224,0.30000001192092896,31,liver_supported
116,152763,625,0,6.519414817283493e-12,0.20000000298023224,0.30000001192092896,31,liver_supported
104,69032,378,0,1.4407145944180851e-11,0.20000000298023224,0.4000000059604645,1,liver_supported
105,0,2162,0,4.625346898878193e-10,0.20000000298023224,0.4000000059604645,1,liver_supported
106,0,1434,0,6.973500692487098e-10,0.20000000298023224,0.4000000059604645,1,liver_supported
107,1473,4377,241,0.08239316255001826,0.20000000298023224,0.4000000059604645,1,liver_supported
108,363698,237917,182690,0.6073319315515615,0.20000000298023224,0.4000000059604645,1,liver_supported
109,18200,20846,12692,0.6501050043628002,0.20000000298023224,0.4000000059604645,1,liver_supported
110,31120,24069,19432,0.7041983003913063,0.20000000298023224,0.4000000059604645,1,liver_supported
111,1830,3745,843,0.3024215247888033,0.20000000298023224,0.4000000059604645,1,liver_supported
112,295,4527,150,0.06221484880501558,0.20000000298023224,0.4000000059604645,1,liver_supported
113,21076,25575,13419,0.5752931341327026,0.20000000298023224,0.4000000059604645,1,liver_supported
114,0,1,0,9.99999000001e-07,0.20000000298023224,0.4000000059604645,1,liver_supported
115,0,4629,0,2.160293799490107e-10,0.20000000298023224,0.4000000059604645,1,liver_supported
116,152763,625,0,6.519414817283493e-12,0.20000000298023224,0.4000000059604645,1,liver_supported
104,69032,378,0,1.4407145944180851e-11,0.20000000298023224,0.4000000059604645,5,liver_supported
105,0,2162,0,4.625346898878193e-10,0.20000000298023224,0.4000000059604645,5,liver_supported
106,0,1434,0,6.973500692487098e-10,0.20000000298023224,0.4000000059604645,5,liver_supported
107,1473,4377,241,0.08239316255001826,0.20000000298023224,0.4000000059604645,5,liver_supported
108,363698,237917,182690,0.6073319315515615,0.20000000298023224,0.4000000059604645,5,liver_supported
109,18200,20846,12692,0.6501050043628002,0.20000000298023224,0.4000000059604645,5,liver_supported
110,31120,24069,19432,0.7041983003913063,0.20000000298023224,0.4000000059604645,5,liver_supported
111,1830,3745,843,0.3024215247888033,0.20000000298023224,0.4000000059604645,5,liver_supported
112,295,4527,150,0.06221484880501558,0.20000000298023224,0.4000000059604645,5,liver_supported
113,21076,25575,13419,0.5752931341327026,0.20000000298023224,0.4000000059604645,5,liver_supported
114,0,1,0,9.99999000001e-07,0.20000000298023224,0.4000000059604645,5,liver_supported
115,0,4629,0,2.160293799490107e-10,0.20000000298023224,0.4000000059604645,5,liver_supported
116,152763,625,0,6.519414817283493e-12,0.20000000298023224,0.4000000059604645,5,liver_supported
104,69032,378,0,1.4407145944180851e-11,0.20000000298023224,0.4000000059604645,11,liver_supported
105,0,2162,0,4.625346898878193e-10,0.20000000298023224,0.4000000059604645,11,liver_supported
106,0,1434,0,6.973500692487098e-10,0.20000000298023224,0.4000000059604645,11,liver_supported
107,1473,4377,241,0.08239316255001826,0.20000000298023224,0.4000000059604645,11,liver_supported
108,363698,237917,182690,0.6073319315515615,0.20000000298023224,0.4000000059604645,11,liver_supported
109,18200,20846,12692,0.6501050043628002,0.20000000298023224,0.4000000059604645,11,liver_supported
110,31120,24069,19432,0.7041983003913063,0.20000000298023224,0.4000000059604645,11,liver_supported
111,1830,3745,843,0.3024215247888033,0.20000000298023224,0.4000000059604645,11,liver_supported
112,295,4527,150,0.06221484880501558,0.20000000298023224,0.4000000059604645,11,liver_supported
113,21076,25575,13419,0.5752931341327026,0.20000000298023224,0.4000000059604645,11,liver_supported
114,0,1,0,9.99999000001e-07,0.20000000298023224,0.4000000059604645,11,liver_supported
115,0,4629,0,2.160293799490107e-10,0.20000000298023224,0.4000000059604645,11,liver_supported
116,152763,625,0,6.519414817283493e-12,0.20000000298023224,0.4000000059604645,11,liver_supported
104,69032,378,0,1.4407145944180851e-11,0.20000000298023224,0.4000000059604645,21,liver_supported
105,0,2162,0,4.625346898878193e-10,0.20000000298023224,0.4000000059604645,21,liver_supported
106,0,1434,0,6.973500692487098e-10,0.20000000298023224,0.4000000059604645,21,liver_supported
107,1473,4377,241,0.08239316255001826,0.20000000298023224,0.4000000059604645,21,liver_supported
108,363698,237917,182690,0.6073319315515615,0.20000000298023224,0.4000000059604645,21,liver_supported
109,18200,20846,12692,0.6501050043628002,0.20000000298023224,0.4000000059604645,21,liver_supported
110,31120,24069,19432,0.7041983003913063,0.20000000298023224,0.4000000059604645,21,liver_supported
111,1830,3745,843,0.3024215247888033,0.20000000298023224,0.4000000059604645,21,liver_supported
112,295,4527,150,0.06221484880501558,0.20000000298023224,0.4000000059604645,21,liver_supported
113,21076,25575,13419,0.5752931341327026,0.20000000298023224,0.4000000059604645,21,liver_supported
114,0,1,0,9.99999000001e-07,0.20000000298023224,0.4000000059604645,21,liver_supported
115,0,4629,0,2.160293799490107e-10,0.20000000298023224,0.4000000059604645,21,liver_supported
116,152763,625,0,6.519414817283493e-12,0.20000000298023224,0.4000000059604645,21,liver_supported
104,69032,378,0,1.4407145944180851e-11,0.20000000298023224,0.4000000059604645,31,liver_supported
105,0,2162,0,4.625346898878193e-10,0.20000000298023224,0.4000000059604645,31,liver_supported
106,0,1434,0,6.973500692487098e-10,0.20000000298023224,0.4000000059604645,31,liver_supported
107,1473,4377,241,0.08239316255001826,0.20000000298023224,0.4000000059604645,31,liver_supported
108,363698,237917,182690,0.6073319315515615,0.20000000298023224,0.4000000059604645,31,liver_supported
109,18200,20846,12692,0.6501050043628002,0.20000000298023224,0.4000000059604645,31,liver_supported
110,31120,24069,19432,0.7041983003913063,0.20000000298023224,0.4000000059604645,31,liver_supported
111,1830,3745,843,0.3024215247888033,0.20000000298023224,0.4000000059604645,31,liver_supported
112,295,4527,150,0.06221484880501558,0.20000000298023224,0.4000000059604645,31,liver_supported
113,21076,25575,13419,0.5752931341327026,0.20000000298023224,0.4000000059604645,31,liver_supported
114,0,1,0,9.99999000001e-07,0.20000000298023224,0.4000000059604645,31,liver_supported
115,0,4629,0,2.160293799490107e-10,0.20000000298023224,0.4000000059604645,31,liver_supported
116,152763,625,0,6.519414817283493e-12,0.20000000298023224,0.4000000059604645,31,liver_supported
104,69032,378,0,1.4407145944180851e-11,0.20000000298023224,0.5,1,liver_supported
105,0,2162,0,4.625346898878193e-10,0.20000000298023224,0.5,1,liver_supported
106,0,1434,0,6.973500692487098e-10,0.20000000298023224,0.5,1,liver_supported
107,1473,4377,241,0.08239316255001826,0.20000000298023224,0.5,1,liver_supported
108,363698,237876,182649,0.6072370148982382,0.20000000298023224,0.5,1,liver_supported
109,18200,20846,12692,0.6501050043628002,0.20000000298023224,0.5,1,liver_supported
110,31120,24069,19432,0.7041983003913063,0.20000000298023224,0.5,1,liver_supported
111,1830,3745,843,0.3024215247888033,0.20000000298023224,0.5,1,liver_supported
112,295,4527,150,0.06221484880501558,0.20000000298023224,0.5,1,liver_supported
113,21076,25575,13419,0.5752931341327026,0.20000000298023224,0.5,1,liver_supported
114,0,1,0,9.99999000001e-07,0.20000000298023224,0.5,1,liver_supported
115,0,4629,0,2.160293799490107e-10,0.20000000298023224,0.5,1,liver_supported
116,152763,625,0,6.519414817283493e-12,0.20000000298023224,0.5,1,liver_supported
104,69032,378,0,1.4407145944180851e-11,0.20000000298023224,0.5,5,liver_supported
105,0,2162,0,4.625346898878193e-10,0.20000000298023224,0.5,5,liver_supported
106,0,1434,0,6.973500692487098e-10,0.20000000298023224,0.5,5,liver_supported
107,1473,4377,241,0.08239316255001826,0.20000000298023224,0.5,5,liver_supported
108,363698,237917,182690,0.6073319315515615,0.20000000298023224,0.5,5,liver_supported
109,18200,20846,12692,0.6501050043628002,0.20000000298023224,0.5,5,liver_supported
110,31120,24069,19432,0.7041983003913063,0.20000000298023224,0.5,5,liver_supported
111,1830,3745,843,0.3024215247888033,0.20000000298023224,0.5,5,liver_supported
112,295,4527,150,0.06221484880501558,0.20000000298023224,0.5,5,liver_supported
113,21076,25575,13419,0.5752931341327026,0.20000000298023224,0.5,5,liver_supported
114,0,1,0,9.99999000001e-07,0.20000000298023224,0.5,5,liver_supported
115,0,4629,0,2.160293799490107e-10,0.20000000298023224,0.5,5,liver_supported
116,152763,625,0,6.519414817283493e-12,0.20000000298023224,0.5,5,liver_supported
104,69032,378,0,1.4407145944180851e-11,0.20000000298023224,0.5,11,liver_supported
105,0,2162,0,4.625346898878193e-10,0.20000000298023224,0.5,11,liver_supported
106,0,1434,0,6.973500692487098e-10,0.20000000298023224,0.5,11,liver_supported
107,1473,4377,241,0.08239316255001826,0.20000000298023224,0.5,11,liver_supported
108,363698,237917,182690,0.6073319315515615,0.20000000298023224,0.5,11,liver_supported
109,18200,20846,12692,0.6501050043628002,0.20000000298023224,0.5,11,liver_supported
110,31120,24069,19432,0.7041983003913063,0.20000000298023224,0.5,11,liver_supported
111,1830,3745,843,0.3024215247888033,0.20000000298023224,0.5,11,liver_supported
112,295,4527,150,0.06221484880501558,0.20000000298023224,0.5,11,liver_supported
113,21076,25575,13419,0.5752931341327026,0.20000000298023224,0.5,11,liver_supported
114,0,1,0,9.99999000001e-07,0.20000000298023224,0.5,11,liver_supported
115,0,4629,0,2.160293799490107e-10,0.20000000298023224,0.5,11,liver_supported
116,152763,625,0,6.519414817283493e-12,0.20000000298023224,0.5,11,liver_supported
104,69032,378,0,1.4407145944180851e-11,0.20000000298023224,0.5,21,liver_supported
105,0,2162,0,4.625346898878193e-10,0.20000000298023224,0.5,21,liver_supported
106,0,1434,0,6.973500692487098e-10,0.20000000298023224,0.5,21,liver_supported
107,1473,4377,241,0.08239316255001826,0.20000000298023224,0.5,21,liver_supported
108,363698,237917,182690,0.6073319315515615,0.20000000298023224,0.5,21,liver_supported
109,18200,20846,12692,0.6501050043628002,0.20000000298023224,0.5,21,liver_supported
110,31120,24069,19432,0.7041983003913063,0.20000000298023224,0.5,21,liver_supported
111,1830,3745,843,0.3024215247888033,0.20000000298023224,0.5,21,liver_supported
112,295,4527,150,0.06221484880501558,0.20000000298023224,0.5,21,liver_supported
113,21076,25575,13419,0.5752931341327026,0.20000000298023224,0.5,21,liver_supported
114,0,1,0,9.99999000001e-07,0.20000000298023224,0.5,21,liver_supported
115,0,4629,0,2.160293799490107e-10,0.20000000298023224,0.5,21,liver_supported
116,152763,625,0,6.519414817283493e-12,0.20000000298023224,0.5,21,liver_supported
104,69032,378,0,1.4407145944180851e-11,0.20000000298023224,0.5,31,liver_supported
105,0,2162,0,4.625346898878193e-10,0.20000000298023224,0.5,31,liver_supported
106,0,1434,0,6.973500692487098e-10,0.20000000298023224,0.5,31,liver_supported
107,1473,4377,241,0.08239316255001826,0.20000000298023224,0.5,31,liver_supported
108,363698,237917,182690,0.6073319315515615,0.20000000298023224,0.5,31,liver_supported
109,18200,20846,12692,0.6501050043628002,0.20000000298023224,0.5,31,liver_supported
110,31120,24069,19432,0.7041983003913063,0.20000000298023224,0.5,31,liver_supported
111,1830,3745,843,0.3024215247888033,0.20000000298023224,0.5,31,liver_supported
112,295,4527,150,0.06221484880501558,0.20000000298023224,0.5,31,liver_supported
113,21076,25575,13419,0.5752931341327026,0.20000000298023224,0.5,31,liver_supported
114,0,1,0,9.99999000001e-07,0.20000000298023224,0.5,31,liver_supported
115,0,4629,0,2.160293799490107e-10,0.20000000298023224,0.5,31,liver_supported
116,152763,625,0,6.519414817283493e-12,0.20000000298023224,0.5,31,liver_supported
104,69032,378,0,1.4407145944180851e-11,0.20000000298023224,0.6000000238418579,1,liver_supported
105,0,2162,0,4.625346898878193e-10,0.20000000298023224,0.6000000238418579,1,liver_supported
106,0,1427,0,7.007708474416461e-10,0.20000000298023224,0.6000000238418579,1,liver_supported
107,1473,4377,241,0.08239316255001826,0.20000000298023224,0.6000000238418579,1,liver_supported
108,363698,237739,182514,0.6069264112457217,0.20000000298023224,0.6000000238418579,1,liver_supported
109,18200,20845,12691,0.6500704315622982,0.20000000298023224,0.6000000238418579,1,liver_supported
110,31120,24069,19432,0.7041983003913063,0.20000000298023224,0.6000000238418579,1,liver_supported
111,1830,3745,843,0.3024215247888033,0.20000000298023224,0.6000000238418579,1,liver_supported
112,295,4524,150,0.06225357977541946,0.20000000298023224,0.6000000238418579,1,liver_supported
113,21076,25573,13417,0.5752320521431278,0.20000000298023224,0.6000000238418579,1,liver_supported
114,0,1,0,9.99999000001e-07,0.20000000298023224,0.6000000238418579,1,liver_supported
115,0,4629,0,2.160293799490107e-10,0.20000000298023224,0.6000000238418579,1,liver_supported
116,152763,623,0,6.519499823931e-12,0.20000000298023224,0.6000000238418579,1,liver_supported
104,69032,378,0,1.4407145944180851e-11,0.20000000298023224,0.6000000238418579,5,liver_supported
105,0,2162,0,4.625346898878193e-10,0.20000000298023224,0.6000000238418579,5,liver_supported
106,0,1434,0,6.973500692487098e-10,0.20000000298023224,0.6000000238418579,5,liver_supported
107,1473,4377,241,0.08239316255001826,0.20000000298023224,0.6000000238418579,5,liver_supported
108,363698,237915,182688,0.60732730177106,0.20000000298023224,0.6000000238418579,5,liver_supported
109,18200,20846,12692,0.6501050043628002,0.20000000298023224,0.6000000238418579,5,liver_supported
110,31120,24069,19432,0.7041983003913063,0.20000000298023224,0.6000000238418579,5,liver_supported
111,1830,3745,843,0.3024215247888033,0.20000000298023224,0.6000000238418579,5,liver_supported
112,295,4527,150,0.06221484880501558,0.20000000298023224,0.6000000238418579,5,liver_supported
113,21076,25575,13419,0.5752931341327026,0.20000000298023224,0.6000000238418579,5,liver_supported
114,0,1,0,9.99999000001e-07,0.20000000298023224,0.6000000238418579,5,liver_supported
115,0,4629,0,2.160293799490107e-10,0.20000000298023224,0.6000000238418579,5,liver_supported
116,152763,625,0,6.519414817283493e-12,0.20000000298023224,0.6000000238418579,5,liver_supported
104,69032,378,0,1.4407145944180851e-11,0.20000000298023224,0.6000000238418579,11,liver_supported
105,0,2162,0,4.625346898878193e-10,0.20000000298023224,0.6000000238418579,11,liver_supported
106,0,1434,0,6.973500692487098e-10,0.20000000298023224,0.6000000238418579,11,liver_supported
107,1473,4377,241,0.08239316255001826,0.20000000298023224,0.6000000238418579,11,liver_supported
108,363698,237917,182690,0.6073319315515615,0.20000000298023224,0.6000000238418579,11,liver_supported
109,18200,20846,12692,0.6501050043628002,0.20000000298023224,0.6000000238418579,11,liver_supported
110,31120,24069,19432,0.7041983003913063,0.20000000298023224,0.6000000238418579,11,liver_supported
111,1830,3745,843,0.3024215247888033,0.20000000298023224,0.6000000238418579,11,liver_supported
112,295,4527,150,0.06221484880501558,0.20000000298023224,0.6000000238418579,11,liver_supported
113,21076,25575,13419,0.5752931341327026,0.20000000298023224,0.6000000238418579,11,liver_supported
114,0,1,0,9.99999000001e-07,0.20000000298023224,0.6000000238418579,11,liver_supported
115,0,4629,0,2.160293799490107e-10,0.20000000298023224,0.6000000238418579,11,liver_supported
116,152763,625,0,6.519414817283493e-12,0.20000000298023224,0.6000000238418579,11,liver_supported
104,69032,378,0,1.4407145944180851e-11,0.20000000298023224,0.6000000238418579,21,liver_supported
105,0,2162,0,4.625346898878193e-10,0.20000000298023224,0.6000000238418579,21,liver_supported
106,0,1434,0,6.973500692487098e-10,0.20000000298023224,0.6000000238418579,21,liver_supported
107,1473,4377,241,0.08239316255001826,0.20000000298023224,0.6000000238418579,21,liver_supported
108,363698,237917,182690,0.6073319315515615,0.20000000298023224,0.6000000238418579,21,liver_supported
109,18200,20846,12692,0.6501050043628002,0.20000000298023224,0.6000000238418579,21,liver_supported
110,31120,24069,19432,0.7041983003913063,0.20000000298023224,0.6000000238418579,21,liver_supported
111,1830,3745,843,0.3024215247888033,0.20000000298023224,0.6000000238418579,21,liver_supported
112,295,4527,150,0.06221484880501558,0.20000000298023224,0.6000000238418579,21,liver_supported
113,21076,25575,13419,0.5752931341327026,0.20000000298023224,0.6000000238418579,21,liver_supported
114,0,1,0,9.99999000001e-07,0.20000000298023224,0.6000000238418579,21,liver_supported
115,0,4629,0,2.160293799490107e-10,0.20000000298023224,0.6000000238418579,21,liver_supported
116,152763,625,0,6.519414817283493e-12,0.20000000298023224,0.6000000238418579,21,liver_supported
104,69032,378,0,1.4407145944180851e-11,0.20000000298023224,0.6000000238418579,31,liver_supported
105,0,2162,0,4.625346898878193e-10,0.20000000298023224,0.6000000238418579,31,liver_supported
106,0,1434,0,6.973500692487098e-10,0.20000000298023224,0.6000000238418579,31,liver_supported
107,1473,4377,241,0.08239316255001826,0.20000000298023224,0.6000000238418579,31,liver_supported
108,363698,237917,182690,0.6073319315515615,0.20000000298023224,0.6000000238418579,31,liver_supported
109,18200,20846,12692,0.6501050043628002,0.20000000298023224,0.6000000238418579,31,liver_supported
110,31120,24069,19432,0.7041983003913063,0.20000000298023224,0.6000000238418579,31,liver_supported
111,1830,3745,843,0.3024215247888033,0.20000000298023224,0.6000000238418579,31,liver_supported
112,295,4527,150,0.06221484880501558,0.20000000298023224,0.6000000238418579,31,liver_supported
113,21076,25575,13419,0.5752931341327026,0.20000000298023224,0.6000000238418579,31,liver_supported
114,0,1,0,9.99999000001e-07,0.20000000298023224,0.6000000238418579,31,liver_supported
115,0,4629,0,2.160293799490107e-10,0.20000000298023224,0.6000000238418579,31,liver_supported
116,152763,625,0,6.519414817283493e-12,0.20000000298023224,0.6000000238418579,31,liver_supported
104,69032,378,0,1.4407145944180851e-11,0.20000000298023224,0.699999988079071,1,liver_supported
105,0,2162,0,4.625346898878193e-10,0.20000000298023224,0.699999988079071,1,liver_supported
106,0,1414,0,7.072135780005561e-10,0.20000000298023224,0.699999988079071,1,liver_supported
107,1473,4377,241,0.08239316255001826,0.20000000298023224,0.699999988079071,1,liver_supported
108,363698,237514,182294,0.6064216948437383,0.20000000298023224,0.699999988079071,1,liver_supported
109,18200,20841,12688,0.6499833508452657,0.20000000298023224,0.699999988079071,1,liver_supported
110,31120,24069,19432,0.7041983003913063,0.20000000298023224,0.699999988079071,1,liver_supported
111,1830,3745,843,0.3024215247888033,0.20000000298023224,0.699999988079071,1,liver_supported
112,295,4522,150,0.06227942722394032,0.20000000298023224,0.699999988079071,1,liver_supported
113,21076,25563,13407,0.5749265636146803,0.20000000298023224,0.699999988079071,1,liver_supported
114,0,1,0,9.99999000001e-07,0.20000000298023224,0.699999988079071,1,liver_supported
115,0,4629,0,2.160293799490107e-10,0.20000000298023224,0.699999988079071,1,liver_supported
116,152763,618,0,6.519712350248598e-12,0.20000000298023224,0.699999988079071,1,liver_supported
104,69032,378,0,1.4407145944180851e-11,0.20000000298023224,0.699999988079071,5,liver_supported
105,0,2162,0,4.625346898878193e-10,0.20000000298023224,0.699999988079071,5,liver_supported
106,0,1434,0,6.973500692487098e-10,0.20000000298023224,0.699999988079071,5,liver_supported
107,1473,4377,241,0.08239316255001826,0.20000000298023224,0.699999988079071,5,liver_supported
108,363698,237876,182649,0.6072370148982382,0.20000000298023224,0.699999988079071,5,liver_supported
109,18200,20846,12692,0.6501050043628002,0.20000000298023224,0.699999988079071,5,liver_supported
110,31120,24069,19432,0.7041983003913063,0.20000000298023224,0.699999988079071,5,liver_supported
111,1830,3745,843,0.3024215247888033,0.20000000298023224,0.699999988079071,5,liver_supported
112,295,4527,150,0.06221484880501558,0.20000000298023224,0.699999988079071,5,liver_supported
113,21076,25575,13419,0.5752931341327026,0.20000000298023224,0.699999988079071,5,liver_supported
114,0,1,0,9.99999000001e-07,0.20000000298023224,0.699999988079071,5,liver_supported
115,0,4629,0,2.160293799490107e-10,0.20000000298023224,0.699999988079071,5,liver_supported
116,152763,625,0,6.519414817283493e-12,0.20000000298023224,0.699999988079071,5,liver_supported
104,69032,378,0,1.4407145944180851e-11,0.20000000298023224,0.699999988079071,11,liver_supported
105,0,2162,0,4.625346898878193e-10,0.20000000298023224,0.699999988079071,11,liver_supported
106,0,1434,0,6.973500692487098e-10,0.20000000298023224,0.699999988079071,11,liver_supported
107,1473,4377,241,0.08239316255001826,0.20000000298023224,0.699999988079071,11,liver_supported
108,363698,237891,182664,0.6072717420039142,0.20000000298023224,0.699999988079071,11,liver_supported
109,18200,20846,12692,0.6501050043628002,0.20000000298023224,0.699999988079071,11,liver_supported
110,31120,24069,19432,0.7041983003913063,0.20000000298023224,0.699999988079071,11,liver_supported
111,1830,3745,843,0.3024215247888033,0.20000000298023224,0.699999988079071,11,liver_supported
112,295,4527,150,0.06221484880501558,0.20000000298023224,0.699999988079071,11,liver_supported
113,21076,25575,13419,0.5752931341327026,0.20000000298023224,0.699999988079071,11,liver_supported
114,0,1,0,9.99999000001e-07,0.20000000298023224,0.699999988079071,11,liver_supported
115,0,4629,0,2.160293799490107e-10,0.20000000298023224,0.699999988079071,11,liver_supported
116,152763,625,0,6.519414817283493e-12,0.20000000298023224,0.699999988079071,11,liver_supported
104,69032,378,0,1.4407145944180851e-11,0.20000000298023224,0.699999988079071,21,liver_supported
105,0,2162,0,4.625346898878193e-10,0.20000000298023224,0.699999988079071,21,liver_supported
106,0,1434,0,6.973500692487098e-10,0.20000000298023224,0.699999988079071,21,liver_supported
107,1473,4377,241,0.08239316255001826,0.20000000298023224,0.699999988079071,21,liver_supported
108,363698,237891,182664,0.6072717420039142,0.20000000298023224,0.699999988079071,21,liver_supported
109,18200,20846,12692,0.6501050043628002,0.20000000298023224,0.699999988079071,21,liver_supported
110,31120,24069,19432,0.7041983003913063,0.20000000298023224,0.699999988079071,21,liver_supported
111,1830,3745,843,0.3024215247888033,0.20000000298023224,0.699999988079071,21,liver_supported
112,295,4527,150,0.06221484880501558,0.20000000298023224,0.699999988079071,21,liver_supported
113,21076,25575,13419,0.5752931341327026,0.20000000298023224,0.699999988079071,21,liver_supported
114,0,1,0,9.99999000001e-07,0.20000000298023224,0.699999988079071,21,liver_supported
115,0,4629,0,2.160293799490107e-10,0.20000000298023224,0.699999988079071,21,liver_supported
116,152763,625,0,6.519414817283493e-12,0.20000000298023224,0.699999988079071,21,liver_supported
104,69032,378,0,1.4407145944180851e-11,0.20000000298023224,0.699999988079071,31,liver_supported
105,0,2162,0,4.625346898878193e-10,0.20000000298023224,0.699999988079071,31,liver_supported
106,0,1434,0,6.973500692487098e-10,0.20000000298023224,0.699999988079071,31,liver_supported
107,1473,4377,241,0.08239316255001826,0.20000000298023224,0.699999988079071,31,liver_supported
108,363698,237891,182664,0.6072717420039142,0.20000000298023224,0.699999988079071,31,liver_supported
109,18200,20846,12692,0.6501050043628002,0.20000000298023224,0.699999988079071,31,liver_supported
110,31120,24069,19432,0.7041983003913063,0.20000000298023224,0.699999988079071,31,liver_supported
111,1830,3745,843,0.3024215247888033,0.20000000298023224,0.699999988079071,31,liver_supported
112,295,4527,150,0.06221484880501558,0.20000000298023224,0.699999988079071,31,liver_supported
113,21076,25575,13419,0.5752931341327026,0.20000000298023224,0.699999988079071,31,liver_supported
114,0,1,0,9.99999000001e-07,0.20000000298023224,0.699999988079071,31,liver_supported
115,0,4629,0,2.160293799490107e-10,0.20000000298023224,0.699999988079071,31,liver_supported
116,152763,625,0,6.519414817283493e-12,0.20000000298023224,0.699999988079071,31,liver_supported
104,69032,350,0,1.4412960133544537e-11,0.30000001192092896,,1,raw
105,0,2080,0,4.807692305380917e-10,0.30000001192092896,,1,raw
106,0,1365,0,7.326007320640287e-10,0.30000001192092896,,1,raw
107,1473,4265,233,0.08121296635043343,0.30000001192092896,,1,raw
108,363698,232891,180443,0.6049156119210966,0.30000001192092896,,1,raw
109,18200,20297,12575,0.6532976595668936,0.30000001192092896,,1,raw
110,31120,23608,19233,0.7028577693373984,0.30000001192092896,,1,raw
111,1830,3640,835,0.30530164546520994,0.30000001192092896,,1,raw
112,295,4373,150,0.06426735238554683,0.30000001192092896,,1,raw
113,21076,24998,13312,0.5778530190654632,0.30000001192092896,,1,raw
114,0,1,0,9.99999000001e-07,0.30000001192092896,,1,raw
115,0,4483,0,2.2306491183960182e-10,0.30000001192092896,,1,raw
116,152763,587,0,6.5210303227484765e-12,0.30000001192092896,,1,raw
104,69032,350,0,1.4412960133544537e-11,0.30000001192092896,0.30000001192092896,1,liver_supported
105,0,2080,0,4.807692305380917e-10,0.30000001192092896,0.30000001192092896,1,liver_supported
106,0,1365,0,7.326007320640287e-10,0.30000001192092896,0.30000001192092896,1,liver_supported
107,1473,4265,233,0.08121296635043343,0.30000001192092896,0.30000001192092896,1,liver_supported
108,363698,232891,180443,0.6049156119210966,0.30000001192092896,0.30000001192092896,1,liver_supported
109,18200,20297,12575,0.6532976595668936,0.30000001192092896,0.30000001192092896,1,liver_supported
110,31120,23608,19233,0.7028577693373984,0.30000001192092896,0.30000001192092896,1,liver_supported
111,1830,3640,835,0.30530164546520994,0.30000001192092896,0.30000001192092896,1,liver_supported
112,295,4373,150,0.06426735238554683,0.30000001192092896,0.30000001192092896,1,liver_supported
113,21076,24998,13312,0.5778530190654632,0.30000001192092896,0.30000001192092896,1,liver_supported
114,0,1,0,9.99999000001e-07,0.30000001192092896,0.30000001192092896,1,liver_supported
115,0,4483,0,2.2306491183960182e-10,0.30000001192092896,0.30000001192092896,1,liver_supported
116,152763,587,0,6.5210303227484765e-12,0.30000001192092896,0.30000001192092896,1,liver_supported
104,69032,350,0,1.4412960133544537e-11,0.30000001192092896,0.30000001192092896,5,liver_supported
105,0,2080,0,4.807692305380917e-10,0.30000001192092896,0.30000001192092896,5,liver_supported
106,0,1365,0,7.326007320640287e-10,0.30000001192092896,0.30000001192092896,5,liver_supported
107,1473,4265,233,0.08121296635043343,0.30000001192092896,0.30000001192092896,5,liver_supported
108,363698,232891,180443,0.6049156119210966,0.30000001192092896,0.30000001192092896,5,liver_supported
109,18200,20297,12575,0.6532976595668936,0.30000001192092896,0.30000001192092896,5,liver_supported
110,31120,23608,19233,0.7028577693373984,0.30000001192092896,0.30000001192092896,5,liver_supported
111,1830,3640,835,0.30530164546520994,0.30000001192092896,0.30000001192092896,5,liver_supported
112,295,4373,150,0.06426735238554683,0.30000001192092896,0.30000001192092896,5,liver_supported
113,21076,24998,13312,0.5778530190654632,0.30000001192092896,0.30000001192092896,5,liver_supported
114,0,1,0,9.99999000001e-07,0.30000001192092896,0.30000001192092896,5,liver_supported
115,0,4483,0,2.2306491183960182e-10,0.30000001192092896,0.30000001192092896,5,liver_supported
116,152763,587,0,6.5210303227484765e-12,0.30000001192092896,0.30000001192092896,5,liver_supported
104,69032,350,0,1.4412960133544537e-11,0.30000001192092896,0.30000001192092896,11,liver_supported
105,0,2080,0,4.807692305380917e-10,0.30000001192092896,0.30000001192092896,11,liver_supported
106,0,1365,0,7.326007320640287e-10,0.30000001192092896,0.30000001192092896,11,liver_supported
107,1473,4265,233,0.08121296635043343,0.30000001192092896,0.30000001192092896,11,liver_supported
108,363698,232891,180443,0.6049156119210966,0.30000001192092896,0.30000001192092896,11,liver_supported
109,18200,20297,12575,0.6532976595668936,0.30000001192092896,0.30000001192092896,11,liver_supported
110,31120,23608,19233,0.7028577693373984,0.30000001192092896,0.30000001192092896,11,liver_supported
111,1830,3640,835,0.30530164546520994,0.30000001192092896,0.30000001192092896,11,liver_supported
112,295,4373,150,0.06426735238554683,0.30000001192092896,0.30000001192092896,11,liver_supported
113,21076,24998,13312,0.5778530190654632,0.30000001192092896,0.30000001192092896,11,liver_supported
114,0,1,0,9.99999000001e-07,0.30000001192092896,0.30000001192092896,11,liver_supported
115,0,4483,0,2.2306491183960182e-10,0.30000001192092896,0.30000001192092896,11,liver_supported
116,152763,587,0,6.5210303227484765e-12,0.30000001192092896,0.30000001192092896,11,liver_supported
104,69032,350,0,1.4412960133544537e-11,0.30000001192092896,0.30000001192092896,21,liver_supported
105,0,2080,0,4.807692305380917e-10,0.30000001192092896,0.30000001192092896,21,liver_supported
106,0,1365,0,7.326007320640287e-10,0.30000001192092896,0.30000001192092896,21,liver_supported
107,1473,4265,233,0.08121296635043343,0.30000001192092896,0.30000001192092896,21,liver_supported
108,363698,232891,180443,0.6049156119210966,0.30000001192092896,0.30000001192092896,21,liver_supported
109,18200,20297,12575,0.6532976595668936,0.30000001192092896,0.30000001192092896,21,liver_supported
110,31120,23608,19233,0.7028577693373984,0.30000001192092896,0.30000001192092896,21,liver_supported
111,1830,3640,835,0.30530164546520994,0.30000001192092896,0.30000001192092896,21,liver_supported
112,295,4373,150,0.06426735238554683,0.30000001192092896,0.30000001192092896,21,liver_supported
113,21076,24998,13312,0.5778530190654632,0.30000001192092896,0.30000001192092896,21,liver_supported
114,0,1,0,9.99999000001e-07,0.30000001192092896,0.30000001192092896,21,liver_supported
115,0,4483,0,2.2306491183960182e-10,0.30000001192092896,0.30000001192092896,21,liver_supported
116,152763,587,0,6.5210303227484765e-12,0.30000001192092896,0.30000001192092896,21,liver_supported
104,69032,350,0,1.4412960133544537e-11,0.30000001192092896,0.30000001192092896,31,liver_supported
105,0,2080,0,4.807692305380917e-10,0.30000001192092896,0.30000001192092896,31,liver_supported
106,0,1365,0,7.326007320640287e-10,0.30000001192092896,0.30000001192092896,31,liver_supported
107,1473,4265,233,0.08121296635043343,0.30000001192092896,0.30000001192092896,31,liver_supported
108,363698,232891,180443,0.6049156119210966,0.30000001192092896,0.30000001192092896,31,liver_supported
109,18200,20297,12575,0.6532976595668936,0.30000001192092896,0.30000001192092896,31,liver_supported
110,31120,23608,19233,0.7028577693373984,0.30000001192092896,0.30000001192092896,31,liver_supported
111,1830,3640,835,0.30530164546520994,0.30000001192092896,0.30000001192092896,31,liver_supported
112,295,4373,150,0.06426735238554683,0.30000001192092896,0.30000001192092896,31,liver_supported
113,21076,24998,13312,0.5778530190654632,0.30000001192092896,0.30000001192092896,31,liver_supported
114,0,1,0,9.99999000001e-07,0.30000001192092896,0.30000001192092896,31,liver_supported
115,0,4483,0,2.2306491183960182e-10,0.30000001192092896,0.30000001192092896,31,liver_supported
116,152763,587,0,6.5210303227484765e-12,0.30000001192092896,0.30000001192092896,31,liver_supported
104,69032,350,0,1.4412960133544537e-11,0.30000001192092896,0.4000000059604645,1,liver_supported
105,0,2080,0,4.807692305380917e-10,0.30000001192092896,0.4000000059604645,1,liver_supported
106,0,1365,0,7.326007320640287e-10,0.30000001192092896,0.4000000059604645,1,liver_supported
107,1473,4265,233,0.08121296635043343,0.30000001192092896,0.4000000059604645,1,liver_supported
108,363698,232891,180443,0.6049156119210966,0.30000001192092896,0.4000000059604645,1,liver_supported
109,18200,20297,12575,0.6532976595668936,0.30000001192092896,0.4000000059604645,1,liver_supported
110,31120,23608,19233,0.7028577693373984,0.30000001192092896,0.4000000059604645,1,liver_supported
111,1830,3640,835,0.30530164546520994,0.30000001192092896,0.4000000059604645,1,liver_supported
112,295,4373,150,0.06426735238554683,0.30000001192092896,0.4000000059604645,1,liver_supported
113,21076,24998,13312,0.5778530190654632,0.30000001192092896,0.4000000059604645,1,liver_supported
114,0,1,0,9.99999000001e-07,0.30000001192092896,0.4000000059604645,1,liver_supported
115,0,4483,0,2.2306491183960182e-10,0.30000001192092896,0.4000000059604645,1,liver_supported
116,152763,587,0,6.5210303227484765e-12,0.30000001192092896,0.4000000059604645,1,liver_supported
104,69032,350,0,1.4412960133544537e-11,0.30000001192092896,0.4000000059604645,5,liver_supported
105,0,2080,0,4.807692305380917e-10,0.30000001192092896,0.4000000059604645,5,liver_supported
106,0,1365,0,7.326007320640287e-10,0.30000001192092896,0.4000000059604645,5,liver_supported
107,1473,4265,233,0.08121296635043343,0.30000001192092896,0.4000000059604645,5,liver_supported
108,363698,232891,180443,0.6049156119210966,0.30000001192092896,0.4000000059604645,5,liver_supported
109,18200,20297,12575,0.6532976595668936,0.30000001192092896,0.4000000059604645,5,liver_supported
110,31120,23608,19233,0.7028577693373984,0.30000001192092896,0.4000000059604645,5,liver_supported
111,1830,3640,835,0.30530164546520994,0.30000001192092896,0.4000000059604645,5,liver_supported
112,295,4373,150,0.06426735238554683,0.30000001192092896,0.4000000059604645,5,liver_supported
113,21076,24998,13312,0.5778530190654632,0.30000001192092896,0.4000000059604645,5,liver_supported
114,0,1,0,9.99999000001e-07,0.30000001192092896,0.4000000059604645,5,liver_supported
115,0,4483,0,2.2306491183960182e-10,0.30000001192092896,0.4000000059604645,5,liver_supported
116,152763,587,0,6.5210303227484765e-12,0.30000001192092896,0.4000000059604645,5,liver_supported
104,69032,350,0,1.4412960133544537e-11,0.30000001192092896,0.4000000059604645,11,liver_supported
105,0,2080,0,4.807692305380917e-10,0.30000001192092896,0.4000000059604645,11,liver_supported
106,0,1365,0,7.326007320640287e-10,0.30000001192092896,0.4000000059604645,11,liver_supported
107,1473,4265,233,0.08121296635043343,0.30000001192092896,0.4000000059604645,11,liver_supported
108,363698,232891,180443,0.6049156119210966,0.30000001192092896,0.4000000059604645,11,liver_supported
109,18200,20297,12575,0.6532976595668936,0.30000001192092896,0.4000000059604645,11,liver_supported
110,31120,23608,19233,0.7028577693373984,0.30000001192092896,0.4000000059604645,11,liver_supported
111,1830,3640,835,0.30530164546520994,0.30000001192092896,0.4000000059604645,11,liver_supported
112,295,4373,150,0.06426735238554683,0.30000001192092896,0.4000000059604645,11,liver_supported
113,21076,24998,13312,0.5778530190654632,0.30000001192092896,0.4000000059604645,11,liver_supported
114,0,1,0,9.99999000001e-07,0.30000001192092896,0.4000000059604645,11,liver_supported
115,0,4483,0,2.2306491183960182e-10,0.30000001192092896,0.4000000059604645,11,liver_supported
116,152763,587,0,6.5210303227484765e-12,0.30000001192092896,0.4000000059604645,11,liver_supported
104,69032,350,0,1.4412960133544537e-11,0.30000001192092896,0.4000000059604645,21,liver_supported
105,0,2080,0,4.807692305380917e-10,0.30000001192092896,0.4000000059604645,21,liver_supported
106,0,1365,0,7.326007320640287e-10,0.30000001192092896,0.4000000059604645,21,liver_supported
107,1473,4265,233,0.08121296635043343,0.30000001192092896,0.4000000059604645,21,liver_supported
108,363698,232891,180443,0.6049156119210966,0.30000001192092896,0.4000000059604645,21,liver_supported
109,18200,20297,12575,0.6532976595668936,0.30000001192092896,0.4000000059604645,21,liver_supported
110,31120,23608,19233,0.7028577693373984,0.30000001192092896,0.4000000059604645,21,liver_supported
111,1830,3640,835,0.30530164546520994,0.30000001192092896,0.4000000059604645,21,liver_supported
112,295,4373,150,0.06426735238554683,0.30000001192092896,0.4000000059604645,21,liver_supported
113,21076,24998,13312,0.5778530190654632,0.30000001192092896,0.4000000059604645,21,liver_supported
114,0,1,0,9.99999000001e-07,0.30000001192092896,0.4000000059604645,21,liver_supported
115,0,4483,0,2.2306491183960182e-10,0.30000001192092896,0.4000000059604645,21,liver_supported
116,152763,587,0,6.5210303227484765e-12,0.30000001192092896,0.4000000059604645,21,liver_supported
104,69032,350,0,1.4412960133544537e-11,0.30000001192092896,0.4000000059604645,31,liver_supported
105,0,2080,0,4.807692305380917e-10,0.30000001192092896,0.4000000059604645,31,liver_supported
106,0,1365,0,7.326007320640287e-10,0.30000001192092896,0.4000000059604645,31,liver_supported
107,1473,4265,233,0.08121296635043343,0.30000001192092896,0.4000000059604645,31,liver_supported
108,363698,232891,180443,0.6049156119210966,0.30000001192092896,0.4000000059604645,31,liver_supported
109,18200,20297,12575,0.6532976595668936,0.30000001192092896,0.4000000059604645,31,liver_supported
110,31120,23608,19233,0.7028577693373984,0.30000001192092896,0.4000000059604645,31,liver_supported
111,1830,3640,835,0.30530164546520994,0.30000001192092896,0.4000000059604645,31,liver_supported
112,295,4373,150,0.06426735238554683,0.30000001192092896,0.4000000059604645,31,liver_supported
113,21076,24998,13312,0.5778530190654632,0.30000001192092896,0.4000000059604645,31,liver_supported
114,0,1,0,9.99999000001e-07,0.30000001192092896,0.4000000059604645,31,liver_supported
115,0,4483,0,2.2306491183960182e-10,0.30000001192092896,0.4000000059604645,31,liver_supported
116,152763,587,0,6.5210303227484765e-12,0.30000001192092896,0.4000000059604645,31,liver_supported
104,69032,350,0,1.4412960133544537e-11,0.30000001192092896,0.5,1,liver_supported
105,0,2080,0,4.807692305380917e-10,0.30000001192092896,0.5,1,liver_supported
106,0,1365,0,7.326007320640287e-10,0.30000001192092896,0.5,1,liver_supported
107,1473,4265,233,0.08121296635043343,0.30000001192092896,0.5,1,liver_supported
108,363698,232890,180442,0.6049132734825291,0.30000001192092896,0.5,1,liver_supported
109,18200,20297,12575,0.6532976595668936,0.30000001192092896,0.5,1,liver_supported
110,31120,23608,19233,0.7028577693373984,0.30000001192092896,0.5,1,liver_supported
111,1830,3640,835,0.30530164546520994,0.30000001192092896,0.5,1,liver_supported
112,295,4373,150,0.06426735238554683,0.30000001192092896,0.5,1,liver_supported
113,21076,24998,13312,0.5778530190654632,0.30000001192092896,0.5,1,liver_supported
114,0,1,0,9.99999000001e-07,0.30000001192092896,0.5,1,liver_supported
115,0,4483,0,2.2306491183960182e-10,0.30000001192092896,0.5,1,liver_supported
116,152763,587,0,6.5210303227484765e-12,0.30000001192092896,0.5,1,liver_supported
104,69032,350,0,1.4412960133544537e-11,0.30000001192092896,0.5,5,liver_supported
105,0,2080,0,4.807692305380917e-10,0.30000001192092896,0.5,5,liver_supported
106,0,1365,0,7.326007320640287e-10,0.30000001192092896,0.5,5,liver_supported
107,1473,4265,233,0.08121296635043343,0.30000001192092896,0.5,5,liver_supported
108,363698,232891,180443,0.6049156119210966,0.30000001192092896,0.5,5,liver_supported
109,18200,20297,12575,0.6532976595668936,0.30000001192092896,0.5,5,liver_supported
110,31120,23608,19233,0.7028577693373984,0.30000001192092896,0.5,5,liver_supported
111,1830,3640,835,0.30530164546520994,0.30000001192092896,0.5,5,liver_supported
112,295,4373,150,0.06426735238554683,0.30000001192092896,0.5,5,liver_supported
113,21076,24998,13312,0.5778530190654632,0.30000001192092896,0.5,5,liver_supported
114,0,1,0,9.99999000001e-07,0.30000001192092896,0.5,5,liver_supported
115,0,4483,0,2.2306491183960182e-10,0.30000001192092896,0.5,5,liver_supported
116,152763,587,0,6.5210303227484765e-12,0.30000001192092896,0.5,5,liver_supported
104,69032,350,0,1.4412960133544537e-11,0.30000001192092896,0.5,11,liver_supported
105,0,2080,0,4.807692305380917e-10,0.30000001192092896,0.5,11,liver_supported
106,0,1365,0,7.326007320640287e-10,0.30000001192092896,0.5,11,liver_supported
107,1473,4265,233,0.08121296635043343,0.30000001192092896,0.5,11,liver_supported
108,363698,232891,180443,0.6049156119210966,0.30000001192092896,0.5,11,liver_supported
109,18200,20297,12575,0.6532976595668936,0.30000001192092896,0.5,11,liver_supported
110,31120,23608,19233,0.7028577693373984,0.30000001192092896,0.5,11,liver_supported
111,1830,3640,835,0.30530164546520994,0.30000001192092896,0.5,11,liver_supported
112,295,4373,150,0.06426735238554683,0.30000001192092896,0.5,11,liver_supported
113,21076,24998,13312,0.5778530190654632,0.30000001192092896,0.5,11,liver_supported
114,0,1,0,9.99999000001e-07,0.30000001192092896,0.5,11,liver_supported
115,0,4483,0,2.2306491183960182e-10,0.30000001192092896,0.5,11,liver_supported
116,152763,587,0,6.5210303227484765e-12,0.30000001192092896,0.5,11,liver_supported
104,69032,350,0,1.4412960133544537e-11,0.30000001192092896,0.5,21,liver_supported
105,0,2080,0,4.807692305380917e-10,0.30000001192092896,0.5,21,liver_supported
106,0,1365,0,7.326007320640287e-10,0.30000001192092896,0.5,21,liver_supported
107,1473,4265,233,0.08121296635043343,0.30000001192092896,0.5,21,liver_supported
108,363698,232891,180443,0.6049156119210966,0.30000001192092896,0.5,21,liver_supported
109,18200,20297,12575,0.6532976595668936,0.30000001192092896,0.5,21,liver_supported
110,31120,23608,19233,0.7028577693373984,0.30000001192092896,0.5,21,liver_supported
111,1830,3640,835,0.30530164546520994,0.30000001192092896,0.5,21,liver_supported
112,295,4373,150,0.06426735238554683,0.30000001192092896,0.5,21,liver_supported
113,21076,24998,13312,0.5778530190654632,0.30000001192092896,0.5,21,liver_supported
114,0,1,0,9.99999000001e-07,0.30000001192092896,0.5,21,liver_supported
115,0,4483,0,2.2306491183960182e-10,0.30000001192092896,0.5,21,liver_supported
116,152763,587,0,6.5210303227484765e-12,0.30000001192092896,0.5,21,liver_supported
104,69032,350,0,1.4412960133544537e-11,0.30000001192092896,0.5,31,liver_supported
105,0,2080,0,4.807692305380917e-10,0.30000001192092896,0.5,31,liver_supported
106,0,1365,0,7.326007320640287e-10,0.30000001192092896,0.5,31,liver_supported
107,1473,4265,233,0.08121296635043343,0.30000001192092896,0.5,31,liver_supported
108,363698,232891,180443,0.6049156119210966,0.30000001192092896,0.5,31,liver_supported
109,18200,20297,12575,0.6532976595668936,0.30000001192092896,0.5,31,liver_supported
110,31120,23608,19233,0.7028577693373984,0.30000001192092896,0.5,31,liver_supported
111,1830,3640,835,0.30530164546520994,0.30000001192092896,0.5,31,liver_supported
112,295,4373,150,0.06426735238554683,0.30000001192092896,0.5,31,liver_supported
113,21076,24998,13312,0.5778530190654632,0.30000001192092896,0.5,31,liver_supported
114,0,1,0,9.99999000001e-07,0.30000001192092896,0.5,31,liver_supported
115,0,4483,0,2.2306491183960182e-10,0.30000001192092896,0.5,31,liver_supported
116,152763,587,0,6.5210303227484765e-12,0.30000001192092896,0.5,31,liver_supported
104,69032,350,0,1.4412960133544537e-11,0.30000001192092896,0.6000000238418579,1,liver_supported
105,0,2080,0,4.807692305380917e-10,0.30000001192092896,0.6000000238418579,1,liver_supported
106,0,1362,0,7.34214390062985e-10,0.30000001192092896,0.6000000238418579,1,liver_supported
107,1473,4265,233,0.08121296635043343,0.30000001192092896,0.6000000238418579,1,liver_supported
108,363698,232810,180362,0.6047261729941514,0.30000001192092896,0.6000000238418579,1,liver_supported
109,18200,20297,12575,0.6532976595668936,0.30000001192092896,0.6000000238418579,1,liver_supported
110,31120,23608,19233,0.7028577693373984,0.30000001192092896,0.6000000238418579,1,liver_supported
111,1830,3640,835,0.30530164546520994,0.30000001192092896,0.6000000238418579,1,liver_supported
112,295,4372,150,0.06428112297744136,0.30000001192092896,0.6000000238418579,1,liver_supported
113,21076,24996,13310,0.5777912832180545,0.30000001192092896,0.6000000238418579,1,liver_supported
114,0,1,0,9.99999000001e-07,0.30000001192092896,0.6000000238418579,1,liver_supported
115,0,4483,0,2.2306491183960182e-10,0.30000001192092896,0.6000000238418579,1,liver_supported
116,152763,587,0,6.5210303227484765e-12,0.30000001192092896,0.6000000238418579,1,liver_supported
104,69032,350,0,1.4412960133544537e-11,0.30000001192092896,0.6000000238418579,5,liver_supported
105,0,2080,0,4.807692305380917e-10,0.30000001192092896,0.6000000238418579,5,liver_supported
106,0,1365,0,7.326007320640287e-10,0.30000001192092896,0.6000000238418579,5,liver_supported
107,1473,4265,233,0.08121296635043343,0.30000001192092896,0.6000000238418579,5,liver_supported
108,363698,232891,180443,0.6049156119210966,0.30000001192092896,0.6000000238418579,5,liver_supported
109,18200,20297,12575,0.6532976595668936,0.30000001192092896,0.6000000238418579,5,liver_supported
110,31120,23608,19233,0.7028577693373984,0.30000001192092896,0.6000000238418579,5,liver_supported
111,1830,3640,835,0.30530164546520994,0.30000001192092896,0.6000000238418579,5,liver_supported
112,295,4373,150,0.06426735238554683,0.30000001192092896,0.6000000238418579,5,liver_supported
113,21076,24998,13312,0.5778530190654632,0.30000001192092896,0.6000000238418579,5,liver_supported
114,0,1,0,9.99999000001e-07,0.30000001192092896,0.6000000238418579,5,liver_supported
115,0,4483,0,2.2306491183960182e-10,0.30000001192092896,0.6000000238418579,5,liver_supported
116,152763,587,0,6.5210303227484765e-12,0.30000001192092896,0.6000000238418579,5,liver_supported
104,69032,350,0,1.4412960133544537e-11,0.30000001192092896,0.6000000238418579,11,liver_supported
105,0,2080,0,4.807692305380917e-10,0.30000001192092896,0.6000000238418579,11,liver_supported
106,0,1365,0,7.326007320640287e-10,0.30000001192092896,0.6000000238418579,11,liver_supported
107,1473,4265,233,0.08121296635043343,0.30000001192092896,0.6000000238418579,11,liver_supported
108,363698,232891,180443,0.6049156119210966,0.30000001192092896,0.6000000238418579,11,liver_supported
109,18200,20297,12575,0.6532976595668936,0.30000001192092896,0.6000000238418579,11,liver_supported
110,31120,23608,19233,0.7028577693373984,0.30000001192092896,0.6000000238418579,11,liver_supported
111,1830,3640,835,0.30530164546520994,0.30000001192092896,0.6000000238418579,11,liver_supported
112,295,4373,150,0.06426735238554683,0.30000001192092896,0.6000000238418579,11,liver_supported
113,21076,24998,13312,0.5778530190654632,0.30000001192092896,0.6000000238418579,11,liver_supported
114,0,1,0,9.99999000001e-07,0.30000001192092896,0.6000000238418579,11,liver_supported
115,0,4483,0,2.2306491183960182e-10,0.30000001192092896,0.6000000238418579,11,liver_supported
116,152763,587,0,6.5210303227484765e-12,0.30000001192092896,0.6000000238418579,11,liver_supported
104,69032,350,0,1.4412960133544537e-11,0.30000001192092896,0.6000000238418579,21,liver_supported
105,0,2080,0,4.807692305380917e-10,0.30000001192092896,0.6000000238418579,21,liver_supported
106,0,1365,0,7.326007320640287e-10,0.30000001192092896,0.6000000238418579,21,liver_supported
107,1473,4265,233,0.08121296635043343,0.30000001192092896,0.6000000238418579,21,liver_supported
108,363698,232891,180443,0.6049156119210966,0.30000001192092896,0.6000000238418579,21,liver_supported
109,18200,20297,12575,0.6532976595668936,0.30000001192092896,0.6000000238418579,21,liver_supported
110,31120,23608,19233,0.7028577693373984,0.30000001192092896,0.6000000238418579,21,liver_supported
111,1830,3640,835,0.30530164546520994,0.30000001192092896,0.6000000238418579,21,liver_supported
112,295,4373,150,0.06426735238554683,0.30000001192092896,0.6000000238418579,21,liver_supported
113,21076,24998,13312,0.5778530190654632,0.30000001192092896,0.6000000238418579,21,liver_supported
114,0,1,0,9.99999000001e-07,0.30000001192092896,0.6000000238418579,21,liver_supported
115,0,4483,0,2.2306491183960182e-10,0.30000001192092896,0.6000000238418579,21,liver_supported
116,152763,587,0,6.5210303227484765e-12,0.30000001192092896,0.6000000238418579,21,liver_supported
104,69032,350,0,1.4412960133544537e-11,0.30000001192092896,0.6000000238418579,31,liver_supported
105,0,2080,0,4.807692305380917e-10,0.30000001192092896,0.6000000238418579,31,liver_supported
106,0,1365,0,7.326007320640287e-10,0.30000001192092896,0.6000000238418579,31,liver_supported
107,1473,4265,233,0.08121296635043343,0.30000001192092896,0.6000000238418579,31,liver_supported
108,363698,232891,180443,0.6049156119210966,0.30000001192092896,0.6000000238418579,31,liver_supported
109,18200,20297,12575,0.6532976595668936,0.30000001192092896,0.6000000238418579,31,liver_supported
110,31120,23608,19233,0.7028577693373984,0.30000001192092896,0.6000000238418579,31,liver_supported
111,1830,3640,835,0.30530164546520994,0.30000001192092896,0.6000000238418579,31,liver_supported
112,295,4373,150,0.06426735238554683,0.30000001192092896,0.6000000238418579,31,liver_supported
113,21076,24998,13312,0.5778530190654632,0.30000001192092896,0.6000000238418579,31,liver_supported
114,0,1,0,9.99999000001e-07,0.30000001192092896,0.6000000238418579,31,liver_supported
115,0,4483,0,2.2306491183960182e-10,0.30000001192092896,0.6000000238418579,31,liver_supported
116,152763,587,0,6.5210303227484765e-12,0.30000001192092896,0.6000000238418579,31,liver_supported
104,69032,350,0,1.4412960133544537e-11,0.30000001192092896,0.699999988079071,1,liver_supported
105,0,2080,0,4.807692305380917e-10,0.30000001192092896,0.699999988079071,1,liver_supported
106,0,1352,0,7.396449698671264e-10,0.30000001192092896,0.699999988079071,1,liver_supported
107,1473,4265,233,0.08121296635043343,0.30000001192092896,0.699999988079071,1,liver_supported
108,363698,232634,180188,0.6043210828873776,0.30000001192092896,0.699999988079071,1,liver_supported
109,18200,20295,12573,0.6532276919170482,0.30000001192092896,0.699999988079071,1,liver_supported
110,31120,23608,19233,0.7028577693373984,0.30000001192092896,0.699999988079071,1,liver_supported
111,1830,3640,835,0.30530164546520994,0.30000001192092896,0.699999988079071,1,liver_supported
112,295,4371,150,0.06429489947186136,0.30000001192092896,0.699999988079071,1,liver_supported
113,21076,24986,13300,0.577482523564381,0.30000001192092896,0.699999988079071,1,liver_supported
114,0,1,0,9.99999000001e-07,0.30000001192092896,0.699999988079071,1,liver_supported
115,0,4483,0,2.2306491183960182e-10,0.30000001192092896,0.699999988079071,1,liver_supported
116,152763,583,0,6.5212004225312604e-12,0.30000001192092896,0.699999988079071,1,liver_supported
104,69032,350,0,1.4412960133544537e-11,0.30000001192092896,0.699999988079071,5,liver_supported
105,0,2080,0,4.807692305380917e-10,0.30000001192092896,0.699999988079071,5,liver_supported
106,0,1365,0,7.326007320640287e-10,0.30000001192092896,0.699999988079071,5,liver_supported
107,1473,4265,233,0.08121296635043343,0.30000001192092896,0.699999988079071,5,liver_supported
108,363698,232874,180426,0.6048758573992663,0.30000001192092896,0.699999988079071,5,liver_supported
109,18200,20297,12575,0.6532976595668936,0.30000001192092896,0.699999988079071,5,liver_supported
110,31120,23608,19233,0.7028577693373984,0.30000001192092896,0.699999988079071,5,liver_supported
111,1830,3640,835,0.30530164546520994,0.30000001192092896,0.699999988079071,5,liver_supported
112,295,4373,150,0.06426735238554683,0.30000001192092896,0.699999988079071,5,liver_supported
113,21076,24998,13312,0.5778530190654632,0.30000001192092896,0.699999988079071,5,liver_supported
114,0,1,0,9.99999000001e-07,0.30000001192092896,0.699999988079071,5,liver_supported
115,0,4483,0,2.2306491183960182e-10,0.30000001192092896,0.699999988079071,5,liver_supported
116,152763,587,0,6.5210303227484765e-12,0.30000001192092896,0.699999988079071,5,liver_supported
104,69032,350,0,1.4412960133544537e-11,0.30000001192092896,0.699999988079071,11,liver_supported
105,0,2080,0,4.807692305380917e-10,0.30000001192092896,0.699999988079071,11,liver_supported
106,0,1365,0,7.326007320640287e-10,0.30000001192092896,0.699999988079071,11,liver_supported
107,1473,4265,233,0.08121296635043343,0.30000001192092896,0.699999988079071,11,liver_supported
108,363698,232875,180427,0.6048781959632687,0.30000001192092896,0.699999988079071,11,liver_supported
109,18200,20297,12575,0.6532976595668936,0.30000001192092896,0.699999988079071,11,liver_supported
110,31120,23608,19233,0.7028577693373984,0.30000001192092896,0.699999988079071,11,liver_supported
111,1830,3640,835,0.30530164546520994,0.30000001192092896,0.699999988079071,11,liver_supported
112,295,4373,150,0.06426735238554683,0.30000001192092896,0.699999988079071,11,liver_supported
113,21076,24998,13312,0.5778530190654632,0.30000001192092896,0.699999988079071,11,liver_supported
114,0,1,0,9.99999000001e-07,0.30000001192092896,0.699999988079071,11,liver_supported
115,0,4483,0,2.2306491183960182e-10,0.30000001192092896,0.699999988079071,11,liver_supported
116,152763,587,0,6.5210303227484765e-12,0.30000001192092896,0.699999988079071,11,liver_supported
104,69032,350,0,1.4412960133544537e-11,0.30000001192092896,0.699999988079071,21,liver_supported
105,0,2080,0,4.807692305380917e-10,0.30000001192092896,0.699999988079071,21,liver_supported
106,0,1365,0,7.326007320640287e-10,0.30000001192092896,0.699999988079071,21,liver_supported
107,1473,4265,233,0.08121296635043343,0.30000001192092896,0.699999988079071,21,liver_supported
108,363698,232875,180427,0.6048781959632687,0.30000001192092896,0.699999988079071,21,liver_supported
109,18200,20297,12575,0.6532976595668936,0.30000001192092896,0.699999988079071,21,liver_supported
110,31120,23608,19233,0.7028577693373984,0.30000001192092896,0.699999988079071,21,liver_supported
111,1830,3640,835,0.30530164546520994,0.30000001192092896,0.699999988079071,21,liver_supported
112,295,4373,150,0.06426735238554683,0.30000001192092896,0.699999988079071,21,liver_supported
113,21076,24998,13312,0.5778530190654632,0.30000001192092896,0.699999988079071,21,liver_supported
114,0,1,0,9.99999000001e-07,0.30000001192092896,0.699999988079071,21,liver_supported
115,0,4483,0,2.2306491183960182e-10,0.30000001192092896,0.699999988079071,21,liver_supported
116,152763,587,0,6.5210303227484765e-12,0.30000001192092896,0.699999988079071,21,liver_supported
104,69032,350,0,1.4412960133544537e-11,0.30000001192092896,0.699999988079071,31,liver_supported
105,0,2080,0,4.807692305380917e-10,0.30000001192092896,0.699999988079071,31,liver_supported
106,0,1365,0,7.326007320640287e-10,0.30000001192092896,0.699999988079071,31,liver_supported
107,1473,4265,233,0.08121296635043343,0.30000001192092896,0.699999988079071,31,liver_supported
108,363698,232875,180427,0.6048781959632687,0.30000001192092896,0.699999988079071,31,liver_supported
109,18200,20297,12575,0.6532976595668936,0.30000001192092896,0.699999988079071,31,liver_supported
110,31120,23608,19233,0.7028577693373984,0.30000001192092896,0.699999988079071,31,liver_supported
111,1830,3640,835,0.30530164546520994,0.30000001192092896,0.699999988079071,31,liver_supported
112,295,4373,150,0.06426735238554683,0.30000001192092896,0.699999988079071,31,liver_supported
113,21076,24998,13312,0.5778530190654632,0.30000001192092896,0.699999988079071,31,liver_supported
114,0,1,0,9.99999000001e-07,0.30000001192092896,0.699999988079071,31,liver_supported
115,0,4483,0,2.2306491183960182e-10,0.30000001192092896,0.699999988079071,31,liver_supported
116,152763,587,0,6.5210303227484765e-12,0.30000001192092896,0.699999988079071,31,liver_supported
104,69032,334,0,1.4416284634916007e-11,0.4000000059604645,,1,raw
105,0,2026,0,4.935834153536113e-10,0.4000000059604645,,1,raw
106,0,1324,0,7.552870084929855e-10,0.4000000059604645,,1,raw
107,1473,4155,225,0.079957356240235,0.4000000059604645,,1,raw
108,363698,228682,178465,0.602535534623717,0.4000000059604645,,1,raw
109,18200,19848,12466,0.6552775441638121,0.4000000059604645,,1,raw
110,31120,23258,19098,0.7024164184099744,0.4000000059604645,,1,raw
111,1830,3558,830,0.30809205655009425,0.4000000059604645,,1,raw
112,295,4226,149,0.06591462086575654,0.4000000059604645,,1,raw
113,21076,24521,13228,0.5802136105537599,0.4000000059604645,,1,raw
114,0,0,0,1.0,0.4000000059604645,,1,raw
115,0,4339,0,2.304678496818465e-10,0.4000000059604645,,1,raw
116,152763,560,0,6.522178668519907e-12,0.4000000059604645,,1,raw
104,69032,334,0,1.4416284634916007e-11,0.4000000059604645,0.30000001192092896,1,liver_supported
105,0,2026,0,4.935834153536113e-10,0.4000000059604645,0.30000001192092896,1,liver_supported
106,0,1324,0,7.552870084929855e-10,0.4000000059604645,0.30000001192092896,1,liver_supported
107,1473,4155,225,0.079957356240235,0.4000000059604645,0.30000001192092896,1,liver_supported
108,363698,228682,178465,0.602535534623717,0.4000000059604645,0.30000001192092896,1,liver_supported
109,18200,19848,12466,0.6552775441638121,0.4000000059604645,0.30000001192092896,1,liver_supported
110,31120,23258,19098,0.7024164184099744,0.4000000059604645,0.30000001192092896,1,liver_supported
111,1830,3558,830,0.30809205655009425,0.4000000059604645,0.30000001192092896,1,liver_supported
112,295,4226,149,0.06591462086575654,0.4000000059604645,0.30000001192092896,1,liver_supported
113,21076,24521,13228,0.5802136105537599,0.4000000059604645,0.30000001192092896,1,liver_supported
114,0,0,0,1.0,0.4000000059604645,0.30000001192092896,1,liver_supported
115,0,4339,0,2.304678496818465e-10,0.4000000059604645,0.30000001192092896,1,liver_supported
116,152763,560,0,6.522178668519907e-12,0.4000000059604645,0.30000001192092896,1,liver_supported
104,69032,334,0,1.4416284634916007e-11,0.4000000059604645,0.30000001192092896,5,liver_supported
105,0,2026,0,4.935834153536113e-10,0.4000000059604645,0.30000001192092896,5,liver_supported
106,0,1324,0,7.552870084929855e-10,0.4000000059604645,0.30000001192092896,5,liver_supported
107,1473,4155,225,0.079957356240235,0.4000000059604645,0.30000001192092896,5,liver_supported
108,363698,228682,178465,0.602535534623717,0.4000000059604645,0.30000001192092896,5,liver_supported
109,18200,19848,12466,0.6552775441638121,0.4000000059604645,0.30000001192092896,5,liver_supported
110,31120,23258,19098,0.7024164184099744,0.4000000059604645,0.30000001192092896,5,liver_supported
111,1830,3558,830,0.30809205655009425,0.4000000059604645,0.30000001192092896,5,liver_supported
112,295,4226,149,0.06591462086575654,0.4000000059604645,0.30000001192092896,5,liver_supported
113,21076,24521,13228,0.5802136105537599,0.4000000059604645,0.30000001192092896,5,liver_supported
114,0,0,0,1.0,0.4000000059604645,0.30000001192092896,5,liver_supported
115,0,4339,0,2.304678496818465e-10,0.4000000059604645,0.30000001192092896,5,liver_supported
116,152763,560,0,6.522178668519907e-12,0.4000000059604645,0.30000001192092896,5,liver_supported
104,69032,334,0,1.4416284634916007e-11,0.4000000059604645,0.30000001192092896,11,liver_supported
105,0,2026,0,4.935834153536113e-10,0.4000000059604645,0.30000001192092896,11,liver_supported
106,0,1324,0,7.552870084929855e-10,0.4000000059604645,0.30000001192092896,11,liver_supported
107,1473,4155,225,0.079957356240235,0.4000000059604645,0.30000001192092896,11,liver_supported
108,363698,228682,178465,0.602535534623717,0.4000000059604645,0.30000001192092896,11,liver_supported
109,18200,19848,12466,0.6552775441638121,0.4000000059604645,0.30000001192092896,11,liver_supported
110,31120,23258,19098,0.7024164184099744,0.4000000059604645,0.30000001192092896,11,liver_supported
111,1830,3558,830,0.30809205655009425,0.4000000059604645,0.30000001192092896,11,liver_supported
112,295,4226,149,0.06591462086575654,0.4000000059604645,0.30000001192092896,11,liver_supported
113,21076,24521,13228,0.5802136105537599,0.4000000059604645,0.30000001192092896,11,liver_supported
114,0,0,0,1.0,0.4000000059604645,0.30000001192092896,11,liver_supported
115,0,4339,0,2.304678496818465e-10,0.4000000059604645,0.30000001192092896,11,liver_supported
116,152763,560,0,6.522178668519907e-12,0.4000000059604645,0.30000001192092896,11,liver_supported
104,69032,334,0,1.4416284634916007e-11,0.4000000059604645,0.30000001192092896,21,liver_supported
105,0,2026,0,4.935834153536113e-10,0.4000000059604645,0.30000001192092896,21,liver_supported
106,0,1324,0,7.552870084929855e-10,0.4000000059604645,0.30000001192092896,21,liver_supported
107,1473,4155,225,0.079957356240235,0.4000000059604645,0.30000001192092896,21,liver_supported
108,363698,228682,178465,0.602535534623717,0.4000000059604645,0.30000001192092896,21,liver_supported
109,18200,19848,12466,0.6552775441638121,0.4000000059604645,0.30000001192092896,21,liver_supported
110,31120,23258,19098,0.7024164184099744,0.4000000059604645,0.30000001192092896,21,liver_supported
111,1830,3558,830,0.30809205655009425,0.4000000059604645,0.30000001192092896,21,liver_supported
112,295,4226,149,0.06591462086575654,0.4000000059604645,0.30000001192092896,21,liver_supported
113,21076,24521,13228,0.5802136105537599,0.4000000059604645,0.30000001192092896,21,liver_supported
114,0,0,0,1.0,0.4000000059604645,0.30000001192092896,21,liver_supported
115,0,4339,0,2.304678496818465e-10,0.4000000059604645,0.30000001192092896,21,liver_supported
116,152763,560,0,6.522178668519907e-12,0.4000000059604645,0.30000001192092896,21,liver_supported
104,69032,334,0,1.4416284634916007e-11,0.4000000059604645,0.30000001192092896,31,liver_supported
105,0,2026,0,4.935834153536113e-10,0.4000000059604645,0.30000001192092896,31,liver_supported
106,0,1324,0,7.552870084929855e-10,0.4000000059604645,0.30000001192092896,31,liver_supported
107,1473,4155,225,0.079957356240235,0.4000000059604645,0.30000001192092896,31,liver_supported
108,363698,228682,178465,0.602535534623717,0.4000000059604645,0.30000001192092896,31,liver_supported
109,18200,19848,12466,0.6552775441638121,0.4000000059604645,0.30000001192092896,31,liver_supported
110,31120,23258,19098,0.7024164184099744,0.4000000059604645,0.30000001192092896,31,liver_supported
111,1830,3558,830,0.30809205655009425,0.4000000059604645,0.30000001192092896,31,liver_supported
112,295,4226,149,0.06591462086575654,0.4000000059604645,0.30000001192092896,31,liver_supported
113,21076,24521,13228,0.5802136105537599,0.4000000059604645,0.30000001192092896,31,liver_supported
114,0,0,0,1.0,0.4000000059604645,0.30000001192092896,31,liver_supported
115,0,4339,0,2.304678496818465e-10,0.4000000059604645,0.30000001192092896,31,liver_supported
116,152763,560,0,6.522178668519907e-12,0.4000000059604645,0.30000001192092896,31,liver_supported
104,69032,334,0,1.4416284634916007e-11,0.4000000059604645,0.4000000059604645,1,liver_supported
105,0,2026,0,4.935834153536113e-10,0.4000000059604645,0.4000000059604645,1,liver_supported
106,0,1324,0,7.552870084929855e-10,0.4000000059604645,0.4000000059604645,1,liver_supported
107,1473,4155,225,0.079957356240235,0.4000000059604645,0.4000000059604645,1,liver_supported
108,363698,228682,178465,0.602535534623717,0.4000000059604645,0.4000000059604645,1,liver_supported
109,18200,19848,12466,0.6552775441638121,0.4000000059604645,0.4000000059604645,1,liver_supported
110,31120,23258,19098,0.7024164184099744,0.4000000059604645,0.4000000059604645,1,liver_supported
111,1830,3558,830,0.30809205655009425,0.4000000059604645,0.4000000059604645,1,liver_supported
112,295,4226,149,0.06591462086575654,0.4000000059604645,0.4000000059604645,1,liver_supported
113,21076,24521,13228,0.5802136105537599,0.4000000059604645,0.4000000059604645,1,liver_supported
114,0,0,0,1.0,0.4000000059604645,0.4000000059604645,1,liver_supported
115,0,4339,0,2.304678496818465e-10,0.4000000059604645,0.4000000059604645,1,liver_supported
116,152763,560,0,6.522178668519907e-12,0.4000000059604645,0.4000000059604645,1,liver_supported
104,69032,334,0,1.4416284634916007e-11,0.4000000059604645,0.4000000059604645,5,liver_supported
105,0,2026,0,4.935834153536113e-10,0.4000000059604645,0.4000000059604645,5,liver_supported
106,0,1324,0,7.552870084929855e-10,0.4000000059604645,0.4000000059604645,5,liver_supported
107,1473,4155,225,0.079957356240235,0.4000000059604645,0.4000000059604645,5,liver_supported
108,363698,228682,178465,0.602535534623717,0.4000000059604645,0.4000000059604645,5,liver_supported
109,18200,19848,12466,0.6552775441638121,0.4000000059604645,0.4000000059604645,5,liver_supported
110,31120,23258,19098,0.7024164184099744,0.4000000059604645,0.4000000059604645,5,liver_supported
111,1830,3558,830,0.30809205655009425,0.4000000059604645,0.4000000059604645,5,liver_supported
112,295,4226,149,0.06591462086575654,0.4000000059604645,0.4000000059604645,5,liver_supported
113,21076,24521,13228,0.5802136105537599,0.4000000059604645,0.4000000059604645,5,liver_supported
114,0,0,0,1.0,0.4000000059604645,0.4000000059604645,5,liver_supported
115,0,4339,0,2.304678496818465e-10,0.4000000059604645,0.4000000059604645,5,liver_supported
116,152763,560,0,6.522178668519907e-12,0.4000000059604645,0.4000000059604645,5,liver_supported
104,69032,334,0,1.4416284634916007e-11,0.4000000059604645,0.4000000059604645,11,liver_supported
105,0,2026,0,4.935834153536113e-10,0.4000000059604645,0.4000000059604645,11,liver_supported
106,0,1324,0,7.552870084929855e-10,0.4000000059604645,0.4000000059604645,11,liver_supported
107,1473,4155,225,0.079957356240235,0.4000000059604645,0.4000000059604645,11,liver_supported
108,363698,228682,178465,0.602535534623717,0.4000000059604645,0.4000000059604645,11,liver_supported
109,18200,19848,12466,0.6552775441638121,0.4000000059604645,0.4000000059604645,11,liver_supported
110,31120,23258,19098,0.7024164184099744,0.4000000059604645,0.4000000059604645,11,liver_supported
111,1830,3558,830,0.30809205655009425,0.4000000059604645,0.4000000059604645,11,liver_supported
112,295,4226,149,0.06591462086575654,0.4000000059604645,0.4000000059604645,11,liver_supported
113,21076,24521,13228,0.5802136105537599,0.4000000059604645,0.4000000059604645,11,liver_supported
114,0,0,0,1.0,0.4000000059604645,0.4000000059604645,11,liver_supported
115,0,4339,0,2.304678496818465e-10,0.4000000059604645,0.4000000059604645,11,liver_supported
116,152763,560,0,6.522178668519907e-12,0.4000000059604645,0.4000000059604645,11,liver_supported
104,69032,334,0,1.4416284634916007e-11,0.4000000059604645,0.4000000059604645,21,liver_supported
105,0,2026,0,4.935834153536113e-10,0.4000000059604645,0.4000000059604645,21,liver_supported
106,0,1324,0,7.552870084929855e-10,0.4000000059604645,0.4000000059604645,21,liver_supported
107,1473,4155,225,0.079957356240235,0.4000000059604645,0.4000000059604645,21,liver_supported
108,363698,228682,178465,0.602535534623717,0.4000000059604645,0.4000000059604645,21,liver_supported
109,18200,19848,12466,0.6552775441638121,0.4000000059604645,0.4000000059604645,21,liver_supported
110,31120,23258,19098,0.7024164184099744,0.4000000059604645,0.4000000059604645,21,liver_supported
111,1830,3558,830,0.30809205655009425,0.4000000059604645,0.4000000059604645,21,liver_supported
112,295,4226,149,0.06591462086575654,0.4000000059604645,0.4000000059604645,21,liver_supported
113,21076,24521,13228,0.5802136105537599,0.4000000059604645,0.4000000059604645,21,liver_supported
114,0,0,0,1.0,0.4000000059604645,0.4000000059604645,21,liver_supported
115,0,4339,0,2.304678496818465e-10,0.4000000059604645,0.4000000059604645,21,liver_supported
116,152763,560,0,6.522178668519907e-12,0.4000000059604645,0.4000000059604645,21,liver_supported
104,69032,334,0,1.4416284634916007e-11,0.4000000059604645,0.4000000059604645,31,liver_supported
105,0,2026,0,4.935834153536113e-10,0.4000000059604645,0.4000000059604645,31,liver_supported
106,0,1324,0,7.552870084929855e-10,0.4000000059604645,0.4000000059604645,31,liver_supported
107,1473,4155,225,0.079957356240235,0.4000000059604645,0.4000000059604645,31,liver_supported
108,363698,228682,178465,0.602535534623717,0.4000000059604645,0.4000000059604645,31,liver_supported
109,18200,19848,12466,0.6552775441638121,0.4000000059604645,0.4000000059604645,31,liver_supported
110,31120,23258,19098,0.7024164184099744,0.4000000059604645,0.4000000059604645,31,liver_supported
111,1830,3558,830,0.30809205655009425,0.4000000059604645,0.4000000059604645,31,liver_supported
112,295,4226,149,0.06591462086575654,0.4000000059604645,0.4000000059604645,31,liver_supported
113,21076,24521,13228,0.5802136105537599,0.4000000059604645,0.4000000059604645,31,liver_supported
114,0,0,0,1.0,0.4000000059604645,0.4000000059604645,31,liver_supported
115,0,4339,0,2.304678496818465e-10,0.4000000059604645,0.4000000059604645,31,liver_supported
116,152763,560,0,6.522178668519907e-12,0.4000000059604645,0.4000000059604645,31,liver_supported
104,69032,334,0,1.4416284634916007e-11,0.4000000059604645,0.5,1,liver_supported
105,0,2026,0,4.935834153536113e-10,0.4000000059604645,0.5,1,liver_supported
106,0,1324,0,7.552870084929855e-10,0.4000000059604645,0.5,1,liver_supported
107,1473,4155,225,0.079957356240235,0.4000000059604645,0.5,1,liver_supported
108,363698,228682,178465,0.602535534623717,0.4000000059604645,0.5,1,liver_supported
109,18200,19848,12466,0.6552775441638121,0.4000000059604645,0.5,1,liver_supported
110,31120,23258,19098,0.7024164184099744,0.4000000059604645,0.5,1,liver_supported
111,1830,3558,830,0.30809205655009425,0.4000000059604645,0.5,1,liver_supported
112,295,4226,149,0.06591462086575654,0.4000000059604645,0.5,1,liver_supported
113,21076,24521,13228,0.5802136105537599,0.4000000059604645,0.5,1,liver_supported
114,0,0,0,1.0,0.4000000059604645,0.5,1,liver_supported
115,0,4339,0,2.304678496818465e-10,0.4000000059604645,0.5,1,liver_supported
116,152763,560,0,6.522178668519907e-12,0.4000000059604645,0.5,1,liver_supported
104,69032,334,0,1.4416284634916007e-11,0.4000000059604645,0.5,5,liver_supported
105,0,2026,0,4.935834153536113e-10,0.4000000059604645,0.5,5,liver_supported
106,0,1324,0,7.552870084929855e-10,0.4000000059604645,0.5,5,liver_supported
107,1473,4155,225,0.079957356240235,0.4000000059604645,0.5,5,liver_supported
108,363698,228682,178465,0.602535534623717,0.4000000059604645,0.5,5,liver_supported
109,18200,19848,12466,0.6552775441638121,0.4000000059604645,0.5,5,liver_supported
110,31120,23258,19098,0.7024164184099744,0.4000000059604645,0.5,5,liver_supported
111,1830,3558,830,0.30809205655009425,0.4000000059604645,0.5,5,liver_supported
112,295,4226,149,0.06591462086575654,0.4000000059604645,0.5,5,liver_supported
113,21076,24521,13228,0.5802136105537599,0.4000000059604645,0.5,5,liver_supported
114,0,0,0,1.0,0.4000000059604645,0.5,5,liver_supported
115,0,4339,0,2.304678496818465e-10,0.4000000059604645,0.5,5,liver_supported
116,152763,560,0,6.522178668519907e-12,0.4000000059604645,0.5,5,liver_supported
104,69032,334,0,1.4416284634916007e-11,0.4000000059604645,0.5,11,liver_supported
105,0,2026,0,4.935834153536113e-10,0.4000000059604645,0.5,11,liver_supported
106,0,1324,0,7.552870084929855e-10,0.4000000059604645,0.5,11,liver_supported
107,1473,4155,225,0.079957356240235,0.4000000059604645,0.5,11,liver_supported
108,363698,228682,178465,0.602535534623717,0.4000000059604645,0.5,11,liver_supported
109,18200,19848,12466,0.6552775441638121,0.4000000059604645,0.5,11,liver_supported
110,31120,23258,19098,0.7024164184099744,0.4000000059604645,0.5,11,liver_supported
111,1830,3558,830,0.30809205655009425,0.4000000059604645,0.5,11,liver_supported
112,295,4226,149,0.06591462086575654,0.4000000059604645,0.5,11,liver_supported
113,21076,24521,13228,0.5802136105537599,0.4000000059604645,0.5,11,liver_supported
114,0,0,0,1.0,0.4000000059604645,0.5,11,liver_supported
115,0,4339,0,2.304678496818465e-10,0.4000000059604645,0.5,11,liver_supported
116,152763,560,0,6.522178668519907e-12,0.4000000059604645,0.5,11,liver_supported
104,69032,334,0,1.4416284634916007e-11,0.4000000059604645,0.5,21,liver_supported
105,0,2026,0,4.935834153536113e-10,0.4000000059604645,0.5,21,liver_supported
106,0,1324,0,7.552870084929855e-10,0.4000000059604645,0.5,21,liver_supported
107,1473,4155,225,0.079957356240235,0.4000000059604645,0.5,21,liver_supported
108,363698,228682,178465,0.602535534623717,0.4000000059604645,0.5,21,liver_supported
109,18200,19848,12466,0.6552775441638121,0.4000000059604645,0.5,21,liver_supported
110,31120,23258,19098,0.7024164184099744,0.4000000059604645,0.5,21,liver_supported
111,1830,3558,830,0.30809205655009425,0.4000000059604645,0.5,21,liver_supported
112,295,4226,149,0.06591462086575654,0.4000000059604645,0.5,21,liver_supported
113,21076,24521,13228,0.5802136105537599,0.4000000059604645,0.5,21,liver_supported
114,0,0,0,1.0,0.4000000059604645,0.5,21,liver_supported
115,0,4339,0,2.304678496818465e-10,0.4000000059604645,0.5,21,liver_supported
116,152763,560,0,6.522178668519907e-12,0.4000000059604645,0.5,21,liver_supported
104,69032,334,0,1.4416284634916007e-11,0.4000000059604645,0.5,31,liver_supported
105,0,2026,0,4.935834153536113e-10,0.4000000059604645,0.5,31,liver_supported
106,0,1324,0,7.552870084929855e-10,0.4000000059604645,0.5,31,liver_supported
107,1473,4155,225,0.079957356240235,0.4000000059604645,0.5,31,liver_supported
108,363698,228682,178465,0.602535534623717,0.4000000059604645,0.5,31,liver_supported
109,18200,19848,12466,0.6552775441638121,0.4000000059604645,0.5,31,liver_supported
110,31120,23258,19098,0.7024164184099744,0.4000000059604645,0.5,31,liver_supported
111,1830,3558,830,0.30809205655009425,0.4000000059604645,0.5,31,liver_supported
112,295,4226,149,0.06591462086575654,0.4000000059604645,0.5,31,liver_supported
113,21076,24521,13228,0.5802136105537599,0.4000000059604645,0.5,31,liver_supported
114,0,0,0,1.0,0.4000000059604645,0.5,31,liver_supported
115,0,4339,0,2.304678496818465e-10,0.4000000059604645,0.5,31,liver_supported
116,152763,560,0,6.522178668519907e-12,0.4000000059604645,0.5,31,liver_supported
104,69032,334,0,1.4416284634916007e-11,0.4000000059604645,0.6000000238418579,1,liver_supported
105,0,2026,0,4.935834153536113e-10,0.4000000059604645,0.6000000238418579,1,liver_supported
106,0,1324,0,7.552870084929855e-10,0.4000000059604645,0.6000000238418579,1,liver_supported
107,1473,4155,225,0.079957356240235,0.4000000059604645,0.6000000238418579,1,liver_supported
108,363698,228658,178441,0.6024789147073677,0.4000000059604645,0.6000000238418579,1,liver_supported
109,18200,19848,12466,0.6552775441638121,0.4000000059604645,0.6000000238418579,1,liver_supported
110,31120,23258,19098,0.7024164184099744,0.4000000059604645,0.6000000238418579,1,liver_supported
111,1830,3558,830,0.30809205655009425,0.4000000059604645,0.6000000238418579,1,liver_supported
112,295,4226,149,0.06591462086575654,0.4000000059604645,0.6000000238418579,1,liver_supported
113,21076,24521,13228,0.5802136105537599,0.4000000059604645,0.6000000238418579,1,liver_supported
114,0,0,0,1.0,0.4000000059604645,0.6000000238418579,1,liver_supported
115,0,4339,0,2.304678496818465e-10,0.4000000059604645,0.6000000238418579,1,liver_supported
116,152763,560,0,6.522178668519907e-12,0.4000000059604645,0.6000000238418579,1,liver_supported
104,69032,334,0,1.4416284634916007e-11,0.4000000059604645,0.6000000238418579,5,liver_supported
105,0,2026,0,4.935834153536113e-10,0.4000000059604645,0.6000000238418579,5,liver_supported
106,0,1324,0,7.552870084929855e-10,0.4000000059604645,0.6000000238418579,5,liver_supported
107,1473,4155,225,0.079957356240235,0.4000000059604645,0.6000000238418579,5,liver_supported
108,363698,228682,178465,0.602535534623717,0.4000000059604645,0.6000000238418579,5,liver_supported
109,18200,19848,12466,0.6552775441638121,0.4000000059604645,0.6000000238418579,5,liver_supported
110,31120,23258,19098,0.7024164184099744,0.4000000059604645,0.6000000238418579,5,liver_supported
111,1830,3558,830,0.30809205655009425,0.4000000059604645,0.6000000238418579,5,liver_supported
112,295,4226,149,0.06591462086575654,0.4000000059604645,0.6000000238418579,5,liver_supported
113,21076,24521,13228,0.5802136105537599,0.4000000059604645,0.6000000238418579,5,liver_supported
114,0,0,0,1.0,0.4000000059604645,0.6000000238418579,5,liver_supported
115,0,4339,0,2.304678496818465e-10,0.4000000059604645,0.6000000238418579,5,liver_supported
116,152763,560,0,6.522178668519907e-12,0.4000000059604645,0.6000000238418579,5,liver_supported
104,69032,334,0,1.4416284634916007e-11,0.4000000059604645,0.6000000238418579,11,liver_supported
105,0,2026,0,4.935834153536113e-10,0.4000000059604645,0.6000000238418579,11,liver_supported
106,0,1324,0,7.552870084929855e-10,0.4000000059604645,0.6000000238418579,11,liver_supported
107,1473,4155,225,0.079957356240235,0.4000000059604645,0.6000000238418579,11,liver_supported
108,363698,228682,178465,0.602535534623717,0.4000000059604645,0.6000000238418579,11,liver_supported
109,18200,19848,12466,0.6552775441638121,0.4000000059604645,0.6000000238418579,11,liver_supported
110,31120,23258,19098,0.7024164184099744,0.4000000059604645,0.6000000238418579,11,liver_supported
111,1830,3558,830,0.30809205655009425,0.4000000059604645,0.6000000238418579,11,liver_supported
112,295,4226,149,0.06591462086575654,0.4000000059604645,0.6000000238418579,11,liver_supported
113,21076,24521,13228,0.5802136105537599,0.4000000059604645,0.6000000238418579,11,liver_supported
114,0,0,0,1.0,0.4000000059604645,0.6000000238418579,11,liver_supported
115,0,4339,0,2.304678496818465e-10,0.4000000059604645,0.6000000238418579,11,liver_supported
116,152763,560,0,6.522178668519907e-12,0.4000000059604645,0.6000000238418579,11,liver_supported
104,69032,334,0,1.4416284634916007e-11,0.4000000059604645,0.6000000238418579,21,liver_supported
105,0,2026,0,4.935834153536113e-10,0.4000000059604645,0.6000000238418579,21,liver_supported
106,0,1324,0,7.552870084929855e-10,0.4000000059604645,0.6000000238418579,21,liver_supported
107,1473,4155,225,0.079957356240235,0.4000000059604645,0.6000000238418579,21,liver_supported
108,363698,228682,178465,0.602535534623717,0.4000000059604645,0.6000000238418579,21,liver_supported
109,18200,19848,12466,0.6552775441638121,0.4000000059604645,0.6000000238418579,21,liver_supported
110,31120,23258,19098,0.7024164184099744,0.4000000059604645,0.6000000238418579,21,liver_supported
111,1830,3558,830,0.30809205655009425,0.4000000059604645,0.6000000238418579,21,liver_supported
112,295,4226,149,0.06591462086575654,0.4000000059604645,0.6000000238418579,21,liver_supported
113,21076,24521,13228,0.5802136105537599,0.4000000059604645,0.6000000238418579,21,liver_supported
114,0,0,0,1.0,0.4000000059604645,0.6000000238418579,21,liver_supported
115,0,4339,0,2.304678496818465e-10,0.4000000059604645,0.6000000238418579,21,liver_supported
116,152763,560,0,6.522178668519907e-12,0.4000000059604645,0.6000000238418579,21,liver_supported
104,69032,334,0,1.4416284634916007e-11,0.4000000059604645,0.6000000238418579,31,liver_supported
105,0,2026,0,4.935834153536113e-10,0.4000000059604645,0.6000000238418579,31,liver_supported
106,0,1324,0,7.552870084929855e-10,0.4000000059604645,0.6000000238418579,31,liver_supported
107,1473,4155,225,0.079957356240235,0.4000000059604645,0.6000000238418579,31,liver_supported
108,363698,228682,178465,0.602535534623717,0.4000000059604645,0.6000000238418579,31,liver_supported
109,18200,19848,12466,0.6552775441638121,0.4000000059604645,0.6000000238418579,31,liver_supported
110,31120,23258,19098,0.7024164184099744,0.4000000059604645,0.6000000238418579,31,liver_supported
111,1830,3558,830,0.30809205655009425,0.4000000059604645,0.6000000238418579,31,liver_supported
112,295,4226,149,0.06591462086575654,0.4000000059604645,0.6000000238418579,31,liver_supported
113,21076,24521,13228,0.5802136105537599,0.4000000059604645,0.6000000238418579,31,liver_supported
114,0,0,0,1.0,0.4000000059604645,0.6000000238418579,31,liver_supported
115,0,4339,0,2.304678496818465e-10,0.4000000059604645,0.6000000238418579,31,liver_supported
116,152763,560,0,6.522178668519907e-12,0.4000000059604645,0.6000000238418579,31,liver_supported
104,69032,334,0,1.4416284634916007e-11,0.4000000059604645,0.699999988079071,1,liver_supported
105,0,2026,0,4.935834153536113e-10,0.4000000059604645,0.699999988079071,1,liver_supported
106,0,1316,0,7.598784188754722e-10,0.4000000059604645,0.699999988079071,1,liver_supported
107,1473,4155,225,0.079957356240235,0.4000000059604645,0.699999988079071,1,liver_supported
108,363698,228533,178316,0.6021839451166822,0.4000000059604645,0.699999988079071,1,liver_supported
109,18200,19848,12466,0.6552775441638121,0.4000000059604645,0.699999988079071,1,liver_supported
110,31120,23258,19098,0.7024164184099744,0.4000000059604645,0.699999988079071,1,liver_supported
111,1830,3558,830,0.30809205655009425,0.4000000059604645,0.699999988079071,1,liver_supported
112,295,4226,149,0.06591462086575654,0.4000000059604645,0.699999988079071,1,liver_supported
113,21076,24513,13220,0.5799644651214116,0.4000000059604645,0.699999988079071,1,liver_supported
114,0,0,0,1.0,0.4000000059604645,0.699999988079071,1,liver_supported
115,0,4339,0,2.304678496818465e-10,0.4000000059604645,0.699999988079071,1,liver_supported
116,152763,559,0,6.522221207611939e-12,0.4000000059604645,0.699999988079071,1,liver_supported
104,69032,334,0,1.4416284634916007e-11,0.4000000059604645,0.699999988079071,5,liver_supported
105,0,2026,0,4.935834153536113e-10,0.4000000059604645,0.699999988079071,5,liver_supported
106,0,1324,0,7.552870084929855e-10,0.4000000059604645,0.699999988079071,5,liver_supported
107,1473,4155,225,0.079957356240235,0.4000000059604645,0.699999988079071,5,liver_supported
108,363698,228671,178454,0.602509584398234,0.4000000059604645,0.699999988079071,5,liver_supported
109,18200,19848,12466,0.6552775441638121,0.4000000059604645,0.699999988079071,5,liver_supported
110,31120,23258,19098,0.7024164184099744,0.4000000059604645,0.699999988079071,5,liver_supported
111,1830,3558,830,0.30809205655009425,0.4000000059604645,0.699999988079071,5,liver_supported
112,295,4226,149,0.06591462086575654,0.4000000059604645,0.699999988079071,5,liver_supported
113,21076,24521,13228,0.5802136105537599,0.4000000059604645,0.699999988079071,5,liver_supported
114,0,0,0,1.0,0.4000000059604645,0.699999988079071,5,liver_supported
115,0,4339,0,2.304678496818465e-10,0.4000000059604645,0.699999988079071,5,liver_supported
116,152763,560,0,6.522178668519907e-12,0.4000000059604645,0.699999988079071,5,liver_supported
104,69032,334,0,1.4416284634916007e-11,0.4000000059604645,0.699999988079071,11,liver_supported
105,0,2026,0,4.935834153536113e-10,0.4000000059604645,0.699999988079071,11,liver_supported
106,0,1324,0,7.552870084929855e-10,0.4000000059604645,0.699999988079071,11,liver_supported
107,1473,4155,225,0.079957356240235,0.4000000059604645,0.699999988079071,11,liver_supported
108,363698,228671,178454,0.602509584398234,0.4000000059604645,0.699999988079071,11,liver_supported
109,18200,19848,12466,0.6552775441638121,0.4000000059604645,0.699999988079071,11,liver_supported
110,31120,23258,19098,0.7024164184099744,0.4000000059604645,0.699999988079071,11,liver_supported
111,1830,3558,830,0.30809205655009425,0.4000000059604645,0.699999988079071,11,liver_supported
112,295,4226,149,0.06591462086575654,0.4000000059604645,0.699999988079071,11,liver_supported
113,21076,24521,13228,0.5802136105537599,0.4000000059604645,0.699999988079071,11,liver_supported
114,0,0,0,1.0,0.4000000059604645,0.699999988079071,11,liver_supported
115,0,4339,0,2.304678496818465e-10,0.4000000059604645,0.699999988079071,11,liver_supported
116,152763,560,0,6.522178668519907e-12,0.4000000059604645,0.699999988079071,11,liver_supported
104,69032,334,0,1.4416284634916007e-11,0.4000000059604645,0.699999988079071,21,liver_supported
105,0,2026,0,4.935834153536113e-10,0.4000000059604645,0.699999988079071,21,liver_supported
106,0,1324,0,7.552870084929855e-10,0.4000000059604645,0.699999988079071,21,liver_supported
107,1473,4155,225,0.079957356240235,0.4000000059604645,0.699999988079071,21,liver_supported
108,363698,228671,178454,0.602509584398234,0.4000000059604645,0.699999988079071,21,liver_supported
109,18200,19848,12466,0.6552775441638121,0.4000000059604645,0.699999988079071,21,liver_supported
110,31120,23258,19098,0.7024164184099744,0.4000000059604645,0.699999988079071,21,liver_supported
111,1830,3558,830,0.30809205655009425,0.4000000059604645,0.699999988079071,21,liver_supported
112,295,4226,149,0.06591462086575654,0.4000000059604645,0.699999988079071,21,liver_supported
113,21076,24521,13228,0.5802136105537599,0.4000000059604645,0.699999988079071,21,liver_supported
114,0,0,0,1.0,0.4000000059604645,0.699999988079071,21,liver_supported
115,0,4339,0,2.304678496818465e-10,0.4000000059604645,0.699999988079071,21,liver_supported
116,152763,560,0,6.522178668519907e-12,0.4000000059604645,0.699999988079071,21,liver_supported
104,69032,334,0,1.4416284634916007e-11,0.4000000059604645,0.699999988079071,31,liver_supported
105,0,2026,0,4.935834153536113e-10,0.4000000059604645,0.699999988079071,31,liver_supported
106,0,1324,0,7.552870084929855e-10,0.4000000059604645,0.699999988079071,31,liver_supported
107,1473,4155,225,0.079957356240235,0.4000000059604645,0.699999988079071,31,liver_supported
108,363698,228671,178454,0.602509584398234,0.4000000059604645,0.699999988079071,31,liver_supported
109,18200,19848,12466,0.6552775441638121,0.4000000059604645,0.699999988079071,31,liver_supported
110,31120,23258,19098,0.7024164184099744,0.4000000059604645,0.699999988079071,31,liver_supported
111,1830,3558,830,0.30809205655009425,0.4000000059604645,0.699999988079071,31,liver_supported
112,295,4226,149,0.06591462086575654,0.4000000059604645,0.699999988079071,31,liver_supported
113,21076,24521,13228,0.5802136105537599,0.4000000059604645,0.699999988079071,31,liver_supported
114,0,0,0,1.0,0.4000000059604645,0.699999988079071,31,liver_supported
115,0,4339,0,2.304678496818465e-10,0.4000000059604645,0.699999988079071,31,liver_supported
116,152763,560,0,6.522178668519907e-12,0.4000000059604645,0.699999988079071,31,liver_supported
104,69032,307,0,1.4421898210034442e-11,0.5,,1,raw
105,0,1978,0,5.055611726463289e-10,0.5,,1,raw
106,0,1279,0,7.81860828161172e-10,0.5,,1,raw
107,1473,4072,215,0.07754734011225475,0.5,,1,raw
108,363698,224800,176697,0.6005016159789829,0.5,,1,raw
109,18200,19408,12360,0.6573069559759278,0.5,,1,raw
110,31120,22912,18959,0.7017693218888479,0.5,,1,raw
111,1830,3468,822,0.3103057758946195,0.5,,1,raw
112,295,4107,148,0.06724216286523349,0.5,,1,raw
113,21076,24093,13123,0.5810622329566503,0.5,,1,raw
114,0,0,0,1.0,0.5,,1,raw
115,0,4220,0,2.3696682458839646e-10,0.5,,1,raw
116,152763,534,0,6.52328486528423e-12,0.5,,1,raw
104,69032,307,0,1.4421898210034442e-11,0.5,0.30000001192092896,1,liver_supported
105,0,1978,0,5.055611726463289e-10,0.5,0.30000001192092896,1,liver_supported
106,0,1279,0,7.81860828161172e-10,0.5,0.30000001192092896,1,liver_supported
107,1473,4072,215,0.07754734011225475,0.5,0.30000001192092896,1,liver_supported
108,363698,224800,176697,0.6005016159789829,0.5,0.30000001192092896,1,liver_supported
109,18200,19408,12360,0.6573069559759278,0.5,0.30000001192092896,1,liver_supported
110,31120,22912,18959,0.7017693218888479,0.5,0.30000001192092896,1,liver_supported
111,1830,3468,822,0.3103057758946195,0.5,0.30000001192092896,1,liver_supported
112,295,4107,148,0.06724216286523349,0.5,0.30000001192092896,1,liver_supported
113,21076,24093,13123,0.5810622329566503,0.5,0.30000001192092896,1,liver_supported
114,0,0,0,1.0,0.5,0.30000001192092896,1,liver_supported
115,0,4220,0,2.3696682458839646e-10,0.5,0.30000001192092896,1,liver_supported
116,152763,534,0,6.52328486528423e-12,0.5,0.30000001192092896,1,liver_supported
104,69032,307,0,1.4421898210034442e-11,0.5,0.30000001192092896,5,liver_supported
105,0,1978,0,5.055611726463289e-10,0.5,0.30000001192092896,5,liver_supported
106,0,1279,0,7.81860828161172e-10,0.5,0.30000001192092896,5,liver_supported
107,1473,4072,215,0.07754734011225475,0.5,0.30000001192092896,5,liver_supported
108,363698,224800,176697,0.6005016159789829,0.5,0.30000001192092896,5,liver_supported
109,18200,19408,12360,0.6573069559759278,0.5,0.30000001192092896,5,liver_supported
110,31120,22912,18959,0.7017693218888479,0.5,0.30000001192092896,5,liver_supported
111,1830,3468,822,0.3103057758946195,0.5,0.30000001192092896,5,liver_supported
112,295,4107,148,0.06724216286523349,0.5,0.30000001192092896,5,liver_supported
113,21076,24093,13123,0.5810622329566503,0.5,0.30000001192092896,5,liver_supported
114,0,0,0,1.0,0.5,0.30000001192092896,5,liver_supported
115,0,4220,0,2.3696682458839646e-10,0.5,0.30000001192092896,5,liver_supported
116,152763,534,0,6.52328486528423e-12,0.5,0.30000001192092896,5,liver_supported
104,69032,307,0,1.4421898210034442e-11,0.5,0.30000001192092896,11,liver_supported
105,0,1978,0,5.055611726463289e-10,0.5,0.30000001192092896,11,liver_supported
106,0,1279,0,7.81860828161172e-10,0.5,0.30000001192092896,11,liver_supported
107,1473,4072,215,0.07754734011225475,0.5,0.30000001192092896,11,liver_supported
108,363698,224800,176697,0.6005016159789829,0.5,0.30000001192092896,11,liver_supported
109,18200,19408,12360,0.6573069559759278,0.5,0.30000001192092896,11,liver_supported
110,31120,22912,18959,0.7017693218888479,0.5,0.30000001192092896,11,liver_supported
111,1830,3468,822,0.3103057758946195,0.5,0.30000001192092896,11,liver_supported
112,295,4107,148,0.06724216286523349,0.5,0.30000001192092896,11,liver_supported
113,21076,24093,13123,0.5810622329566503,0.5,0.30000001192092896,11,liver_supported
114,0,0,0,1.0,0.5,0.30000001192092896,11,liver_supported
115,0,4220,0,2.3696682458839646e-10,0.5,0.30000001192092896,11,liver_supported
116,152763,534,0,6.52328486528423e-12,0.5,0.30000001192092896,11,liver_supported
104,69032,307,0,1.4421898210034442e-11,0.5,0.30000001192092896,21,liver_supported
105,0,1978,0,5.055611726463289e-10,0.5,0.30000001192092896,21,liver_supported
106,0,1279,0,7.81860828161172e-10,0.5,0.30000001192092896,21,liver_supported
107,1473,4072,215,0.07754734011225475,0.5,0.30000001192092896,21,liver_supported
108,363698,224800,176697,0.6005016159789829,0.5,0.30000001192092896,21,liver_supported
109,18200,19408,12360,0.6573069559759278,0.5,0.30000001192092896,21,liver_supported
110,31120,22912,18959,0.7017693218888479,0.5,0.30000001192092896,21,liver_supported
111,1830,3468,822,0.3103057758946195,0.5,0.30000001192092896,21,liver_supported
112,295,4107,148,0.06724216286523349,0.5,0.30000001192092896,21,liver_supported
113,21076,24093,13123,0.5810622329566503,0.5,0.30000001192092896,21,liver_supported
114,0,0,0,1.0,0.5,0.30000001192092896,21,liver_supported
115,0,4220,0,2.3696682458839646e-10,0.5,0.30000001192092896,21,liver_supported
116,152763,534,0,6.52328486528423e-12,0.5,0.30000001192092896,21,liver_supported
104,69032,307,0,1.4421898210034442e-11,0.5,0.30000001192092896,31,liver_supported
105,0,1978,0,5.055611726463289e-10,0.5,0.30000001192092896,31,liver_supported
106,0,1279,0,7.81860828161172e-10,0.5,0.30000001192092896,31,liver_supported
107,1473,4072,215,0.07754734011225475,0.5,0.30000001192092896,31,liver_supported
108,363698,224800,176697,0.6005016159789829,0.5,0.30000001192092896,31,liver_supported
109,18200,19408,12360,0.6573069559759278,0.5,0.30000001192092896,31,liver_supported
110,31120,22912,18959,0.7017693218888479,0.5,0.30000001192092896,31,liver_supported
111,1830,3468,822,0.3103057758946195,0.5,0.30000001192092896,31,liver_supported
112,295,4107,148,0.06724216286523349,0.5,0.30000001192092896,31,liver_supported
113,21076,24093,13123,0.5810622329566503,0.5,0.30000001192092896,31,liver_supported
114,0,0,0,1.0,0.5,0.30000001192092896,31,liver_supported
115,0,4220,0,2.3696682458839646e-10,0.5,0.30000001192092896,31,liver_supported
116,152763,534,0,6.52328486528423e-12,0.5,0.30000001192092896,31,liver_supported
104,69032,307,0,1.4421898210034442e-11,0.5,0.4000000059604645,1,liver_supported
105,0,1978,0,5.055611726463289e-10,0.5,0.4000000059604645,1,liver_supported
106,0,1279,0,7.81860828161172e-10,0.5,0.4000000059604645,1,liver_supported
107,1473,4072,215,0.07754734011225475,0.5,0.4000000059604645,1,liver_supported
108,363698,224800,176697,0.6005016159789829,0.5,0.4000000059604645,1,liver_supported
109,18200,19408,12360,0.6573069559759278,0.5,0.4000000059604645,1,liver_supported
110,31120,22912,18959,0.7017693218888479,0.5,0.4000000059604645,1,liver_supported
111,1830,3468,822,0.3103057758946195,0.5,0.4000000059604645,1,liver_supported
112,295,4107,148,0.06724216286523349,0.5,0.4000000059604645,1,liver_supported
113,21076,24093,13123,0.5810622329566503,0.5,0.4000000059604645,1,liver_supported
114,0,0,0,1.0,0.5,0.4000000059604645,1,liver_supported
115,0,4220,0,2.3696682458839646e-10,0.5,0.4000000059604645,1,liver_supported
116,152763,534,0,6.52328486528423e-12,0.5,0.4000000059604645,1,liver_supported
104,69032,307,0,1.4421898210034442e-11,0.5,0.4000000059604645,5,liver_supported
105,0,1978,0,5.055611726463289e-10,0.5,0.4000000059604645,5,liver_supported
106,0,1279,0,7.81860828161172e-10,0.5,0.4000000059604645,5,liver_supported
107,1473,4072,215,0.07754734011225475,0.5,0.4000000059604645,5,liver_supported
108,363698,224800,176697,0.6005016159789829,0.5,0.4000000059604645,5,liver_supported
109,18200,19408,12360,0.6573069559759278,0.5,0.4000000059604645,5,liver_supported
110,31120,22912,18959,0.7017693218888479,0.5,0.4000000059604645,5,liver_supported
111,1830,3468,822,0.3103057758946195,0.5,0.4000000059604645,5,liver_supported
112,295,4107,148,0.06724216286523349,0.5,0.4000000059604645,5,liver_supported
113,21076,24093,13123,0.5810622329566503,0.5,0.4000000059604645,5,liver_supported
114,0,0,0,1.0,0.5,0.4000000059604645,5,liver_supported
115,0,4220,0,2.3696682458839646e-10,0.5,0.4000000059604645,5,liver_supported
116,152763,534,0,6.52328486528423e-12,0.5,0.4000000059604645,5,liver_supported
104,69032,307,0,1.4421898210034442e-11,0.5,0.4000000059604645,11,liver_supported
105,0,1978,0,5.055611726463289e-10,0.5,0.4000000059604645,11,liver_supported
106,0,1279,0,7.81860828161172e-10,0.5,0.4000000059604645,11,liver_supported
107,1473,4072,215,0.07754734011225475,0.5,0.4000000059604645,11,liver_supported
108,363698,224800,176697,0.6005016159789829,0.5,0.4000000059604645,11,liver_supported
109,18200,19408,12360,0.6573069559759278,0.5,0.4000000059604645,11,liver_supported
110,31120,22912,18959,0.7017693218888479,0.5,0.4000000059604645,11,liver_supported
111,1830,3468,822,0.3103057758946195,0.5,0.4000000059604645,11,liver_supported
112,295,4107,148,0.06724216286523349,0.5,0.4000000059604645,11,liver_supported
113,21076,24093,13123,0.5810622329566503,0.5,0.4000000059604645,11,liver_supported
114,0,0,0,1.0,0.5,0.4000000059604645,11,liver_supported
115,0,4220,0,2.3696682458839646e-10,0.5,0.4000000059604645,11,liver_supported
116,152763,534,0,6.52328486528423e-12,0.5,0.4000000059604645,11,liver_supported
104,69032,307,0,1.4421898210034442e-11,0.5,0.4000000059604645,21,liver_supported
105,0,1978,0,5.055611726463289e-10,0.5,0.4000000059604645,21,liver_supported
106,0,1279,0,7.81860828161172e-10,0.5,0.4000000059604645,21,liver_supported
107,1473,4072,215,0.07754734011225475,0.5,0.4000000059604645,21,liver_supported
108,363698,224800,176697,0.6005016159789829,0.5,0.4000000059604645,21,liver_supported
109,18200,19408,12360,0.6573069559759278,0.5,0.4000000059604645,21,liver_supported
110,31120,22912,18959,0.7017693218888479,0.5,0.4000000059604645,21,liver_supported
111,1830,3468,822,0.3103057758946195,0.5,0.4000000059604645,21,liver_supported
112,295,4107,148,0.06724216286523349,0.5,0.4000000059604645,21,liver_supported
113,21076,24093,13123,0.5810622329566503,0.5,0.4000000059604645,21,liver_supported
114,0,0,0,1.0,0.5,0.4000000059604645,21,liver_supported
115,0,4220,0,2.3696682458839646e-10,0.5,0.4000000059604645,21,liver_supported
116,152763,534,0,6.52328486528423e-12,0.5,0.4000000059604645,21,liver_supported
104,69032,307,0,1.4421898210034442e-11,0.5,0.4000000059604645,31,liver_supported
105,0,1978,0,5.055611726463289e-10,0.5,0.4000000059604645,31,liver_supported
106,0,1279,0,7.81860828161172e-10,0.5,0.4000000059604645,31,liver_supported
107,1473,4072,215,0.07754734011225475,0.5,0.4000000059604645,31,liver_supported
108,363698,224800,176697,0.6005016159789829,0.5,0.4000000059604645,31,liver_supported
109,18200,19408,12360,0.6573069559759278,0.5,0.4000000059604645,31,liver_supported
110,31120,22912,18959,0.7017693218888479,0.5,0.4000000059604645,31,liver_supported
111,1830,3468,822,0.3103057758946195,0.5,0.4000000059604645,31,liver_supported
112,295,4107,148,0.06724216286523349,0.5,0.4000000059604645,31,liver_supported
113,21076,24093,13123,0.5810622329566503,0.5,0.4000000059604645,31,liver_supported
114,0,0,0,1.0,0.5,0.4000000059604645,31,liver_supported
115,0,4220,0,2.3696682458839646e-10,0.5,0.4000000059604645,31,liver_supported
116,152763,534,0,6.52328486528423e-12,0.5,0.4000000059604645,31,liver_supported
104,69032,307,0,1.4421898210034442e-11,0.5,0.5,1,liver_supported
105,0,1978,0,5.055611726463289e-10,0.5,0.5,1,liver_supported
106,0,1279,0,7.81860828161172e-10,0.5,0.5,1,liver_supported
107,1473,4072,215,0.07754734011225475,0.5,0.5,1,liver_supported
108,363698,224800,176697,0.6005016159789829,0.5,0.5,1,liver_supported
109,18200,19408,12360,0.6573069559759278,0.5,0.5,1,liver_supported
110,31120,22912,18959,0.7017693218888479,0.5,0.5,1,liver_supported
111,1830,3468,822,0.3103057758946195,0.5,0.5,1,liver_supported
112,295,4107,148,0.06724216286523349,0.5,0.5,1,liver_supported
113,21076,24093,13123,0.5810622329566503,0.5,0.5,1,liver_supported
114,0,0,0,1.0,0.5,0.5,1,liver_supported
115,0,4220,0,2.3696682458839646e-10,0.5,0.5,1,liver_supported
116,152763,534,0,6.52328486528423e-12,0.5,0.5,1,liver_supported
104,69032,307,0,1.4421898210034442e-11,0.5,0.5,5,liver_supported
105,0,1978,0,5.055611726463289e-10,0.5,0.5,5,liver_supported
106,0,1279,0,7.81860828161172e-10,0.5,0.5,5,liver_supported
107,1473,4072,215,0.07754734011225475,0.5,0.5,5,liver_supported
108,363698,224800,176697,0.6005016159789829,0.5,0.5,5,liver_supported
109,18200,19408,12360,0.6573069559759278,0.5,0.5,5,liver_supported
110,31120,22912,18959,0.7017693218888479,0.5,0.5,5,liver_supported
111,1830,3468,822,0.3103057758946195,0.5,0.5,5,liver_supported
112,295,4107,148,0.06724216286523349,0.5,0.5,5,liver_supported
113,21076,24093,13123,0.5810622329566503,0.5,0.5,5,liver_supported
114,0,0,0,1.0,0.5,0.5,5,liver_supported
115,0,4220,0,2.3696682458839646e-10,0.5,0.5,5,liver_supported
116,152763,534,0,6.52328486528423e-12,0.5,0.5,5,liver_supported
104,69032,307,0,1.4421898210034442e-11,0.5,0.5,11,liver_supported
105,0,1978,0,5.055611726463289e-10,0.5,0.5,11,liver_supported
106,0,1279,0,7.81860828161172e-10,0.5,0.5,11,liver_supported
107,1473,4072,215,0.07754734011225475,0.5,0.5,11,liver_supported
108,363698,224800,176697,0.6005016159789829,0.5,0.5,11,liver_supported
109,18200,19408,12360,0.6573069559759278,0.5,0.5,11,liver_supported
110,31120,22912,18959,0.7017693218888479,0.5,0.5,11,liver_supported
111,1830,3468,822,0.3103057758946195,0.5,0.5,11,liver_supported
112,295,4107,148,0.06724216286523349,0.5,0.5,11,liver_supported
113,21076,24093,13123,0.5810622329566503,0.5,0.5,11,liver_supported
114,0,0,0,1.0,0.5,0.5,11,liver_supported
115,0,4220,0,2.3696682458839646e-10,0.5,0.5,11,liver_supported
116,152763,534,0,6.52328486528423e-12,0.5,0.5,11,liver_supported
104,69032,307,0,1.4421898210034442e-11,0.5,0.5,21,liver_supported
105,0,1978,0,5.055611726463289e-10,0.5,0.5,21,liver_supported
106,0,1279,0,7.81860828161172e-10,0.5,0.5,21,liver_supported
107,1473,4072,215,0.07754734011225475,0.5,0.5,21,liver_supported
108,363698,224800,176697,0.6005016159789829,0.5,0.5,21,liver_supported
109,18200,19408,12360,0.6573069559759278,0.5,0.5,21,liver_supported
110,31120,22912,18959,0.7017693218888479,0.5,0.5,21,liver_supported
111,1830,3468,822,0.3103057758946195,0.5,0.5,21,liver_supported
112,295,4107,148,0.06724216286523349,0.5,0.5,21,liver_supported
113,21076,24093,13123,0.5810622329566503,0.5,0.5,21,liver_supported
114,0,0,0,1.0,0.5,0.5,21,liver_supported
115,0,4220,0,2.3696682458839646e-10,0.5,0.5,21,liver_supported
116,152763,534,0,6.52328486528423e-12,0.5,0.5,21,liver_supported
104,69032,307,0,1.4421898210034442e-11,0.5,0.5,31,liver_supported
105,0,1978,0,5.055611726463289e-10,0.5,0.5,31,liver_supported
106,0,1279,0,7.81860828161172e-10,0.5,0.5,31,liver_supported
107,1473,4072,215,0.07754734011225475,0.5,0.5,31,liver_supported
108,363698,224800,176697,0.6005016159789829,0.5,0.5,31,liver_supported
109,18200,19408,12360,0.6573069559759278,0.5,0.5,31,liver_supported
110,31120,22912,18959,0.7017693218888479,0.5,0.5,31,liver_supported
111,1830,3468,822,0.3103057758946195,0.5,0.5,31,liver_supported
112,295,4107,148,0.06724216286523349,0.5,0.5,31,liver_supported
113,21076,24093,13123,0.5810622329566503,0.5,0.5,31,liver_supported
114,0,0,0,1.0,0.5,0.5,31,liver_supported
115,0,4220,0,2.3696682458839646e-10,0.5,0.5,31,liver_supported
116,152763,534,0,6.52328486528423e-12,0.5,0.5,31,liver_supported
104,69032,307,0,1.4421898210034442e-11,0.5,0.6000000238418579,1,liver_supported
105,0,1978,0,5.055611726463289e-10,0.5,0.6000000238418579,1,liver_supported
106,0,1279,0,7.81860828161172e-10,0.5,0.6000000238418579,1,liver_supported
107,1473,4072,215,0.07754734011225475,0.5,0.6000000238418579,1,liver_supported
108,363698,224800,176697,0.6005016159789829,0.5,0.6000000238418579,1,liver_supported
109,18200,19408,12360,0.6573069559759278,0.5,0.6000000238418579,1,liver_supported
110,31120,22912,18959,0.7017693218888479,0.5,0.6000000238418579,1,liver_supported
111,1830,3468,822,0.3103057758946195,0.5,0.6000000238418579,1,liver_supported
112,295,4107,148,0.06724216286523349,0.5,0.6000000238418579,1,liver_supported
113,21076,24093,13123,0.5810622329566503,0.5,0.6000000238418579,1,liver_supported
114,0,0,0,1.0,0.5,0.6000000238418579,1,liver_supported
115,0,4220,0,2.3696682458839646e-10,0.5,0.6000000238418579,1,liver_supported
116,152763,534,0,6.52328486528423e-12,0.5,0.6000000238418579,1,liver_supported
104,69032,307,0,1.4421898210034442e-11,0.5,0.6000000238418579,5,liver_supported
105,0,1978,0,5.055611726463289e-10,0.5,0.6000000238418579,5,liver_supported
106,0,1279,0,7.81860828161172e-10,0.5,0.6000000238418579,5,liver_supported
107,1473,4072,215,0.07754734011225475,0.5,0.6000000238418579,5,liver_supported
108,363698,224800,176697,0.6005016159789829,0.5,0.6000000238418579,5,liver_supported
109,18200,19408,12360,0.6573069559759278,0.5,0.6000000238418579,5,liver_supported
110,31120,22912,18959,0.7017693218888479,0.5,0.6000000238418579,5,liver_supported
111,1830,3468,822,0.3103057758946195,0.5,0.6000000238418579,5,liver_supported
112,295,4107,148,0.06724216286523349,0.5,0.6000000238418579,5,liver_supported
113,21076,24093,13123,0.5810622329566503,0.5,0.6000000238418579,5,liver_supported
114,0,0,0,1.0,0.5,0.6000000238418579,5,liver_supported
115,0,4220,0,2.3696682458839646e-10,0.5,0.6000000238418579,5,liver_supported
116,152763,534,0,6.52328486528423e-12,0.5,0.6000000238418579,5,liver_supported
104,69032,307,0,1.4421898210034442e-11,0.5,0.6000000238418579,11,liver_supported
105,0,1978,0,5.055611726463289e-10,0.5,0.6000000238418579,11,liver_supported
106,0,1279,0,7.81860828161172e-10,0.5,0.6000000238418579,11,liver_supported
107,1473,4072,215,0.07754734011225475,0.5,0.6000000238418579,11,liver_supported
108,363698,224800,176697,0.6005016159789829,0.5,0.6000000238418579,11,liver_supported
109,18200,19408,12360,0.6573069559759278,0.5,0.6000000238418579,11,liver_supported
110,31120,22912,18959,0.7017693218888479,0.5,0.6000000238418579,11,liver_supported
111,1830,3468,822,0.3103057758946195,0.5,0.6000000238418579,11,liver_supported
112,295,4107,148,0.06724216286523349,0.5,0.6000000238418579,11,liver_supported
113,21076,24093,13123,0.5810622329566503,0.5,0.6000000238418579,11,liver_supported
114,0,0,0,1.0,0.5,0.6000000238418579,11,liver_supported
115,0,4220,0,2.3696682458839646e-10,0.5,0.6000000238418579,11,liver_supported
116,152763,534,0,6.52328486528423e-12,0.5,0.6000000238418579,11,liver_supported
104,69032,307,0,1.4421898210034442e-11,0.5,0.6000000238418579,21,liver_supported
105,0,1978,0,5.055611726463289e-10,0.5,0.6000000238418579,21,liver_supported
106,0,1279,0,7.81860828161172e-10,0.5,0.6000000238418579,21,liver_supported
107,1473,4072,215,0.07754734011225475,0.5,0.6000000238418579,21,liver_supported
108,363698,224800,176697,0.6005016159789829,0.5,0.6000000238418579,21,liver_supported
109,18200,19408,12360,0.6573069559759278,0.5,0.6000000238418579,21,liver_supported
110,31120,22912,18959,0.7017693218888479,0.5,0.6000000238418579,21,liver_supported
111,1830,3468,822,0.3103057758946195,0.5,0.6000000238418579,21,liver_supported
112,295,4107,148,0.06724216286523349,0.5,0.6000000238418579,21,liver_supported
113,21076,24093,13123,0.5810622329566503,0.5,0.6000000238418579,21,liver_supported
114,0,0,0,1.0,0.5,0.6000000238418579,21,liver_supported
115,0,4220,0,2.3696682458839646e-10,0.5,0.6000000238418579,21,liver_supported
116,152763,534,0,6.52328486528423e-12,0.5,0.6000000238418579,21,liver_supported
104,69032,307,0,1.4421898210034442e-11,0.5,0.6000000238418579,31,liver_supported
105,0,1978,0,5.055611726463289e-10,0.5,0.6000000238418579,31,liver_supported
106,0,1279,0,7.81860828161172e-10,0.5,0.6000000238418579,31,liver_supported
107,1473,4072,215,0.07754734011225475,0.5,0.6000000238418579,31,liver_supported
108,363698,224800,176697,0.6005016159789829,0.5,0.6000000238418579,31,liver_supported
109,18200,19408,12360,0.6573069559759278,0.5,0.6000000238418579,31,liver_supported
110,31120,22912,18959,0.7017693218888479,0.5,0.6000000238418579,31,liver_supported
111,1830,3468,822,0.3103057758946195,0.5,0.6000000238418579,31,liver_supported
112,295,4107,148,0.06724216286523349,0.5,0.6000000238418579,31,liver_supported
113,21076,24093,13123,0.5810622329566503,0.5,0.6000000238418579,31,liver_supported
114,0,0,0,1.0,0.5,0.6000000238418579,31,liver_supported
115,0,4220,0,2.3696682458839646e-10,0.5,0.6000000238418579,31,liver_supported
116,152763,534,0,6.52328486528423e-12,0.5,0.6000000238418579,31,liver_supported
104,69032,307,0,1.4421898210034442e-11,0.5,0.699999988079071,1,liver_supported
105,0,1978,0,5.055611726463289e-10,0.5,0.699999988079071,1,liver_supported
106,0,1275,0,7.84313724875048e-10,0.5,0.699999988079071,1,liver_supported
107,1473,4072,215,0.07754734011225475,0.5,0.699999988079071,1,liver_supported
108,363698,224720,176617,0.6003113432974513,0.5,0.699999988079071,1,liver_supported
109,18200,19408,12360,0.6573069559759278,0.5,0.699999988079071,1,liver_supported
110,31120,22912,18959,0.7017693218888479,0.5,0.699999988079071,1,liver_supported
111,1830,3468,822,0.3103057758946195,0.5,0.699999988079071,1,liver_supported
112,295,4107,148,0.06724216286523349,0.5,0.699999988079071,1,liver_supported
113,21076,24091,13121,0.5809994022277105,0.5,0.699999988079071,1,liver_supported
114,0,0,0,1.0,0.5,0.699999988079071,1,liver_supported
115,0,4220,0,2.3696682458839646e-10,0.5,0.699999988079071,1,liver_supported
116,152763,534,0,6.52328486528423e-12,0.5,0.699999988079071,1,liver_supported
104,69032,307,0,1.4421898210034442e-11,0.5,0.699999988079071,5,liver_supported
105,0,1978,0,5.055611726463289e-10,0.5,0.699999988079071,5,liver_supported
106,0,1279,0,7.81860828161172e-10,0.5,0.699999988079071,5,liver_supported
107,1473,4072,215,0.07754734011225475,0.5,0.699999988079071,5,liver_supported
108,363698,224798,176695,0.6004968597924192,0.5,0.699999988079071,5,liver_supported
109,18200,19408,12360,0.6573069559759278,0.5,0.699999988079071,5,liver_supported
110,31120,22912,18959,0.7017693218888479,0.5,0.699999988079071,5,liver_supported
111,1830,3468,822,0.3103057758946195,0.5,0.699999988079071,5,liver_supported
112,295,4107,148,0.06724216286523349,0.5,0.699999988079071,5,liver_supported
113,21076,24093,13123,0.5810622329566503,0.5,0.699999988079071,5,liver_supported
114,0,0,0,1.0,0.5,0.699999988079071,5,liver_supported
115,0,4220,0,2.3696682458839646e-10,0.5,0.699999988079071,5,liver_supported
116,152763,534,0,6.52328486528423e-12,0.5,0.699999988079071,5,liver_supported
104,69032,307,0,1.4421898210034442e-11,0.5,0.699999988079071,11,liver_supported
105,0,1978,0,5.055611726463289e-10,0.5,0.699999988079071,11,liver_supported
106,0,1279,0,7.81860828161172e-10,0.5,0.699999988079071,11,liver_supported
107,1473,4072,215,0.07754734011225475,0.5,0.699999988079071,11,liver_supported
108,363698,224798,176695,0.6004968597924192,0.5,0.699999988079071,11,liver_supported
109,18200,19408,12360,0.6573069559759278,0.5,0.699999988079071,11,liver_supported
110,31120,22912,18959,0.7017693218888479,0.5,0.699999988079071,11,liver_supported
111,1830,3468,822,0.3103057758946195,0.5,0.699999988079071,11,liver_supported
112,295,4107,148,0.06724216286523349,0.5,0.699999988079071,11,liver_supported
113,21076,24093,13123,0.5810622329566503,0.5,0.699999988079071,11,liver_supported
114,0,0,0,1.0,0.5,0.699999988079071,11,liver_supported
115,0,4220,0,2.3696682458839646e-10,0.5,0.699999988079071,11,liver_supported
116,152763,534,0,6.52328486528423e-12,0.5,0.699999988079071,11,liver_supported
104,69032,307,0,1.4421898210034442e-11,0.5,0.699999988079071,21,liver_supported
105,0,1978,0,5.055611726463289e-10,0.5,0.699999988079071,21,liver_supported
106,0,1279,0,7.81860828161172e-10,0.5,0.699999988079071,21,liver_supported
107,1473,4072,215,0.07754734011225475,0.5,0.699999988079071,21,liver_supported
108,363698,224798,176695,0.6004968597924192,0.5,0.699999988079071,21,liver_supported
109,18200,19408,12360,0.6573069559759278,0.5,0.699999988079071,21,liver_supported
110,31120,22912,18959,0.7017693218888479,0.5,0.699999988079071,21,liver_supported
111,1830,3468,822,0.3103057758946195,0.5,0.699999988079071,21,liver_supported
112,295,4107,148,0.06724216286523349,0.5,0.699999988079071,21,liver_supported
113,21076,24093,13123,0.5810622329566503,0.5,0.699999988079071,21,liver_supported
114,0,0,0,1.0,0.5,0.699999988079071,21,liver_supported
115,0,4220,0,2.3696682458839646e-10,0.5,0.699999988079071,21,liver_supported
116,152763,534,0,6.52328486528423e-12,0.5,0.699999988079071,21,liver_supported
104,69032,307,0,1.4421898210034442e-11,0.5,0.699999988079071,31,liver_supported
105,0,1978,0,5.055611726463289e-10,0.5,0.699999988079071,31,liver_supported
106,0,1279,0,7.81860828161172e-10,0.5,0.699999988079071,31,liver_supported
107,1473,4072,215,0.07754734011225475,0.5,0.699999988079071,31,liver_supported
108,363698,224798,176695,0.6004968597924192,0.5,0.699999988079071,31,liver_supported
109,18200,19408,12360,0.6573069559759278,0.5,0.699999988079071,31,liver_supported
110,31120,22912,18959,0.7017693218888479,0.5,0.699999988079071,31,liver_supported
111,1830,3468,822,0.3103057758946195,0.5,0.699999988079071,31,liver_supported
112,295,4107,148,0.06724216286523349,0.5,0.699999988079071,31,liver_supported
113,21076,24093,13123,0.5810622329566503,0.5,0.699999988079071,31,liver_supported
114,0,0,0,1.0,0.5,0.699999988079071,31,liver_supported
115,0,4220,0,2.3696682458839646e-10,0.5,0.699999988079071,31,liver_supported
116,152763,534,0,6.52328486528423e-12,0.5,0.699999988079071,31,liver_supported
104,69032,289,0,1.4425643022829654e-11,0.6000000238418579,,1,raw
105,0,1921,0,5.205622069127734e-10,0.6000000238418579,,1,raw
106,0,1246,0,8.025682176544395e-10,0.6000000238418579,,1,raw
107,1473,3993,209,0.0764727407470778,0.6000000238418579,,1,raw
108,363698,220806,174795,0.5980968479264503,0.6000000238418579,,1,raw
109,18200,19011,12253,0.6585687028121102,0.6000000238418579,,1,raw
110,31120,22564,18805,0.700581178755298,0.6000000238418579,,1,raw
111,1830,3392,809,0.3098429721735268,0.6000000238418579,,1,raw
112,295,3978,148,0.06927217433436177,0.6000000238418579,,1,raw
113,21076,23640,13010,0.5818946238576372,0.6000000238418579,,1,raw
114,0,0,0,1.0,0.6000000238418579,,1,raw
115,0,4108,0,2.4342745855807505e-10,0.6000000238418579,,1,raw
116,152763,506,0,6.524476573824292e-12,0.6000000238418579,,1,raw
104,69032,289,0,1.4425643022829654e-11,0.6000000238418579,0.30000001192092896,1,liver_supported
105,0,1921,0,5.205622069127734e-10,0.6000000238418579,0.30000001192092896,1,liver_supported
106,0,1246,0,8.025682176544395e-10,0.6000000238418579,0.30000001192092896,1,liver_supported
107,1473,3993,209,0.0764727407470778,0.6000000238418579,0.30000001192092896,1,liver_supported
108,363698,220806,174795,0.5980968479264503,0.6000000238418579,0.30000001192092896,1,liver_supported
109,18200,19011,12253,0.6585687028121102,0.6000000238418579,0.30000001192092896,1,liver_supported
110,31120,22564,18805,0.700581178755298,0.6000000238418579,0.30000001192092896,1,liver_supported
111,1830,3392,809,0.3098429721735268,0.6000000238418579,0.30000001192092896,1,liver_supported
112,295,3978,148,0.06927217433436177,0.6000000238418579,0.30000001192092896,1,liver_supported
113,21076,23640,13010,0.5818946238576372,0.6000000238418579,0.30000001192092896,1,liver_supported
114,0,0,0,1.0,0.6000000238418579,0.30000001192092896,1,liver_supported
115,0,4108,0,2.4342745855807505e-10,0.6000000238418579,0.30000001192092896,1,liver_supported
116,152763,506,0,6.524476573824292e-12,0.6000000238418579,0.30000001192092896,1,liver_supported
104,69032,289,0,1.4425643022829654e-11,0.6000000238418579,0.30000001192092896,5,liver_supported
105,0,1921,0,5.205622069127734e-10,0.6000000238418579,0.30000001192092896,5,liver_supported
106,0,1246,0,8.025682176544395e-10,0.6000000238418579,0.30000001192092896,5,liver_supported
107,1473,3993,209,0.0764727407470778,0.6000000238418579,0.30000001192092896,5,liver_supported
108,363698,220806,174795,0.5980968479264503,0.6000000238418579,0.30000001192092896,5,liver_supported
109,18200,19011,12253,0.6585687028121102,0.6000000238418579,0.30000001192092896,5,liver_supported
110,31120,22564,18805,0.700581178755298,0.6000000238418579,0.30000001192092896,5,liver_supported
111,1830,3392,809,0.3098429721735268,0.6000000238418579,0.30000001192092896,5,liver_supported
112,295,3978,148,0.06927217433436177,0.6000000238418579,0.30000001192092896,5,liver_supported
113,21076,23640,13010,0.5818946238576372,0.6000000238418579,0.30000001192092896,5,liver_supported
114,0,0,0,1.0,0.6000000238418579,0.30000001192092896,5,liver_supported
115,0,4108,0,2.4342745855807505e-10,0.6000000238418579,0.30000001192092896,5,liver_supported
116,152763,506,0,6.524476573824292e-12,0.6000000238418579,0.30000001192092896,5,liver_supported
104,69032,289,0,1.4425643022829654e-11,0.6000000238418579,0.30000001192092896,11,liver_supported
105,0,1921,0,5.205622069127734e-10,0.6000000238418579,0.30000001192092896,11,liver_supported
106,0,1246,0,8.025682176544395e-10,0.6000000238418579,0.30000001192092896,11,liver_supported
107,1473,3993,209,0.0764727407470778,0.6000000238418579,0.30000001192092896,11,liver_supported
108,363698,220806,174795,0.5980968479264503,0.6000000238418579,0.30000001192092896,11,liver_supported
109,18200,19011,12253,0.6585687028121102,0.6000000238418579,0.30000001192092896,11,liver_supported
110,31120,22564,18805,0.700581178755298,0.6000000238418579,0.30000001192092896,11,liver_supported
111,1830,3392,809,0.3098429721735268,0.6000000238418579,0.30000001192092896,11,liver_supported
112,295,3978,148,0.06927217433436177,0.6000000238418579,0.30000001192092896,11,liver_supported
113,21076,23640,13010,0.5818946238576372,0.6000000238418579,0.30000001192092896,11,liver_supported
114,0,0,0,1.0,0.6000000238418579,0.30000001192092896,11,liver_supported
115,0,4108,0,2.4342745855807505e-10,0.6000000238418579,0.30000001192092896,11,liver_supported
116,152763,506,0,6.524476573824292e-12,0.6000000238418579,0.30000001192092896,11,liver_supported
104,69032,289,0,1.4425643022829654e-11,0.6000000238418579,0.30000001192092896,21,liver_supported
105,0,1921,0,5.205622069127734e-10,0.6000000238418579,0.30000001192092896,21,liver_supported
106,0,1246,0,8.025682176544395e-10,0.6000000238418579,0.30000001192092896,21,liver_supported
107,1473,3993,209,0.0764727407470778,0.6000000238418579,0.30000001192092896,21,liver_supported
108,363698,220806,174795,0.5980968479264503,0.6000000238418579,0.30000001192092896,21,liver_supported
109,18200,19011,12253,0.6585687028121102,0.6000000238418579,0.30000001192092896,21,liver_supported
110,31120,22564,18805,0.700581178755298,0.6000000238418579,0.30000001192092896,21,liver_supported
111,1830,3392,809,0.3098429721735268,0.6000000238418579,0.30000001192092896,21,liver_supported
112,295,3978,148,0.06927217433436177,0.6000000238418579,0.30000001192092896,21,liver_supported
113,21076,23640,13010,0.5818946238576372,0.6000000238418579,0.30000001192092896,21,liver_supported
114,0,0,0,1.0,0.6000000238418579,0.30000001192092896,21,liver_supported
115,0,4108,0,2.4342745855807505e-10,0.6000000238418579,0.30000001192092896,21,liver_supported
116,152763,506,0,6.524476573824292e-12,0.6000000238418579,0.30000001192092896,21,liver_supported
104,69032,289,0,1.4425643022829654e-11,0.6000000238418579,0.30000001192092896,31,liver_supported
105,0,1921,0,5.205622069127734e-10,0.6000000238418579,0.30000001192092896,31,liver_supported
106,0,1246,0,8.025682176544395e-10,0.6000000238418579,0.30000001192092896,31,liver_supported
107,1473,3993,209,0.0764727407470778,0.6000000238418579,0.30000001192092896,31,liver_supported
108,363698,220806,174795,0.5980968479264503,0.6000000238418579,0.30000001192092896,31,liver_supported
109,18200,19011,12253,0.6585687028121102,0.6000000238418579,0.30000001192092896,31,liver_supported
110,31120,22564,18805,0.700581178755298,0.6000000238418579,0.30000001192092896,31,liver_supported
111,1830,3392,809,0.3098429721735268,0.6000000238418579,0.30000001192092896,31,liver_supported
112,295,3978,148,0.06927217433436177,0.6000000238418579,0.30000001192092896,31,liver_supported
113,21076,23640,13010,0.5818946238576372,0.6000000238418579,0.30000001192092896,31,liver_supported
114,0,0,0,1.0,0.6000000238418579,0.30000001192092896,31,liver_supported
115,0,4108,0,2.4342745855807505e-10,0.6000000238418579,0.30000001192092896,31,liver_supported
116,152763,506,0,6.524476573824292e-12,0.6000000238418579,0.30000001192092896,31,liver_supported
104,69032,289,0,1.4425643022829654e-11,0.6000000238418579,0.4000000059604645,1,liver_supported
105,0,1921,0,5.205622069127734e-10,0.6000000238418579,0.4000000059604645,1,liver_supported
106,0,1246,0,8.025682176544395e-10,0.6000000238418579,0.4000000059604645,1,liver_supported
107,1473,3993,209,0.0764727407470778,0.6000000238418579,0.4000000059604645,1,liver_supported
108,363698,220806,174795,0.5980968479264503,0.6000000238418579,0.4000000059604645,1,liver_supported
109,18200,19011,12253,0.6585687028121102,0.6000000238418579,0.4000000059604645,1,liver_supported
110,31120,22564,18805,0.700581178755298,0.6000000238418579,0.4000000059604645,1,liver_supported
111,1830,3392,809,0.3098429721735268,0.6000000238418579,0.4000000059604645,1,liver_supported
112,295,3978,148,0.06927217433436177,0.6000000238418579,0.4000000059604645,1,liver_supported
113,21076,23640,13010,0.5818946238576372,0.6000000238418579,0.4000000059604645,1,liver_supported
114,0,0,0,1.0,0.6000000238418579,0.4000000059604645,1,liver_supported
115,0,4108,0,2.4342745855807505e-10,0.6000000238418579,0.4000000059604645,1,liver_supported
116,152763,506,0,6.524476573824292e-12,0.6000000238418579,0.4000000059604645,1,liver_supported
104,69032,289,0,1.4425643022829654e-11,0.6000000238418579,0.4000000059604645,5,liver_supported
105,0,1921,0,5.205622069127734e-10,0.6000000238418579,0.4000000059604645,5,liver_supported
106,0,1246,0,8.025682176544395e-10,0.6000000238418579,0.4000000059604645,5,liver_supported
107,1473,3993,209,0.0764727407470778,0.6000000238418579,0.4000000059604645,5,liver_supported
108,363698,220806,174795,0.5980968479264503,0.6000000238418579,0.4000000059604645,5,liver_supported
109,18200,19011,12253,0.6585687028121102,0.6000000238418579,0.4000000059604645,5,liver_supported
110,31120,22564,18805,0.700581178755298,0.6000000238418579,0.4000000059604645,5,liver_supported
111,1830,3392,809,0.3098429721735268,0.6000000238418579,0.4000000059604645,5,liver_supported
112,295,3978,148,0.06927217433436177,0.6000000238418579,0.4000000059604645,5,liver_supported
113,21076,23640,13010,0.5818946238576372,0.6000000238418579,0.4000000059604645,5,liver_supported
114,0,0,0,1.0,0.6000000238418579,0.4000000059604645,5,liver_supported
115,0,4108,0,2.4342745855807505e-10,0.6000000238418579,0.4000000059604645,5,liver_supported
116,152763,506,0,6.524476573824292e-12,0.6000000238418579,0.4000000059604645,5,liver_supported
104,69032,289,0,1.4425643022829654e-11,0.6000000238418579,0.4000000059604645,11,liver_supported
105,0,1921,0,5.205622069127734e-10,0.6000000238418579,0.4000000059604645,11,liver_supported
106,0,1246,0,8.025682176544395e-10,0.6000000238418579,0.4000000059604645,11,liver_supported
107,1473,3993,209,0.0764727407470778,0.6000000238418579,0.4000000059604645,11,liver_supported
108,363698,220806,174795,0.5980968479264503,0.6000000238418579,0.4000000059604645,11,liver_supported
109,18200,19011,12253,0.6585687028121102,0.6000000238418579,0.4000000059604645,11,liver_supported
110,31120,22564,18805,0.700581178755298,0.6000000238418579,0.4000000059604645,11,liver_supported
111,1830,3392,809,0.3098429721735268,0.6000000238418579,0.4000000059604645,11,liver_supported
112,295,3978,148,0.06927217433436177,0.6000000238418579,0.4000000059604645,11,liver_supported
113,21076,23640,13010,0.5818946238576372,0.6000000238418579,0.4000000059604645,11,liver_supported
114,0,0,0,1.0,0.6000000238418579,0.4000000059604645,11,liver_supported
115,0,4108,0,2.4342745855807505e-10,0.6000000238418579,0.4000000059604645,11,liver_supported
116,152763,506,0,6.524476573824292e-12,0.6000000238418579,0.4000000059604645,11,liver_supported
104,69032,289,0,1.4425643022829654e-11,0.6000000238418579,0.4000000059604645,21,liver_supported
105,0,1921,0,5.205622069127734e-10,0.6000000238418579,0.4000000059604645,21,liver_supported
106,0,1246,0,8.025682176544395e-10,0.6000000238418579,0.4000000059604645,21,liver_supported
107,1473,3993,209,0.0764727407470778,0.6000000238418579,0.4000000059604645,21,liver_supported
108,363698,220806,174795,0.5980968479264503,0.6000000238418579,0.4000000059604645,21,liver_supported
109,18200,19011,12253,0.6585687028121102,0.6000000238418579,0.4000000059604645,21,liver_supported
110,31120,22564,18805,0.700581178755298,0.6000000238418579,0.4000000059604645,21,liver_supported
111,1830,3392,809,0.3098429721735268,0.6000000238418579,0.4000000059604645,21,liver_supported
112,295,3978,148,0.06927217433436177,0.6000000238418579,0.4000000059604645,21,liver_supported
113,21076,23640,13010,0.5818946238576372,0.6000000238418579,0.4000000059604645,21,liver_supported
114,0,0,0,1.0,0.6000000238418579,0.4000000059604645,21,liver_supported
115,0,4108,0,2.4342745855807505e-10,0.6000000238418579,0.4000000059604645,21,liver_supported
116,152763,506,0,6.524476573824292e-12,0.6000000238418579,0.4000000059604645,21,liver_supported
104,69032,289,0,1.4425643022829654e-11,0.6000000238418579,0.4000000059604645,31,liver_supported
105,0,1921,0,5.205622069127734e-10,0.6000000238418579,0.4000000059604645,31,liver_supported
106,0,1246,0,8.025682176544395e-10,0.6000000238418579,0.4000000059604645,31,liver_supported
107,1473,3993,209,0.0764727407470778,0.6000000238418579,0.4000000059604645,31,liver_supported
108,363698,220806,174795,0.5980968479264503,0.6000000238418579,0.4000000059604645,31,liver_supported
109,18200,19011,12253,0.6585687028121102,0.6000000238418579,0.4000000059604645,31,liver_supported
110,31120,22564,18805,0.700581178755298,0.6000000238418579,0.4000000059604645,31,liver_supported
111,1830,3392,809,0.3098429721735268,0.6000000238418579,0.4000000059604645,31,liver_supported
112,295,3978,148,0.06927217433436177,0.6000000238418579,0.4000000059604645,31,liver_supported
113,21076,23640,13010,0.5818946238576372,0.6000000238418579,0.4000000059604645,31,liver_supported
114,0,0,0,1.0,0.6000000238418579,0.4000000059604645,31,liver_supported
115,0,4108,0,2.4342745855807505e-10,0.6000000238418579,0.4000000059604645,31,liver_supported
116,152763,506,0,6.524476573824292e-12,0.6000000238418579,0.4000000059604645,31,liver_supported
104,69032,289,0,1.4425643022829654e-11,0.6000000238418579,0.5,1,liver_supported
105,0,1921,0,5.205622069127734e-10,0.6000000238418579,0.5,1,liver_supported
106,0,1246,0,8.025682176544395e-10,0.6000000238418579,0.5,1,liver_supported
107,1473,3993,209,0.0764727407470778,0.6000000238418579,0.5,1,liver_supported
108,363698,220806,174795,0.5980968479264503,0.6000000238418579,0.5,1,liver_supported
109,18200,19011,12253,0.6585687028121102,0.6000000238418579,0.5,1,liver_supported
110,31120,22564,18805,0.700581178755298,0.6000000238418579,0.5,1,liver_supported
111,1830,3392,809,0.3098429721735268,0.6000000238418579,0.5,1,liver_supported
112,295,3978,148,0.06927217433436177,0.6000000238418579,0.5,1,liver_supported
113,21076,23640,13010,0.5818946238576372,0.6000000238418579,0.5,1,liver_supported
114,0,0,0,1.0,0.6000000238418579,0.5,1,liver_supported
115,0,4108,0,2.4342745855807505e-10,0.6000000238418579,0.5,1,liver_supported
116,152763,506,0,6.524476573824292e-12,0.6000000238418579,0.5,1,liver_supported
104,69032,289,0,1.4425643022829654e-11,0.6000000238418579,0.5,5,liver_supported
105,0,1921,0,5.205622069127734e-10,0.6000000238418579,0.5,5,liver_supported
106,0,1246,0,8.025682176544395e-10,0.6000000238418579,0.5,5,liver_supported
107,1473,3993,209,0.0764727407470778,0.6000000238418579,0.5,5,liver_supported
108,363698,220806,174795,0.5980968479264503,0.6000000238418579,0.5,5,liver_supported
109,18200,19011,12253,0.6585687028121102,0.6000000238418579,0.5,5,liver_supported
110,31120,22564,18805,0.700581178755298,0.6000000238418579,0.5,5,liver_supported
111,1830,3392,809,0.3098429721735268,0.6000000238418579,0.5,5,liver_supported
112,295,3978,148,0.06927217433436177,0.6000000238418579,0.5,5,liver_supported
113,21076,23640,13010,0.5818946238576372,0.6000000238418579,0.5,5,liver_supported
114,0,0,0,1.0,0.6000000238418579,0.5,5,liver_supported
115,0,4108,0,2.4342745855807505e-10,0.6000000238418579,0.5,5,liver_supported
116,152763,506,0,6.524476573824292e-12,0.6000000238418579,0.5,5,liver_supported
104,69032,289,0,1.4425643022829654e-11,0.6000000238418579,0.5,11,liver_supported
105,0,1921,0,5.205622069127734e-10,0.6000000238418579,0.5,11,liver_supported
106,0,1246,0,8.025682176544395e-10,0.6000000238418579,0.5,11,liver_supported
107,1473,3993,209,0.0764727407470778,0.6000000238418579,0.5,11,liver_supported
108,363698,220806,174795,0.5980968479264503,0.6000000238418579,0.5,11,liver_supported
109,18200,19011,12253,0.6585687028121102,0.6000000238418579,0.5,11,liver_supported
110,31120,22564,18805,0.700581178755298,0.6000000238418579,0.5,11,liver_supported
111,1830,3392,809,0.3098429721735268,0.6000000238418579,0.5,11,liver_supported
112,295,3978,148,0.06927217433436177,0.6000000238418579,0.5,11,liver_supported
113,21076,23640,13010,0.5818946238576372,0.6000000238418579,0.5,11,liver_supported
114,0,0,0,1.0,0.6000000238418579,0.5,11,liver_supported
115,0,4108,0,2.4342745855807505e-10,0.6000000238418579,0.5,11,liver_supported
116,152763,506,0,6.524476573824292e-12,0.6000000238418579,0.5,11,liver_supported
104,69032,289,0,1.4425643022829654e-11,0.6000000238418579,0.5,21,liver_supported
105,0,1921,0,5.205622069127734e-10,0.6000000238418579,0.5,21,liver_supported
106,0,1246,0,8.025682176544395e-10,0.6000000238418579,0.5,21,liver_supported
107,1473,3993,209,0.0764727407470778,0.6000000238418579,0.5,21,liver_supported
108,363698,220806,174795,0.5980968479264503,0.6000000238418579,0.5,21,liver_supported
109,18200,19011,12253,0.6585687028121102,0.6000000238418579,0.5,21,liver_supported
110,31120,22564,18805,0.700581178755298,0.6000000238418579,0.5,21,liver_supported
111,1830,3392,809,0.3098429721735268,0.6000000238418579,0.5,21,liver_supported
112,295,3978,148,0.06927217433436177,0.6000000238418579,0.5,21,liver_supported
113,21076,23640,13010,0.5818946238576372,0.6000000238418579,0.5,21,liver_supported
114,0,0,0,1.0,0.6000000238418579,0.5,21,liver_supported
115,0,4108,0,2.4342745855807505e-10,0.6000000238418579,0.5,21,liver_supported
116,152763,506,0,6.524476573824292e-12,0.6000000238418579,0.5,21,liver_supported
104,69032,289,0,1.4425643022829654e-11,0.6000000238418579,0.5,31,liver_supported
105,0,1921,0,5.205622069127734e-10,0.6000000238418579,0.5,31,liver_supported
106,0,1246,0,8.025682176544395e-10,0.6000000238418579,0.5,31,liver_supported
107,1473,3993,209,0.0764727407470778,0.6000000238418579,0.5,31,liver_supported
108,363698,220806,174795,0.5980968479264503,0.6000000238418579,0.5,31,liver_supported
109,18200,19011,12253,0.6585687028121102,0.6000000238418579,0.5,31,liver_supported
110,31120,22564,18805,0.700581178755298,0.6000000238418579,0.5,31,liver_supported
111,1830,3392,809,0.3098429721735268,0.6000000238418579,0.5,31,liver_supported
112,295,3978,148,0.06927217433436177,0.6000000238418579,0.5,31,liver_supported
113,21076,23640,13010,0.5818946238576372,0.6000000238418579,0.5,31,liver_supported
114,0,0,0,1.0,0.6000000238418579,0.5,31,liver_supported
115,0,4108,0,2.4342745855807505e-10,0.6000000238418579,0.5,31,liver_supported
116,152763,506,0,6.524476573824292e-12,0.6000000238418579,0.5,31,liver_supported
104,69032,289,0,1.4425643022829654e-11,0.6000000238418579,0.6000000238418579,1,liver_supported
105,0,1921,0,5.205622069127734e-10,0.6000000238418579,0.6000000238418579,1,liver_supported
106,0,1246,0,8.025682176544395e-10,0.6000000238418579,0.6000000238418579,1,liver_supported
107,1473,3993,209,0.0764727407470778,0.6000000238418579,0.6000000238418579,1,liver_supported
108,363698,220806,174795,0.5980968479264503,0.6000000238418579,0.6000000238418579,1,liver_supported
109,18200,19011,12253,0.6585687028121102,0.6000000238418579,0.6000000238418579,1,liver_supported
110,31120,22564,18805,0.700581178755298,0.6000000238418579,0.6000000238418579,1,liver_supported
111,1830,3392,809,0.3098429721735268,0.6000000238418579,0.6000000238418579,1,liver_supported
112,295,3978,148,0.06927217433436177,0.6000000238418579,0.6000000238418579,1,liver_supported
113,21076,23640,13010,0.5818946238576372,0.6000000238418579,0.6000000238418579,1,liver_supported
114,0,0,0,1.0,0.6000000238418579,0.6000000238418579,1,liver_supported
115,0,4108,0,2.4342745855807505e-10,0.6000000238418579,0.6000000238418579,1,liver_supported
116,152763,506,0,6.524476573824292e-12,0.6000000238418579,0.6000000238418579,1,liver_supported
104,69032,289,0,1.4425643022829654e-11,0.6000000238418579,0.6000000238418579,5,liver_supported
105,0,1921,0,5.205622069127734e-10,0.6000000238418579,0.6000000238418579,5,liver_supported
106,0,1246,0,8.025682176544395e-10,0.6000000238418579,0.6000000238418579,5,liver_supported
107,1473,3993,209,0.0764727407470778,0.6000000238418579,0.6000000238418579,5,liver_supported
108,363698,220806,174795,0.5980968479264503,0.6000000238418579,0.6000000238418579,5,liver_supported
109,18200,19011,12253,0.6585687028121102,0.6000000238418579,0.6000000238418579,5,liver_supported
110,31120,22564,18805,0.700581178755298,0.6000000238418579,0.6000000238418579,5,liver_supported
111,1830,3392,809,0.3098429721735268,0.6000000238418579,0.6000000238418579,5,liver_supported
112,295,3978,148,0.06927217433436177,0.6000000238418579,0.6000000238418579,5,liver_supported
113,21076,23640,13010,0.5818946238576372,0.6000000238418579,0.6000000238418579,5,liver_supported
114,0,0,0,1.0,0.6000000238418579,0.6000000238418579,5,liver_supported
115,0,4108,0,2.4342745855807505e-10,0.6000000238418579,0.6000000238418579,5,liver_supported
116,152763,506,0,6.524476573824292e-12,0.6000000238418579,0.6000000238418579,5,liver_supported
104,69032,289,0,1.4425643022829654e-11,0.6000000238418579,0.6000000238418579,11,liver_supported
105,0,1921,0,5.205622069127734e-10,0.6000000238418579,0.6000000238418579,11,liver_supported
106,0,1246,0,8.025682176544395e-10,0.6000000238418579,0.6000000238418579,11,liver_supported
107,1473,3993,209,0.0764727407470778,0.6000000238418579,0.6000000238418579,11,liver_supported
108,363698,220806,174795,0.5980968479264503,0.6000000238418579,0.6000000238418579,11,liver_supported
109,18200,19011,12253,0.6585687028121102,0.6000000238418579,0.6000000238418579,11,liver_supported
110,31120,22564,18805,0.700581178755298,0.6000000238418579,0.6000000238418579,11,liver_supported
111,1830,3392,809,0.3098429721735268,0.6000000238418579,0.6000000238418579,11,liver_supported
112,295,3978,148,0.06927217433436177,0.6000000238418579,0.6000000238418579,11,liver_supported
113,21076,23640,13010,0.5818946238576372,0.6000000238418579,0.6000000238418579,11,liver_supported
114,0,0,0,1.0,0.6000000238418579,0.6000000238418579,11,liver_supported
115,0,4108,0,2.4342745855807505e-10,0.6000000238418579,0.6000000238418579,11,liver_supported
116,152763,506,0,6.524476573824292e-12,0.6000000238418579,0.6000000238418579,11,liver_supported
104,69032,289,0,1.4425643022829654e-11,0.6000000238418579,0.6000000238418579,21,liver_supported
105,0,1921,0,5.205622069127734e-10,0.6000000238418579,0.6000000238418579,21,liver_supported
106,0,1246,0,8.025682176544395e-10,0.6000000238418579,0.6000000238418579,21,liver_supported
107,1473,3993,209,0.0764727407470778,0.6000000238418579,0.6000000238418579,21,liver_supported
108,363698,220806,174795,0.5980968479264503,0.6000000238418579,0.6000000238418579,21,liver_supported
109,18200,19011,12253,0.6585687028121102,0.6000000238418579,0.6000000238418579,21,liver_supported
110,31120,22564,18805,0.700581178755298,0.6000000238418579,0.6000000238418579,21,liver_supported
111,1830,3392,809,0.3098429721735268,0.6000000238418579,0.6000000238418579,21,liver_supported
112,295,3978,148,0.06927217433436177,0.6000000238418579,0.6000000238418579,21,liver_supported
113,21076,23640,13010,0.5818946238576372,0.6000000238418579,0.6000000238418579,21,liver_supported
114,0,0,0,1.0,0.6000000238418579,0.6000000238418579,21,liver_supported
115,0,4108,0,2.4342745855807505e-10,0.6000000238418579,0.6000000238418579,21,liver_supported
116,152763,506,0,6.524476573824292e-12,0.6000000238418579,0.6000000238418579,21,liver_supported
104,69032,289,0,1.4425643022829654e-11,0.6000000238418579,0.6000000238418579,31,liver_supported
105,0,1921,0,5.205622069127734e-10,0.6000000238418579,0.6000000238418579,31,liver_supported
106,0,1246,0,8.025682176544395e-10,0.6000000238418579,0.6000000238418579,31,liver_supported
107,1473,3993,209,0.0764727407470778,0.6000000238418579,0.6000000238418579,31,liver_supported
108,363698,220806,174795,0.5980968479264503,0.6000000238418579,0.6000000238418579,31,liver_supported
109,18200,19011,12253,0.6585687028121102,0.6000000238418579,0.6000000238418579,31,liver_supported
110,31120,22564,18805,0.700581178755298,0.6000000238418579,0.6000000238418579,31,liver_supported
111,1830,3392,809,0.3098429721735268,0.6000000238418579,0.6000000238418579,31,liver_supported
112,295,3978,148,0.06927217433436177,0.6000000238418579,0.6000000238418579,31,liver_supported
113,21076,23640,13010,0.5818946238576372,0.6000000238418579,0.6000000238418579,31,liver_supported
114,0,0,0,1.0,0.6000000238418579,0.6000000238418579,31,liver_supported
115,0,4108,0,2.4342745855807505e-10,0.6000000238418579,0.6000000238418579,31,liver_supported
116,152763,506,0,6.524476573824292e-12,0.6000000238418579,0.6000000238418579,31,liver_supported
104,69032,289,0,1.4425643022829654e-11,0.6000000238418579,0.699999988079071,1,liver_supported
105,0,1921,0,5.205622069127734e-10,0.6000000238418579,0.699999988079071,1,liver_supported
106,0,1245,0,8.032128507604715e-10,0.6000000238418579,0.699999988079071,1,liver_supported
107,1473,3993,209,0.0764727407470778,0.6000000238418579,0.699999988079071,1,liver_supported
108,363698,220779,174768,0.5980320868064988,0.6000000238418579,0.699999988079071,1,liver_supported
109,18200,19011,12253,0.6585687028121102,0.6000000238418579,0.699999988079071,1,liver_supported
110,31120,22564,18805,0.700581178755298,0.6000000238418579,0.699999988079071,1,liver_supported
111,1830,3392,809,0.3098429721735268,0.6000000238418579,0.699999988079071,1,liver_supported
112,295,3978,148,0.06927217433436177,0.6000000238418579,0.699999988079071,1,liver_supported
113,21076,23640,13010,0.5818946238576372,0.6000000238418579,0.699999988079071,1,liver_supported
114,0,0,0,1.0,0.6000000238418579,0.699999988079071,1,liver_supported
115,0,4108,0,2.4342745855807505e-10,0.6000000238418579,0.699999988079071,1,liver_supported
116,152763,506,0,6.524476573824292e-12,0.6000000238418579,0.699999988079071,1,liver_supported
104,69032,289,0,1.4425643022829654e-11,0.6000000238418579,0.699999988079071,5,liver_supported
105,0,1921,0,5.205622069127734e-10,0.6000000238418579,0.699999988079071,5,liver_supported
106,0,1246,0,8.025682176544395e-10,0.6000000238418579,0.699999988079071,5,liver_supported
107,1473,3993,209,0.0764727407470778,0.6000000238418579,0.699999988079071,5,liver_supported
108,363698,220806,174795,0.5980968479264503,0.6000000238418579,0.699999988079071,5,liver_supported
109,18200,19011,12253,0.6585687028121102,0.6000000238418579,0.699999988079071,5,liver_supported
110,31120,22564,18805,0.700581178755298,0.6000000238418579,0.699999988079071,5,liver_supported
111,1830,3392,809,0.3098429721735268,0.6000000238418579,0.699999988079071,5,liver_supported
112,295,3978,148,0.06927217433436177,0.6000000238418579,0.699999988079071,5,liver_supported
113,21076,23640,13010,0.5818946238576372,0.6000000238418579,0.699999988079071,5,liver_supported
114,0,0,0,1.0,0.6000000238418579,0.699999988079071,5,liver_supported
115,0,4108,0,2.4342745855807505e-10,0.6000000238418579,0.699999988079071,5,liver_supported
116,152763,506,0,6.524476573824292e-12,0.6000000238418579,0.699999988079071,5,liver_supported
104,69032,289,0,1.4425643022829654e-11,0.6000000238418579,0.699999988079071,11,liver_supported
105,0,1921,0,5.205622069127734e-10,0.6000000238418579,0.699999988079071,11,liver_supported
106,0,1246,0,8.025682176544395e-10,0.6000000238418579,0.699999988079071,11,liver_supported
107,1473,3993,209,0.0764727407470778,0.6000000238418579,0.699999988079071,11,liver_supported
108,363698,220806,174795,0.5980968479264503,0.6000000238418579,0.699999988079071,11,liver_supported
109,18200,19011,12253,0.6585687028121102,0.6000000238418579,0.699999988079071,11,liver_supported
110,31120,22564,18805,0.700581178755298,0.6000000238418579,0.699999988079071,11,liver_supported
111,1830,3392,809,0.3098429721735268,0.6000000238418579,0.699999988079071,11,liver_supported
112,295,3978,148,0.06927217433436177,0.6000000238418579,0.699999988079071,11,liver_supported
113,21076,23640,13010,0.5818946238576372,0.6000000238418579,0.699999988079071,11,liver_supported
114,0,0,0,1.0,0.6000000238418579,0.699999988079071,11,liver_supported
115,0,4108,0,2.4342745855807505e-10,0.6000000238418579,0.699999988079071,11,liver_supported
116,152763,506,0,6.524476573824292e-12,0.6000000238418579,0.699999988079071,11,liver_supported
104,69032,289,0,1.4425643022829654e-11,0.6000000238418579,0.699999988079071,21,liver_supported
105,0,1921,0,5.205622069127734e-10,0.6000000238418579,0.699999988079071,21,liver_supported
106,0,1246,0,8.025682176544395e-10,0.6000000238418579,0.699999988079071,21,liver_supported
107,1473,3993,209,0.0764727407470778,0.6000000238418579,0.699999988079071,21,liver_supported
108,363698,220806,174795,0.5980968479264503,0.6000000238418579,0.699999988079071,21,liver_supported
109,18200,19011,12253,0.6585687028121102,0.6000000238418579,0.699999988079071,21,liver_supported
110,31120,22564,18805,0.700581178755298,0.6000000238418579,0.699999988079071,21,liver_supported
111,1830,3392,809,0.3098429721735268,0.6000000238418579,0.699999988079071,21,liver_supported
112,295,3978,148,0.06927217433436177,0.6000000238418579,0.699999988079071,21,liver_supported
113,21076,23640,13010,0.5818946238576372,0.6000000238418579,0.699999988079071,21,liver_supported
114,0,0,0,1.0,0.6000000238418579,0.699999988079071,21,liver_supported
115,0,4108,0,2.4342745855807505e-10,0.6000000238418579,0.699999988079071,21,liver_supported
116,152763,506,0,6.524476573824292e-12,0.6000000238418579,0.699999988079071,21,liver_supported
104,69032,289,0,1.4425643022829654e-11,0.6000000238418579,0.699999988079071,31,liver_supported
105,0,1921,0,5.205622069127734e-10,0.6000000238418579,0.699999988079071,31,liver_supported
106,0,1246,0,8.025682176544395e-10,0.6000000238418579,0.699999988079071,31,liver_supported
107,1473,3993,209,0.0764727407470778,0.6000000238418579,0.699999988079071,31,liver_supported
108,363698,220806,174795,0.5980968479264503,0.6000000238418579,0.699999988079071,31,liver_supported
109,18200,19011,12253,0.6585687028121102,0.6000000238418579,0.699999988079071,31,liver_supported
110,31120,22564,18805,0.700581178755298,0.6000000238418579,0.699999988079071,31,liver_supported
111,1830,3392,809,0.3098429721735268,0.6000000238418579,0.699999988079071,31,liver_supported
112,295,3978,148,0.06927217433436177,0.6000000238418579,0.699999988079071,31,liver_supported
113,21076,23640,13010,0.5818946238576372,0.6000000238418579,0.699999988079071,31,liver_supported
114,0,0,0,1.0,0.6000000238418579,0.699999988079071,31,liver_supported
115,0,4108,0,2.4342745855807505e-10,0.6000000238418579,0.699999988079071,31,liver_supported
116,152763,506,0,6.524476573824292e-12,0.6000000238418579,0.699999988079071,31,liver_supported
104,69032,264,0,1.4430847379149868e-11,0.699999988079071,,1,raw
105,0,1845,0,5.420054197604306e-10,0.699999988079071,,1,raw
106,0,1209,0,8.2712985870378e-10,0.699999988079071,,1,raw
107,1473,3894,203,0.07564747548432131,0.699999988079071,,1,raw
108,363698,216299,172629,0.5952754928049709,0.699999988079071,,1,raw
109,18200,18551,12112,0.6591385268520819,0.699999988079071,,1,raw
110,31120,22176,18621,0.6987766436562073,0.699999988079071,,1,raw
111,1830,3292,803,0.3135493949016889,0.699999988079071,,1,raw
112,295,3855,146,0.07036144600714181,0.699999988079071,,1,raw
113,21076,23138,12890,0.5830732347314634,0.699999988079071,,1,raw
114,0,0,0,1.0,0.699999988079071,,1,raw
115,0,3973,0,2.516989679708787e-10,0.699999988079071,,1,raw
116,152763,466,0,6.5261797701053565e-12,0.699999988079071,,1,raw
104,69032,264,0,1.4430847379149868e-11,0.699999988079071,0.30000001192092896,1,liver_supported
105,0,1845,0,5.420054197604306e-10,0.699999988079071,0.30000001192092896,1,liver_supported
106,0,1209,0,8.2712985870378e-10,0.699999988079071,0.30000001192092896,1,liver_supported
107,1473,3894,203,0.07564747548432131,0.699999988079071,0.30000001192092896,1,liver_supported
108,363698,216299,172629,0.5952754928049709,0.699999988079071,0.30000001192092896,1,liver_supported
109,18200,18551,12112,0.6591385268520819,0.699999988079071,0.30000001192092896,1,liver_supported
110,31120,22176,18621,0.6987766436562073,0.699999988079071,0.30000001192092896,1,liver_supported
111,1830,3292,803,0.3135493949016889,0.699999988079071,0.30000001192092896,1,liver_supported
112,295,3855,146,0.07036144600714181,0.699999988079071,0.30000001192092896,1,liver_supported
113,21076,23138,12890,0.5830732347314634,0.699999988079071,0.30000001192092896,1,liver_supported
114,0,0,0,1.0,0.699999988079071,0.30000001192092896,1,liver_supported
115,0,3973,0,2.516989679708787e-10,0.699999988079071,0.30000001192092896,1,liver_supported
116,152763,466,0,6.5261797701053565e-12,0.699999988079071,0.30000001192092896,1,liver_supported
104,69032,264,0,1.4430847379149868e-11,0.699999988079071,0.30000001192092896,5,liver_supported
105,0,1845,0,5.420054197604306e-10,0.699999988079071,0.30000001192092896,5,liver_supported
106,0,1209,0,8.2712985870378e-10,0.699999988079071,0.30000001192092896,5,liver_supported
107,1473,3894,203,0.07564747548432131,0.699999988079071,0.30000001192092896,5,liver_supported
108,363698,216299,172629,0.5952754928049709,0.699999988079071,0.30000001192092896,5,liver_supported
109,18200,18551,12112,0.6591385268520819,0.699999988079071,0.30000001192092896,5,liver_supported
110,31120,22176,18621,0.6987766436562073,0.699999988079071,0.30000001192092896,5,liver_supported
111,1830,3292,803,0.3135493949016889,0.699999988079071,0.30000001192092896,5,liver_supported
112,295,3855,146,0.07036144600714181,0.699999988079071,0.30000001192092896,5,liver_supported
113,21076,23138,12890,0.5830732347314634,0.699999988079071,0.30000001192092896,5,liver_supported
114,0,0,0,1.0,0.699999988079071,0.30000001192092896,5,liver_supported
115,0,3973,0,2.516989679708787e-10,0.699999988079071,0.30000001192092896,5,liver_supported
116,152763,466,0,6.5261797701053565e-12,0.699999988079071,0.30000001192092896,5,liver_supported
104,69032,264,0,1.4430847379149868e-11,0.699999988079071,0.30000001192092896,11,liver_supported
105,0,1845,0,5.420054197604306e-10,0.699999988079071,0.30000001192092896,11,liver_supported
106,0,1209,0,8.2712985870378e-10,0.699999988079071,0.30000001192092896,11,liver_supported
107,1473,3894,203,0.07564747548432131,0.699999988079071,0.30000001192092896,11,liver_supported
108,363698,216299,172629,0.5952754928049709,0.699999988079071,0.30000001192092896,11,liver_supported
109,18200,18551,12112,0.6591385268520819,0.699999988079071,0.30000001192092896,11,liver_supported
110,31120,22176,18621,0.6987766436562073,0.699999988079071,0.30000001192092896,11,liver_supported
111,1830,3292,803,0.3135493949016889,0.699999988079071,0.30000001192092896,11,liver_supported
112,295,3855,146,0.07036144600714181,0.699999988079071,0.30000001192092896,11,liver_supported
113,21076,23138,12890,0.5830732347314634,0.699999988079071,0.30000001192092896,11,liver_supported
114,0,0,0,1.0,0.699999988079071,0.30000001192092896,11,liver_supported
115,0,3973,0,2.516989679708787e-10,0.699999988079071,0.30000001192092896,11,liver_supported
116,152763,466,0,6.5261797701053565e-12,0.699999988079071,0.30000001192092896,11,liver_supported
104,69032,264,0,1.4430847379149868e-11,0.699999988079071,0.30000001192092896,21,liver_supported
105,0,1845,0,5.420054197604306e-10,0.699999988079071,0.30000001192092896,21,liver_supported
106,0,1209,0,8.2712985870378e-10,0.699999988079071,0.30000001192092896,21,liver_supported
107,1473,3894,203,0.07564747548432131,0.699999988079071,0.30000001192092896,21,liver_supported
108,363698,216299,172629,0.5952754928049709,0.699999988079071,0.30000001192092896,21,liver_supported
109,18200,18551,12112,0.6591385268520819,0.699999988079071,0.30000001192092896,21,liver_supported
110,31120,22176,18621,0.6987766436562073,0.699999988079071,0.30000001192092896,21,liver_supported
111,1830,3292,803,0.3135493949016889,0.699999988079071,0.30000001192092896,21,liver_supported
112,295,3855,146,0.07036144600714181,0.699999988079071,0.30000001192092896,21,liver_supported
113,21076,23138,12890,0.5830732347314634,0.699999988079071,0.30000001192092896,21,liver_supported
114,0,0,0,1.0,0.699999988079071,0.30000001192092896,21,liver_supported
115,0,3973,0,2.516989679708787e-10,0.699999988079071,0.30000001192092896,21,liver_supported
116,152763,466,0,6.5261797701053565e-12,0.699999988079071,0.30000001192092896,21,liver_supported
104,69032,264,0,1.4430847379149868e-11,0.699999988079071,0.30000001192092896,31,liver_supported
105,0,1845,0,5.420054197604306e-10,0.699999988079071,0.30000001192092896,31,liver_supported
106,0,1209,0,8.2712985870378e-10,0.699999988079071,0.30000001192092896,31,liver_supported
107,1473,3894,203,0.07564747548432131,0.699999988079071,0.30000001192092896,31,liver_supported
108,363698,216299,172629,0.5952754928049709,0.699999988079071,0.30000001192092896,31,liver_supported
109,18200,18551,12112,0.6591385268520819,0.699999988079071,0.30000001192092896,31,liver_supported
110,31120,22176,18621,0.6987766436562073,0.699999988079071,0.30000001192092896,31,liver_supported
111,1830,3292,803,0.3135493949016889,0.699999988079071,0.30000001192092896,31,liver_supported
112,295,3855,146,0.07036144600714181,0.699999988079071,0.30000001192092896,31,liver_supported
113,21076,23138,12890,0.5830732347314634,0.699999988079071,0.30000001192092896,31,liver_supported
114,0,0,0,1.0,0.699999988079071,0.30000001192092896,31,liver_supported
115,0,3973,0,2.516989679708787e-10,0.699999988079071,0.30000001192092896,31,liver_supported
116,152763,466,0,6.5261797701053565e-12,0.699999988079071,0.30000001192092896,31,liver_supported
104,69032,264,0,1.4430847379149868e-11,0.699999988079071,0.4000000059604645,1,liver_supported
105,0,1845,0,5.420054197604306e-10,0.699999988079071,0.4000000059604645,1,liver_supported
106,0,1209,0,8.2712985870378e-10,0.699999988079071,0.4000000059604645,1,liver_supported
107,1473,3894,203,0.07564747548432131,0.699999988079071,0.4000000059604645,1,liver_supported
108,363698,216299,172629,0.5952754928049709,0.699999988079071,0.4000000059604645,1,liver_supported
109,18200,18551,12112,0.6591385268520819,0.699999988079071,0.4000000059604645,1,liver_supported
110,31120,22176,18621,0.6987766436562073,0.699999988079071,0.4000000059604645,1,liver_supported
111,1830,3292,803,0.3135493949016889,0.699999988079071,0.4000000059604645,1,liver_supported
112,295,3855,146,0.07036144600714181,0.699999988079071,0.4000000059604645,1,liver_supported
113,21076,23138,12890,0.5830732347314634,0.699999988079071,0.4000000059604645,1,liver_supported
114,0,0,0,1.0,0.699999988079071,0.4000000059604645,1,liver_supported
115,0,3973,0,2.516989679708787e-10,0.699999988079071,0.4000000059604645,1,liver_supported
116,152763,466,0,6.5261797701053565e-12,0.699999988079071,0.4000000059604645,1,liver_supported
104,69032,264,0,1.4430847379149868e-11,0.699999988079071,0.4000000059604645,5,liver_supported
105,0,1845,0,5.420054197604306e-10,0.699999988079071,0.4000000059604645,5,liver_supported
106,0,1209,0,8.2712985870378e-10,0.699999988079071,0.4000000059604645,5,liver_supported
107,1473,3894,203,0.07564747548432131,0.699999988079071,0.4000000059604645,5,liver_supported
108,363698,216299,172629,0.5952754928049709,0.699999988079071,0.4000000059604645,5,liver_supported
109,18200,18551,12112,0.6591385268520819,0.699999988079071,0.4000000059604645,5,liver_supported
110,31120,22176,18621,0.6987766436562073,0.699999988079071,0.4000000059604645,5,liver_supported
111,1830,3292,803,0.3135493949016889,0.699999988079071,0.4000000059604645,5,liver_supported
112,295,3855,146,0.07036144600714181,0.699999988079071,0.4000000059604645,5,liver_supported
113,21076,23138,12890,0.5830732347314634,0.699999988079071,0.4000000059604645,5,liver_supported
114,0,0,0,1.0,0.699999988079071,0.4000000059604645,5,liver_supported
115,0,3973,0,2.516989679708787e-10,0.699999988079071,0.4000000059604645,5,liver_supported
116,152763,466,0,6.5261797701053565e-12,0.699999988079071,0.4000000059604645,5,liver_supported
104,69032,264,0,1.4430847379149868e-11,0.699999988079071,0.4000000059604645,11,liver_supported
105,0,1845,0,5.420054197604306e-10,0.699999988079071,0.4000000059604645,11,liver_supported
106,0,1209,0,8.2712985870378e-10,0.699999988079071,0.4000000059604645,11,liver_supported
107,1473,3894,203,0.07564747548432131,0.699999988079071,0.4000000059604645,11,liver_supported
108,363698,216299,172629,0.5952754928049709,0.699999988079071,0.4000000059604645,11,liver_supported
109,18200,18551,12112,0.6591385268520819,0.699999988079071,0.4000000059604645,11,liver_supported
110,31120,22176,18621,0.6987766436562073,0.699999988079071,0.4000000059604645,11,liver_supported
111,1830,3292,803,0.3135493949016889,0.699999988079071,0.4000000059604645,11,liver_supported
112,295,3855,146,0.07036144600714181,0.699999988079071,0.4000000059604645,11,liver_supported
113,21076,23138,12890,0.5830732347314634,0.699999988079071,0.4000000059604645,11,liver_supported
114,0,0,0,1.0,0.699999988079071,0.4000000059604645,11,liver_supported
115,0,3973,0,2.516989679708787e-10,0.699999988079071,0.4000000059604645,11,liver_supported
116,152763,466,0,6.5261797701053565e-12,0.699999988079071,0.4000000059604645,11,liver_supported
104,69032,264,0,1.4430847379149868e-11,0.699999988079071,0.4000000059604645,21,liver_supported
105,0,1845,0,5.420054197604306e-10,0.699999988079071,0.4000000059604645,21,liver_supported
106,0,1209,0,8.2712985870378e-10,0.699999988079071,0.4000000059604645,21,liver_supported
107,1473,3894,203,0.07564747548432131,0.699999988079071,0.4000000059604645,21,liver_supported
108,363698,216299,172629,0.5952754928049709,0.699999988079071,0.4000000059604645,21,liver_supported
109,18200,18551,12112,0.6591385268520819,0.699999988079071,0.4000000059604645,21,liver_supported
110,31120,22176,18621,0.6987766436562073,0.699999988079071,0.4000000059604645,21,liver_supported
111,1830,3292,803,0.3135493949016889,0.699999988079071,0.4000000059604645,21,liver_supported
112,295,3855,146,0.07036144600714181,0.699999988079071,0.4000000059604645,21,liver_supported
113,21076,23138,12890,0.5830732347314634,0.699999988079071,0.4000000059604645,21,liver_supported
114,0,0,0,1.0,0.699999988079071,0.4000000059604645,21,liver_supported
115,0,3973,0,2.516989679708787e-10,0.699999988079071,0.4000000059604645,21,liver_supported
116,152763,466,0,6.5261797701053565e-12,0.699999988079071,0.4000000059604645,21,liver_supported
104,69032,264,0,1.4430847379149868e-11,0.699999988079071,0.4000000059604645,31,liver_supported
105,0,1845,0,5.420054197604306e-10,0.699999988079071,0.4000000059604645,31,liver_supported
106,0,1209,0,8.2712985870378e-10,0.699999988079071,0.4000000059604645,31,liver_supported
107,1473,3894,203,0.07564747548432131,0.699999988079071,0.4000000059604645,31,liver_supported
108,363698,216299,172629,0.5952754928049709,0.699999988079071,0.4000000059604645,31,liver_supported
109,18200,18551,12112,0.6591385268520819,0.699999988079071,0.4000000059604645,31,liver_supported
110,31120,22176,18621,0.6987766436562073,0.699999988079071,0.4000000059604645,31,liver_supported
111,1830,3292,803,0.3135493949016889,0.699999988079071,0.4000000059604645,31,liver_supported
112,295,3855,146,0.07036144600714181,0.699999988079071,0.4000000059604645,31,liver_supported
113,21076,23138,12890,0.5830732347314634,0.699999988079071,0.4000000059604645,31,liver_supported
114,0,0,0,1.0,0.699999988079071,0.4000000059604645,31,liver_supported
115,0,3973,0,2.516989679708787e-10,0.699999988079071,0.4000000059604645,31,liver_supported
116,152763,466,0,6.5261797701053565e-12,0.699999988079071,0.4000000059604645,31,liver_supported
104,69032,264,0,1.4430847379149868e-11,0.699999988079071,0.5,1,liver_supported
105,0,1845,0,5.420054197604306e-10,0.699999988079071,0.5,1,liver_supported
106,0,1209,0,8.2712985870378e-10,0.699999988079071,0.5,1,liver_supported
107,1473,3894,203,0.07564747548432131,0.699999988079071,0.5,1,liver_supported
108,363698,216299,172629,0.5952754928049709,0.699999988079071,0.5,1,liver_supported
109,18200,18551,12112,0.6591385268520819,0.699999988079071,0.5,1,liver_supported
110,31120,22176,18621,0.6987766436562073,0.699999988079071,0.5,1,liver_supported
111,1830,3292,803,0.3135493949016889,0.699999988079071,0.5,1,liver_supported
112,295,3855,146,0.07036144600714181,0.699999988079071,0.5,1,liver_supported
113,21076,23138,12890,0.5830732347314634,0.699999988079071,0.5,1,liver_supported
114,0,0,0,1.0,0.699999988079071,0.5,1,liver_supported
115,0,3973,0,2.516989679708787e-10,0.699999988079071,0.5,1,liver_supported
116,152763,466,0,6.5261797701053565e-12,0.699999988079071,0.5,1,liver_supported
104,69032,264,0,1.4430847379149868e-11,0.699999988079071,0.5,5,liver_supported
105,0,1845,0,5.420054197604306e-10,0.699999988079071,0.5,5,liver_supported
106,0,1209,0,8.2712985870378e-10,0.699999988079071,0.5,5,liver_supported
107,1473,3894,203,0.07564747548432131,0.699999988079071,0.5,5,liver_supported
108,363698,216299,172629,0.5952754928049709,0.699999988079071,0.5,5,liver_supported
109,18200,18551,12112,0.6591385268520819,0.699999988079071,0.5,5,liver_supported
110,31120,22176,18621,0.6987766436562073,0.699999988079071,0.5,5,liver_supported
111,1830,3292,803,0.3135493949016889,0.699999988079071,0.5,5,liver_supported
112,295,3855,146,0.07036144600714181,0.699999988079071,0.5,5,liver_supported
113,21076,23138,12890,0.5830732347314634,0.699999988079071,0.5,5,liver_supported
114,0,0,0,1.0,0.699999988079071,0.5,5,liver_supported
115,0,3973,0,2.516989679708787e-10,0.699999988079071,0.5,5,liver_supported
116,152763,466,0,6.5261797701053565e-12,0.699999988079071,0.5,5,liver_supported
104,69032,264,0,1.4430847379149868e-11,0.699999988079071,0.5,11,liver_supported
105,0,1845,0,5.420054197604306e-10,0.699999988079071,0.5,11,liver_supported
106,0,1209,0,8.2712985870378e-10,0.699999988079071,0.5,11,liver_supported
107,1473,3894,203,0.07564747548432131,0.699999988079071,0.5,11,liver_supported
108,363698,216299,172629,0.5952754928049709,0.699999988079071,0.5,11,liver_supported
109,18200,18551,12112,0.6591385268520819,0.699999988079071,0.5,11,liver_supported
110,31120,22176,18621,0.6987766436562073,0.699999988079071,0.5,11,liver_supported
111,1830,3292,803,0.3135493949016889,0.699999988079071,0.5,11,liver_supported
112,295,3855,146,0.07036144600714181,0.699999988079071,0.5,11,liver_supported
113,21076,23138,12890,0.5830732347314634,0.699999988079071,0.5,11,liver_supported
114,0,0,0,1.0,0.699999988079071,0.5,11,liver_supported
115,0,3973,0,2.516989679708787e-10,0.699999988079071,0.5,11,liver_supported
116,152763,466,0,6.5261797701053565e-12,0.699999988079071,0.5,11,liver_supported
104,69032,264,0,1.4430847379149868e-11,0.699999988079071,0.5,21,liver_supported
105,0,1845,0,5.420054197604306e-10,0.699999988079071,0.5,21,liver_supported
106,0,1209,0,8.2712985870378e-10,0.699999988079071,0.5,21,liver_supported
107,1473,3894,203,0.07564747548432131,0.699999988079071,0.5,21,liver_supported
108,363698,216299,172629,0.5952754928049709,0.699999988079071,0.5,21,liver_supported
109,18200,18551,12112,0.6591385268520819,0.699999988079071,0.5,21,liver_supported
110,31120,22176,18621,0.6987766436562073,0.699999988079071,0.5,21,liver_supported
111,1830,3292,803,0.3135493949016889,0.699999988079071,0.5,21,liver_supported
112,295,3855,146,0.07036144600714181,0.699999988079071,0.5,21,liver_supported
113,21076,23138,12890,0.5830732347314634,0.699999988079071,0.5,21,liver_supported
114,0,0,0,1.0,0.699999988079071,0.5,21,liver_supported
115,0,3973,0,2.516989679708787e-10,0.699999988079071,0.5,21,liver_supported
116,152763,466,0,6.5261797701053565e-12,0.699999988079071,0.5,21,liver_supported
104,69032,264,0,1.4430847379149868e-11,0.699999988079071,0.5,31,liver_supported
105,0,1845,0,5.420054197604306e-10,0.699999988079071,0.5,31,liver_supported
106,0,1209,0,8.2712985870378e-10,0.699999988079071,0.5,31,liver_supported
107,1473,3894,203,0.07564747548432131,0.699999988079071,0.5,31,liver_supported
108,363698,216299,172629,0.5952754928049709,0.699999988079071,0.5,31,liver_supported
109,18200,18551,12112,0.6591385268520819,0.699999988079071,0.5,31,liver_supported
110,31120,22176,18621,0.6987766436562073,0.699999988079071,0.5,31,liver_supported
111,1830,3292,803,0.3135493949016889,0.699999988079071,0.5,31,liver_supported
112,295,3855,146,0.07036144600714181,0.699999988079071,0.5,31,liver_supported
113,21076,23138,12890,0.5830732347314634,0.699999988079071,0.5,31,liver_supported
114,0,0,0,1.0,0.699999988079071,0.5,31,liver_supported
115,0,3973,0,2.516989679708787e-10,0.699999988079071,0.5,31,liver_supported
116,152763,466,0,6.5261797701053565e-12,0.699999988079071,0.5,31,liver_supported
104,69032,264,0,1.4430847379149868e-11,0.699999988079071,0.6000000238418579,1,liver_supported
105,0,1845,0,5.420054197604306e-10,0.699999988079071,0.6000000238418579,1,liver_supported
106,0,1209,0,8.2712985870378e-10,0.699999988079071,0.6000000238418579,1,liver_supported
107,1473,3894,203,0.07564747548432131,0.699999988079071,0.6000000238418579,1,liver_supported
108,363698,216299,172629,0.5952754928049709,0.699999988079071,0.6000000238418579,1,liver_supported
109,18200,18551,12112,0.6591385268520819,0.699999988079071,0.6000000238418579,1,liver_supported
110,31120,22176,18621,0.6987766436562073,0.699999988079071,0.6000000238418579,1,liver_supported
111,1830,3292,803,0.3135493949016889,0.699999988079071,0.6000000238418579,1,liver_supported
112,295,3855,146,0.07036144600714181,0.699999988079071,0.6000000238418579,1,liver_supported
113,21076,23138,12890,0.5830732347314634,0.699999988079071,0.6000000238418579,1,liver_supported
114,0,0,0,1.0,0.699999988079071,0.6000000238418579,1,liver_supported
115,0,3973,0,2.516989679708787e-10,0.699999988079071,0.6000000238418579,1,liver_supported
116,152763,466,0,6.5261797701053565e-12,0.699999988079071,0.6000000238418579,1,liver_supported
104,69032,264,0,1.4430847379149868e-11,0.699999988079071,0.6000000238418579,5,liver_supported
105,0,1845,0,5.420054197604306e-10,0.699999988079071,0.6000000238418579,5,liver_supported
106,0,1209,0,8.2712985870378e-10,0.699999988079071,0.6000000238418579,5,liver_supported
107,1473,3894,203,0.07564747548432131,0.699999988079071,0.6000000238418579,5,liver_supported
108,363698,216299,172629,0.5952754928049709,0.699999988079071,0.6000000238418579,5,liver_supported
109,18200,18551,12112,0.6591385268520819,0.699999988079071,0.6000000238418579,5,liver_supported
110,31120,22176,18621,0.6987766436562073,0.699999988079071,0.6000000238418579,5,liver_supported
111,1830,3292,803,0.3135493949016889,0.699999988079071,0.6000000238418579,5,liver_supported
112,295,3855,146,0.07036144600714181,0.699999988079071,0.6000000238418579,5,liver_supported
113,21076,23138,12890,0.5830732347314634,0.699999988079071,0.6000000238418579,5,liver_supported
114,0,0,0,1.0,0.699999988079071,0.6000000238418579,5,liver_supported
115,0,3973,0,2.516989679708787e-10,0.699999988079071,0.6000000238418579,5,liver_supported
116,152763,466,0,6.5261797701053565e-12,0.699999988079071,0.6000000238418579,5,liver_supported
104,69032,264,0,1.4430847379149868e-11,0.699999988079071,0.6000000238418579,11,liver_supported
105,0,1845,0,5.420054197604306e-10,0.699999988079071,0.6000000238418579,11,liver_supported
106,0,1209,0,8.2712985870378e-10,0.699999988079071,0.6000000238418579,11,liver_supported
107,1473,3894,203,0.07564747548432131,0.699999988079071,0.6000000238418579,11,liver_supported
108,363698,216299,172629,0.5952754928049709,0.699999988079071,0.6000000238418579,11,liver_supported
109,18200,18551,12112,0.6591385268520819,0.699999988079071,0.6000000238418579,11,liver_supported
110,31120,22176,18621,0.6987766436562073,0.699999988079071,0.6000000238418579,11,liver_supported
111,1830,3292,803,0.3135493949016889,0.699999988079071,0.6000000238418579,11,liver_supported
112,295,3855,146,0.07036144600714181,0.699999988079071,0.6000000238418579,11,liver_supported
113,21076,23138,12890,0.5830732347314634,0.699999988079071,0.6000000238418579,11,liver_supported
114,0,0,0,1.0,0.699999988079071,0.6000000238418579,11,liver_supported
115,0,3973,0,2.516989679708787e-10,0.699999988079071,0.6000000238418579,11,liver_supported
116,152763,466,0,6.5261797701053565e-12,0.699999988079071,0.6000000238418579,11,liver_supported
104,69032,264,0,1.4430847379149868e-11,0.699999988079071,0.6000000238418579,21,liver_supported
105,0,1845,0,5.420054197604306e-10,0.699999988079071,0.6000000238418579,21,liver_supported
106,0,1209,0,8.2712985870378e-10,0.699999988079071,0.6000000238418579,21,liver_supported
107,1473,3894,203,0.07564747548432131,0.699999988079071,0.6000000238418579,21,liver_supported
108,363698,216299,172629,0.5952754928049709,0.699999988079071,0.6000000238418579,21,liver_supported
109,18200,18551,12112,0.6591385268520819,0.699999988079071,0.6000000238418579,21,liver_supported
110,31120,22176,18621,0.6987766436562073,0.699999988079071,0.6000000238418579,21,liver_supported
111,1830,3292,803,0.3135493949016889,0.699999988079071,0.6000000238418579,21,liver_supported
112,295,3855,146,0.07036144600714181,0.699999988079071,0.6000000238418579,21,liver_supported
113,21076,23138,12890,0.5830732347314634,0.699999988079071,0.6000000238418579,21,liver_supported
114,0,0,0,1.0,0.699999988079071,0.6000000238418579,21,liver_supported
115,0,3973,0,2.516989679708787e-10,0.699999988079071,0.6000000238418579,21,liver_supported
116,152763,466,0,6.5261797701053565e-12,0.699999988079071,0.6000000238418579,21,liver_supported
104,69032,264,0,1.4430847379149868e-11,0.699999988079071,0.6000000238418579,31,liver_supported
105,0,1845,0,5.420054197604306e-10,0.699999988079071,0.6000000238418579,31,liver_supported
106,0,1209,0,8.2712985870378e-10,0.699999988079071,0.6000000238418579,31,liver_supported
107,1473,3894,203,0.07564747548432131,0.699999988079071,0.6000000238418579,31,liver_supported
108,363698,216299,172629,0.5952754928049709,0.699999988079071,0.6000000238418579,31,liver_supported
109,18200,18551,12112,0.6591385268520819,0.699999988079071,0.6000000238418579,31,liver_supported
110,31120,22176,18621,0.6987766436562073,0.699999988079071,0.6000000238418579,31,liver_supported
111,1830,3292,803,0.3135493949016889,0.699999988079071,0.6000000238418579,31,liver_supported
112,295,3855,146,0.07036144600714181,0.699999988079071,0.6000000238418579,31,liver_supported
113,21076,23138,12890,0.5830732347314634,0.699999988079071,0.6000000238418579,31,liver_supported
114,0,0,0,1.0,0.699999988079071,0.6000000238418579,31,liver_supported
115,0,3973,0,2.516989679708787e-10,0.699999988079071,0.6000000238418579,31,liver_supported
116,152763,466,0,6.5261797701053565e-12,0.699999988079071,0.6000000238418579,31,liver_supported
104,69032,264,0,1.4430847379149868e-11,0.699999988079071,0.699999988079071,1,liver_supported
105,0,1845,0,5.420054197604306e-10,0.699999988079071,0.699999988079071,1,liver_supported
106,0,1209,0,8.2712985870378e-10,0.699999988079071,0.699999988079071,1,liver_supported
107,1473,3894,203,0.07564747548432131,0.699999988079071,0.699999988079071,1,liver_supported
108,363698,216299,172629,0.5952754928049709,0.699999988079071,0.699999988079071,1,liver_supported
109,18200,18551,12112,0.6591385268520819,0.699999988079071,0.699999988079071,1,liver_supported
110,31120,22176,18621,0.6987766436562073,0.699999988079071,0.699999988079071,1,liver_supported
111,1830,3292,803,0.3135493949016889,0.699999988079071,0.699999988079071,1,liver_supported
112,295,3855,146,0.07036144600714181,0.699999988079071,0.699999988079071,1,liver_supported
113,21076,23138,12890,0.5830732347314634,0.699999988079071,0.699999988079071,1,liver_supported
114,0,0,0,1.0,0.699999988079071,0.699999988079071,1,liver_supported
115,0,3973,0,2.516989679708787e-10,0.699999988079071,0.699999988079071,1,liver_supported
116,152763,466,0,6.5261797701053565e-12,0.699999988079071,0.699999988079071,1,liver_supported
104,69032,264,0,1.4430847379149868e-11,0.699999988079071,0.699999988079071,5,liver_supported
105,0,1845,0,5.420054197604306e-10,0.699999988079071,0.699999988079071,5,liver_supported
106,0,1209,0,8.2712985870378e-10,0.699999988079071,0.699999988079071,5,liver_supported
107,1473,3894,203,0.07564747548432131,0.699999988079071,0.699999988079071,5,liver_supported
108,363698,216299,172629,0.5952754928049709,0.699999988079071,0.699999988079071,5,liver_supported
109,18200,18551,12112,0.6591385268520819,0.699999988079071,0.699999988079071,5,liver_supported
110,31120,22176,18621,0.6987766436562073,0.699999988079071,0.699999988079071,5,liver_supported
111,1830,3292,803,0.3135493949016889,0.699999988079071,0.699999988079071,5,liver_supported
112,295,3855,146,0.07036144600714181,0.699999988079071,0.699999988079071,5,liver_supported
113,21076,23138,12890,0.5830732347314634,0.699999988079071,0.699999988079071,5,liver_supported
114,0,0,0,1.0,0.699999988079071,0.699999988079071,5,liver_supported
115,0,3973,0,2.516989679708787e-10,0.699999988079071,0.699999988079071,5,liver_supported
116,152763,466,0,6.5261797701053565e-12,0.699999988079071,0.699999988079071,5,liver_supported
104,69032,264,0,1.4430847379149868e-11,0.699999988079071,0.699999988079071,11,liver_supported
105,0,1845,0,5.420054197604306e-10,0.699999988079071,0.699999988079071,11,liver_supported
106,0,1209,0,8.2712985870378e-10,0.699999988079071,0.699999988079071,11,liver_supported
107,1473,3894,203,0.07564747548432131,0.699999988079071,0.699999988079071,11,liver_supported
108,363698,216299,172629,0.5952754928049709,0.699999988079071,0.699999988079071,11,liver_supported
109,18200,18551,12112,0.6591385268520819,0.699999988079071,0.699999988079071,11,liver_supported
110,31120,22176,18621,0.6987766436562073,0.699999988079071,0.699999988079071,11,liver_supported
111,1830,3292,803,0.3135493949016889,0.699999988079071,0.699999988079071,11,liver_supported
112,295,3855,146,0.07036144600714181,0.699999988079071,0.699999988079071,11,liver_supported
113,21076,23138,12890,0.5830732347314634,0.699999988079071,0.699999988079071,11,liver_supported
114,0,0,0,1.0,0.699999988079071,0.699999988079071,11,liver_supported
115,0,3973,0,2.516989679708787e-10,0.699999988079071,0.699999988079071,11,liver_supported
116,152763,466,0,6.5261797701053565e-12,0.699999988079071,0.699999988079071,11,liver_supported
104,69032,264,0,1.4430847379149868e-11,0.699999988079071,0.699999988079071,21,liver_supported
105,0,1845,0,5.420054197604306e-10,0.699999988079071,0.699999988079071,21,liver_supported
106,0,1209,0,8.2712985870378e-10,0.699999988079071,0.699999988079071,21,liver_supported
107,1473,3894,203,0.07564747548432131,0.699999988079071,0.699999988079071,21,liver_supported
108,363698,216299,172629,0.5952754928049709,0.699999988079071,0.699999988079071,21,liver_supported
109,18200,18551,12112,0.6591385268520819,0.699999988079071,0.699999988079071,21,liver_supported
110,31120,22176,18621,0.6987766436562073,0.699999988079071,0.699999988079071,21,liver_supported
111,1830,3292,803,0.3135493949016889,0.699999988079071,0.699999988079071,21,liver_supported
112,295,3855,146,0.07036144600714181,0.699999988079071,0.699999988079071,21,liver_supported
113,21076,23138,12890,0.5830732347314634,0.699999988079071,0.699999988079071,21,liver_supported
114,0,0,0,1.0,0.699999988079071,0.699999988079071,21,liver_supported
115,0,3973,0,2.516989679708787e-10,0.699999988079071,0.699999988079071,21,liver_supported
116,152763,466,0,6.5261797701053565e-12,0.699999988079071,0.699999988079071,21,liver_supported
104,69032,264,0,1.4430847379149868e-11,0.699999988079071,0.699999988079071,31,liver_supported
105,0,1845,0,5.420054197604306e-10,0.699999988079071,0.699999988079071,31,liver_supported
106,0,1209,0,8.2712985870378e-10,0.699999988079071,0.699999988079071,31,liver_supported
107,1473,3894,203,0.07564747548432131,0.699999988079071,0.699999988079071,31,liver_supported
108,363698,216299,172629,0.5952754928049709,0.699999988079071,0.699999988079071,31,liver_supported
109,18200,18551,12112,0.6591385268520819,0.699999988079071,0.699999988079071,31,liver_supported
110,31120,22176,18621,0.6987766436562073,0.699999988079071,0.699999988079071,31,liver_supported
111,1830,3292,803,0.3135493949016889,0.699999988079071,0.699999988079071,31,liver_supported
112,295,3855,146,0.07036144600714181,0.699999988079071,0.699999988079071,31,liver_supported
113,21076,23138,12890,0.5830732347314634,0.699999988079071,0.699999988079071,31,liver_supported
114,0,0,0,1.0,0.699999988079071,0.699999988079071,31,liver_supported
115,0,3973,0,2.516989679708787e-10,0.699999988079071,0.699999988079071,31,liver_supported
116,152763,466,0,6.5261797701053565e-12,0.699999988079071,0.699999988079071,31,liver_supported
