sample_id,volume_id,slice_index,tumor_pixels_native,liver_background_pixels_native,tumor_mean_hu,tumor_median_hu,liver_background_mean_hu,liver_background_median_hu,mean_contrast_hu,median_contrast_hu,robust_effect_size
v104_s0282,104,282,101,892,23.03960418701172,20.0,76.60089874267578,82.0,-53.56129455566406,-62.0,-2.558647394180298
v104_s0283,104,283,130,993,20.21538543701172,19.0,79.67069244384766,84.0,-59.45530700683594,-65.0,-3.0217833518981934
v104_s0284,104,284,184,1110,22.478260040283203,21.5,81.36125946044922,85.5,-58.882999420166016,-64.0,-2.784994125366211
v104_s0285,104,285,272,1229,14.297794342041016,14.0,80.08218383789062,86.0,-65.78439331054688,-72.0,-3.4855215549468994
v104_s0286,104,286,273,1332,9.736263275146484,10.0,79.13813781738281,84.0,-69.40187072753906,-74.0,-3.486027240753174
v104_s0287,104,287,312,1440,8.967948913574219,7.5,79.33819580078125,86.0,-70.37024688720703,-78.5,-3.8001868724823
v104_s0288,104,288,322,1582,6.807453632354736,5.5,79.7844467163086,86.0,-72.97698974609375,-80.5,-3.842947244644165
v104_s0289,104,289,348,1722,5.020114898681641,5.0,80.65098571777344,86.5,-75.63087463378906,-81.5,-3.7610366344451904
v104_s0290,104,290,378,1868,4.711640357971191,5.0,80.11188507080078,87.0,-75.4002456665039,-82.0,-3.9108831882476807
v104_s0291,104,291,369,1930,6.0352301597595215,5.0,81.86787414550781,89.0,-75.8326416015625,-84.0,-4.246638298034668
v104_s0292,104,292,295,2168,2.6033897399902344,2.0,78.85240173339844,87.0,-76.24900817871094,-85.0,-3.93755841255188
v104_s0293,104,293,300,2338,5.03000020980835,4.0,77.7232666015625,85.0,-72.69326782226562,-81.0,-3.7522616386413574
v104_s0294,104,294,321,2572,5.613707065582275,5.0,76.65940856933594,85.0,-71.04570007324219,-80.0,-3.343198299407959
v104_s0295,104,295,338,2852,2.9467456340789795,5.0,76.93373107910156,84.0,-73.98698425292969,-79.0,-3.572219133377075
v104_s0296,104,296,395,3038,0.6000000238418579,4.0,79.84891510009766,85.0,-79.24891662597656,-81.0,-3.979287624359131
v104_s0297,104,297,531,3214,2.762711763381958,2.0,83.36341094970703,87.0,-80.60070037841797,-85.0,-3.9515626430511475
v104_s0298,104,298,707,3381,9.643564224243164,9.0,86.94261932373047,90.0,-77.29905700683594,-81.0,-4.044171333312988
v104_s0299,104,299,668,3570,11.047904014587402,11.0,88.72212982177734,90.0,-77.67422485351562,-79.0,-3.544450283050537
v104_s0300,104,300,641,3856,12.36661434173584,12.0,89.7829360961914,90.0,-77.41632080078125,-78.0,-3.575540065765381
v104_s0301,104,301,649,4172,14.716486930847168,14.0,91.31735229492188,88.0,-76.60086822509766,-74.0,-3.066089391708374
v104_s0302,104,302,655,4323,14.09160327911377,13.0,91.00740051269531,90.0,-76.9157943725586,-77.0,-3.1903903484344482
v104_s0303,104,303,551,4756,12.74954605102539,11.0,86.70143127441406,90.0,-73.95188903808594,-79.0,-3.2308640480041504
v104_s0304,104,304,493,5044,11.841785430908203,10.0,85.38719177246094,92.0,-73.54541015625,-82.0,-3.2994132041931152
v104_s0305,104,305,509,5369,13.11001968383789,13.0,91.21065521240234,92.0,-78.10063171386719,-79.0,-2.9489099979400635
v104_s0306,104,306,428,6013,14.714953422546387,15.0,96.07666778564453,92.0,-81.3617172241211,-77.0,-2.930906295776367
v104_s0307,104,307,388,6415,11.814433097839355,11.5,101.36227416992188,94.0,-89.54784393310547,-82.5,-3.286797523498535
v104_s0308,104,308,390,6774,12.45641040802002,11.0,103.79258728027344,96.0,-91.33617401123047,-85.0,-3.3211371898651123
v104_s0309,104,309,413,7269,16.082324981689453,15.0,99.13743591308594,97.0,-83.05511474609375,-82.0,-3.3141887187957764
v104_s0310,104,310,478,7502,17.901674270629883,15.0,95.39229583740234,97.0,-77.4906234741211,-82.0,-3.2725911140441895
v104_s0311,104,311,574,7905,15.803135871887207,12.0,94.45275115966797,96.0,-78.64961242675781,-84.0,-3.1476235389709473
v104_s0312,104,312,796,8298,14.74748706817627,10.0,95.61713409423828,95.0,-80.86964416503906,-85.0,-3.3724539279937744
v104_s0313,104,313,1244,8167,15.542604446411133,12.0,96.05117797851562,96.0,-80.50857543945312,-84.0,-3.653404474258423
v104_s0314,104,314,1359,8488,10.759382247924805,10.0,92.45770263671875,95.0,-81.69831848144531,-85.0,-3.8136491775512695
v104_s0315,104,315,1544,8783,11.216320991516113,11.0,92.21450805664062,96.0,-80.99818420410156,-85.0,-3.8136491775512695
v104_s0316,104,316,1887,9074,13.687334060668945,13.0,92.32730865478516,96.0,-78.63997650146484,-83.0,-3.7239160537719727
v104_s0317,104,317,2020,9006,13.3435640335083,11.0,94.86930847167969,97.0,-81.52574157714844,-86.0,-4.132771015167236
v104_s0318,104,318,2090,9301,10.998564720153809,8.0,94.37297058105469,97.0,-83.37440490722656,-89.0,-4.4194464683532715
v104_s0319,104,319,2369,9822,10.358800888061523,7.0,92.9056167602539,96.0,-82.54681396484375,-89.0,-4.118001937866211
v104_s0320,104,320,2514,10060,11.935561180114746,7.0,94.53190612792969,97.0,-82.59634399414062,-90.0,-3.8981869220733643
v104_s0321,104,321,2654,10300,17.968727111816406,7.0,94.99874114990234,97.0,-77.03001403808594,-90.0,-4.0379815101623535
v104_s0322,104,322,2824,10589,25.958568572998047,9.0,95.68740844726562,97.0,-69.72883605957031,-88.0,-3.827376127243042
v104_s0323,104,323,2995,10794,27.833723068237305,8.0,98.27542877197266,98.0,-70.44170379638672,-90.0,-3.9143619537353516
v104_s0324,104,324,3104,11185,23.22841453552246,7.0,99.15556335449219,100.0,-75.9271469116211,-93.0,-4.0448408126831055
v104_s0325,104,325,3251,11520,21.45124626159668,9.0,100.08367919921875,101.0,-78.63243103027344,-92.0,-4.127714157104492
v104_s0326,104,326,3341,11605,20.644716262817383,11.0,102.94657135009766,102.0,-82.3018569946289,-91.0,-4.373048305511475
v104_s0327,104,327,3415,11820,17.500146865844727,13.0,103.31438446044922,103.0,-85.81423950195312,-90.0,-4.493524074554443
v104_s0328,104,328,3468,12113,14.802767753601074,13.0,102.92495727539062,103.0,-88.1221923828125,-90.0,-4.493524074554443
v104_s0329,104,329,3634,12282,14.108145713806152,13.0,104.1353988647461,103.0,-90.02725219726562,-90.0,-4.493524074554443
v104_s0330,104,330,3926,12525,14.498726844787598,13.0,104.40966033935547,103.0,-89.91093444824219,-90.0,-4.493524074554443
v104_s0331,104,331,4047,12578,14.417346000671387,13.0,103.33415222167969,103.0,-88.91680908203125,-90.0,-4.669551372528076
v104_s0332,104,332,4152,12622,14.311175346374512,13.0,103.03612518310547,104.0,-88.7249526977539,-91.0,-4.54345178604126
v104_s0333,104,333,4249,13147,13.219346046447754,11.0,102.426025390625,104.0,-89.20668029785156,-93.0,-4.825202941894531
v104_s0334,104,334,4189,13701,11.754356384277344,10.0,101.685791015625,104.0,-89.93143463134766,-94.0,-4.693236351013184
v104_s0335,104,335,4320,14072,11.092592239379883,10.0,102.10133361816406,104.0,-91.00874328613281,-94.0,-4.517214775085449
v104_s0336,104,336,4384,14440,11.431113243103027,10.0,101.4919662475586,104.0,-90.06085205078125,-94.0,-4.862721920013428
v104_s0337,104,337,4495,14515,12.93570613861084,10.0,103.293212890625,104.0,-90.35750579833984,-94.0,-4.517214775085449
v104_s0338,104,338,4565,15085,10.510843276977539,9.0,102.29399871826172,103.0,-91.78315734863281,-94.0,-4.517214775085449
v104_s0339,104,339,4583,15816,9.025528907775879,8.0,101.02516174316406,102.0,-91.9996337890625,-94.0,-4.66772985458374
v104_s0340,104,340,4583,16122,8.486799240112305,8.0,100.84629821777344,103.0,-92.3594970703125,-95.0,-4.717386722564697
v104_s0341,104,341,4662,16612,8.907550811767578,8.0,100.78888702392578,102.0,-91.88133239746094,-94.0,-4.517214775085449
v104_s0342,104,342,4680,16960,9.98888874053955,9.0,99.83785247802734,102.0,-89.84896087646484,-93.0,-4.618072986602783
v104_s0343,104,343,4718,17009,10.321746826171875,8.0,99.80569458007812,103.0,-89.48394775390625,-95.0,-4.717386722564697
v104_s0344,104,344,4699,17138,8.431368827819824,7.0,99.91988372802734,102.0,-91.48851776123047,-95.0,-4.717386722564697
v104_s0345,104,345,4751,17417,8.591033935546875,7.0,99.29120635986328,102.0,-90.7001724243164,-95.0,-4.717386722564697
v104_s0346,104,346,4815,17509,9.195430755615234,7.0,99.05431365966797,102.0,-89.85888671875,-95.0,-4.717386722564697
v104_s0347,104,347,4870,17835,9.581314086914062,7.0,98.67804718017578,102.0,-89.09673309326172,-95.0,-4.717386722564697
v104_s0348,104,348,4950,18121,9.600403785705566,8.0,98.74493408203125,102.0,-89.14453125,-94.0,-4.517214775085449
v104_s0349,104,349,4878,18402,8.947929382324219,7.0,98.47190856933594,101.0,-89.52397918701172,-94.0,-4.517214775085449
v104_s0350,104,350,4866,18495,8.006987571716309,8.0,98.59902954101562,101.0,-90.592041015625,-93.0,-4.4691596031188965
v104_s0351,104,351,4835,18794,7.4732160568237305,7.0,98.56832122802734,101.0,-91.09510803222656,-94.0,-4.517214775085449
v104_s0352,104,352,4917,18985,8.321944236755371,7.0,98.66779327392578,101.0,-90.3458480834961,-94.0,-4.693236351013184
v104_s0353,104,353,4969,19113,9.873616218566895,7.0,98.9352798461914,101.0,-89.06166076660156,-94.0,-4.693236351013184
v104_s0354,104,354,5056,19195,10.449960708618164,5.0,99.42339324951172,101.0,-88.97343444824219,-96.0,-4.793092250823975
v104_s0355,104,355,5088,19370,9.738207817077637,5.0,99.42039489746094,101.0,-89.68218994140625,-96.0,-4.62507963180542
v104_s0356,104,356,4927,19712,5.995129108428955,5.0,99.29296875,100.0,-93.29783630371094,-95.0,-4.56527042388916
v104_s0357,104,357,4898,19942,7.155369758605957,6.0,99.15123748779297,100.0,-91.99586486816406,-94.0,-4.862721920013428
v104_s0358,104,358,4858,20157,8.455742835998535,6.0,99.0385971069336,100.0,-90.58285522460938,-94.0,-4.693236351013184
v104_s0359,104,359,4869,20547,12.116040229797363,6.0,98.72760009765625,100.0,-86.61155700683594,-94.0,-4.693236351013184
v104_s0360,104,360,4758,20754,13.942832946777344,6.0,98.30548095703125,100.0,-84.3626480102539,-94.0,-4.693236351013184
v104_s0361,104,361,4631,20890,13.125243186950684,6.0,98.37649536132812,100.0,-85.25125122070312,-94.0,-4.693236351013184
v104_s0362,104,362,4596,21058,12.157963752746582,6.0,98.65081787109375,100.0,-86.49285125732422,-94.0,-4.610302448272705
v104_s0363,104,363,4438,21299,9.464849472045898,5.0,99.23114013671875,100.0,-89.76628875732422,-95.0,-4.576901912689209
v104_s0364,104,364,4351,21484,9.765571594238281,6.0,99.39759826660156,100.0,-89.63202667236328,-94.0,-4.52872371673584
v104_s0365,104,365,4241,21745,12.138882637023926,8.0,99.43159484863281,100.0,-87.29270935058594,-92.0,-4.43236780166626
v104_s0366,104,366,4188,21911,14.504298210144043,9.0,100.13645935058594,100.0,-85.63216400146484,-91.0,-4.384190082550049
v104_s0367,104,367,4132,22081,16.337608337402344,10.0,100.86997985839844,101.0,-84.5323715209961,-91.0,-4.230496406555176
v104_s0368,104,368,3978,22358,13.080694198608398,9.0,101.30830383300781,101.0,-88.22760772705078,-92.0,-4.593379974365234
v104_s0369,104,369,3920,22532,12.184694290161133,9.0,101.00812530517578,102.0,-88.82343292236328,-93.0,-4.825202941894531
v104_s0370,104,370,3810,22716,10.912860870361328,8.0,100.42234802246094,102.0,-89.50949096679688,-94.0,-4.877087116241455
v104_s0371,104,371,3594,23090,8.949638366699219,8.0,99.6046371459961,101.0,-90.65499877929688,-93.0,-4.810990810394287
v104_s0372,104,372,3458,23381,8.660497665405273,8.0,99.17608642578125,101.0,-90.51558685302734,-93.0,-4.810990810394287
v104_s0373,104,373,3285,23657,9.122678756713867,8.0,98.84431457519531,101.0,-89.72163391113281,-93.0,-4.810990810394287
v104_s0374,104,374,2995,24049,9.03906536102295,8.0,98.51107788085938,101.0,-89.47201538085938,-93.0,-4.810990810394287
v104_s0375,104,375,2782,24376,7.988138198852539,7.0,98.7773666381836,101.0,-90.78923034667969,-94.0,-4.862721920013428
v104_s0376,104,376,2569,24722,6.364344120025635,6.0,98.76336669921875,100.0,-92.3990249633789,-94.0,-4.693236351013184
v104_s0377,104,377,2398,24989,6.83236026763916,6.0,98.96382141113281,100.0,-92.13146209716797,-94.0,-4.693236351013184
v104_s0378,104,378,2233,25339,7.973130226135254,8.0,98.90631103515625,100.0,-90.93318176269531,-92.0,-4.593379974365234
v104_s0379,104,379,2014,25726,8.539225578308105,9.0,98.74531555175781,99.0,-90.20609283447266,-90.0,-4.493524074554443
v104_s0380,104,380,1815,26013,7.309091091156006,9.0,99.2460708618164,99.0,-91.93698120117188,-90.0,-4.336012363433838
v104_s0381,104,381,1640,26192,9.529877662658691,9.0,99.27023315429688,99.0,-89.7403564453125,-90.0,-4.0379815101623535
v104_s0382,104,382,1458,26401,24.86831283569336,12.0,98.79296112060547,99.0,-73.92465209960938,-87.0,-3.3992815017700195
v104_s0383,104,383,810,27057,19.85555648803711,16.5,98.68163299560547,98.0,-78.82608032226562,-81.5,-3.030073642730713
v104_s0384,104,384,513,27388,27.397661209106445,27.0,98.9472427368164,98.0,-71.5495834350586,-71.0,-2.6833643913269043
v104_s0385,104,385,97,27809,8.90721607208252,10.0,98.70958709716797,98.0,-89.8023681640625,-88.0,-4.552335262298584
v104_s0386,104,386,55,27817,10.399999618530273,11.0,98.8921127319336,99.0,-88.49211120605469,-88.0,-4.878966331481934
v104_s0413,104,413,19,26341,65.42105102539062,67.0,100.06233978271484,100.0,-34.64128875732422,-33.0,-2.0621821880340576
v104_s0414,104,414,33,26211,67.90908813476562,73.0,100.28907775878906,100.0,-32.37998962402344,-27.0,-1.62886381149292
v104_s0415,104,415,28,26129,71.75,73.0,100.29637908935547,100.0,-28.54637908935547,-27.0,-1.62886381149292
v104_s0416,104,416,27,25849,61.77777862548828,61.0,100.76173400878906,101.0,-38.98395538330078,-40.0,-2.142996072769165
v104_s0417,104,417,11,25841,65.81818389892578,66.0,101.15599060058594,101.0,-35.337806701660156,-35.0,-2.1871628761291504
v104_s0423,104,423,8,23951,71.75,68.0,99.00455474853516,98.0,-27.254554748535156,-30.0,-1.7471991777420044
v104_s0424,104,424,11,23645,73.54545593261719,71.0,99.09418487548828,97.0,-25.548728942871094,-26.0,-1.538075566291809
v104_s0425,104,425,21,23296,78.33333587646484,79.0,100.00373077392578,97.0,-21.670394897460938,-18.0,-0.9643481969833374
v104_s0426,104,426,35,22931,71.22856903076172,77.0,99.61798095703125,96.0,-28.38941192626953,-19.0,-1.0534131526947021
v104_s0427,104,427,39,22460,56.79487228393555,61.0,98.2544937133789,95.0,-41.45962142944336,-34.0,-1.6975535154342651
v104_s0428,104,428,44,21871,47.79545593261719,46.5,97.26715850830078,94.0,-49.471702575683594,-47.5,-2.37158203125
v104_s0429,104,429,56,21369,45.89285659790039,45.5,96.29715728759766,93.0,-50.404300689697266,-47.5,-2.329674005508423
v104_s0430,104,430,41,20901,45.34146499633789,46.0,97.05626678466797,94.0,-51.71480178833008,-48.0,-2.839524030685425
v104_s0431,104,431,22,20420,43.727272033691406,41.0,96.65411376953125,93.0,-52.926841735839844,-52.0,-2.6428275108337402
v104_s0432,104,432,14,19989,44.14285659790039,44.5,96.46160125732422,92.0,-52.31874465942383,-47.5,-2.329674005508423
v104_s0433,104,433,15,19542,65.0,63.0,97.52118682861328,92.0,-32.52118682861328,-29.0,-1.662069320678711
v104_s0434,104,434,14,19058,74.78571319580078,72.0,97.00231170654297,91.0,-22.216598510742188,-19.0,-1.1411139965057373
v107_s0268,107,268,37,92,86.56756591796875,86.0,90.2934799194336,100.0,-3.7259140014648438,-14.0,-0.4048597514629364
v107_s0269,107,269,40,136,87.2750015258789,89.0,99.67646789550781,101.5,-12.401466369628906,-12.5,-0.4505826234817505
v107_s0270,107,270,51,176,78.78431701660156,80.0,102.65908813476562,107.0,-23.874771118164062,-27.0,-1.169456124305725
v107_s0271,107,271,59,245,69.50847625732422,70.0,100.11837005615234,106.0,-30.609893798828125,-36.0,-1.4283334016799927
v107_s0272,107,272,74,274,69.02702331542969,69.5,107.13138580322266,113.0,-38.10436248779297,-43.5,-1.6488937139511108
v107_s0273,107,273,90,307,74.61111450195312,75.0,107.42996978759766,116.0,-32.81885528564453,-41.0,-1.489927887916565
v107_s0274,107,274,103,348,78.99028778076172,80.0,109.14655303955078,116.5,-30.156265258789062,-36.5,-1.2991104125976562
v107_s0275,107,275,105,416,83.5142822265625,84.0,109.88701629638672,115.0,-26.37273406982422,-31.0,-1.0635623931884766
v107_s0276,107,276,126,425,82.96825408935547,82.0,113.54352569580078,116.0,-30.575271606445312,-34.0,-1.374175786972046
v107_s0277,107,277,121,476,85.9504165649414,82.0,117.59243774414062,117.0,-31.64202117919922,-35.0,-1.5159616470336914
v107_s0278,107,278,81,543,86.87654113769531,87.0,119.03314971923828,118.0,-32.15660858154297,-31.0,-1.3939476013183594
v107_s0279,107,279,44,628,99.29545593261719,95.5,119.43312072753906,121.0,-20.137664794921875,-25.5,-0.9643113613128662
v107_s0280,107,280,19,702,111.78947448730469,118.0,122.7706527709961,125.0,-10.981178283691406,-7.0,-0.2290232628583908
v107_s0331,107,331,2,4791,113.0,113.0,127.6224136352539,127.0,-14.622413635253906,-14.0,-0.7646613717079163
v107_s0332,107,332,8,4884,108.125,108.5,127.89885711669922,127.0,-19.77385711669922,-18.5,-1.1268296241760254
v107_s0333,107,333,25,4994,108.55999755859375,106.0,128.85923767089844,129.0,-20.299240112304688,-23.0,-1.1052759885787964
v107_s0334,107,334,27,5154,103.62963104248047,102.0,129.16162109375,130.0,-25.53199005126953,-28.0,-1.1780601739883423
v107_s0335,107,335,40,5231,97.55000305175781,99.0,129.871337890625,131.0,-32.32133483886719,-32.0,-1.6670806407928467
v107_s0336,107,336,57,5285,96.45613861083984,92.0,130.09649658203125,130.0,-33.640357971191406,-38.0,-1.8261080980300903
v107_s0337,107,337,73,5358,100.4383544921875,100.0,130.22283935546875,130.0,-29.78448486328125,-30.0,-1.3946691751480103
v107_s0338,107,338,93,5435,101.18279266357422,100.0,131.08132934570312,131.0,-29.898536682128906,-31.0,-1.5393576622009277
v107_s0339,107,339,106,5561,99.03773498535156,99.0,131.45262145996094,132.0,-32.414886474609375,-33.0,-1.585830807685852
v107_s0340,107,340,137,5642,95.48175048828125,96.0,131.16111755371094,132.0,-35.67936706542969,-36.0,-1.7169731855392456
v107_s0341,107,341,114,5804,87.85964965820312,85.5,129.50706481933594,130.0,-41.64741516113281,-44.5,-1.875927448272705
v107_s0342,107,342,88,5835,81.56818389892578,82.0,129.58749389648438,130.0,-48.019309997558594,-48.0,-1.7342666387557983
v107_s0343,107,343,78,5854,78.74359130859375,77.5,129.0550079345703,129.0,-50.31141662597656,-51.5,-2.1313204765319824
v107_s0344,107,344,58,6098,80.93103790283203,83.5,127.66973114013672,128.0,-46.73869323730469,-44.5,-2.0276362895965576
v107_s0345,107,345,41,6157,92.41463470458984,91.0,128.4853057861328,129.0,-36.07067108154297,-38.0,-1.9745115041732788
v107_s0346,107,346,36,6316,96.61111450195312,95.5,128.77247619628906,130.0,-32.16136169433594,-34.5,-1.7926486730575562
v107_s0347,107,347,24,6409,107.625,114.0,129.37368774414062,130.0,-21.748687744140625,-16.0,-0.8595743775367737
v107_s0348,107,348,15,6539,105.66666412353516,102.0,129.11270141601562,129.0,-23.44603729248047,-27.0,-1.62886381149292
v107_s0349,107,349,11,6700,96.54545593261719,96.0,129.10194396972656,129.0,-32.556488037109375,-33.0,-1.7460765838623047
v107_s0350,107,350,9,6901,88.33333587646484,89.0,128.02796936035156,129.0,-39.69463348388672,-40.0,-2.305025339126587
v107_s0358,107,358,11,9093,86.7272720336914,85.0,122.06763458251953,124.0,-35.340362548828125,-39.0,-2.026472330093384
v107_s0359,107,359,11,9623,91.54545593261719,93.0,120.14392852783203,123.0,-28.598472595214844,-30.0,-1.735113263130188
v107_s0360,107,360,11,9830,103.36363983154297,103.0,120.67466735839844,123.0,-17.31102752685547,-20.0,-1.066463589668274
v107_s0361,107,361,14,10111,105.14286041259766,107.5,120.56918334960938,122.0,-15.426322937011719,-14.5,-0.7827224135398865
v107_s0362,107,362,55,10694,99.7272720336914,98.0,118.4349136352539,121.0,-18.7076416015625,-23.0,-1.1299211978912354
v107_s0363,107,363,62,10772,93.98387145996094,100.5,120.62393188476562,122.0,-26.640060424804688,-21.5,-1.0162461996078491
v107_s0364,107,364,82,11465,91.48780822753906,93.5,118.59790802001953,122.0,-27.11009979248047,-28.5,-1.379685640335083
v107_s0365,107,365,76,11553,90.77631378173828,91.5,120.42906951904297,122.0,-29.652755737304688,-30.5,-1.4328824281692505
v107_s0366,107,366,99,12199,93.89898681640625,95.0,117.99918365478516,121.0,-24.100196838378906,-26.0,-1.2030117511749268
v107_s0367,107,367,133,12184,97.65413665771484,101.0,120.17211151123047,121.0,-22.517974853515625,-20.0,-0.7680304050445557
v107_s0368,107,368,180,12779,98.31666564941406,100.0,117.85225677490234,121.0,-19.53559112548828,-21.0,-0.8580489158630371
v107_s0369,107,369,161,13047,102.03105926513672,105.0,119.0055923461914,121.0,-16.974533081054688,-16.0,-0.5780888795852661
v107_s0370,107,370,161,13255,104.02484130859375,106.0,119.72342681884766,121.0,-15.698585510253906,-15.0,-0.5941119194030762
v107_s0371,107,371,157,13828,101.356689453125,99.0,118.96550750732422,122.0,-17.60881805419922,-23.0,-0.85657799243927
v107_s0372,107,372,169,13795,95.10059356689453,97.0,122.0967025756836,123.0,-26.996109008789062,-26.0,-0.9984394907951355
v107_s0373,107,373,174,14351,96.53448486328125,96.5,121.20939636230469,123.0,-24.674911499023438,-26.5,-1.0827760696411133
v107_s0374,107,374,181,14726,94.91712951660156,97.0,121.47338104248047,124.0,-26.556251525878906,-27.0,-1.1382031440734863
v107_s0375,107,375,177,14670,95.2203369140625,94.0,123.41690826416016,125.0,-28.196571350097656,-31.0,-1.227831244468689
v107_s0376,107,376,177,15216,100.28813934326172,97.0,123.56427764892578,126.0,-23.276138305664062,-29.0,-1.3040153980255127
v107_s0377,107,377,167,15705,105.98802185058594,105.0,123.61228942871094,127.0,-17.624267578125,-22.0,-1.0179330110549927
v107_s0378,107,378,178,15485,111.23595428466797,110.0,126.21414184570312,129.0,-14.978187561035156,-19.0,-0.9061802625656128
v107_s0379,107,379,178,15964,113.33708190917969,113.0,125.5533676147461,128.0,-12.216285705566406,-15.0,-0.6940452456474304
v107_s0380,107,380,190,15657,112.63157653808594,111.0,126.72491455078125,128.0,-14.093338012695312,-17.0,-0.7393795251846313
v107_s0381,107,381,156,15873,110.58333587646484,117.0,127.2896728515625,128.0,-16.706336975097656,-11.0,-0.5167772769927979
v107_s0382,107,382,140,16458,105.40714263916016,108.0,126.55662536621094,128.0,-21.14948272705078,-20.0,-0.9611095786094666
v107_s0383,107,383,122,16928,109.1229476928711,108.5,125.57962799072266,127.0,-16.456680297851562,-18.5,-0.8429499268531799
v107_s0384,107,384,109,16808,116.412841796875,118.0,126.28302001953125,128.0,-9.87017822265625,-10.0,-0.4486646056175232
v107_s0385,107,385,102,16915,118.54901885986328,119.0,127.23777770996094,128.0,-8.688758850097656,-9.0,-0.4421430826187134
v107_s0386,107,386,96,17345,116.0,115.0,126.51063537597656,128.0,-10.510635375976562,-13.0,-0.6293302774429321
v107_s0387,107,387,95,17699,111.11579132080078,113.0,125.41160583496094,128.0,-14.295814514160156,-15.0,-0.6729968786239624
v107_s0388,107,388,80,18163,113.69999694824219,114.0,125.16213989257812,128.0,-11.462142944335938,-14.0,-0.6477755904197693
v107_s0389,107,389,64,18028,119.65625,119.0,126.59069061279297,129.0,-6.934440612792969,-10.0,-0.43492910265922546
v107_s0390,107,390,51,18620,122.50980377197266,119.0,125.32470703125,129.0,-2.8149032592773438,-10.0,-0.4626968502998352
v107_s0391,107,391,47,18498,122.7021255493164,124.0,127.0042724609375,129.0,-4.302146911621094,-5.0,-0.21746455132961273
v107_s0392,107,392,31,18834,121.09677124023438,124.0,125.93973541259766,129.0,-4.842964172363281,-5.0,-0.2384684979915619
v107_s0393,107,393,31,18607,118.25806427001953,116.0,127.4588623046875,130.0,-9.200798034667969,-14.0,-0.7634108662605286
v107_s0394,107,394,17,19222,124.29412078857422,121.0,126.13291931152344,130.0,-1.8387985229492188,-9.0,-0.5313898921012878
v107_s0395,107,395,12,19047,131.0833282470703,131.0,127.25180053710938,130.0,3.8315277099609375,1.0,0.058348823338747025
v108_s0414,108,414,4,520,94.75,100.5,67.92692565917969,71.0,26.823074340820312,29.5,1.5062613487243652
v108_s0415,108,415,68,650,54.985294342041016,54.0,57.79538345336914,69.0,-2.810089111328125,-15.0,-0.5415699481964111
v108_s0416,108,416,114,723,56.14912414550781,54.5,73.63623809814453,79.0,-17.48711395263672,-24.5,-1.0386627912521362
v108_s0417,108,417,196,1002,62.17346954345703,63.0,68.8852310180664,76.0,-6.711761474609375,-13.0,-0.4672732949256897
v108_s0418,108,418,413,1110,67.95641326904297,68.0,68.97477722167969,77.0,-1.0183639526367188,-9.0,-0.3190540075302124
v108_s0419,108,419,532,1197,70.53571319580078,69.5,72.42439270019531,80.0,-1.8886795043945312,-10.5,-0.34970930218696594
v108_s0420,108,420,730,1222,75.13835906982422,78.0,76.94190216064453,83.0,-1.8035430908203125,-5.0,-0.16446103155612946
v108_s0421,108,421,954,1326,77.69915771484375,80.0,81.15988159179688,87.0,-3.460723876953125,-7.0,-0.2420453429222107
v108_s0422,108,422,1267,1361,78.1562728881836,79.0,82.25275421142578,87.0,-4.0964813232421875,-8.0,-0.2915652096271515
v108_s0423,108,423,1616,1246,76.6893539428711,78.0,86.21428680419922,90.0,-9.524932861328125,-12.0,-0.4623192846775055
v108_s0424,108,424,1674,1455,76.20071411132812,76.0,85.77250671386719,91.0,-9.571792602539062,-15.0,-0.546684741973877
v108_s0425,108,425,1783,1669,74.00897216796875,74.0,85.39005279541016,91.0,-11.381080627441406,-17.0,-0.5878244042396545
v108_s0426,108,426,1867,1893,71.64274597167969,71.0,87.7680892944336,93.0,-16.125343322753906,-22.0,-0.8231083750724792
v108_s0427,108,427,2019,2022,69.58048248291016,69.0,90.68199920654297,95.0,-21.101516723632812,-26.0,-1.0016918182373047
v108_s0428,108,428,2181,2182,66.76753997802734,67.0,92.99908447265625,97.0,-26.231544494628906,-30.0,-1.1557981967926025
v108_s0429,108,429,2410,2264,65.3887939453125,65.0,92.62235260009766,97.0,-27.233558654785156,-32.0,-1.3075031042099
v108_s0430,108,430,2496,2475,64.10095977783203,63.0,91.63030242919922,95.0,-27.529342651367188,-32.0,-1.232851505279541
v108_s0431,108,431,2545,2787,62.45343780517578,61.0,90.81449890136719,96.0,-28.361061096191406,-35.0,-1.3886574506759644
v108_s0432,108,432,2660,3018,61.05601501464844,60.0,91.47614288330078,96.0,-30.420127868652344,-36.0,-1.4283334016799927
v108_s0433,108,433,2820,3226,60.78652572631836,60.0,91.56571960449219,96.0,-30.779193878173828,-36.0,-1.4283334016799927
v108_s0434,108,434,3048,3315,60.141075134277344,58.0,91.72579193115234,97.0,-31.584716796875,-39.0,-1.5473612546920776
v108_s0435,108,435,3343,3364,61.06939697265625,60.0,91.56212615966797,98.0,-30.49272918701172,-38.0,-1.5050835609436035
v108_s0436,108,436,3265,3820,60.01715087890625,59.0,90.23298645019531,97.0,-30.215835571289062,-38.0,-1.4217326641082764
v108_s0437,108,437,3298,4124,58.84202575683594,58.0,91.15955352783203,96.0,-32.317527770996094,-38.0,-1.4217326641082764
v108_s0438,108,438,3435,4357,58.50334930419922,56.0,93.81248474121094,98.0,-35.30913543701172,-42.0,-1.6635133028030396
v108_s0439,108,439,3739,4410,58.286441802978516,56.0,97.67687225341797,100.0,-39.39043045043945,-44.0,-1.7912555932998657
v108_s0440,108,440,4044,4438,60.44609451293945,59.0,98.99166107177734,101.0,-38.54556655883789,-42.0,-1.6549752950668335
v108_s0441,108,441,4005,4919,61.553558349609375,61.0,98.37100982666016,101.0,-36.81745147705078,-40.0,-1.5842984914779663
v108_s0442,108,442,4076,5270,63.37070846557617,63.0,98.2973403930664,101.0,-34.926631927490234,-38.0,-1.5526599884033203
v108_s0443,108,443,4100,5656,63.70439147949219,63.0,97.76131439208984,100.0,-34.056922912597656,-37.0,-1.5062830448150635
v108_s0444,108,444,4442,5804,64.8205795288086,63.0,96.98311614990234,101.0,-32.16253662109375,-38.0,-1.4152158498764038
v108_s0445,108,445,4685,6073,64.50907135009766,63.0,95.7923583984375,101.0,-31.283287048339844,-38.0,-1.4498884677886963
v108_s0446,108,446,4752,6640,62.7843017578125,62.0,92.37725830078125,99.0,-29.59295654296875,-37.0,-1.420856237411499
v108_s0447,108,447,5092,7203,62.80714797973633,61.0,90.09481811523438,97.0,-27.287670135498047,-36.0,-1.3082293272018433
v108_s0448,108,448,6128,7321,64.16563415527344,62.0,89.01638793945312,97.0,-24.850753784179688,-35.0,-1.2755978107452393
v108_s0449,108,449,6535,7320,63.11522674560547,61.0,92.47158813476562,99.0,-29.356361389160156,-38.0,-1.3849347829818726
v108_s0450,108,450,6904,7421,62.3244514465332,61.0,94.7587890625,100.0,-32.4343376159668,-39.0,-1.4213804006576538
v108_s0451,108,451,7649,7148,62.04392623901367,60.0,97.62157440185547,103.0,-35.5776481628418,-43.0,-1.6512653827667236
v108_s0452,108,452,7879,7223,61.6616325378418,59.0,99.16267395019531,104.0,-37.501041412353516,-45.0,-1.7823357582092285
v108_s0453,108,453,7518,8025,59.03950500488281,57.0,97.76486206054688,103.0,-38.72535705566406,-46.0,-1.8219431638717651
v108_s0454,108,454,7866,8126,58.697303771972656,57.0,98.24723052978516,103.0,-39.5499267578125,-46.0,-1.8219431638717651
v108_s0455,108,455,7823,8574,57.947975158691406,56.0,97.82353973388672,102.0,-39.87556457519531,-46.0,-1.8795357942581177
v108_s0456,108,456,8295,8518,59.03556442260742,57.0,97.08699035644531,101.0,-38.05142593383789,-44.0,-1.7427282333374023
v108_s0457,108,457,8523,8517,59.158042907714844,57.0,98.03252410888672,102.0,-38.874481201171875,-45.0,-1.7823357582092285
v108_s0458,108,458,8811,8561,59.5894889831543,58.0,98.9653091430664,102.0,-39.37582015991211,-44.0,-1.7427282333374023
v108_s0459,108,459,9529,8277,61.427223205566406,60.0,99.89066314697266,103.0,-38.46343994140625,-43.0,-1.6512653827667236
v108_s0460,108,460,8966,9188,59.976131439208984,58.0,98.81236267089844,102.0,-38.83623123168945,-44.0,-1.6896668672561646
v108_s0461,108,461,8693,10076,58.851375579833984,57.0,96.57453155517578,100.0,-37.7231559753418,-43.0,-1.6566441059112549
v108_s0462,108,462,8629,10286,58.34638977050781,56.0,97.90345764160156,101.0,-39.55706787109375,-45.0,-1.7823357582092285
v108_s0463,108,463,8566,10769,58.03280258178711,56.5,97.33011627197266,100.0,-39.29731369018555,-43.5,-1.7007111310958862
v108_s0464,108,464,8631,11109,58.56494140625,56.0,97.16608428955078,101.0,-38.60114288330078,-45.0,-1.7336974143981934
v108_s0465,108,465,9586,10594,60.559776306152344,59.0,98.56126403808594,103.0,-38.001487731933594,-44.0,-1.6462167501449585
v108_s0466,108,466,9091,11404,57.90814971923828,56.0,99.63697052001953,103.0,-41.72882080078125,-47.0,-1.864768624305725
v108_s0467,108,467,9499,11624,58.43162536621094,57.0,99.87767028808594,104.0,-41.446044921875,-47.0,-1.9203952550888062
v108_s0468,108,468,9518,11815,58.2020378112793,57.0,99.63199615478516,103.0,-41.42995834350586,-46.0,-1.8795357942581177
v108_s0469,108,469,9633,12124,58.784698486328125,58.0,98.5019760131836,102.0,-39.71727752685547,-44.0,-1.7427282333374023
v108_s0470,108,470,9952,11789,59.665191650390625,58.0,99.80023956298828,103.0,-40.135047912597656,-45.0,-1.8933110237121582
v108_s0471,108,471,10995,10983,60.67494201660156,59.0,102.95465850830078,105.0,-42.27971649169922,-46.0,-1.9924067258834839
v108_s0472,108,472,10551,11779,59.81404495239258,58.0,102.0574722290039,104.0,-42.24342727661133,-46.0,-1.8726762533187866
v108_s0473,108,473,10105,12513,59.4971809387207,58.0,101.55702209472656,104.0,-42.05984115600586,-46.0,-1.8726762533187866
v108_s0474,108,474,9861,13331,60.28921890258789,58.0,99.88020324707031,103.0,-39.59098434448242,-45.0,-1.8319659233093262
v108_s0475,108,475,9750,13528,59.661949157714844,57.0,101.5877456665039,103.0,-41.92579650878906,-46.0,-1.8726762533187866
v108_s0476,108,476,9324,14120,58.97104263305664,56.0,101.82910919189453,104.0,-42.85806655883789,-48.0,-1.9540969133377075
v108_s0477,108,477,9187,14744,59.043540954589844,57.0,101.44316101074219,104.0,-42.399620056152344,-47.0,-1.913386583328247
v108_s0478,108,478,9019,15171,59.36545181274414,57.0,101.5790023803711,104.0,-42.21355056762695,-47.0,-1.8048714399337769
v108_s0479,108,479,8915,15462,59.407291412353516,57.0,102.32764434814453,105.0,-42.920352935791016,-48.0,-1.901158094406128
v108_s0480,108,480,8971,15641,60.6096305847168,59.0,103.40042114257812,105.0,-42.79079055786133,-46.0,-1.8726762533187866
v108_s0481,108,481,9074,15872,61.90522384643555,60.0,104.03900146484375,106.0,-42.1337776184082,-46.0,-1.8726762533187866
v108_s0482,108,482,9378,15922,63.6483268737793,61.0,105.32929229736328,107.0,-41.680965423583984,-46.0,-1.9241865873336792
v108_s0483,108,483,8566,16841,63.80597686767578,62.0,105.84050750732422,108.0,-42.03453063964844,-46.0,-1.9241865873336792
v108_s0484,108,484,8181,17343,66.14386749267578,64.0,106.26805877685547,108.0,-40.12419128417969,-44.0,-1.8405262231826782
v108_s0485,108,485,8035,17761,68.2049789428711,67.0,106.83187866210938,108.0,-38.62689971923828,-41.0,-1.6155710220336914
v108_s0486,108,486,8018,17953,69.30519104003906,68.0,107.91957092285156,109.0,-38.6143798828125,-41.0,-1.6570943593978882
v108_s0487,108,487,7610,18512,69.11695098876953,67.0,108.31520080566406,110.0,-39.19824981689453,-43.0,-1.694379448890686
v108_s0488,108,488,7716,18507,71.13206481933594,69.0,108.7336654663086,110.0,-37.601600646972656,-41.0,-1.6155710220336914
v108_s0489,108,489,6689,19938,68.13081359863281,66.0,107.71366119384766,109.0,-39.582847595214844,-43.0,-1.7505451440811157
v108_s0490,108,490,7054,19792,67.65438079833984,66.0,109.0755844116211,110.0,-41.42120361328125,-44.0,-1.8512375354766846
v108_s0491,108,491,6312,20580,65.1495590209961,63.0,108.85704803466797,110.0,-43.707489013671875,-47.0,-1.9774582386016846
v108_s0492,108,492,6175,20818,65.03643798828125,63.0,108.964599609375,110.0,-43.92816162109375,-47.0,-1.913386583328247
v108_s0493,108,493,6442,20833,66.61471557617188,64.0,109.11227416992188,110.0,-42.49755859375,-46.0,-1.8726762533187866
v108_s0494,108,494,6315,21118,66.1703872680664,64.0,109.25916290283203,110.0,-43.088775634765625,-46.0,-1.8125919103622437
v108_s0495,108,495,5893,21565,65.65060424804688,64.0,108.54672241210938,109.0,-42.8961181640625,-45.0,-1.7731877565383911
v108_s0496,108,496,5815,21738,65.83422088623047,63.0,107.64734649658203,109.0,-41.81312561035156,-46.0,-1.8726762533187866
v108_s0497,108,497,6202,21693,67.05836486816406,65.0,106.51361846923828,108.0,-39.45525360107422,-43.0,-1.694379448890686
v108_s0498,108,498,5461,22770,64.01446533203125,62.0,104.68243408203125,107.0,-40.66796875,-45.0,-1.7731877565383911
v108_s0499,108,499,5991,22233,65.41912841796875,64.0,106.26082611083984,108.0,-40.841697692871094,-44.0,-1.7337836027145386
v108_s0500,108,500,6806,21633,66.57125854492188,64.0,107.80608367919922,108.0,-41.234825134277344,-44.0,-1.6788182258605957
v108_s0501,108,501,6686,22109,65.50493621826172,63.0,107.11474609375,108.0,-41.60980987548828,-45.0,-1.7731877565383911
v108_s0502,108,502,6780,22446,66.09749603271484,63.0,106.34237670898438,107.0,-40.24488067626953,-44.0,-1.7337836027145386
v108_s0503,108,503,7028,22690,64.44208526611328,62.0,106.0314712524414,107.0,-41.589385986328125,-45.0,-1.8319659233093262
v108_s0504,108,504,5379,26059,58.248558044433594,56.0,101.5295639038086,103.0,-43.281005859375,-47.0,-1.9203952550888062
v108_s0505,108,505,5952,26589,58.20698928833008,56.0,102.05927276611328,104.0,-43.8522834777832,-48.0,-1.9612547159194946
v108_s0506,108,506,7595,25901,62.2246208190918,61.0,103.78302001953125,104.0,-41.55839920043945,-43.0,-1.7505451440811157
v108_s0507,108,507,6514,28021,58.604698181152344,57.0,102.58709716796875,104.0,-43.982398986816406,-47.0,-1.9774582386016846
v108_s0508,108,508,6472,28963,58.916717529296875,58.0,101.48828125,103.0,-42.571563720703125,-45.0,-1.8386763334274292
v108_s0509,108,509,6470,29591,58.0638313293457,56.0,100.4090805053711,102.0,-42.34524917602539,-46.0,-1.9353846311569214
v108_s0510,108,510,6780,30086,57.45943832397461,56.0,99.55171966552734,101.0,-42.092281341552734,-45.0,-1.8933110237121582
v108_s0511,108,511,7325,30387,58.234130859375,56.0,99.50765228271484,101.0,-41.273521423339844,-45.0,-1.8933110237121582
v108_s0512,108,512,8234,30116,58.99465560913086,57.0,100.53565979003906,102.0,-41.5410041809082,-45.0,-1.8933110237121582
v108_s0513,108,513,9710,29086,60.41596221923828,58.0,102.32242584228516,103.0,-41.906463623046875,-45.0,-1.7731877565383911
v108_s0514,108,514,9558,29876,59.700775146484375,58.0,101.83344268798828,102.0,-42.132667541503906,-44.0,-1.7337836027145386
v108_s0515,108,515,10847,29202,61.259056091308594,60.0,102.07605743408203,103.0,-40.81700134277344,-43.0,-1.7379282712936401
v108_s0516,108,516,11618,29023,61.020572662353516,58.0,102.14915466308594,103.0,-41.12858200073242,-45.0,-1.7731877565383911
v108_s0517,108,517,12026,29041,61.223846435546875,59.0,102.47701263427734,103.0,-41.25316619873047,-44.0,-1.7337836027145386
v108_s0518,108,518,11346,30163,59.4515266418457,58.0,102.19782257080078,103.0,-42.74629592895508,-45.0,-1.8319659233093262
v108_s0519,108,519,12552,29188,63.17232131958008,60.0,102.4622802734375,104.0,-39.28995895385742,-44.0,-1.7191768884658813
v108_s0520,108,520,11992,29962,61.26851272583008,59.0,102.62152099609375,104.0,-41.35300827026367,-45.0,-1.7731877565383911
v108_s0521,108,521,12366,29811,62.420265197753906,61.0,102.91361999511719,104.0,-40.49335479736328,-43.0,-1.694379448890686
v108_s0522,108,522,11667,30758,60.80774688720703,59.0,102.89261627197266,104.0,-42.084869384765625,-45.0,-1.8319659233093262
v108_s0523,108,523,11732,30917,61.853816986083984,60.0,103.05644226074219,104.0,-41.2026252746582,-44.0,-1.7912555932998657
v108_s0524,108,524,11359,31646,61.66792678833008,60.0,102.73001098632812,104.0,-41.06208419799805,-44.0,-1.7912555932998657
v108_s0525,108,525,11080,31671,62.53167724609375,61.0,102.94104766845703,105.0,-40.40937042236328,-44.0,-1.7912555932998657
v108_s0526,108,526,11147,31808,62.33094024658203,60.0,103.15131378173828,105.0,-40.82037353515625,-45.0,-1.8319659233093262
v108_s0527,108,527,11223,31618,62.373252868652344,60.0,103.6312255859375,105.0,-41.257972717285156,-45.0,-1.7823357582092285
v108_s0528,108,528,13397,29749,63.34731674194336,62.0,105.61554718017578,107.0,-42.26823043823242,-45.0,-1.7731877565383911
v108_s0529,108,529,12910,30498,61.82889175415039,60.0,104.8060531616211,107.0,-42.9771614074707,-47.0,-1.8615506887435913
v108_s0530,108,530,13165,30147,62.280670166015625,61.0,104.98146057128906,107.0,-42.70079040527344,-46.0,-1.8125919103622437
v108_s0531,108,531,13707,29683,62.91632080078125,61.0,105.0715560913086,107.0,-42.155235290527344,-46.0,-1.8125919103622437
v108_s0532,108,532,14775,28725,64.14273834228516,62.0,105.51850128173828,108.0,-41.375762939453125,-46.0,-1.8125919103622437
v108_s0533,108,533,14481,28950,63.71300506591797,62.0,105.63792419433594,108.0,-41.92491912841797,-46.0,-1.8125919103622437
v108_s0534,108,534,14605,28865,64.21835327148438,62.0,105.21084594726562,107.0,-40.99249267578125,-45.0,-1.7823357582092285
v108_s0535,108,535,15193,28214,65.15540313720703,62.0,105.8265380859375,108.0,-40.67113494873047,-46.0,-1.8726762533187866
v108_s0536,108,536,13720,29687,63.290306091308594,60.0,105.10563659667969,107.0,-41.815330505371094,-47.0,-1.913386583328247
v108_s0537,108,537,13485,30003,62.92962646484375,60.0,105.20828247070312,107.0,-42.278656005859375,-47.0,-1.913386583328247
v108_s0538,108,538,13615,29572,63.172088623046875,61.0,105.68838500976562,107.0,-42.51629638671875,-46.0,-1.8125919103622437
v108_s0539,108,539,12955,29996,62.1935920715332,60.0,104.88428497314453,106.0,-42.69069290161133,-46.0,-1.8726762533187866
v108_s0540,108,540,12316,30448,61.35141372680664,60.0,104.09015655517578,105.0,-42.73874282836914,-45.0,-1.7731877565383911
v108_s0541,108,541,11970,30894,61.46365737915039,59.0,102.62740325927734,104.0,-41.16374588012695,-45.0,-1.7731877565383911
v108_s0542,108,542,12256,30739,62.31258010864258,60.0,101.82617950439453,104.0,-39.51359939575195,-44.0,-1.6386709213256836
v108_s0543,108,543,13480,29971,63.35252380371094,61.0,101.15111541748047,103.0,-37.79859161376953,-42.0,-1.5174833536148071
v108_s0544,108,544,13030,30541,61.8751335144043,60.0,100.56733703613281,102.0,-38.692203521728516,-42.0,-1.5641858577728271
v108_s0545,108,545,12175,31900,59.528377532958984,57.0,99.19445037841797,101.0,-39.666072845458984,-44.0,-1.6386709213256836
v108_s0546,108,546,11634,32358,57.65110778808594,56.0,98.96417999267578,100.0,-41.313072204589844,-44.0,-1.6896668672561646
v108_s0547,108,547,11517,32541,56.89363479614258,55.0,99.08902740478516,100.0,-42.19539260864258,-45.0,-1.7823357582092285
v108_s0548,108,548,11812,32508,57.48603057861328,55.0,99.30512237548828,100.0,-41.819091796875,-45.0,-1.7823357582092285
v108_s0549,108,549,11124,33206,57.33414077758789,54.0,98.7051773071289,99.0,-41.371036529541016,-45.0,-1.7823357582092285
v108_s0550,108,550,12576,31634,61.10169982910156,59.0,99.3759536743164,100.0,-38.274253845214844,-41.0,-1.4813528060913086
v108_s0551,108,551,11199,32933,59.83989715576172,57.0,99.16251373291016,100.0,-39.32261657714844,-43.0,-1.6014283895492554
v108_s0552,108,552,11752,32164,60.2185173034668,58.0,100.61975860595703,101.0,-40.401241302490234,-43.0,-1.6406632661819458
v108_s0553,108,553,12939,31664,60.88136672973633,59.0,101.00312805175781,101.0,-40.121761322021484,-42.0,-1.6549752950668335
v108_s0554,108,554,11440,32274,60.50603103637695,58.0,101.48326873779297,102.0,-40.977237701416016,-44.0,-1.7337836027145386
v108_s0555,108,555,11245,31019,62.681636810302734,60.0,104.22093200683594,104.0,-41.5392951965332,-44.0,-1.7337836027145386
v108_s0556,108,556,9891,31679,61.009403228759766,58.0,104.69200134277344,105.0,-43.68259811401367,-47.0,-1.913386583328247
v108_s0557,108,557,9964,30992,61.927940368652344,59.0,105.36825561523438,105.0,-43.44031524658203,-46.0,-1.8125919103622437
v108_s0558,108,558,9096,31025,59.814971923828125,57.0,104.78765869140625,105.0,-44.972686767578125,-48.0,-2.019531726837158
v108_s0559,108,559,9524,30094,61.25714111328125,59.0,105.75486755371094,106.0,-44.49772644042969,-47.0,-1.9660166501998901
v108_s0560,108,560,9345,29837,60.2672004699707,58.0,104.84281158447266,105.0,-44.57561111450195,-47.0,-1.9660166501998901
v108_s0561,108,561,10007,28672,61.03147888183594,59.0,103.865966796875,104.0,-42.83448791503906,-45.0,-1.8823564052581787
v108_s0562,108,562,9542,28581,58.12177658081055,56.0,102.38774108886719,103.0,-44.26596450805664,-47.0,-1.9660166501998901
v108_s0563,108,563,8736,28685,53.99382019042969,52.0,100.61314392089844,101.0,-46.61932373046875,-49.0,-2.1984565258026123
v108_s0564,108,564,8686,27832,52.463157653808594,50.0,99.6567611694336,100.0,-47.193603515625,-50.0,-2.2433230876922607
v108_s0565,108,565,8435,27497,52.14155197143555,49.0,97.80874633789062,99.0,-45.66719436645508,-50.0,-2.1656594276428223
v108_s0566,108,566,8233,27060,51.94837951660156,50.0,97.27483367919922,98.0,-45.326454162597656,-48.0,-2.079033136367798
v108_s0567,108,567,7880,26646,51.96027755737305,50.0,97.36253356933594,98.0,-45.40225601196289,-48.0,-2.079033136367798
v108_s0568,108,568,8152,25365,54.44602584838867,52.0,98.73088836669922,99.0,-44.28486251831055,-47.0,-2.035719871520996
v108_s0569,108,569,8787,23802,57.82758712768555,55.0,99.877197265625,100.0,-42.04961013793945,-45.0,-1.8823564052581787
v108_s0570,108,570,8898,22804,59.44628143310547,57.0,100.07604217529297,100.0,-40.6297607421875,-43.0,-1.7379282712936401
v108_s0571,108,571,8105,22667,58.0929069519043,56.0,99.28327178955078,99.0,-41.190364837646484,-43.0,-1.7986961603164673
v108_s0572,108,572,7196,23001,55.85269546508789,54.0,98.19112396240234,99.0,-42.33842849731445,-45.0,-1.9490934610366821
v108_s0573,108,573,6603,22897,54.23625564575195,52.0,97.90753936767578,98.0,-43.67128372192383,-46.0,-2.063857078552246
v108_s0574,108,574,7155,21700,57.17232894897461,55.0,97.77566528320312,99.0,-40.603336334228516,-44.0,-1.8405262231826782
v108_s0575,108,575,7550,20818,59.25297927856445,58.0,97.585693359375,99.0,-38.33271408081055,-41.0,-1.7150357961654663
v108_s0576,108,576,6640,21150,57.87605285644531,56.0,96.62945556640625,98.0,-38.75340270996094,-42.0,-1.7098348140716553
v108_s0577,108,577,6626,20907,57.95306396484375,56.0,96.39867401123047,98.0,-38.44561004638672,-42.0,-1.7098348140716553
v108_s0578,108,578,6629,19678,59.74641799926758,58.0,98.24717712402344,100.0,-38.50075912475586,-42.0,-1.7098348140716553
v108_s0579,108,579,6525,18773,60.7342529296875,60.0,98.86187744140625,101.0,-38.12762451171875,-41.0,-1.6155710220336914
v108_s0580,108,580,5995,18726,60.280067443847656,60.0,97.63617706298828,100.0,-37.356109619140625,-40.0,-1.6284141540527344
v108_s0581,108,581,6477,17244,62.678245544433594,62.0,99.42142486572266,101.0,-36.74317932128906,-39.0,-1.587703824043274
v108_s0582,108,582,6143,16618,61.506103515625,61.0,99.45938110351562,101.0,-37.953277587890625,-40.0,-1.6284141540527344
v108_s0583,108,583,5502,16565,58.69829177856445,58.0,98.80259704589844,100.0,-40.104305267333984,-42.0,-1.7670903205871582
v108_s0584,108,584,5619,15515,57.790889739990234,56.0,99.69790649414062,101.0,-41.90701675415039,-45.0,-1.9571809768676758
v108_s0585,108,585,6223,14161,57.856178283691406,57.0,100.7924575805664,102.0,-42.936279296875,-45.0,-2.0189907550811768
v108_s0586,108,586,6219,13931,57.3643684387207,56.0,98.5556640625,100.0,-41.1912956237793,-44.0,-1.8512375354766846
v108_s0587,108,587,5758,13707,55.931053161621094,55.0,96.5893325805664,99.0,-40.65827941894531,-44.0,-1.7978167533874512
v108_s0588,108,588,5594,13010,54.10976028442383,53.0,95.94580841064453,98.0,-41.8360481262207,-45.0,-1.897005319595337
v108_s0589,108,589,5774,11947,54.7592658996582,54.0,96.24315643310547,98.0,-41.483890533447266,-44.0,-1.8512375354766846
v108_s0590,108,590,5731,11179,54.714534759521484,53.0,96.88827514648438,98.0,-42.17374038696289,-45.0,-1.9490934610366821
v108_s0591,108,591,5085,10887,52.01042175292969,50.0,96.30917358398438,98.0,-44.29875183105469,-48.0,-2.153589963912964
v108_s0592,108,592,5014,10609,53.5648193359375,53.0,94.48119354248047,97.0,-40.91637420654297,-44.0,-1.7912555932998657
v108_s0593,108,593,4795,10251,54.28759002685547,53.0,93.76997375488281,97.0,-39.482383728027344,-44.0,-1.8512375354766846
v108_s0594,108,594,4574,9609,53.97551345825195,52.0,94.5068130493164,96.0,-40.53129959106445,-44.0,-1.913688063621521
v108_s0595,108,595,4718,8759,55.729759216308594,54.0,94.67736053466797,97.0,-38.947601318359375,-43.0,-1.8091639280319214
v108_s0596,108,596,4298,8290,56.08469009399414,55.0,94.64197540283203,96.0,-38.55728530883789,-41.0,-1.7832093238830566
v108_s0597,108,597,3907,8192,55.19606018066406,54.0,92.9332275390625,94.0,-37.73716735839844,-40.0,-1.7397164106369019
v108_s0598,108,598,3849,7756,55.07664489746094,54.0,91.2894515991211,94.0,-36.212806701660156,-40.0,-1.7946584224700928
v108_s0599,108,599,3894,6954,57.053157806396484,56.0,92.11605072021484,94.0,-35.06289291381836,-38.0,-1.6459012031555176
v108_s0600,108,600,3402,6648,56.31716537475586,56.0,91.29828643798828,93.0,-34.98112106323242,-37.0,-1.6600589752197266
v108_s0601,108,601,2836,6536,57.323341369628906,56.0,89.27555084228516,91.0,-31.95220947265625,-35.0,-1.5222519636154175
v108_s0602,108,602,2647,6118,57.61994552612305,56.0,89.74272918701172,91.0,-32.12278366088867,-35.0,-1.6271140575408936
v108_s0603,108,603,2536,5548,59.46135711669922,58.0,91.62076568603516,92.0,-32.15940856933594,-34.0,-1.573169231414795
v108_s0604,108,604,2469,5206,60.53422546386719,59.0,91.34517669677734,92.0,-30.810951232910156,-33.0,-1.480593204498291
v108_s0605,108,605,1943,4893,59.93463897705078,58.0,91.64132690429688,93.0,-31.706687927246094,-35.0,-1.6819417476654053
v108_s0606,108,606,1892,4250,60.24101638793945,59.0,91.84517669677734,93.0,-31.60416030883789,-34.0,-1.6975535154342651
v108_s0607,108,607,1642,3629,58.375152587890625,57.0,91.963623046875,93.0,-33.588470458984375,-36.0,-1.729997158050537
v108_s0608,108,608,1332,3355,55.40465545654297,54.0,90.30938720703125,92.0,-34.90473175048828,-38.0,-1.8307607173919678
v108_s0609,108,609,1123,2862,52.11219787597656,51.0,89.15653228759766,90.0,-37.044334411621094,-39.0,-2.023472309112549
v108_s0610,108,610,1119,2671,51.62019729614258,52.0,85.07525634765625,86.0,-33.45505905151367,-34.0,-1.7640527486801147
v108_s0611,108,611,881,2302,50.31895446777344,50.0,80.751953125,82.0,-30.432998657226562,-32.0,-1.4876471757888794
v108_s0612,108,612,630,1896,50.839683532714844,50.0,77.71255493164062,79.0,-26.87287139892578,-29.0,-1.5046331882476807
v108_s0613,108,613,461,1443,49.650760650634766,50.0,74.96327209472656,75.0,-25.312511444091797,-25.0,-1.2932770252227783
v108_s0614,108,614,350,895,54.12571334838867,54.5,75.22010803222656,76.0,-21.09439468383789,-21.5,-1.137157917022705
v108_s0615,108,615,177,449,54.51412582397461,56.0,69.49888610839844,70.0,-14.984760284423828,-14.0,-0.7841877937316895
v109_s0310,109,310,26,3406,80.38461303710938,82.5,83.73429107666016,86.0,-3.3496780395507812,-3.5,-0.15461428463459015
v109_s0311,109,311,26,3556,81.15384674072266,76.5,84.25618743896484,86.0,-3.1023406982421875,-9.5,-0.4328661561012268
v109_s0312,109,312,31,3695,78.87096405029297,78.0,84.4790267944336,86.0,-5.608062744140625,-8.0,-0.3479433059692383
v109_s0313,109,313,35,3850,67.31428527832031,67.0,83.5792236328125,85.0,-16.264938354492188,-18.0,-0.7588021159172058
v109_s0314,109,314,47,4019,64.61701965332031,60.0,83.0766372680664,85.0,-18.459617614746094,-25.0,-1.2013869285583496
v109_s0315,109,315,53,4229,60.660377502441406,59.0,83.36935424804688,84.0,-22.70897674560547,-25.0,-0.9600380063056946
v109_s0316,109,316,53,4433,62.73584747314453,63.0,82.97901916503906,84.0,-20.24317169189453,-21.0,-1.0427906513214111
v109_s0317,109,317,57,4595,64.21052551269531,66.0,82.46507263183594,84.0,-18.254547119140625,-18.0,-0.9352949261665344
v109_s0318,109,318,69,4891,61.855072021484375,62.0,81.2107925415039,83.0,-19.35572052001953,-21.0,-0.9360037446022034
v109_s0319,109,319,76,5216,59.921051025390625,58.5,80.6602783203125,83.0,-20.739227294921875,-24.5,-1.0765430927276611
v109_s0320,109,320,82,5389,64.75609588623047,66.5,81.44757843017578,83.0,-16.691482543945312,-16.5,-0.6264324188232422
v109_s0321,109,321,110,5624,70.90908813476562,70.0,81.98506164550781,83.0,-11.075973510742188,-13.0,-0.5311731696128845
v109_s0322,109,322,207,5818,62.048309326171875,62.0,82.31523132324219,83.5,-20.266921997070312,-21.5,-0.8656678795814514
v109_s0323,109,323,197,6120,61.79695510864258,62.0,82.07075500488281,84.0,-20.273799896240234,-22.0,-0.8448334336280823
v109_s0324,109,324,203,6392,61.763545989990234,58.0,81.29004669189453,83.0,-19.526500701904297,-25.0,-0.9600380063056946
v109_s0325,109,325,245,6567,59.453060150146484,57.0,80.88092041015625,83.0,-21.427860260009766,-26.0,-1.062346339225769
v109_s0326,109,326,211,6883,51.90995407104492,51.0,80.93462371826172,83.0,-29.024669647216797,-32.0,-1.3075031042099
v109_s0327,109,327,252,7166,47.36507797241211,45.0,81.37970733642578,83.0,-34.01462936401367,-38.0,-1.437013030052185
v109_s0328,109,328,235,7425,41.310638427734375,40.0,81.60269165039062,84.0,-40.29205322265625,-44.0,-1.6896668672561646
v109_s0329,109,329,204,7724,45.009803771972656,46.0,82.34567260742188,84.0,-37.33586883544922,-38.0,-1.45925772190094
v109_s0330,109,330,212,8055,44.82075500488281,45.5,84.33656311035156,86.0,-39.51580810546875,-40.5,-1.5315533876419067
v109_s0331,109,331,250,8341,51.63199996948242,51.5,86.44790649414062,88.0,-34.8159065246582,-36.5,-1.6124061346054077
v109_s0332,109,332,213,8601,58.34272384643555,57.0,87.77665710449219,90.0,-29.43393325805664,-33.0,-1.3911372423171997
v109_s0333,109,333,226,8860,63.004425048828125,65.0,88.30699920654297,90.0,-25.302574157714844,-25.0,-1.0214868783950806
v109_s0334,109,334,237,9173,61.85232162475586,62.0,87.8134765625,89.0,-25.96115493774414,-27.0,-1.0101784467697144
v109_s0335,109,335,252,9591,58.69047546386719,59.0,85.84662628173828,88.0,-27.156150817871094,-29.0,-1.1172716617584229
v109_s0336,109,336,279,9774,55.73834991455078,57.0,84.40628051757812,86.0,-28.667930603027344,-29.0,-1.1506019830703735
v109_s0337,109,337,294,10029,48.9251708984375,50.0,82.51361083984375,84.0,-33.58843994140625,-34.0,-1.3892220258712769
v109_s0338,109,338,330,10349,44.53333282470703,45.0,81.0826187133789,83.0,-36.549285888671875,-38.0,-1.4217326641082764
v109_s0339,109,339,351,10620,44.128204345703125,45.0,81.00470733642578,82.0,-36.876502990722656,-37.0,-1.306265115737915
v109_s0340,109,340,403,10894,44.97270584106445,46.0,81.39241790771484,83.0,-36.41971206665039,-37.0,-1.2694131135940552
v109_s0341,109,341,461,11107,43.370933532714844,45.0,82.0734634399414,83.0,-38.70252990722656,-38.0,-1.5050835609436035
v109_s0342,109,342,533,11383,45.70919418334961,49.0,82.75920104980469,84.0,-37.05000686645508,-35.0,-1.3094905614852905
v109_s0343,109,343,626,11709,49.0910530090332,52.0,83.27423095703125,85.0,-34.18317794799805,-33.0,-1.2346625328063965
v109_s0344,109,344,549,12166,48.65391540527344,49.0,82.87629699707031,85.0,-34.222381591796875,-36.0,-1.3869578838348389
v109_s0345,109,345,479,12611,48.954071044921875,48.0,82.45254516601562,84.0,-33.49847412109375,-36.0,-1.4283334016799927
v109_s0346,109,346,425,12878,51.190589904785156,52.0,82.78910064697266,84.0,-31.5985107421875,-32.0,-1.3075031042099
v109_s0347,109,347,380,13284,53.70000076293945,56.0,82.66847229003906,84.0,-28.96847152709961,-28.0,-1.144065260887146
v109_s0348,109,348,343,13615,54.21574401855469,55.0,83.3055419921875,84.0,-29.089797973632812,-29.0,-1.2560824155807495
v109_s0349,109,349,310,13877,53.02903366088867,52.0,84.09807586669922,85.0,-31.069042205810547,-33.0,-1.3682786226272583
v109_s0350,109,350,281,14238,53.658363342285156,55.0,84.15507507324219,85.0,-30.49671173095703,-30.0,-1.2622073888778687
v109_s0351,109,351,56,14737,64.07142639160156,62.0,84.23118591308594,85.0,-20.159759521484375,-23.0,-0.9125463366508484
v109_s0358,109,358,68,16794,31.441177368164062,29.0,81.45641326904297,82.0,-50.015235900878906,-53.0,-2.377922296524048
v109_s0359,109,359,71,17055,22.056337356567383,22.0,81.47516632080078,82.0,-59.41883087158203,-60.0,-2.304091215133667
v109_s0360,109,360,100,17336,24.559999465942383,19.5,81.7557144165039,83.0,-57.195716857910156,-63.5,-2.5544652938842773
v109_s0361,109,361,71,17592,18.35211181640625,18.0,82.29615783691406,83.0,-63.94404602050781,-65.0,-3.2860891819000244
v109_s0362,109,362,71,17951,25.760562896728516,21.0,83.0836181640625,84.0,-57.323055267333984,-63.0,-2.4995834827423096
v109_s0364,109,364,51,18557,66.70587921142578,65.0,84.13429260253906,85.0,-17.42841339111328,-20.0,-0.9253937005996704
v109_s0365,109,365,47,18770,58.425533294677734,57.0,84.61640930175781,85.0,-26.190876007080078,-28.0,-1.256260871887207
v109_s0366,109,366,44,19016,46.15909194946289,49.0,84.67222595214844,85.0,-38.51313400268555,-36.0,-1.6912710666656494
v109_s0367,109,367,57,19216,46.98245620727539,50.0,85.0344467163086,85.0,-38.0519905090332,-35.0,-1.4300816059112549
v109_s0368,109,368,82,19554,45.80487823486328,45.5,84.81788635253906,85.0,-39.01300811767578,-39.5,-1.5404469966888428
v109_s0369,109,369,66,19810,38.89393997192383,38.5,84.51100158691406,85.0,-45.617061614990234,-46.5,-2.0862903594970703
v109_s0370,109,370,57,20163,40.385963439941406,40.0,83.80226135253906,85.0,-43.416297912597656,-45.0,-2.0821359157562256
v109_s0371,109,371,50,20374,45.779998779296875,43.0,83.82919311523438,85.0,-38.0491943359375,-42.0,-2.0633342266082764
v109_s0389,109,389,125,25210,36.263999938964844,34.0,85.61832427978516,86.0,-49.35432434082031,-52.0,-2.124692678451538
v109_s0390,109,390,127,25478,28.77952766418457,25.0,85.91474914550781,87.0,-57.135223388671875,-62.0,-2.533287286758423
v109_s0391,109,391,140,25976,23.02142906188965,19.0,85.8231430053711,87.0,-62.80171203613281,-68.0,-2.8665857315063477
v109_s0392,109,392,145,26336,20.075862884521484,19.0,85.5366439819336,87.0,-65.46078491210938,-68.0,-2.6113033294677734
v109_s0393,109,393,163,26528,20.079753875732422,17.0,85.75791931152344,86.0,-65.67816162109375,-69.0,-2.8193037509918213
v109_s0394,109,394,179,26825,19.17318344116211,21.0,85.39970397949219,86.0,-66.22651672363281,-65.0,-2.9163198471069336
v109_s0395,109,395,182,27203,17.494504928588867,19.5,84.24405670166016,85.0,-66.74954986572266,-65.5,-3.0306644439697266
v109_s0396,109,396,183,27375,13.989070892333984,13.0,83.60774230957031,84.0,-69.61866760253906,-71.0,-3.0879967212677
v109_s0397,109,397,187,27727,13.262032508850098,13.0,83.09817504882812,83.0,-69.83614349365234,-70.0,-2.94515061378479
v109_s0398,109,398,192,27952,11.583333015441895,11.0,82.7789077758789,83.0,-71.19557189941406,-72.0,-3.0292975902557373
v109_s0399,109,399,283,28091,15.067137718200684,13.0,82.58238983154297,83.0,-67.51525115966797,-70.0,-2.772522211074829
v109_s0400,109,400,278,28421,11.003597259521484,10.0,82.04883575439453,83.0,-71.04524230957031,-73.0,-3.3776869773864746
v109_s0401,109,401,301,28520,9.481727600097656,10.0,81.93968963623047,82.0,-72.45796203613281,-72.0,-3.1314897537231445
v109_s0402,109,402,306,28892,13.434640884399414,15.0,81.7162857055664,83.0,-68.28164672851562,-68.0,-2.5441532135009766
v109_s0403,109,403,326,29179,15.07668685913086,17.0,81.79694366455078,83.0,-66.72026062011719,-66.0,-2.6967251300811768
v109_s0404,109,404,363,29404,15.42424201965332,16.0,81.98741912841797,83.0,-66.56317901611328,-67.0,-2.81892991065979
v109_s0405,109,405,552,29239,19.202898025512695,18.0,82.48612976074219,83.0,-63.283233642578125,-65.0,-2.6558656692504883
v109_s0406,109,406,586,29275,17.022184371948242,16.0,82.40113067626953,83.0,-65.37894439697266,-67.0,-2.658287286758423
v109_s0407,109,407,587,29103,14.270869255065918,13.0,82.38050842285156,83.0,-68.1096420288086,-70.0,-2.8601632118225098
v109_s0408,109,408,738,29006,15.212737083435059,16.0,82.17523956298828,83.0,-66.9625015258789,-67.0,-2.5812828540802
v109_s0409,109,409,945,28829,19.3544979095459,18.0,82.15265655517578,83.0,-62.79815673828125,-65.0,-2.496098756790161
v109_s0410,109,410,1114,28726,22.376121520996094,22.5,82.07849884033203,83.0,-59.70237731933594,-60.5,-2.365356922149658
v109_s0411,109,411,1004,28940,19.45418357849121,19.0,81.6612319946289,83.0,-62.20704650878906,-64.0,-2.465703010559082
v109_s0412,109,412,1093,28807,20.14181137084961,19.0,81.6400146484375,83.0,-61.49820327758789,-64.0,-2.539259433746338
v109_s0413,109,413,1068,28580,19.94569206237793,19.0,81.7000732421875,83.0,-61.75437927246094,-64.0,-2.3944971561431885
v109_s0414,109,414,1101,28495,18.964576721191406,17.0,82.00361633300781,83.0,-63.039039611816406,-66.0,-2.5427560806274414
v109_s0415,109,415,1191,28388,20.20570945739746,20.0,82.41038513183594,83.0,-62.204673767089844,-63.0,-2.4271762371063232
v109_s0416,109,416,1143,28298,20.135608673095703,20.0,82.85044860839844,84.0,-62.714839935302734,-64.0,-2.3944971561431885
v109_s0417,109,417,1074,28162,19.095903396606445,18.5,83.41666412353516,84.0,-64.32076263427734,-65.5,-2.415116548538208
v109_s0418,109,418,1253,27903,22.737430572509766,22.0,84.01347351074219,85.0,-61.27604293823242,-63.0,-2.4995834827423096
v109_s0419,109,419,1047,28063,19.67335319519043,18.0,83.6901626586914,84.0,-64.01680755615234,-66.0,-2.6967251300811768
v109_s0420,109,420,863,28232,16.935110092163086,17.0,83.261474609375,84.0,-66.32636260986328,-67.0,-2.7375845909118652
v109_s0421,109,421,837,28264,18.808841705322266,19.0,83.14962768554688,84.0,-64.34078979492188,-65.0,-2.5042295455932617
v109_s0422,109,422,958,28034,21.70772361755371,20.0,84.11839294433594,85.0,-62.410667419433594,-65.0,-2.3620808124542236
v109_s0423,109,423,974,28075,23.787473678588867,23.0,85.23258972167969,86.0,-61.44511413574219,-63.0,-2.4271762371063232
v109_s0424,109,424,745,28326,18.417449951171875,19.0,86.28242492675781,87.0,-67.86497497558594,-68.0,-2.697963237762451
v109_s0425,109,425,788,28278,20.84898567199707,21.0,87.5160903930664,88.0,-66.66710662841797,-67.0,-2.5812828540802
v109_s0426,109,426,742,28404,21.392183303833008,21.0,88.37593078613281,89.0,-66.98374938964844,-68.0,-2.697963237762451
v109_s0427,109,427,727,28268,20.170564651489258,20.0,89.64525604248047,90.0,-69.47469329833984,-70.0,-2.7773149013519287
v109_s0428,109,428,952,28113,20.811975479125977,20.0,90.24291229248047,91.0,-69.43093872070312,-71.0,-2.9872241020202637
v109_s0429,109,429,979,28033,19.91726303100586,19.0,90.48670959472656,92.0,-70.56944274902344,-73.0,-3.07137131690979
v109_s0430,109,430,1097,27663,22.413856506347656,22.0,91.10584259033203,92.0,-68.69198608398438,-70.0,-2.7773149013519287
v109_s0431,109,431,1292,27481,26.304180145263672,26.0,90.88362884521484,92.0,-64.57945251464844,-66.0,-2.469325065612793
v109_s0432,109,432,1107,27580,22.336044311523438,21.0,89.5876693725586,90.0,-67.25162506103516,-69.0,-2.8193037509918213
v109_s0433,109,433,1147,27752,21.29991340637207,20.0,87.73126220703125,89.0,-66.43135070800781,-69.0,-2.8193037509918213
v109_s0434,109,434,1077,28088,18.77344512939453,18.0,85.19620513916016,86.0,-66.42276000976562,-68.0,-2.7784440517425537
v109_s0435,109,435,1075,28140,18.178604125976562,18.0,83.63973236083984,85.0,-65.46112823486328,-67.0,-2.7375845909118652
v109_s0436,109,436,1258,28299,18.351350784301758,16.0,82.06336212158203,83.0,-63.712013244628906,-67.0,-2.5812828540802
v109_s0437,109,437,1334,28713,14.738380432128906,13.5,79.9696273803711,81.0,-65.23124694824219,-67.5,-2.717794418334961
v109_s0438,109,438,1523,27833,14.329612731933594,14.0,79.31764221191406,80.0,-64.98802947998047,-66.0,-2.6967251300811768
v109_s0439,109,439,1318,27656,11.13808822631836,11.0,77.78243255615234,78.0,-66.64434814453125,-67.0,-2.7375845909118652
v109_s0440,109,440,1421,26945,10.22449016571045,10.0,77.76229095458984,78.0,-67.53780364990234,-68.0,-2.7784440517425537
v109_s0441,109,441,1472,26456,9.330842018127441,8.0,77.3811264038086,78.0,-68.05028533935547,-70.0,-2.8601632118225098
v109_s0442,109,442,1610,25787,10.403105735778809,10.0,76.99534606933594,77.0,-66.59223937988281,-67.0,-2.824429988861084
v109_s0443,109,443,1429,25555,9.116165161132812,8.0,75.94967651367188,76.0,-66.83351135253906,-68.0,-2.7784440517425537
v109_s0444,109,444,1523,25014,9.845699310302734,8.0,75.7180404663086,76.0,-65.87234497070312,-68.0,-2.7784440517425537
v109_s0445,109,445,1530,24581,10.211111068725586,9.0,75.63198852539062,76.0,-65.4208755493164,-67.0,-2.824429988861084
v109_s0446,109,446,1526,24302,14.403014183044434,11.0,75.53431701660156,77.0,-61.13130187988281,-66.0,-2.6967251300811768
v109_s0447,109,447,1490,23762,14.79597282409668,12.0,76.19215393066406,77.0,-61.39617919921875,-65.0,-2.5042295455932617
v109_s0448,109,448,1461,23154,14.99931526184082,12.0,77.1353988647461,78.0,-62.136085510253906,-66.0,-2.6140923500061035
v109_s0449,109,449,1501,22656,17.36908721923828,15.0,77.81011962890625,78.0,-60.44103240966797,-63.0,-2.3462789058685303
v109_s0450,109,450,1663,22051,20.15995216369629,19.0,78.43013763427734,79.0,-58.27018737792969,-60.0,-2.1678333282470703
v109_s0451,109,451,1340,21307,16.18059730529785,13.0,78.63711547851562,79.0,-62.456520080566406,-66.0,-2.6140923500061035
v109_s0452,109,452,1202,20671,16.731281280517578,14.0,78.55870819091797,79.0,-61.82742691040039,-65.0,-2.6558656692504883
v109_s0453,109,453,1078,19950,17.868274688720703,15.0,79.07202911376953,80.0,-61.20375442504883,-65.0,-2.496098756790161
v109_s0454,109,454,976,18959,19.340164184570312,17.0,80.8573226928711,82.0,-61.51715850830078,-65.0,-2.6558656692504883
v109_s0455,109,455,844,18186,20.658767700195312,19.5,83.27719116210938,85.0,-62.61842346191406,-65.5,-2.5544121265411377
v109_s0456,109,456,681,17518,21.606460571289062,22.0,85.36933135986328,87.0,-63.76287078857422,-65.0,-2.5744850635528564
v109_s0457,109,457,107,17310,21.71027946472168,20.0,85.10924530029297,87.0,-63.398963928222656,-67.0,-2.658287286758423
v109_s0458,109,458,98,16566,22.255102157592773,18.5,86.77127838134766,89.0,-64.51617431640625,-70.5,-2.838585376739502
v109_s0459,109,459,99,15655,17.252525329589844,15.0,87.82823181152344,90.0,-70.5757064819336,-75.0,-3.5331358909606934
v109_s0460,109,460,94,14400,19.776596069335938,20.0,89.64353942871094,91.0,-69.866943359375,-71.0,-2.858717203140259
v109_s0461,109,461,75,13480,29.15999984741211,28.0,90.49799346923828,92.0,-61.33799362182617,-64.0,-2.4576971530914307
v109_s0462,109,462,50,12507,43.58000183105469,42.0,90.7112808227539,92.0,-47.13127899169922,-50.0,-1.7022610902786255
v109_s0463,109,463,33,11668,54.54545593261719,57.0,90.71752166748047,92.0,-36.17206573486328,-35.0,-1.4300816059112549
v109_s0464,109,464,6,10743,51.5,52.5,89.67420959472656,91.0,-38.17420959472656,-38.5,-1.813676357269287
v110_s0388,110,388,17,6636,79.82353210449219,76.0,136.14028930664062,137.0,-56.31675720214844,-61.0,-2.0344367027282715
v110_s0389,110,389,28,6953,89.10713958740234,99.0,136.96633911132812,138.0,-47.85919952392578,-39.0,-1.3007054328918457
v110_s0390,110,390,40,7276,93.80000305175781,93.0,137.14830017089844,138.0,-43.348297119140625,-45.0,-1.4394334554672241
v110_s0391,110,391,57,7628,94.14035034179688,95.0,136.824462890625,138.0,-42.684112548828125,-43.0,-1.6112834215164185
v110_s0393,110,393,98,8231,95.55101776123047,93.5,135.5550994873047,136.0,-40.00408172607422,-42.5,-1.61481773853302
v110_s0394,110,394,148,8488,96.77027130126953,96.0,135.22879028320312,135.0,-38.458518981933594,-39.0,-1.6408696174621582
v110_s0395,110,395,224,8709,100.54911041259766,101.0,135.3836212158203,136.0,-34.834510803222656,-35.0,-1.4300816059112549
v110_s0396,110,396,315,8925,99.29841613769531,97.0,135.06307983398438,135.0,-35.76466369628906,-38.0,-1.4640110731124878
v110_s0397,110,397,406,9132,98.31280517578125,98.5,134.37242126464844,134.0,-36.05961608886719,-35.5,-1.3879367113113403
v110_s0398,110,398,647,9278,97.81143951416016,98.0,134.69744873046875,135.0,-36.886009216308594,-37.0,-1.425484538078308
v110_s0399,110,399,756,9500,98.77909851074219,99.0,135.52389526367188,136.0,-36.74479675292969,-37.0,-1.425484538078308
v110_s0400,110,400,928,9689,100.69288635253906,102.0,135.91433715820312,136.0,-35.22145080566406,-34.0,-1.2003517150878906
v110_s0401,110,401,1181,9827,100.34716033935547,103.0,135.718017578125,136.0,-35.37085723876953,-33.0,-1.2346625328063965
v110_s0402,110,402,1246,9924,100.70626068115234,102.0,135.40982055664062,135.0,-34.70355987548828,-33.0,-1.2346625328063965
v110_s0403,110,403,1261,10131,101.25456237792969,103.0,134.50656127929688,135.0,-33.25199890136719,-32.0,-1.232851505279541
v110_s0404,110,404,1321,10243,100.20817565917969,104.0,134.3141632080078,135.0,-34.105987548828125,-31.0,-1.1943248510360718
v110_s0405,110,405,1386,10418,96.88455963134766,100.0,134.1061553955078,134.0,-37.221595764160156,-34.0,-1.2720766067504883
v110_s0406,110,406,1525,10518,95.41639709472656,98.0,134.0621795654297,134.0,-38.645782470703125,-36.0,-1.3082293272018433
v110_s0407,110,407,1806,10472,95.73920440673828,97.0,134.22183227539062,134.0,-38.482627868652344,-37.0,-1.3843185901641846
v110_s0408,110,408,1711,10764,93.32612609863281,95.0,134.35675048828125,134.0,-41.03062438964844,-39.0,-1.4090917110443115
v110_s0409,110,409,1575,11153,91.1047592163086,92.0,134.00592041015625,134.0,-42.901161193847656,-42.0,-1.4007596969604492
v110_s0410,110,410,1421,11522,89.00633239746094,92.0,133.55294799804688,133.0,-44.54661560058594,-41.0,-1.367408275604248
v110_s0411,110,411,1407,11916,89.56503295898438,92.0,133.1502227783203,133.0,-43.58518981933594,-41.0,-1.447482943534851
v110_s0412,110,412,1296,12392,90.10031127929688,91.0,132.72772216796875,133.0,-42.627410888671875,-42.0,-1.4827873706817627
v110_s0413,110,413,1275,12785,91.0556869506836,92.0,132.54681396484375,133.0,-41.491127014160156,-41.0,-1.447482943534851
v110_s0414,110,414,1145,13203,90.29694366455078,93.0,132.54556274414062,133.0,-42.248619079589844,-40.0,-1.4535881280899048
v110_s0415,110,415,1121,13691,90.13470458984375,91.0,132.39610290527344,133.0,-42.26139831542969,-42.0,-1.4094011783599854
v110_s0416,110,416,881,14340,86.6152114868164,86.0,132.14114379882812,133.0,-45.52593231201172,-47.0,-1.620907187461853
v110_s0417,110,417,734,14620,86.69891357421875,88.0,133.287353515625,134.0,-46.58843994140625,-46.0,-1.723698616027832
v110_s0418,110,418,658,14911,88.12310028076172,88.0,134.4702606201172,134.0,-46.34716033935547,-46.0,-1.8219431638717651
v110_s0419,110,419,569,15220,91.14586639404297,92.0,135.3953399658203,135.0,-44.249473571777344,-43.0,-1.6112834215164185
v110_s0420,110,420,515,15448,94.26990509033203,95.0,135.90167236328125,135.0,-41.63176727294922,-40.0,-1.4988683462142944
v110_s0421,110,421,474,15871,100.6181411743164,100.5,135.3963165283203,135.0,-34.778175354003906,-34.5,-1.3098132610321045
v110_s0422,110,422,370,16136,105.59729766845703,106.5,135.48463439941406,135.0,-29.88733673095703,-28.5,-1.1475132703781128
v110_s0423,110,423,293,16462,108.2320785522461,108.0,135.36441040039062,135.0,-27.13233184814453,-27.0,-1.069401502609253
v110_s0424,110,424,226,16693,112.34513092041016,111.0,135.2387237548828,135.0,-22.893592834472656,-24.0,-0.8993210196495056
v110_s0425,110,425,166,17145,107.759033203125,107.0,134.67739868164062,134.0,-26.918365478515625,-27.0,-1.040218472480774
v110_s0426,110,426,119,17409,102.48739624023438,104.0,134.34523010253906,134.0,-31.857833862304688,-30.0,-1.2888096570968628
v110_s0427,110,427,46,17827,114.15217590332031,113.5,134.0438690185547,134.0,-19.891693115234375,-20.5,-0.9039032459259033
v110_s0428,110,428,63,18077,109.73015594482422,108.0,133.78497314453125,134.0,-24.05481719970703,-26.0,-1.0297939777374268
v110_s0429,110,429,81,18234,111.62963104248047,112.0,133.44532775878906,133.0,-21.815696716308594,-21.0,-0.671452522277832
v110_s0430,110,430,110,18503,111.85454559326172,110.0,133.2728729248047,133.0,-21.41832733154297,-23.0,-0.8382499814033508
v110_s0431,110,431,136,18738,109.64705657958984,107.0,133.46925354003906,133.0,-23.82219696044922,-26.0,-1.0297939777374268
v110_s0432,110,432,163,18810,105.15337371826172,108.0,134.01260375976562,134.0,-28.859230041503906,-26.0,-1.0297939777374268
v110_s0433,110,433,199,19177,105.85929870605469,108.0,133.75950622558594,134.0,-27.90020751953125,-26.0,-0.9475868940353394
v110_s0434,110,434,315,19241,105.43174743652344,104.0,134.26214599609375,134.0,-28.830398559570312,-30.0,-1.1241512298583984
v110_s0435,110,435,422,19748,103.87203979492188,104.0,133.93411254882812,134.0,-30.06207275390625,-30.0,-1.1224205493927002
v110_s0436,110,436,431,20060,101.34803009033203,102.0,133.74771118164062,133.0,-32.399681091308594,-31.0,-1.1598345041275024
v110_s0437,110,437,451,20452,100.01773834228516,99.0,132.85096740722656,133.0,-32.833229064941406,-34.0,-1.2391520738601685
v110_s0438,110,438,485,20699,101.29071807861328,100.0,132.46490478515625,132.0,-31.17418670654297,-32.0,-1.1359844207763672
v110_s0439,110,439,538,20795,102.44609832763672,103.0,132.82005310058594,132.0,-30.37395477294922,-29.0,-1.0866795778274536
v110_s0440,110,440,608,21018,105.71875,106.0,132.92234802246094,132.0,-27.203598022460938,-26.0,-0.9475868940353394
v110_s0441,110,441,616,21189,106.28084564208984,105.0,133.0858917236328,132.0,-26.80504608154297,-27.0,-0.957162082195282
v110_s0442,110,442,642,21541,106.48286437988281,106.0,132.35040283203125,132.0,-25.867538452148438,-26.0,-0.9742644429206848
v110_s0443,110,443,685,21826,104.12117004394531,104.0,131.42601013183594,131.0,-27.304840087890625,-27.0,-1.0101784467697144
v110_s0444,110,444,738,22009,102.22357940673828,102.0,130.6330108642578,131.0,-28.40943145751953,-29.0,-1.0280629396438599
v110_s0445,110,445,857,22071,101.19486236572266,101.0,130.78460693359375,131.0,-29.589744567871094,-30.0,-1.1241512298583984
v110_s0446,110,446,757,22567,98.23513793945312,99.0,130.291748046875,130.0,-32.056610107421875,-31.0,-1.1616230010986328
v110_s0447,110,447,783,22999,95.72669219970703,98.0,129.62672424316406,130.0,-33.90003204345703,-32.0,-1.1344143152236938
v110_s0448,110,448,841,23325,95.48751831054688,100.0,129.72210693359375,129.0,-34.234588623046875,-29.0,-1.0569238662719727
v110_s0449,110,449,884,23658,93.54298400878906,98.0,129.91439819335938,130.0,-36.37141418457031,-32.0,-1.0738294124603271
v110_s0450,110,450,889,24093,92.7435302734375,95.0,130.1497039794922,130.0,-37.40617370605469,-35.0,-1.2070585489273071
v110_s0451,110,451,924,24777,92.47835540771484,94.0,129.72796630859375,129.0,-37.249610900878906,-35.0,-1.2070585489273071
v110_s0452,110,452,1016,25061,91.35433197021484,94.0,129.48318481445312,129.0,-38.12885284423828,-35.0,-1.2407656908035278
v110_s0453,110,453,1062,25725,88.51882934570312,91.0,128.55467224121094,129.0,-40.03584289550781,-38.0,-1.275172472000122
v110_s0454,110,454,1145,25841,85.32489013671875,89.0,128.85252380371094,129.0,-43.52763366699219,-40.0,-1.27183198928833
v110_s0455,110,455,1282,25963,82.12948608398438,87.0,129.14085388183594,129.0,-47.01136779785156,-42.0,-1.3004904985427856
v110_s0456,110,456,1319,26350,79.0424575805664,85.0,129.1189422607422,129.0,-50.07648468017578,-44.0,-1.3624186515808105
v110_s0457,110,457,1361,26683,77.07421112060547,84.0,129.75384521484375,130.0,-52.67963409423828,-46.0,-1.3290324211120605
v110_s0458,110,458,1442,27100,76.27877807617188,82.0,130.765380859375,131.0,-54.486602783203125,-49.0,-1.4514353275299072
v110_s0459,110,459,1508,27245,76.27851104736328,83.0,131.7533416748047,132.0,-55.474830627441406,-49.0,-1.4780430793762207
v110_s0460,110,460,1473,27654,76.23896789550781,80.0,131.88197326660156,132.0,-55.64300537109375,-52.0,-1.4532201290130615
v110_s0461,110,461,1439,28223,77.89437103271484,83.0,131.35939025878906,131.0,-53.46501922607422,-48.0,-1.3755055665969849
v110_s0462,110,462,1470,28614,80.149658203125,85.0,131.086181640625,131.0,-50.9365234375,-46.0,-1.3973666429519653
v110_s0463,110,463,1717,28673,84.65171813964844,90.0,131.3365936279297,131.0,-46.68487548828125,-41.0,-1.3109310865402222
v110_s0464,110,464,1649,28915,86.9969711303711,91.0,131.44253540039062,132.0,-44.44556427001953,-41.0,-1.3109310865402222
v110_s0465,110,465,1630,29298,91.2625732421875,95.0,130.96456909179688,131.0,-39.701995849609375,-36.0,-1.2125686407089233
v110_s0466,110,466,1649,29488,97.0382080078125,99.0,130.553955078125,131.0,-33.5157470703125,-32.0,-1.166260838508606
v110_s0467,110,467,1700,29539,100.9182357788086,102.0,130.5532684326172,131.0,-29.635032653808594,-29.0,-1.0569238662719727
v110_s0468,110,468,1649,29745,102.2449951171875,102.0,130.25880432128906,131.0,-28.013809204101562,-29.0,-1.0866795778274536
v110_s0469,110,469,1695,30150,103.21238708496094,104.0,129.23370361328125,130.0,-26.021316528320312,-26.0,-0.9984394907951355
v110_s0470,110,470,1628,30396,103.07801055908203,104.0,128.43955993652344,129.0,-25.361549377441406,-25.0,-0.9600380063056946
v110_s0471,110,471,1556,30532,102.63496398925781,103.0,127.85401916503906,128.0,-25.21905517578125,-25.0,-0.9353504180908203
v110_s0472,110,472,1587,30487,101.29993438720703,101.0,127.40125274658203,128.0,-26.101318359375,-27.0,-0.9840325713157654
v110_s0473,110,473,1584,30613,101.37752532958984,101.0,126.52164459228516,127.0,-25.144119262695312,-26.0,-0.9727644324302673
v110_s0474,110,474,1232,31052,98.95130157470703,99.0,125.86229705810547,126.0,-26.910995483398438,-27.0,-1.0368410348892212
v110_s0475,110,475,1030,31281,98.07281494140625,98.5,125.69595336914062,126.0,-27.623138427734375,-27.5,-1.04488205909729
v110_s0476,110,476,919,31636,97.5799789428711,98.0,125.4864730834961,126.0,-27.906494140625,-28.0,-1.0787450075149536
v110_s0477,110,477,750,31977,96.04933166503906,96.0,125.23692321777344,125.0,-29.187591552734375,-29.0,-1.0280629396438599
v110_s0478,110,478,758,31850,97.41424560546875,97.5,125.81026458740234,126.0,-28.396018981933594,-28.5,-1.1133242845535278
v110_s0479,110,479,866,31901,98.07967376708984,99.0,126.54700469970703,126.0,-28.467330932617188,-27.0,-1.0117361545562744
v110_s0480,110,480,904,32183,96.03429412841797,96.0,126.93403625488281,127.0,-30.899742126464844,-31.0,-1.1943248510360718
v110_s0481,110,481,1081,32402,93.70120239257812,95.0,126.92305755615234,127.0,-33.22185516357422,-32.0,-1.1064929962158203
v110_s0482,110,482,1397,32460,90.74517059326172,90.0,126.6663589477539,127.0,-35.92118835449219,-37.0,-1.2760332822799683
v110_s0483,110,483,1785,32557,88.97199249267578,91.0,126.58709716796875,127.0,-37.61510467529297,-36.0,-1.3120434284210205
v110_s0484,110,484,2303,32154,88.5527572631836,88.0,126.3360366821289,126.0,-37.78327941894531,-38.0,-1.3849347829818726
v110_s0485,110,485,2304,32130,87.07161712646484,87.0,126.1233139038086,126.0,-39.05169677734375,-39.0,-1.4213804006576538
v110_s0486,110,486,2439,32139,85.36736297607422,86.0,125.91228485107422,125.0,-40.544921875,-39.0,-1.4613966941833496
v110_s0487,110,487,2452,32064,83.88091278076172,84.0,125.705810546875,126.0,-41.82489776611328,-42.0,-1.530717372894287
v110_s0488,110,488,2582,32167,85.2041015625,87.0,125.3726806640625,125.0,-40.1685791015625,-38.0,-1.4239249229431152
v110_s0489,110,489,2249,32674,83.50199890136719,84.0,125.39324951171875,125.0,-41.89125061035156,-41.0,-1.579590916633606
v110_s0490,110,490,2296,32764,85.09973907470703,85.0,126.20964813232422,126.0,-41.10990905761719,-41.0,-1.579590916633606
v110_s0491,110,491,2329,33140,87.16230010986328,88.0,127.0296630859375,127.0,-39.86736297607422,-39.0,-1.5446909666061401
v110_s0492,110,492,2283,33731,91.21025085449219,93.0,127.68583679199219,127.0,-36.4755859375,-34.0,-1.346653699874878
v110_s0493,110,493,2336,33547,95.18535614013672,95.0,129.10975646972656,129.0,-33.924400329589844,-34.0,-1.30990469455719
v110_s0494,110,494,2327,33404,99.0571517944336,98.0,130.3926544189453,130.0,-31.33550262451172,-32.0,-1.2674387693405151
v110_s0495,110,495,1962,33719,101.11009216308594,101.0,131.20101928710938,131.0,-30.090927124023438,-30.0,-1.1520456075668335
v110_s0496,110,496,1759,33490,104.57418823242188,104.0,132.425048828125,132.0,-27.850860595703125,-28.0,-1.1033167839050293
v110_s0497,110,497,1203,33626,108.54696655273438,108.0,133.2547149658203,133.0,-24.707748413085938,-25.0,-1.017758846282959
v110_s0498,110,498,832,33582,109.171875,109.0,133.96920776367188,134.0,-24.797332763671875,-25.0,-1.017758846282959
v110_s0499,110,499,586,33609,109.07849884033203,108.0,134.11256408691406,134.0,-25.03406524658203,-26.0,-1.0875836610794067
v110_s0500,110,500,399,33106,107.92731475830078,108.0,134.3741912841797,134.0,-26.446876525878906,-26.0,-1.0016918182373047
v110_s0501,110,501,266,32833,108.9774398803711,110.0,134.05899047851562,134.0,-25.08155059814453,-24.0,-1.0039234161376953
v110_s0502,110,502,171,31853,107.32164001464844,106.0,134.76309204101562,134.0,-27.441452026367188,-28.0,-1.2661030292510986
v110_s0509,110,509,168,24659,100.60713958740234,101.0,132.7744903564453,133.0,-32.16735076904297,-32.0,-1.4262913465499878
v110_s0510,110,510,192,23546,95.69791412353516,95.0,132.09666442871094,132.0,-36.39875030517578,-37.0,-1.6025879383087158
v110_s0511,110,511,271,22636,90.45756530761719,89.0,130.9092559814453,131.0,-40.451690673828125,-42.0,-1.819153904914856
v110_s0512,110,512,299,21300,84.68896484375,81.0,130.8726806640625,131.0,-46.1837158203125,-50.0,-2.042973756790161
v110_s0513,110,513,366,20107,82.48633575439453,82.5,131.07101440429688,131.0,-48.584678649902344,-48.5,-1.891434907913208
v110_s0514,110,514,418,19103,83.42823028564453,83.5,130.40512084960938,131.0,-46.976890563964844,-47.5,-1.8524361848831177
v110_s0515,110,515,591,17980,88.95262145996094,91.0,129.3854217529297,130.0,-40.43280029296875,-39.0,-1.5446909666061401
v110_s0516,110,516,532,16665,87.5338363647461,89.0,128.2251434326172,129.0,-40.691307067871094,-40.0,-1.4897009134292603
v110_s0517,110,517,533,15457,86.98499298095703,87.0,126.9449462890625,127.0,-39.95995330810547,-40.0,-1.44522225856781
v110_s0518,110,518,481,14374,88.71725463867188,89.0,124.5208740234375,125.0,-35.803619384765625,-36.0,-1.2351046800613403
v110_s0519,110,519,511,12655,93.90410614013672,95.0,123.25468444824219,125.0,-29.35057830810547,-30.0,-1.117275595664978
v110_s0520,110,520,437,11144,98.52173614501953,99.0,124.22164154052734,126.0,-25.699905395507812,-27.0,-0.9263284802436829
v110_s0521,110,521,444,9785,104.05180358886719,106.0,125.2686767578125,126.0,-21.216873168945312,-20.0,-0.7921492457389832
v110_s0522,110,522,460,8555,107.83261108398438,109.0,124.13863372802734,125.0,-16.30602264404297,-16.0,-0.674490749835968
v110_s0523,110,523,235,7804,107.73191833496094,111.0,121.29087829589844,123.0,-13.5589599609375,-12.0,-0.5395926237106323
v110_s0524,110,524,97,6971,99.82474517822266,100.0,119.51958465576172,121.0,-19.694839477539062,-21.0,-1.1111396551132202
v111_s0318,111,318,18,13369,42.38888931274414,44.0,124.9765853881836,124.0,-82.58769226074219,-80.0,-3.0721216201782227
v111_s0319,111,319,41,13869,61.46341323852539,66.0,124.265625,124.0,-62.80221176147461,-58.0,-2.005518674850464
v111_s0320,111,320,72,13997,61.30555725097656,58.5,124.95013427734375,124.0,-63.64457702636719,-65.5,-2.5480313301086426
v111_s0321,111,321,82,14435,57.30487823486328,54.5,124.64891052246094,124.0,-67.34403228759766,-69.5,-2.668905735015869
v111_s0322,111,322,91,14830,64.34066009521484,64.0,124.53102111816406,124.0,-60.19036102294922,-60.0,-1.968855857849121
v111_s0323,111,323,103,15611,69.88349151611328,65.0,123.75164794921875,124.0,-53.86815643310547,-59.0,-1.8385405540466309
v111_s0324,111,324,110,16031,65.96363830566406,64.0,124.09650421142578,124.0,-58.13286590576172,-60.0,-2.1021316051483154
v111_s0325,111,325,93,16728,58.52688217163086,58.0,123.52935028076172,124.0,-65.00247192382812,-66.0,-2.282141923904419
v111_s0326,111,326,89,17033,58.28089904785156,55.0,123.87154388427734,124.0,-65.59064483642578,-69.0,-2.7188878059387207
v111_s0327,111,327,84,17353,61.25,60.0,124.43168640136719,125.0,-63.18168640136719,-65.0,-2.5612711906433105
v111_s0328,111,328,84,17830,67.9047622680664,67.5,124.18844604492188,125.0,-56.28368377685547,-57.5,-1.8219431638717651
v111_s0329,111,329,59,18254,72.67796325683594,74.0,124.59642028808594,125.0,-51.91845703125,-51.0,-2.009612798690796
v111_s0330,111,330,41,18750,82.75609588623047,81.0,125.45600128173828,126.0,-42.69990539550781,-45.0,-1.864513874053955
v111_s0331,111,331,20,19042,95.1500015258789,95.5,126.70559692382812,127.0,-31.55559539794922,-31.5,-1.3370753526687622
v111_s0334,111,334,6,20275,104.33333587646484,109.5,127.17573547363281,127.0,-22.84239959716797,-17.5,-0.5894430875778198
v111_s0335,111,335,42,20517,87.92857360839844,90.0,127.99922180175781,128.0,-40.070648193359375,-38.0,-1.1841447353363037
v111_s0336,111,336,47,20974,84.76596069335938,81.0,128.1810302734375,129.0,-43.415069580078125,-48.0,-1.6167582273483276
v111_s0337,111,337,57,21269,83.77192687988281,82.0,128.60105895996094,129.0,-44.829132080078125,-47.0,-1.4277441501617432
v111_s0338,111,338,71,21709,76.49295806884766,85.0,128.80763244628906,129.0,-52.314674377441406,-44.0,-1.4068528413772583
v111_s0339,111,339,84,21997,73.94047546386719,84.0,129.15902709960938,129.0,-55.21855163574219,-45.0,-1.556005835533142
v111_s0340,111,340,119,22218,74.56302642822266,76.0,129.00279235839844,129.0,-54.43976593017578,-53.0,-2.035280466079712
v111_s0341,111,341,111,22530,68.81981658935547,74.0,128.73426818847656,129.0,-59.914451599121094,-55.0,-2.112083673477173
v111_s0342,111,342,111,22809,67.71170806884766,72.0,128.4828338623047,128.0,-60.77112579345703,-56.0,-2.2066335678100586
v111_s0343,111,343,116,23228,65.89655303955078,66.5,128.19786071777344,129.0,-62.301307678222656,-62.5,-2.189720392227173
v111_s0344,111,344,136,23453,66.29412078857422,66.0,128.1987762451172,128.0,-61.90465545654297,-62.0,-2.0611844062805176
v111_s0345,111,345,137,23934,67.13138580322266,67.0,126.74270629882812,128.0,-59.61132049560547,-61.0,-2.0546302795410156
v111_s0346,111,346,142,24152,70.59859466552734,69.0,127.17684173583984,127.0,-56.5782470703125,-58.0,-1.7618969678878784
v111_s0347,111,347,146,24715,77.00685119628906,79.5,126.65555572509766,127.0,-49.648704528808594,-47.5,-1.499304175376892
v111_s0348,111,348,113,24779,79.93804931640625,81.0,127.10984802246094,127.0,-47.17179870605469,-46.0,-1.7210447788238525
v111_s0349,111,349,119,25233,78.579833984375,83.0,127.08377838134766,128.0,-48.503944396972656,-45.0,-1.5974781513214111
v111_s0350,111,350,189,25611,77.03174591064453,78.0,127.01554107666016,127.0,-49.983795166015625,-49.0,-1.6504406929016113
v111_s0351,111,351,214,26313,78.1869125366211,79.0,126.09288024902344,127.0,-47.905967712402344,-48.0,-1.5986711978912354
v111_s0352,111,352,139,26666,74.9784164428711,80.0,126.10429382324219,126.0,-51.125877380371094,-46.0,-1.5130414962768555
v111_s0353,111,353,120,27008,75.50833129882812,79.5,125.96904754638672,127.0,-50.460716247558594,-47.5,-1.4326177835464478
v111_s0354,111,354,75,27189,68.53333282470703,71.0,126.35992431640625,127.0,-57.82659149169922,-56.0,-1.752553105354309
v111_s0355,111,355,53,27653,76.37735748291016,78.0,126.12779998779297,127.0,-49.75044250488281,-49.0,-1.5334839820861816
v111_s0356,111,356,28,27770,73.25,69.0,126.79550170898438,127.0,-53.545501708984375,-58.0,-1.6757365465164185
v111_s0357,111,357,8,28324,88.375,84.5,126.83187103271484,127.0,-38.456871032714844,-42.5,-1.4315046072006226
v111_s0358,111,358,4,28672,56.75,55.0,126.92051696777344,127.0,-70.17051696777344,-72.0,-3.128239393234253
v111_s0359,111,359,9,28862,63.11111068725586,63.0,127.45492553710938,127.0,-64.34381103515625,-64.0,-2.7835464477539062
v111_s0360,111,360,9,29290,81.66666412353516,80.0,127.39685821533203,127.0,-45.730194091796875,-47.0,-1.5850532054901123
v111_s0361,111,361,21,29214,103.80952453613281,100.0,128.14886474609375,128.0,-24.339340209960938,-28.0,-0.8983030915260315
v111_s0362,111,362,29,29541,96.17241668701172,91.0,128.60914611816406,128.0,-32.436729431152344,-37.0,-1.157936930656433
v111_s0363,111,363,40,29680,91.9000015258789,99.0,129.2507781982422,129.0,-37.35077667236328,-30.0,-0.9159829616546631
v111_s0364,111,364,53,30232,83.52830505371094,97.0,129.48779296875,129.0,-45.95948791503906,-32.0,-1.0014588832855225
v111_s0365,111,365,78,30809,84.88461303710938,88.5,129.59092712402344,130.0,-44.70631408691406,-41.5,-1.532480001449585
v111_s0366,111,366,80,30799,82.2125015258789,84.0,130.0750274658203,130.0,-47.862525939941406,-46.0,-1.7894572019577026
v111_s0367,111,367,74,31298,74.62162017822266,76.5,129.4332275390625,129.0,-54.811607360839844,-52.5,-2.0423152446746826
v111_s0368,111,368,81,31992,71.90123748779297,73.0,129.35971069335938,129.0,-57.458473205566406,-56.0,-2.0855813026428223
v111_s0369,111,369,75,32308,71.63999938964844,74.0,129.11117553710938,129.0,-57.47117614746094,-55.0,-1.9986838102340698
v111_s0370,111,370,68,32488,66.8382339477539,67.5,129.55398559570312,129.0,-62.71575164794922,-61.5,-2.3747191429138184
v111_s0371,111,371,64,32806,62.9375,64.5,129.72532653808594,129.0,-66.78782653808594,-64.5,-2.3439109325408936
v111_s0372,111,372,66,32874,56.24242401123047,56.5,129.81231689453125,129.0,-73.56989288330078,-72.5,-2.5737147331237793
v111_s0373,111,373,72,33351,52.65277862548828,53.5,129.4068603515625,129.0,-76.75408172607422,-75.5,-2.777618408203125
v111_s0374,111,374,64,33780,52.125,52.0,130.16563415527344,129.0,-78.04063415527344,-77.0,-2.439819574356079
v111_s0375,111,375,58,34402,56.379310607910156,59.0,130.34852600097656,130.0,-73.9692153930664,-71.0,-2.4245572090148926
v111_s0376,111,376,53,34627,69.71697998046875,73.0,130.74676513671875,130.0,-61.02978515625,-57.0,-2.174832820892334
v111_s0377,111,377,36,35084,81.55555725097656,83.0,130.69647216796875,130.0,-49.14091491699219,-47.0,-1.8579504489898682
v111_s0378,111,378,33,35099,76.63636016845703,78.0,131.08624267578125,130.0,-54.44988250732422,-52.0,-1.662644386291504
v111_s0379,111,379,20,35507,84.25,93.0,130.57400512695312,130.0,-46.324005126953125,-37.0,-1.3134820461273193
v111_s0380,111,380,10,35682,82.4000015258789,81.0,130.30628967285156,130.0,-47.906288146972656,-49.0,-1.785836935043335
v111_s0381,111,381,8,35546,92.625,99.0,130.93824768066406,130.0,-38.31324768066406,-31.0,-1.2059385776519775
v111_s0388,111,388,41,36812,101.43902587890625,95.0,131.56492614746094,131.0,-30.125900268554688,-36.0,-1.3469046354293823
v111_s0389,111,389,41,37037,104.1219482421875,101.0,131.38983154296875,131.0,-27.26788330078125,-30.0,-1.172166109085083
v111_s0390,111,390,47,37056,104.95744323730469,108.0,131.53524780273438,131.0,-26.577804565429688,-23.0,-0.9197349548339844
v111_s0391,111,391,49,37295,100.59183502197266,106.0,131.2068328857422,131.0,-30.61499786376953,-25.0,-1.1342788934707642
v111_s0392,111,392,52,37580,91.90384674072266,89.0,130.2740478515625,130.0,-38.370201110839844,-41.0,-1.564353346824646
v111_s0393,111,393,73,37390,77.84931182861328,75.0,130.2662811279297,129.0,-52.416969299316406,-54.0,-2.0603678226470947
v111_s0394,111,394,81,37893,62.39506149291992,63.0,129.6909942626953,129.0,-67.29592895507812,-66.0,-2.5345003604888916
v111_s0395,111,395,77,38201,51.181819915771484,52.0,128.58935546875,128.0,-77.40753173828125,-76.0,-2.9947171211242676
v111_s0396,111,396,75,38732,49.13333511352539,49.0,128.035400390625,127.0,-78.90206909179688,-78.0,-3.1525208950042725
v111_s0397,111,397,98,38862,55.48979568481445,51.0,127.28760528564453,127.0,-71.79780578613281,-76.0,-2.6279208660125732
v111_s0398,111,398,112,38676,59.30356979370117,58.0,127.04633331298828,127.0,-67.74276733398438,-69.0,-2.324089765548706
v111_s0399,111,399,75,38813,57.33333206176758,55.0,126.5663070678711,126.0,-69.23297119140625,-71.0,-2.32981276512146
v111_s0400,111,400,53,39115,61.339622497558594,64.0,125.99534606933594,126.0,-64.65572357177734,-62.0,-2.1438302993774414
v111_s0401,111,401,38,39186,65.36842346191406,69.5,125.9734115600586,126.0,-60.60498809814453,-56.5,-1.573418140411377
v111_s0411,111,411,55,38584,97.0,96.0,126.24987030029297,126.0,-29.24987030029297,-30.0,-1.1224205493927002
v111_s0412,111,412,67,38382,97.05970001220703,94.0,126.65718078613281,127.0,-29.59748077392578,-33.0,-1.2672501802444458
v111_s0413,111,413,93,38116,89.89247131347656,93.0,127.26993560791016,127.0,-37.377464294433594,-34.0,-1.2069834470748901
v111_s0414,111,414,125,38100,82.43199920654297,83.0,127.57942199707031,128.0,-45.147422790527344,-45.0,-1.4388267993927002
v111_s0415,111,415,153,37888,78.33333587646484,77.0,127.54273223876953,127.0,-49.20939636230469,-50.0,-1.8222825527191162
v111_s0416,111,416,200,37523,82.12000274658203,79.0,127.5920639038086,127.0,-45.47206115722656,-48.0,-1.6167582273483276
v111_s0417,111,417,191,37294,78.17800903320312,74.0,126.9326400756836,127.0,-48.75463104248047,-53.0,-1.7391560077667236
v111_s0418,111,418,174,37129,72.93678283691406,71.0,125.51956939697266,125.0,-52.582786560058594,-54.0,-2.1278252601623535
v111_s0419,111,419,163,36837,68.9325180053711,68.0,124.07796478271484,124.0,-55.14544677734375,-56.0,-1.8375988006591797
v111_s0420,111,420,149,36751,69.40939331054688,71.0,122.55582427978516,123.0,-53.14643096923828,-52.0,-1.7514879703521729
v111_s0421,111,421,145,36299,71.06207275390625,70.0,121.5187759399414,121.0,-50.456703186035156,-51.0,-1.7634732723236084
v111_s0422,111,422,130,35982,72.515380859375,72.0,120.62169647216797,121.0,-48.10631561279297,-49.0,-1.6504406929016113
v111_s0423,111,423,138,35621,78.17391204833984,74.0,119.50093841552734,119.0,-41.3270263671875,-45.0,-1.8187620639801025
v111_s0424,111,424,66,35374,78.25757598876953,76.0,118.09278106689453,118.0,-39.835205078125,-42.0,-1.7188596725463867
v111_s0425,111,425,37,35128,84.37837982177734,85.0,116.98314666748047,117.0,-32.604766845703125,-32.0,-1.1972485780715942
v111_s0426,111,426,26,34833,96.61538696289062,95.0,116.07292175292969,116.0,-19.457534790039062,-21.0,-0.7073317170143127
v112_s0365,112,365,37,16836,112.21621704101562,106.0,142.0017852783203,143.0,-29.785568237304688,-37.0,-1.8973815441131592
v112_s0366,112,366,59,17330,81.2203369140625,81.0,142.4998779296875,143.0,-61.279541015625,-62.0,-2.9870307445526123
v112_s0367,112,367,63,18082,58.730159759521484,59.0,142.50929260253906,144.0,-83.77912902832031,-85.0,-4.095122814178467
v112_s0368,112,368,69,18800,54.92753601074219,52.0,143.0039825439453,144.0,-88.07644653320312,-92.0,-4.00134801864624
v112_s0369,112,369,77,19339,59.14285659790039,53.0,143.06478881835938,144.0,-83.92193603515625,-91.0,-3.677941083908081
v112_s0370,112,370,55,19958,44.12727355957031,43.0,142.81561279296875,144.0,-98.68833923339844,-101.0,-3.9462924003601074
v112_s0371,112,371,49,20638,64.69387817382812,64.0,142.7117462158203,144.0,-78.01786804199219,-80.0,-3.2333548069000244
v112_s0372,112,372,5,21261,91.19999694824219,88.0,142.9661865234375,144.0,-51.76618957519531,-56.0,-3.593212366104126
v112_s0400,112,400,27,34606,73.81481170654297,67.0,141.91177368164062,141.0,-68.09696197509766,-74.0,-3.320117950439453
v112_s0401,112,401,26,34971,44.769229888916016,43.0,141.88742065429688,141.0,-97.11819458007812,-98.0,-4.721435546875
v112_s0402,112,402,23,35403,29.95652198791504,33.0,142.04200744628906,142.0,-112.08548736572266,-109.0,-6.2470879554748535
v112_s0403,112,403,30,35890,49.733333587646484,45.0,142.01287841796875,142.0,-92.279541015625,-97.0,-3.4915387630462646
v112_s0416,112,416,35,41367,65.68571472167969,59.0,140.65554809570312,140.0,-74.96983337402344,-81.0,-4.1902174949646
v112_s0417,112,417,53,41663,43.150943756103516,43.0,140.5360565185547,140.0,-97.38511657714844,-97.0,-4.352046489715576
v112_s0418,112,418,86,41797,42.11627960205078,38.0,140.6547088623047,141.0,-98.5384292602539,-103.0,-4.461258411407471
v112_s0419,112,419,76,42217,37.72368240356445,36.5,140.7686309814453,140.0,-103.04495239257812,-103.5,-6.02783727645874
v112_s0420,112,420,88,42564,44.522727966308594,41.0,140.90554809570312,141.0,-96.38282012939453,-100.0,-5.2648820877075195
v112_s0421,112,421,69,42769,57.565216064453125,56.0,141.16090393066406,141.0,-83.59568786621094,-85.0,-3.8136491775512695
v112_s0422,112,422,46,43212,79.10869598388672,77.5,141.08859252929688,141.0,-61.979896545410156,-63.5,-3.580073833465576
v112_s0450,112,450,14,38493,32.5,24.5,132.0133056640625,132.0,-99.5133056640625,-107.5,-4.675487995147705
v112_s0451,112,451,31,37631,17.54838752746582,10.0,130.8215789794922,131.0,-113.273193359375,-121.0,-3.7368199825286865
v112_s0452,112,452,34,36892,15.911765098571777,15.0,129.95513916015625,130.0,-114.04337310791016,-115.0,-3.654487371444702
v112_s0453,112,453,42,35900,26.66666603088379,22.0,129.52537536621094,129.0,-102.85871124267578,-107.0,-4.08258056640625
v112_s0454,112,454,51,35205,49.960784912109375,36.0,128.2841033935547,129.0,-78.32331848144531,-93.0,-2.3871357440948486
v112_s0455,112,455,23,33343,33.956520080566406,33.0,128.21759033203125,128.0,-94.26107025146484,-95.0,-3.9969899654388428
v112_s0456,112,456,12,31862,56.25,54.0,127.53973388671875,128.0,-71.28973388671875,-74.0,-4.507318496704102
v113_s0415,113,415,2,1039,22.5,22.5,107.68720245361328,110.0,-85.18720245361328,-87.5,-5.224156856536865
v113_s0416,113,416,1,1211,85.0,85.0,107.0602798461914,110.0,-22.060279846191406,-25.0,-1.5897899866104126
v113_s0419,113,419,20,1975,37.45000076293945,41.0,102.16911315917969,106.0,-64.7191162109375,-65.0,-2.755635976791382
v113_s0420,113,420,211,1946,76.20378875732422,76.0,106.12590026855469,110.0,-29.92211151123047,-34.0,-1.3489816188812256
v113_s0421,113,421,225,2117,73.76000213623047,72.0,105.9957504272461,110.0,-32.235748291015625,-38.0,-1.6459012031555176
v113_s0422,113,422,281,2231,74.8647689819336,73.0,106.98162078857422,111.0,-32.116851806640625,-38.0,-1.7049254179000854
v113_s0423,113,423,359,2319,74.83843994140625,74.0,107.15825653076172,110.0,-32.31981658935547,-36.0,-1.5657448768615723
v113_s0424,113,424,454,2437,73.24449157714844,73.0,106.04226684570312,109.0,-32.79777526855469,-36.0,-1.5146487951278687
v113_s0425,113,425,601,2499,69.37936401367188,69.0,107.45378112792969,110.0,-38.07441711425781,-41.0,-1.8395248651504517
v113_s0426,113,426,660,2668,65.74394226074219,65.0,108.23238372802734,110.0,-42.488441467285156,-45.0,-2.0189907550811768
v113_s0427,113,427,799,2817,67.17271423339844,66.0,109.07241821289062,112.0,-41.89970397949219,-46.0,-2.2105519771575928
v113_s0428,113,428,742,3066,70.69137573242188,70.0,109.41454315185547,112.0,-38.723167419433594,-42.0,-1.857364296913147
v113_s0429,113,429,794,3269,73.86145782470703,74.0,110.92291259765625,113.0,-37.06145477294922,-39.0,-1.6408696174621582
v113_s0430,113,430,788,3493,73.8147201538086,73.0,112.43744659423828,114.0,-38.62272644042969,-41.0,-1.6691244840621948
v113_s0431,113,431,858,3688,73.09557342529297,74.0,113.9335708618164,115.0,-40.83799743652344,-41.0,-1.725016713142395
v113_s0432,113,432,866,3944,71.87413024902344,73.0,113.91886138916016,116.0,-42.04473114013672,-43.0,-1.8091639280319214
v113_s0433,113,433,984,4186,72.02845764160156,72.0,113.80220031738281,116.0,-41.77374267578125,-44.0,-1.766883373260498
v113_s0434,113,434,950,4588,73.33158111572266,74.0,112.2502212524414,115.0,-38.91864013671875,-41.0,-1.7832093238830566
v113_s0435,113,435,1019,4773,76.9548568725586,76.0,113.71066284179688,115.0,-36.75580596923828,-39.0,-1.6408696174621582
v113_s0436,113,436,1119,5557,81.47184753417969,80.0,110.03671264648438,113.0,-28.564865112304688,-33.0,-1.3434416055679321
v113_s0437,113,437,1229,5894,85.92107391357422,84.0,110.8523941040039,113.0,-24.931320190429688,-29.0,-1.1849247217178345
v113_s0438,113,438,1170,6307,86.44102478027344,85.0,112.19343566894531,114.0,-25.752410888671875,-29.0,-1.3481801748275757
v113_s0439,113,439,1162,6682,87.00172424316406,87.0,113.21969604492188,115.0,-26.217971801757812,-28.0,-1.259049415588379
v113_s0440,113,440,1170,7144,86.4085464477539,87.0,112.4276351928711,114.0,-26.019088745117188,-27.0,-1.1940199136734009
v113_s0441,113,441,1087,7793,83.91720581054688,85.0,110.65135192871094,113.0,-26.734146118164062,-28.0,-1.259049415588379
v113_s0442,113,442,1056,8148,82.62783813476562,84.0,111.70630645751953,113.0,-29.078468322753906,-29.0,-1.3040153980255127
v113_s0443,113,443,1037,8502,83.90453338623047,85.0,113.90931701660156,115.0,-30.004783630371094,-30.0,-1.3946691751480103
v113_s0444,113,444,857,9124,85.06184387207031,86.0,115.04142761230469,116.0,-29.979583740234375,-30.0,-1.4416643381118774
v113_s0445,113,445,841,9520,85.1248550415039,86.0,116.26407623291016,117.0,-31.13922119140625,-31.0,-1.4411581754684448
v113_s0446,113,446,819,9928,86.21245574951172,87.0,117.3316879272461,118.0,-31.119232177734375,-31.0,-1.3908601999282837
v113_s0447,113,447,643,10652,85.323486328125,85.0,117.36603546142578,118.0,-32.04254913330078,-33.0,-1.534136176109314
v113_s0448,113,448,546,11290,83.16849517822266,83.5,117.26155853271484,118.0,-34.09306335449219,-34.5,-1.6327264308929443
v113_s0449,113,449,491,11725,81.65377044677734,81.0,117.21620178222656,118.0,-35.56243133544922,-37.0,-1.7200920581817627
v113_s0450,113,450,439,12249,82.52619934082031,82.0,116.64307403564453,118.0,-34.11687469482422,-36.0,-1.7344049215316772
v113_s0451,113,451,399,12829,84.10025024414062,83.0,115.84901428222656,117.0,-31.748764038085938,-34.0,-1.580625057220459
v113_s0452,113,452,387,13346,84.2764892578125,85.0,115.63157653808594,117.0,-31.355087280273438,-32.0,-1.4876471757888794
v113_s0453,113,453,406,13866,81.12561798095703,82.0,115.51190185546875,117.0,-34.38628387451172,-35.0,-1.6271140575408936
v113_s0454,113,454,458,14137,80.79039001464844,82.5,115.93018341064453,117.0,-35.139793395996094,-34.5,-1.5755870342254639
v113_s0455,113,455,345,14614,79.17681121826172,82.0,116.07643127441406,117.0,-36.899620056152344,-35.0,-1.4640549421310425
v113_s0456,113,456,367,14945,78.48773956298828,78.0,116.68685150146484,118.0,-38.19911193847656,-40.0,-1.732527494430542
v113_s0457,113,457,406,15265,78.44827270507812,80.0,117.26426696777344,118.0,-38.81599426269531,-38.0,-1.7049254179000854
v113_s0458,113,458,438,15712,78.46803283691406,79.0,117.78697967529297,118.0,-39.318946838378906,-39.0,-1.7497919797897339
v113_s0459,113,459,500,16052,79.77200317382812,81.0,118.02803039550781,118.0,-38.25602722167969,-37.0,-1.7200920581817627
v113_s0460,113,460,479,16468,82.7139892578125,84.0,118.13104248046875,118.0,-35.41705322265625,-34.0,-1.6380490064620972
v113_s0461,113,461,492,16963,86.09959411621094,86.0,118.0260009765625,118.0,-31.926406860351562,-32.0,-1.4876471757888794
v113_s0462,113,462,489,17287,87.05316925048828,88.0,118.04795837402344,118.0,-30.994789123535156,-30.0,-1.4453374147415161
v113_s0463,113,463,513,17805,87.41130828857422,90.0,117.3155288696289,118.0,-29.904220581054688,-28.0,-1.3016912937164307
v113_s0464,113,464,546,18300,86.55128479003906,86.0,116.7988510131836,118.0,-30.24756622314453,-32.0,-1.4357267618179321
v113_s0465,113,465,591,18782,82.35194396972656,83.0,116.51517486572266,117.0,-34.163230895996094,-34.0,-1.52545964717865
v113_s0466,113,466,658,19128,80.16869354248047,81.0,116.56462097167969,117.0,-36.39592742919922,-36.0,-1.5592747926712036
v113_s0467,113,467,750,19662,79.2386703491211,80.0,116.25709533691406,117.0,-37.01842498779297,-37.0,-1.6897599697113037
v113_s0468,113,468,829,20189,80.26055145263672,82.0,116.19029998779297,117.0,-35.92974853515625,-35.0,-1.5222519636154175
v113_s0469,113,469,800,20593,79.54750061035156,81.0,116.4998779296875,117.0,-36.95237731933594,-36.0,-1.465572714805603
v113_s0470,113,470,621,21060,74.4637680053711,74.0,116.7879409790039,117.0,-42.32417297363281,-43.0,-1.8091639280319214
v113_s0471,113,471,705,21343,72.84113311767578,72.0,117.21463775634766,117.0,-44.373504638671875,-45.0,-2.0189907550811768
v113_s0472,113,472,855,21804,72.30058288574219,71.0,116.9172134399414,117.0,-44.61663055419922,-46.0,-1.9924067258834839
v113_s0473,113,473,1072,22380,74.7453384399414,75.0,116.58351135253906,117.0,-41.838172912597656,-42.0,-1.8843913078308105
v113_s0474,113,474,845,22997,74.6852035522461,76.0,116.71926879882812,117.0,-42.03406524658203,-41.0,-1.9060479402542114
v113_s0475,113,475,769,23601,75.23796844482422,76.0,117.05631256103516,118.0,-41.81834411621094,-42.0,-1.8843913078308105
v113_s0476,113,476,736,24021,74.4252700805664,78.0,117.72682189941406,118.0,-43.301551818847656,-40.0,-1.7946584224700928
v113_s0477,113,477,646,24477,75.3746109008789,77.0,118.1369857788086,119.0,-42.76237487792969,-42.0,-1.8843913078308105
v113_s0478,113,478,614,25028,78.85504913330078,80.0,118.50423431396484,119.0,-39.64918518066406,-39.0,-1.7497919797897339
v113_s0479,113,479,522,25535,79.55172729492188,81.0,118.70225524902344,119.0,-39.15052795410156,-38.0,-1.7665809392929077
v113_s0480,113,480,455,26252,78.73846435546875,79.0,118.33045196533203,119.0,-39.59198760986328,-40.0,-1.7946584224700928
v113_s0481,113,481,321,26661,76.4610595703125,78.0,117.8369140625,118.0,-41.3758544921875,-40.0,-1.997121810913086
v113_s0482,113,482,248,27530,71.6048355102539,77.0,116.07395935058594,116.0,-44.46912384033203,-39.0,-2.089421033859253
v113_s0483,113,483,190,27855,76.14210510253906,77.0,114.58654022216797,115.0,-38.444435119628906,-38.0,-1.8972656726837158
v113_s0484,113,484,99,28308,62.858585357666016,61.0,113.87300109863281,114.0,-51.0144157409668,-53.0,-2.0222129821777344
v113_s0485,113,485,100,28537,58.61000061035156,59.5,114.96891784667969,115.0,-56.358917236328125,-55.5,-2.7220401763916016
v113_s0486,113,486,100,29368,64.12000274658203,68.0,115.59336853027344,116.0,-51.473365783691406,-48.0,-2.5715951919555664
v113_s0487,113,487,86,29650,71.72093200683594,69.5,116.3175048828125,117.0,-44.59657287597656,-47.5,-2.5448079109191895
v113_s0488,113,488,79,29952,74.2151870727539,74.0,117.20065307617188,118.0,-42.98546600341797,-44.0,-2.439483165740967
v113_s0489,113,489,72,30491,74.97222137451172,76.5,117.73723602294922,119.0,-42.7650146484375,-42.5,-2.3961124420166016
v113_s0490,113,490,64,30708,76.6875,78.0,118.24335479736328,119.0,-41.55585479736328,-41.0,-2.0108766555786133
v113_s0491,113,491,58,31316,70.86206817626953,71.0,117.78020477294922,118.0,-46.91813659667969,-47.0,-2.148916244506836
v113_s0492,113,492,58,31635,65.46551513671875,66.5,117.10466003417969,118.0,-51.63914489746094,-51.5,-2.5990347862243652
v113_s0500,113,500,12,36326,96.33333587646484,92.0,116.82535552978516,118.0,-20.492019653320312,-26.0,-1.4588661193847656
v113_s0501,113,501,174,36182,93.4885025024414,92.5,117.74390411376953,118.0,-24.255401611328125,-25.5,-1.0132712125778198
v113_s0502,113,502,195,36514,92.75897216796875,92.0,118.24502563476562,118.0,-25.486053466796875,-26.0,-1.0875836610794067
v113_s0503,113,503,251,36768,91.26294708251953,91.0,118.83937072753906,119.0,-27.57642364501953,-28.0,-1.3489816188812256
v113_s0504,113,504,333,36843,88.72071838378906,87.0,119.55231475830078,120.0,-30.83159637451172,-33.0,-1.7071256637573242
v113_s0505,113,505,371,37155,91.70350646972656,91.0,120.13179779052734,121.0,-28.42829132080078,-30.0,-1.3946691751480103
v113_s0506,113,506,528,37622,90.69507598876953,90.0,120.77337646484375,121.0,-30.07830047607422,-31.0,-1.4411581754684448
v113_s0507,113,507,833,37570,90.61944580078125,91.0,121.6265640258789,122.0,-31.007118225097656,-31.0,-1.3042809963226318
v113_s0508,113,508,925,37754,92.6767578125,92.0,121.95248413085938,122.0,-29.275726318359375,-30.0,-1.2622073888778687
v113_s0509,113,509,1059,37917,92.70821380615234,92.0,122.31221008300781,123.0,-29.60399627685547,-31.0,-1.3482803106307983
v113_s0510,113,510,1256,38065,89.29219818115234,88.0,121.9775390625,122.0,-32.685340881347656,-34.0,-1.4305016994476318
v113_s0511,113,511,1237,37932,86.80032348632812,86.0,121.89389038085938,122.0,-35.09356689453125,-36.0,-1.5657448768615723
v113_s0512,113,512,1263,37760,86.19002532958984,87.0,121.86585998535156,122.0,-35.67583465576172,-35.0,-1.5738117694854736
v113_s0513,113,513,1296,37612,86.74382781982422,87.0,121.94105529785156,122.0,-35.197227478027344,-35.0,-1.6862269639968872
v113_s0514,113,514,1323,37471,87.16477966308594,88.0,122.08494567871094,122.0,-34.920166015625,-34.0,-1.580625057220459
v113_s0515,113,515,1391,37310,89.40115356445312,89.0,122.18777465820312,122.0,-32.78662109375,-33.0,-1.534136176109314
v113_s0516,113,516,1423,37186,89.40055847167969,88.0,122.24471282958984,122.0,-32.844154357910156,-34.0,-1.580625057220459
v113_s0517,113,517,1359,37162,87.35982513427734,87.0,122.01824188232422,122.0,-34.658416748046875,-35.0,-1.5703260898590088
v113_s0518,113,518,1325,36993,85.26566314697266,85.0,121.42948913574219,122.0,-36.16382598876953,-37.0,-1.7200920581817627
v113_s0519,113,519,1336,37070,83.1601791381836,82.0,120.20795440673828,121.0,-37.04777526855469,-39.0,-1.8789386749267578
v113_s0520,113,520,1334,37018,79.83358001708984,79.0,119.03992462158203,119.0,-39.20634460449219,-40.0,-1.8595589399337769
v113_s0521,113,521,1327,36785,77.56668853759766,77.0,118.2225341796875,118.0,-40.655845642089844,-41.0,-1.9752944707870483
v113_s0522,113,522,1161,36959,77.25581359863281,77.0,117.33943176269531,118.0,-40.0836181640625,-41.0,-1.9752944707870483
v113_s0523,113,523,1059,37144,77.32483673095703,76.0,117.04584503173828,118.0,-39.72100830078125,-42.0,-2.023472309112549
v113_s0524,113,524,970,37034,77.34123992919922,76.0,117.20721435546875,118.0,-39.86597442626953,-42.0,-2.023472309112549
v113_s0525,113,525,899,36784,77.6829833984375,77.0,117.1199722290039,118.0,-39.436988830566406,-41.0,-1.9752944707870483
v113_s0526,113,526,849,36737,77.22968292236328,79.0,116.3987808227539,117.0,-39.169097900390625,-38.0,-1.8307607173919678
v113_s0527,113,527,714,36828,75.43276977539062,77.0,115.15985107421875,116.0,-39.727081298828125,-39.0,-2.017512321472168
v113_s0528,113,528,637,36483,74.12715911865234,74.0,113.6993408203125,114.0,-39.572181701660156,-40.0,-1.9271165132522583
v113_s0529,113,529,570,36080,72.63859558105469,70.0,112.30756378173828,113.0,-39.668968200683594,-43.0,-2.1469058990478516
v113_s0530,113,530,530,35741,72.99056243896484,71.0,111.7871322631836,112.0,-38.79656982421875,-41.0,-1.9752944707870483
v113_s0531,113,531,657,35324,74.6681900024414,75.0,112.15680694580078,113.0,-37.488616943359375,-38.0,-1.8307607173919678
v113_s0532,113,532,718,34904,75.87743377685547,77.0,112.76736450195312,113.0,-36.889930725097656,-36.0,-1.5592747926712036
v113_s0533,113,533,751,34658,74.83222198486328,76.0,113.5879135131836,114.0,-38.75569152832031,-38.0,-1.5895453691482544
v113_s0534,113,534,828,33826,75.39372253417969,78.0,115.17776489257812,116.0,-39.78404235839844,-38.0,-1.5358434915542603
v113_s0535,113,535,967,33290,78.32471466064453,81.0,116.5376968383789,117.0,-38.212982177734375,-36.0,-1.4065992832183838
v113_s0536,113,536,947,32693,79.05702209472656,82.0,117.65188598632812,118.0,-38.59486389160156,-36.0,-1.5592747926712036
v113_s0537,113,537,871,31766,78.89781951904297,82.0,118.87049102783203,119.0,-39.97267150878906,-37.0,-1.5895320177078247
v113_s0538,113,538,804,30856,77.45771026611328,80.0,120.02812957763672,121.0,-42.57041931152344,-41.0,-1.7150357961654663
v113_s0539,113,539,819,30024,77.03784942626953,80.0,121.26468658447266,122.0,-44.226837158203125,-42.0,-1.6975113153457642
v113_s0540,113,540,816,29332,76.8125,78.0,122.04060363769531,123.0,-45.22810363769531,-45.0,-1.758249044418335
v113_s0541,113,541,772,28000,77.40155792236328,77.0,123.0749282836914,124.0,-45.673370361328125,-47.0,-1.8995959758758545
v113_s0542,113,542,716,26908,77.82681274414062,78.0,122.88192749023438,124.0,-45.05511474609375,-46.0,-1.7973213195800781
v113_s0543,113,543,762,25738,81.67322540283203,84.0,122.09725189208984,123.0,-40.42402648925781,-39.0,-1.6313755512237549
v113_s0544,113,544,525,24897,85.1104736328125,85.0,120.4902572631836,121.0,-35.379783630371094,-36.0,-1.6736030578613281
v113_s0545,113,545,419,23982,86.89021301269531,86.0,119.59310913085938,120.0,-32.70289611816406,-34.0,-1.573169231414795
v113_s0546,113,546,338,23067,86.8727798461914,85.0,119.59027862548828,120.0,-32.717498779296875,-35.0,-1.3995966911315918
v113_s0547,113,547,273,22195,87.18681335449219,87.0,119.81671905517578,121.0,-32.629905700683594,-34.0,-1.4222248792648315
v113_s0548,113,548,231,21290,89.12554168701172,89.0,119.08642578125,120.0,-29.96088409423828,-31.0,-1.3427088260650635
v113_s0558,113,558,81,10992,62.703704833984375,61.0,116.30394744873047,117.0,-53.600242614746094,-56.0,-2.3424880504608154
v113_s0559,113,559,80,10281,60.150001525878906,59.0,116.64215850830078,118.0,-56.492156982421875,-59.0,-3.160919189453125
v113_s0560,113,560,74,9279,58.97297286987305,58.0,118.87336730957031,120.0,-59.900394439697266,-62.0,-3.09553861618042
v113_s0561,113,561,77,8720,56.07792282104492,56.0,118.65194702148438,120.0,-62.57402420043945,-64.0,-3.0755505561828613
v113_s0562,113,562,75,8192,52.733333587646484,53.0,117.39697265625,118.0,-64.66363525390625,-65.0,-3.123605966567993
v113_s0563,113,563,70,7693,55.42856979370117,52.5,116.1166000366211,117.0,-60.68803024291992,-64.5,-3.0412797927856445
v113_s0564,113,564,68,7223,63.19117736816406,64.5,115.67312622070312,116.0,-52.48194885253906,-51.5,-2.7238900661468506
v113_s0565,113,565,59,6779,69.10169219970703,69.0,115.02891540527344,116.0,-45.927223205566406,-47.0,-2.7334601879119873
v113_s0566,113,566,49,6337,72.51020050048828,74.0,114.64952087402344,116.0,-42.139320373535156,-42.0,-2.2644782066345215
v113_s0567,113,567,32,5946,71.75,72.0,114.28186798095703,116.0,-42.53186798095703,-44.0,-1.9252300262451172
v116_s0495,116,495,361,9297,56.750694274902344,56.0,64.06088256835938,65.0,-7.310188293457031,-9.0,-0.3467394709587097
v116_s0496,116,496,373,9507,56.40750503540039,56.0,64.4477767944336,65.0,-8.040271759033203,-9.0,-0.36773526668548584
v116_s0497,116,497,393,9581,56.992366790771484,56.0,65.10729217529297,65.0,-8.114925384521484,-9.0,-0.36773526668548584
v116_s0498,116,498,417,9886,57.98561096191406,57.0,64.9603500366211,65.0,-6.974739074707031,-8.0,-0.33658862113952637
v116_s0499,116,499,441,10139,58.31519317626953,59.0,65.19242858886719,66.0,-6.877235412597656,-7.0,-0.2860163152217865
v116_s0500,116,500,467,10406,58.81584548950195,59.0,65.27666473388672,65.0,-6.460819244384766,-6.0,-0.2609574794769287
v116_s0501,116,501,499,10856,56.66532897949219,56.0,64.98314666748047,65.0,-8.317817687988281,-9.0,-0.37866219878196716
v116_s0502,116,502,543,11003,56.110496520996094,55.0,65.53203582763672,65.0,-9.421539306640625,-10.0,-0.4085947275161743
v116_s0503,116,503,543,11403,58.290977478027344,58.0,64.69095611572266,64.0,-6.3999786376953125,-6.0,-0.2524414658546448
v116_s0504,116,504,566,11680,59.083038330078125,59.5,65.07217407226562,65.0,-5.9891357421875,-5.5,-0.22804643213748932
v116_s0505,116,505,578,11842,58.33563995361328,58.0,65.42627716064453,65.0,-7.09063720703125,-7.0,-0.3031923174858093
v116_s0506,116,506,603,12226,56.73134231567383,58.0,65.28692626953125,66.0,-8.555583953857422,-8.0,-0.3465055227279663
v116_s0507,116,507,623,12634,55.975921630859375,55.0,65.3823013305664,66.0,-9.406379699707031,-11.0,-0.4364352226257324
v116_s0508,116,508,638,12958,55.495296478271484,54.0,65.88478088378906,66.0,-10.389484405517578,-12.0,-0.5048829317092896
v116_s0509,116,509,655,13305,56.212215423583984,55.0,66.21172332763672,66.0,-9.999507904052734,-11.0,-0.4494541883468628
v116_s0510,116,510,666,13744,57.61111068725586,57.0,65.83738708496094,66.0,-8.226276397705078,-9.0,-0.37866219878196716
v116_s0511,116,511,683,13999,57.62371826171875,56.0,66.29780578613281,66.0,-8.674087524414062,-10.0,-0.4071035385131836
v116_s0512,116,512,709,14467,57.12693786621094,56.0,65.55581665039062,66.0,-8.428878784179688,-10.0,-0.3960746228694916
v116_s0513,116,513,731,14823,56.81121826171875,55.0,65.39958190917969,65.0,-8.588363647460938,-10.0,-0.41830143332481384
v116_s0514,116,514,752,15077,55.791221618652344,55.0,65.42813873291016,65.0,-9.636917114257812,-10.0,-0.3960746228694916
v116_s0515,116,515,783,15490,54.07151794433594,53.0,65.20503234863281,65.0,-11.133514404296875,-12.0,-0.4885242283344269
v116_s0516,116,516,805,15982,53.82111740112305,54.0,65.19609832763672,65.0,-11.374980926513672,-11.0,-0.4009021520614624
v116_s0517,116,517,826,16289,54.868038177490234,54.0,65.67211151123047,66.0,-10.804073333740234,-12.0,-0.44896820187568665
v116_s0518,116,518,860,16580,54.839534759521484,54.0,66.07424926757812,66.0,-11.23471450805664,-12.0,-0.44896820187568665
v116_s0519,116,519,891,16776,55.21099853515625,55.0,66.35431671142578,66.0,-11.143318176269531,-11.0,-0.42241671681404114
v116_s0520,116,520,934,17131,55.48501205444336,55.0,66.48391723632812,66.0,-10.998905181884766,-11.0,-0.3904946744441986
v116_s0521,116,521,981,17537,55.40876770019531,55.0,66.11735534667969,66.0,-10.708587646484375,-11.0,-0.38035696744918823
v116_s0522,116,522,1053,17967,53.849002838134766,52.0,65.46746826171875,65.0,-11.618465423583984,-13.0,-0.46149370074272156
v116_s0523,116,523,1124,18289,54.00978469848633,53.0,65.62911987304688,65.0,-11.619335174560547,-12.0,-0.4496605098247528
v116_s0524,116,524,1202,18925,52.86355972290039,52.0,64.9250717163086,65.0,-12.061511993408203,-13.0,-0.46149370074272156
v116_s0525,116,525,1280,19258,53.77656173706055,52.0,64.76498413085938,65.0,-10.988422393798828,-13.0,-0.4737934470176697
v116_s0526,116,526,1372,19515,55.37099075317383,56.0,64.98954772949219,65.0,-9.61855697631836,-9.0,-0.3280108571052551
v116_s0527,116,527,1482,20111,56.04183578491211,54.0,64.83446502685547,65.0,-8.79262924194336,-11.0,-0.4121887981891632
v116_s0528,116,528,1594,20425,57.62986373901367,55.0,65.27647399902344,65.0,-7.646610260009766,-10.0,-0.36445650458335876
v116_s0529,116,529,1698,20946,59.098350524902344,56.0,64.96371459960938,65.0,-5.865364074707031,-9.0,-0.3190540075302124
v116_s0530,116,530,1823,21242,59.88370895385742,58.0,65.57786560058594,66.0,-5.694156646728516,-8.0,-0.28360357880592346
v116_s0531,116,531,1956,21569,58.51942825317383,55.0,66.0297622680664,66.0,-7.510334014892578,-11.0,-0.38035696744918823
v116_s0532,116,532,2101,21885,58.02665328979492,56.0,66.08979034423828,66.0,-8.06313705444336,-10.0,-0.36445650458335876
v116_s0533,116,533,2264,22190,58.20185470581055,56.0,66.2956771850586,66.0,-8.093822479248047,-10.0,-0.3747170865535736
v116_s0534,116,534,2255,22778,57.194236755371094,55.0,66.33097839355469,66.0,-9.136741638183594,-11.0,-0.3904946744441986
v116_s0535,116,535,2259,23187,57.4395751953125,55.0,66.39069366455078,66.0,-8.951118469238281,-11.0,-0.4009021520614624
v116_s0536,116,536,2280,23138,57.37631607055664,55.0,67.36105346679688,67.0,-9.984737396240234,-12.0,-0.43734779953956604
v116_s0537,116,537,2274,23528,56.75505828857422,55.0,67.87908172607422,68.0,-11.1240234375,-13.0,-0.4737934470176697
v116_s0538,116,538,2276,24003,56.811073303222656,55.0,68.20439147949219,68.0,-11.393318176269531,-13.0,-0.4737934470176697
v116_s0539,116,539,2293,24179,56.38944625854492,55.0,68.53070831298828,68.0,-12.14126205444336,-13.0,-0.4737934470176697
v116_s0540,116,540,2310,24675,55.9151496887207,55.0,68.53948974609375,68.0,-12.624340057373047,-13.0,-0.4737934470176697
v116_s0541,116,541,2324,24933,55.616607666015625,55.0,68.43633270263672,68.0,-12.819725036621094,-13.0,-0.4737934470176697
v116_s0542,116,542,2325,25418,55.71311950683594,55.0,67.99201202392578,67.0,-12.278892517089844,-12.0,-0.43734779953956604
v116_s0543,116,543,2340,25737,54.97307586669922,54.0,67.771728515625,67.0,-12.798652648925781,-13.0,-0.4608558118343353
v116_s0544,116,544,2351,26405,54.06082534790039,53.0,67.42578887939453,67.0,-13.36496353149414,-14.0,-0.4840906858444214
v116_s0545,116,545,2371,26667,53.92366027832031,53.0,67.93932342529297,68.0,-14.015663146972656,-15.0,-0.5186685919761658
v116_s0546,116,546,2380,26928,53.90251922607422,53.0,68.53605651855469,68.0,-14.633537292480469,-15.0,-0.5186685919761658
v116_s0547,116,547,2400,27333,53.1349983215332,52.0,68.86495971679688,68.0,-15.729961395263672,-16.0,-0.5532464981079102
v116_s0548,116,548,2415,27578,51.131675720214844,51.0,69.48045349121094,69.0,-18.348777770996094,-18.0,-0.6224023103713989
v116_s0549,116,549,2428,27981,49.4822883605957,49.0,69.63410949707031,69.0,-20.15182113647461,-20.0,-0.68974769115448
v116_s0550,116,550,2424,28264,47.49216079711914,47.0,69.3645248413086,69.0,-21.872364044189453,-22.0,-0.723628580570221
v116_s0551,116,551,2493,28186,46.93260955810547,46.0,69.49638366699219,69.0,-22.56377410888672,-23.0,-0.7565207481384277
v116_s0552,116,552,2495,28528,46.56232452392578,46.0,68.49947357177734,68.0,-21.937149047851562,-22.0,-0.7607139348983765
v116_s0553,116,553,2650,28646,46.535850524902344,46.0,68.2834243774414,68.0,-21.747573852539062,-22.0,-0.7410141825675964
v116_s0554,116,554,2837,28541,47.49735641479492,47.0,69.08601379394531,68.0,-21.58865737915039,-21.0,-0.7261360287666321
v116_s0555,116,555,3052,28599,47.66612243652344,47.0,69.6252670288086,68.0,-21.959144592285156,-21.0,-0.7073317170143127
v116_s0556,116,556,3268,28585,48.51836013793945,48.0,70.17838287353516,69.0,-21.660022735595703,-21.0,-0.7073317170143127
v116_s0557,116,557,3495,28527,49.60114288330078,49.0,70.68608856201172,69.0,-21.084945678710938,-20.0,-0.6578441262245178
v116_s0558,116,558,3815,28429,49.912452697753906,49.0,71.11206817626953,70.0,-21.199615478515625,-21.0,-0.6907363533973694
v116_s0559,116,559,4175,28441,52.16383361816406,51.0,71.13919830322266,70.0,-18.975364685058594,-19.0,-0.6234710216522217
v116_s0560,116,560,4589,28140,53.32229232788086,52.0,71.40167236328125,70.0,-18.07938003540039,-18.0,-0.5906567573547363
v116_s0561,116,561,5064,28066,55.08629608154297,54.0,71.18317413330078,70.0,-16.096878051757812,-16.0,-0.5018109083175659
v116_s0562,116,562,5566,27597,56.6656494140625,55.0,71.9371337890625,70.0,-15.271484375,-15.0,-0.47044774889945984
v116_s0563,116,563,6149,27453,58.271751403808594,57.0,72.1642074584961,71.0,-13.8924560546875,-14.0,-0.42922139167785645
v116_s0564,116,564,6800,27352,59.301029205322266,57.0,72.83657836914062,71.0,-13.53554916381836,-14.0,-0.4287787079811096
v116_s0565,116,565,6906,27337,59.714595794677734,58.0,73.44265747070312,72.0,-13.72806167602539,-14.0,-0.4287787079811096
v116_s0566,116,566,7081,27695,58.949867248535156,58.0,73.40498352050781,72.0,-14.455116271972656,-14.0,-0.4287787079811096
v116_s0567,116,567,7266,27948,58.858795166015625,57.0,72.72438049316406,72.0,-13.865585327148438,-15.0,-0.4495495557785034
v116_s0568,116,568,7423,28172,59.400108337402344,58.0,71.6240234375,70.0,-12.223915100097656,-12.0,-0.3675245940685272
v116_s0569,116,569,7593,28180,60.348609924316406,58.0,71.38154602050781,70.0,-11.032936096191406,-12.0,-0.35963964462280273
v116_s0570,116,570,7723,28409,60.27812957763672,58.0,70.6526107788086,69.0,-10.374481201171875,-11.0,-0.32966965436935425
v116_s0571,116,571,7956,28539,59.65158462524414,57.0,69.60054779052734,69.0,-9.948963165283203,-12.0,-0.35963964462280273
v116_s0572,116,572,8073,28318,59.28007125854492,58.0,69.30058288574219,69.0,-10.020511627197266,-11.0,-0.3372454047203064
v116_s0573,116,573,8266,28411,58.42414855957031,56.0,68.99042510986328,68.0,-10.566276550292969,-12.0,-0.35963964462280273
v116_s0574,116,574,8443,28362,58.83027267456055,57.0,68.96798706054688,68.0,-10.137714385986328,-11.0,-0.3372454047203064
v116_s0575,116,575,8632,28227,59.23320388793945,58.0,68.99564361572266,68.0,-9.762439727783203,-10.0,-0.30658671259880066
v116_s0576,116,576,8801,28278,59.13043975830078,57.0,69.23428344726562,68.0,-10.103843688964844,-11.0,-0.3372454047203064
v116_s0577,116,577,9025,28277,59.167423248291016,58.0,69.25717163085938,68.0,-10.08974838256836,-10.0,-0.30658671259880066
v116_s0578,116,578,9235,27994,59.18505859375,58.0,69.2339096069336,68.0,-10.048851013183594,-10.0,-0.29969969391822815
v116_s0579,116,579,9476,27666,58.84972381591797,58.0,68.80192565917969,68.0,-9.952201843261719,-10.0,-0.30658671259880066
v116_s0580,116,580,9703,27492,58.00123596191406,57.0,68.25923919677734,67.0,-10.258003234863281,-10.0,-0.30658671259880066
v116_s0581,116,581,9947,27247,57.87171936035156,57.0,68.1731948852539,67.0,-10.301475524902344,-10.0,-0.30658671259880066
v116_s0582,116,582,10182,27145,58.0216064453125,57.0,68.05245971679688,67.0,-10.030853271484375,-10.0,-0.30658671259880066
v116_s0583,116,583,10509,26820,58.46931076049805,57.0,68.0966796875,67.0,-9.627368927001953,-10.0,-0.30658671259880066
v116_s0584,116,584,10347,27028,58.64820861816406,57.0,67.97591400146484,67.0,-9.327705383300781,-10.0,-0.30658671259880066
v116_s0585,116,585,10252,27263,58.7708740234375,58.0,67.73678588867188,67.0,-8.965911865234375,-9.0,-0.2759280502796173
v116_s0586,116,586,10129,27395,58.49333572387695,58.0,67.85340118408203,67.0,-9.360065460205078,-9.0,-0.2759280502796173
v116_s0587,116,587,10045,27695,58.5294189453125,57.0,67.6321029663086,67.0,-9.102684020996094,-10.0,-0.30658671259880066
v116_s0588,116,588,9945,27777,58.706886291503906,57.0,67.53958129882812,67.0,-8.832695007324219,-10.0,-0.30658671259880066
v116_s0589,116,589,9855,27677,58.53445053100586,57.0,67.38540649414062,67.0,-8.850955963134766,-10.0,-0.3136318325996399
v116_s0590,116,590,9752,27898,59.014766693115234,58.0,67.05086517333984,66.0,-8.03609848022461,-8.0,-0.24526937305927277
v116_s0591,116,591,9662,28043,59.577003479003906,58.0,67.24323272705078,66.0,-7.666229248046875,-8.0,-0.24526937305927277
v116_s0592,116,592,9558,28093,60.33866882324219,59.0,67.3362045288086,67.0,-6.997535705566406,-8.0,-0.23975975811481476
v116_s0593,116,593,9471,28161,60.92862319946289,60.0,67.38489532470703,67.0,-6.456272125244141,-7.0,-0.20978978276252747
v116_s0594,116,594,9386,28299,61.102386474609375,60.0,67.5351791381836,67.0,-6.432792663574219,-7.0,-0.20978978276252747
v116_s0595,116,595,9294,28119,61.48138427734375,60.0,68.25509643554688,68.0,-6.773712158203125,-8.0,-0.23975975811481476
v116_s0596,116,596,9224,28303,60.98373794555664,60.0,68.28919219970703,68.0,-7.305454254150391,-8.0,-0.23460547626018524
v116_s0597,116,597,9142,28126,60.443668365478516,59.0,68.076904296875,67.0,-7.633235931396484,-8.0,-0.23460547626018524
v116_s0598,116,598,9065,28240,59.63794708251953,59.0,67.41838073730469,67.0,-7.780433654785156,-8.0,-0.23460547626018524
v116_s0599,116,599,8983,28155,59.500057220458984,58.0,67.03179168701172,67.0,-7.531734466552734,-9.0,-0.26972973346710205
v116_s0600,116,600,8907,27954,58.974403381347656,58.0,66.74264526367188,66.0,-7.768241882324219,-8.0,-0.23975975811481476
v116_s0601,116,601,8828,27958,59.08065414428711,58.0,66.25581359863281,66.0,-7.175159454345703,-8.0,-0.23975975811481476
v116_s0602,116,602,8737,27571,59.17546081542969,58.0,66.7606201171875,66.0,-7.5851593017578125,-8.0,-0.23975975811481476
v116_s0603,116,603,8665,27574,59.75579833984375,59.0,66.8564224243164,66.0,-7.100624084472656,-7.0,-0.20527979731559753
v116_s0604,116,604,8571,27335,59.17617416381836,59.0,67.13927459716797,67.0,-7.963100433349609,-8.0,-0.23460547626018524
v116_s0605,116,605,8520,27339,58.734039306640625,58.0,67.27542877197266,66.0,-8.541389465332031,-8.0,-0.23460547626018524
v116_s0606,116,606,8461,26797,58.461055755615234,58.0,68.32201385498047,68.0,-9.860958099365234,-10.0,-0.29325684905052185
v116_s0607,116,607,7444,27680,58.34040832519531,58.0,68.149169921875,67.0,-9.808761596679688,-9.0,-0.26393115520477295
v116_s0608,116,608,7180,27521,58.36392593383789,58.0,68.40380096435547,68.0,-10.039875030517578,-10.0,-0.29325684905052185
v116_s0609,116,609,6977,27281,58.211265563964844,58.0,67.95989990234375,67.0,-9.748634338378906,-9.0,-0.2759280502796173
v116_s0610,116,610,6779,27389,58.23617172241211,57.0,67.38030242919922,67.0,-9.14413070678711,-10.0,-0.30658671259880066
v116_s0611,116,611,6567,27079,58.07019805908203,58.0,67.07319641113281,66.0,-9.002998352050781,-8.0,-0.25090545415878296
v116_s0612,116,612,6387,26735,57.664005279541016,58.0,67.07698059082031,66.0,-9.412975311279297,-8.0,-0.24526937305927277
v116_s0613,116,613,6213,26583,57.0243034362793,57.0,67.0929946899414,66.0,-10.06869125366211,-9.0,-0.2759280502796173
v116_s0614,116,614,6020,26203,56.453487396240234,56.0,66.70682525634766,66.0,-10.253337860107422,-10.0,-0.3136318325996399
v116_s0615,116,615,5862,25821,56.588706970214844,56.0,66.20095825195312,66.0,-9.612251281738281,-10.0,-0.30658671259880066
v116_s0616,116,616,5378,25835,56.42264938354492,56.0,65.3808364868164,65.0,-8.958187103271484,-9.0,-0.28906747698783875
v116_s0617,116,617,4975,25824,56.009246826171875,55.0,63.913299560546875,64.0,-7.904052734375,-9.0,-0.28874027729034424
v116_s0618,116,618,4575,25260,55.327213287353516,55.0,63.05787658691406,63.0,-7.730663299560547,-8.0,-0.25665801763534546
v116_s0619,116,619,4205,24798,55.43804931640625,56.0,62.306236267089844,62.0,-6.868186950683594,-6.0,-0.19271165132522583
v116_s0620,116,620,3854,23862,55.8531379699707,55.0,62.57493209838867,62.0,-6.721794128417969,-7.0,-0.2248302549123764
v116_s0621,116,621,3554,23466,55.9935302734375,55.0,63.130062103271484,63.0,-7.136531829833984,-8.0,-0.26313766837120056
v116_s0622,116,622,3248,22698,56.329742431640625,56.0,63.705039978027344,63.0,-7.375297546386719,-7.0,-0.23577722907066345
v116_s0623,116,623,2959,22040,57.51301193237305,57.0,63.537113189697266,63.0,-6.024101257324219,-6.0,-0.2074674367904663
v116_s0624,116,624,2727,21496,57.90319061279297,58.0,63.893516540527344,64.0,-5.990325927734375,-6.0,-0.212702676653862
v116_s0625,116,625,2478,20718,58.74092102050781,58.0,64.91524505615234,64.0,-6.174324035644531,-6.0,-0.2074674367904663
v116_s0626,116,626,2242,19882,60.024532318115234,60.0,65.5450668334961,65.0,-5.520534515380859,-5.0,-0.168622687458992
v116_s0627,116,627,2046,19187,61.78445816040039,62.0,65.59680938720703,65.0,-3.8123512268066406,-3.0,-0.10104738920927048
