policy,volume_id,slice_index,sample_id,truth_pixels,detected,max_truth_probability
control,104,282,v104_s0282,27,False,0.0
control,104,283,v104_s0283,34,False,0.0
control,104,284,v104_s0284,48,False,0.0
control,104,285,v104_s0285,68,False,0.0
control,104,286,v104_s0286,69,False,0.0
control,104,287,v104_s0287,76,False,0.0
control,104,288,v104_s0288,79,False,0.0
control,104,289,v104_s0289,87,False,0.0
control,104,290,v104_s0290,96,False,0.0
control,104,291,v104_s0291,93,False,0.0
control,104,292,v104_s0292,74,False,0.0
control,104,293,v104_s0293,74,False,0.0
control,104,294,v104_s0294,79,False,0.0
control,104,295,v104_s0295,83,False,0.0
control,104,296,v104_s0296,98,False,0.0
control,104,297,v104_s0297,135,False,0.0
control,104,298,v104_s0298,180,False,0.0
control,104,299,v104_s0299,167,False,0.0
control,104,300,v104_s0300,155,False,0.0
control,104,301,v104_s0301,165,False,0.0
control,104,302,v104_s0302,159,False,0.0
control,104,303,v104_s0303,135,False,0.0
control,104,304,v104_s0304,120,False,0.0
control,104,305,v104_s0305,130,False,0.0
control,104,306,v104_s0306,106,False,0.0
control,104,307,v104_s0307,100,False,0.0
control,104,308,v104_s0308,97,False,0.0
control,104,309,v104_s0309,105,False,0.0
control,104,310,v104_s0310,121,False,0.0
control,104,311,v104_s0311,148,False,0.0
control,104,312,v104_s0312,203,False,0.0
control,104,313,v104_s0313,313,False,0.0
control,104,314,v104_s0314,338,False,0.0
control,104,315,v104_s0315,388,True,1.0
control,104,316,v104_s0316,471,False,0.0
control,104,317,v104_s0317,506,False,0.0
control,104,318,v104_s0318,520,False,0.0
control,104,319,v104_s0319,594,True,0.9951171875
control,104,320,v104_s0320,631,True,0.99609375
control,104,321,v104_s0321,665,False,0.0
control,104,322,v104_s0322,705,False,0.0
control,104,323,v104_s0323,754,False,0.0
control,104,324,v104_s0324,773,True,0.95703125
control,104,325,v104_s0325,814,True,0.85888671875
control,104,326,v104_s0326,837,False,0.0
control,104,327,v104_s0327,854,False,0.0
control,104,328,v104_s0328,864,False,1.9669532775878906e-06
control,104,329,v104_s0329,913,False,0.0
control,104,330,v104_s0330,977,False,0.0
control,104,331,v104_s0331,1006,False,0.0
control,104,332,v104_s0332,1038,False,0.0
control,104,333,v104_s0333,1068,False,0.0
control,104,334,v104_s0334,1046,False,0.0
control,104,335,v104_s0335,1079,False,0.0
control,104,336,v104_s0336,1098,False,0.0
control,104,337,v104_s0337,1125,False,0.0
control,104,338,v104_s0338,1141,False,0.0
control,104,339,v104_s0339,1145,False,0.0
control,104,340,v104_s0340,1145,False,0.0
control,104,341,v104_s0341,1165,False,0.0
control,104,342,v104_s0342,1169,False,0.0
control,104,343,v104_s0343,1179,False,0.0
control,104,344,v104_s0344,1180,False,0.0
control,104,345,v104_s0345,1191,False,0.0
control,104,346,v104_s0346,1207,False,0.0
control,104,347,v104_s0347,1221,False,0.0
control,104,348,v104_s0348,1242,False,0.0
control,104,349,v104_s0349,1227,False,0.0
control,104,350,v104_s0350,1218,False,0.0
control,104,351,v104_s0351,1207,False,0.0
control,104,352,v104_s0352,1226,False,0.0
control,104,353,v104_s0353,1239,False,0.0
control,104,354,v104_s0354,1267,False,0.0
control,104,355,v104_s0355,1273,False,0.0
control,104,356,v104_s0356,1230,False,0.0
control,104,357,v104_s0357,1225,False,0.0
control,104,358,v104_s0358,1216,False,0.0
control,104,359,v104_s0359,1214,False,5.960464477539063e-08
control,104,360,v104_s0360,1193,False,0.0
control,104,361,v104_s0361,1155,False,0.0
control,104,362,v104_s0362,1149,False,0.0
control,104,363,v104_s0363,1110,False,0.0
control,104,364,v104_s0364,1089,False,0.0
control,104,365,v104_s0365,1062,False,0.0
control,104,366,v104_s0366,1050,False,0.0
control,104,367,v104_s0367,1037,False,0.0
control,104,368,v104_s0368,988,False,0.0
control,104,369,v104_s0369,975,False,0.0
control,104,370,v104_s0370,960,True,0.5400390625
control,104,371,v104_s0371,892,True,0.99951171875
control,104,372,v104_s0372,867,True,0.994140625
control,104,373,v104_s0373,826,True,1.0
control,104,374,v104_s0374,749,True,1.0
control,104,375,v104_s0375,696,True,1.0
control,104,376,v104_s0376,644,True,1.0
control,104,377,v104_s0377,601,True,1.0
control,104,378,v104_s0378,561,True,1.0
control,104,379,v104_s0379,507,True,1.0
control,104,380,v104_s0380,452,True,1.0
control,104,381,v104_s0381,412,True,1.0
control,104,382,v104_s0382,364,True,1.0
control,104,383,v104_s0383,202,True,1.0
control,104,384,v104_s0384,130,True,1.0
control,104,385,v104_s0385,25,False,0.0
control,104,386,v104_s0386,14,False,0.0
control,104,413,v104_s0413,5,True,1.0
control,104,414,v104_s0414,8,True,1.0
control,104,415,v104_s0415,7,True,1.0
control,104,416,v104_s0416,6,True,1.0
control,104,417,v104_s0417,2,False,0.0
control,104,423,v104_s0423,2,False,0.0
control,104,424,v104_s0424,3,False,0.0
control,104,425,v104_s0425,5,False,3.2782554626464844e-06
control,104,426,v104_s0426,8,True,1.0
control,104,427,v104_s0427,10,True,1.0
control,104,428,v104_s0428,12,True,1.0
control,104,429,v104_s0429,13,True,1.0
control,104,430,v104_s0430,10,True,1.0
control,104,431,v104_s0431,5,True,1.0
control,104,432,v104_s0432,3,True,1.0
control,104,433,v104_s0433,4,True,1.0
control,104,434,v104_s0434,4,False,0.0
recall_loss,104,282,v104_s0282,27,False,0.0
recall_loss,104,283,v104_s0283,34,False,0.0
recall_loss,104,284,v104_s0284,48,False,0.0
recall_loss,104,285,v104_s0285,68,False,0.0
recall_loss,104,286,v104_s0286,69,True,0.76611328125
recall_loss,104,287,v104_s0287,76,False,0.012298583984375
recall_loss,104,288,v104_s0288,79,False,0.0
recall_loss,104,289,v104_s0289,87,False,0.0
recall_loss,104,290,v104_s0290,96,False,0.0
recall_loss,104,291,v104_s0291,93,False,0.00315093994140625
recall_loss,104,292,v104_s0292,74,False,0.0
recall_loss,104,293,v104_s0293,74,False,0.0
recall_loss,104,294,v104_s0294,79,False,0.0
recall_loss,104,295,v104_s0295,83,False,0.0
recall_loss,104,296,v104_s0296,98,False,1.9669532775878906e-06
recall_loss,104,297,v104_s0297,135,True,0.99951171875
recall_loss,104,298,v104_s0298,180,False,0.119384765625
recall_loss,104,299,v104_s0299,167,False,0.0
recall_loss,104,300,v104_s0300,155,False,0.0
recall_loss,104,301,v104_s0301,165,False,0.0
recall_loss,104,302,v104_s0302,159,False,0.0
recall_loss,104,303,v104_s0303,135,False,0.0001283884048461914
recall_loss,104,304,v104_s0304,120,True,1.0
recall_loss,104,305,v104_s0305,130,True,1.0
recall_loss,104,306,v104_s0306,106,False,0.11712646484375
recall_loss,104,307,v104_s0307,100,False,0.0
recall_loss,104,308,v104_s0308,97,False,0.0
recall_loss,104,309,v104_s0309,105,False,0.0
recall_loss,104,310,v104_s0310,121,False,0.0
recall_loss,104,311,v104_s0311,148,False,0.0
recall_loss,104,312,v104_s0312,203,False,0.0
recall_loss,104,313,v104_s0313,313,False,0.0
recall_loss,104,314,v104_s0314,338,False,0.0
recall_loss,104,315,v104_s0315,388,True,0.646484375
recall_loss,104,316,v104_s0316,471,False,0.0
recall_loss,104,317,v104_s0317,506,False,0.0
recall_loss,104,318,v104_s0318,520,False,0.0
recall_loss,104,319,v104_s0319,594,False,0.0134124755859375
recall_loss,104,320,v104_s0320,631,False,0.0
recall_loss,104,321,v104_s0321,665,False,0.0
recall_loss,104,322,v104_s0322,705,False,0.482177734375
recall_loss,104,323,v104_s0323,754,False,0.0
recall_loss,104,324,v104_s0324,773,True,0.76025390625
recall_loss,104,325,v104_s0325,814,True,0.966796875
recall_loss,104,326,v104_s0326,837,False,0.0
recall_loss,104,327,v104_s0327,854,False,0.0
recall_loss,104,328,v104_s0328,864,False,0.0
recall_loss,104,329,v104_s0329,913,False,0.0
recall_loss,104,330,v104_s0330,977,False,0.0
recall_loss,104,331,v104_s0331,1006,False,0.0
recall_loss,104,332,v104_s0332,1038,False,0.0
recall_loss,104,333,v104_s0333,1068,False,0.0
recall_loss,104,334,v104_s0334,1046,False,0.0
recall_loss,104,335,v104_s0335,1079,False,0.0
recall_loss,104,336,v104_s0336,1098,False,0.0
recall_loss,104,337,v104_s0337,1125,False,0.0
recall_loss,104,338,v104_s0338,1141,False,0.0
recall_loss,104,339,v104_s0339,1145,False,0.0
recall_loss,104,340,v104_s0340,1145,False,0.0
recall_loss,104,341,v104_s0341,1165,False,0.0
recall_loss,104,342,v104_s0342,1169,False,0.0
recall_loss,104,343,v104_s0343,1179,False,0.0
recall_loss,104,344,v104_s0344,1180,False,0.0
recall_loss,104,345,v104_s0345,1191,False,0.0
recall_loss,104,346,v104_s0346,1207,False,0.0
recall_loss,104,347,v104_s0347,1221,False,0.0
recall_loss,104,348,v104_s0348,1242,False,0.0
recall_loss,104,349,v104_s0349,1227,False,0.0
recall_loss,104,350,v104_s0350,1218,False,0.0
recall_loss,104,351,v104_s0351,1207,False,0.0
recall_loss,104,352,v104_s0352,1226,False,0.0
recall_loss,104,353,v104_s0353,1239,False,0.0
recall_loss,104,354,v104_s0354,1267,False,0.0
recall_loss,104,355,v104_s0355,1273,False,5.960464477539063e-08
recall_loss,104,356,v104_s0356,1230,False,0.0
recall_loss,104,357,v104_s0357,1225,False,0.0
recall_loss,104,358,v104_s0358,1216,False,2.9146671295166016e-05
recall_loss,104,359,v104_s0359,1214,True,0.994140625
recall_loss,104,360,v104_s0360,1193,True,1.0
recall_loss,104,361,v104_s0361,1155,True,1.0
recall_loss,104,362,v104_s0362,1149,True,1.0
recall_loss,104,363,v104_s0363,1110,True,0.99853515625
recall_loss,104,364,v104_s0364,1089,True,1.0
recall_loss,104,365,v104_s0365,1062,True,0.93310546875
recall_loss,104,366,v104_s0366,1050,True,0.98779296875
recall_loss,104,367,v104_s0367,1037,True,1.0
recall_loss,104,368,v104_s0368,988,True,1.0
recall_loss,104,369,v104_s0369,975,True,0.99951171875
recall_loss,104,370,v104_s0370,960,True,1.0
recall_loss,104,371,v104_s0371,892,True,1.0
recall_loss,104,372,v104_s0372,867,True,1.0
recall_loss,104,373,v104_s0373,826,True,1.0
recall_loss,104,374,v104_s0374,749,True,1.0
recall_loss,104,375,v104_s0375,696,True,1.0
recall_loss,104,376,v104_s0376,644,True,1.0
recall_loss,104,377,v104_s0377,601,True,1.0
recall_loss,104,378,v104_s0378,561,True,1.0
recall_loss,104,379,v104_s0379,507,True,1.0
recall_loss,104,380,v104_s0380,452,True,1.0
recall_loss,104,381,v104_s0381,412,True,1.0
recall_loss,104,382,v104_s0382,364,True,1.0
recall_loss,104,383,v104_s0383,202,True,1.0
recall_loss,104,384,v104_s0384,130,True,0.74755859375
recall_loss,104,385,v104_s0385,25,False,0.0
recall_loss,104,386,v104_s0386,14,False,0.0
recall_loss,104,413,v104_s0413,5,True,0.94580078125
recall_loss,104,414,v104_s0414,8,True,1.0
recall_loss,104,415,v104_s0415,7,True,1.0
recall_loss,104,416,v104_s0416,6,False,3.5762786865234375e-07
recall_loss,104,417,v104_s0417,2,False,0.0
recall_loss,104,423,v104_s0423,2,False,0.0
recall_loss,104,424,v104_s0424,3,False,0.0
recall_loss,104,425,v104_s0425,5,False,1.1920928955078125e-07
recall_loss,104,426,v104_s0426,8,True,1.0
recall_loss,104,427,v104_s0427,10,True,1.0
recall_loss,104,428,v104_s0428,12,True,1.0
recall_loss,104,429,v104_s0429,13,True,1.0
recall_loss,104,430,v104_s0430,10,True,1.0
recall_loss,104,431,v104_s0431,5,True,1.0
recall_loss,104,432,v104_s0432,3,False,7.212162017822266e-06
recall_loss,104,433,v104_s0433,4,False,0.00262451171875
recall_loss,104,434,v104_s0434,4,False,0.0
maximum,104,282,v104_s0282,27,False,0.0
maximum,104,283,v104_s0283,34,False,0.0
maximum,104,284,v104_s0284,48,False,0.0
maximum,104,285,v104_s0285,68,False,0.0
maximum,104,286,v104_s0286,69,True,0.76611328125
maximum,104,287,v104_s0287,76,False,0.012298583984375
maximum,104,288,v104_s0288,79,False,0.0
maximum,104,289,v104_s0289,87,False,0.0
maximum,104,290,v104_s0290,96,False,0.0
maximum,104,291,v104_s0291,93,False,0.00315093994140625
maximum,104,292,v104_s0292,74,False,0.0
maximum,104,293,v104_s0293,74,False,0.0
maximum,104,294,v104_s0294,79,False,0.0
maximum,104,295,v104_s0295,83,False,0.0
maximum,104,296,v104_s0296,98,False,1.9669532775878906e-06
maximum,104,297,v104_s0297,135,True,0.99951171875
maximum,104,298,v104_s0298,180,False,0.119384765625
maximum,104,299,v104_s0299,167,False,0.0
maximum,104,300,v104_s0300,155,False,0.0
maximum,104,301,v104_s0301,165,False,0.0
maximum,104,302,v104_s0302,159,False,0.0
maximum,104,303,v104_s0303,135,False,0.0001283884048461914
maximum,104,304,v104_s0304,120,True,1.0
maximum,104,305,v104_s0305,130,True,1.0
maximum,104,306,v104_s0306,106,False,0.11712646484375
maximum,104,307,v104_s0307,100,False,0.0
maximum,104,308,v104_s0308,97,False,0.0
maximum,104,309,v104_s0309,105,False,0.0
maximum,104,310,v104_s0310,121,False,0.0
maximum,104,311,v104_s0311,148,False,0.0
maximum,104,312,v104_s0312,203,False,0.0
maximum,104,313,v104_s0313,313,False,0.0
maximum,104,314,v104_s0314,338,False,0.0
maximum,104,315,v104_s0315,388,True,1.0
maximum,104,316,v104_s0316,471,False,0.0
maximum,104,317,v104_s0317,506,False,0.0
maximum,104,318,v104_s0318,520,False,0.0
maximum,104,319,v104_s0319,594,True,0.9951171875
maximum,104,320,v104_s0320,631,True,0.99609375
maximum,104,321,v104_s0321,665,False,0.0
maximum,104,322,v104_s0322,705,False,0.482177734375
maximum,104,323,v104_s0323,754,False,0.0
maximum,104,324,v104_s0324,773,True,0.95703125
maximum,104,325,v104_s0325,814,True,0.966796875
maximum,104,326,v104_s0326,837,False,0.0
maximum,104,327,v104_s0327,854,False,0.0
maximum,104,328,v104_s0328,864,False,1.9669532775878906e-06
maximum,104,329,v104_s0329,913,False,0.0
maximum,104,330,v104_s0330,977,False,0.0
maximum,104,331,v104_s0331,1006,False,0.0
maximum,104,332,v104_s0332,1038,False,0.0
maximum,104,333,v104_s0333,1068,False,0.0
maximum,104,334,v104_s0334,1046,False,0.0
maximum,104,335,v104_s0335,1079,False,0.0
maximum,104,336,v104_s0336,1098,False,0.0
maximum,104,337,v104_s0337,1125,False,0.0
maximum,104,338,v104_s0338,1141,False,0.0
maximum,104,339,v104_s0339,1145,False,0.0
maximum,104,340,v104_s0340,1145,False,0.0
maximum,104,341,v104_s0341,1165,False,0.0
maximum,104,342,v104_s0342,1169,False,0.0
maximum,104,343,v104_s0343,1179,False,0.0
maximum,104,344,v104_s0344,1180,False,0.0
maximum,104,345,v104_s0345,1191,False,0.0
maximum,104,346,v104_s0346,1207,False,0.0
maximum,104,347,v104_s0347,1221,False,0.0
maximum,104,348,v104_s0348,1242,False,0.0
maximum,104,349,v104_s0349,1227,False,0.0
maximum,104,350,v104_s0350,1218,False,0.0
maximum,104,351,v104_s0351,1207,False,0.0
maximum,104,352,v104_s0352,1226,False,0.0
maximum,104,353,v104_s0353,1239,False,0.0
maximum,104,354,v104_s0354,1267,False,0.0
maximum,104,355,v104_s0355,1273,False,5.960464477539063e-08
maximum,104,356,v104_s0356,1230,False,0.0
maximum,104,357,v104_s0357,1225,False,0.0
maximum,104,358,v104_s0358,1216,False,2.9146671295166016e-05
maximum,104,359,v104_s0359,1214,True,0.994140625
maximum,104,360,v104_s0360,1193,True,1.0
maximum,104,361,v104_s0361,1155,True,1.0
maximum,104,362,v104_s0362,1149,True,1.0
maximum,104,363,v104_s0363,1110,True,0.99853515625
maximum,104,364,v104_s0364,1089,True,1.0
maximum,104,365,v104_s0365,1062,True,0.93310546875
maximum,104,366,v104_s0366,1050,True,0.98779296875
maximum,104,367,v104_s0367,1037,True,1.0
maximum,104,368,v104_s0368,988,True,1.0
maximum,104,369,v104_s0369,975,True,0.99951171875
maximum,104,370,v104_s0370,960,True,1.0
maximum,104,371,v104_s0371,892,True,1.0
maximum,104,372,v104_s0372,867,True,1.0
maximum,104,373,v104_s0373,826,True,1.0
maximum,104,374,v104_s0374,749,True,1.0
maximum,104,375,v104_s0375,696,True,1.0
maximum,104,376,v104_s0376,644,True,1.0
maximum,104,377,v104_s0377,601,True,1.0
maximum,104,378,v104_s0378,561,True,1.0
maximum,104,379,v104_s0379,507,True,1.0
maximum,104,380,v104_s0380,452,True,1.0
maximum,104,381,v104_s0381,412,True,1.0
maximum,104,382,v104_s0382,364,True,1.0
maximum,104,383,v104_s0383,202,True,1.0
maximum,104,384,v104_s0384,130,True,1.0
maximum,104,385,v104_s0385,25,False,0.0
maximum,104,386,v104_s0386,14,False,0.0
maximum,104,413,v104_s0413,5,True,1.0
maximum,104,414,v104_s0414,8,True,1.0
maximum,104,415,v104_s0415,7,True,1.0
maximum,104,416,v104_s0416,6,True,1.0
maximum,104,417,v104_s0417,2,False,0.0
maximum,104,423,v104_s0423,2,False,0.0
maximum,104,424,v104_s0424,3,False,0.0
maximum,104,425,v104_s0425,5,False,3.2782554626464844e-06
maximum,104,426,v104_s0426,8,True,1.0
maximum,104,427,v104_s0427,10,True,1.0
maximum,104,428,v104_s0428,12,True,1.0
maximum,104,429,v104_s0429,13,True,1.0
maximum,104,430,v104_s0430,10,True,1.0
maximum,104,431,v104_s0431,5,True,1.0
maximum,104,432,v104_s0432,3,True,1.0
maximum,104,433,v104_s0433,4,True,1.0
maximum,104,434,v104_s0434,4,False,0.0
control75_recall25,104,282,v104_s0282,27,False,0.0
control75_recall25,104,283,v104_s0283,34,False,0.0
control75_recall25,104,284,v104_s0284,48,False,0.0
control75_recall25,104,285,v104_s0285,68,False,0.0
control75_recall25,104,286,v104_s0286,69,False,0.1915283203125
control75_recall25,104,287,v104_s0287,76,False,0.00307464599609375
control75_recall25,104,288,v104_s0288,79,False,0.0
control75_recall25,104,289,v104_s0289,87,False,0.0
control75_recall25,104,290,v104_s0290,96,False,0.0
control75_recall25,104,291,v104_s0291,93,False,0.0007877349853515625
control75_recall25,104,292,v104_s0292,74,False,0.0
control75_recall25,104,293,v104_s0293,74,False,0.0
control75_recall25,104,294,v104_s0294,79,False,0.0
control75_recall25,104,295,v104_s0295,83,False,0.0
control75_recall25,104,296,v104_s0296,98,False,4.917383193969727e-07
control75_recall25,104,297,v104_s0297,135,False,0.2498779296875
control75_recall25,104,298,v104_s0298,180,False,0.02984619140625
control75_recall25,104,299,v104_s0299,167,False,0.0
control75_recall25,104,300,v104_s0300,155,False,0.0
control75_recall25,104,301,v104_s0301,165,False,0.0
control75_recall25,104,302,v104_s0302,159,False,0.0
control75_recall25,104,303,v104_s0303,135,False,3.209710121154785e-05
control75_recall25,104,304,v104_s0304,120,False,0.25
control75_recall25,104,305,v104_s0305,130,False,0.25
control75_recall25,104,306,v104_s0306,106,False,0.0292816162109375
control75_recall25,104,307,v104_s0307,100,False,0.0
control75_recall25,104,308,v104_s0308,97,False,0.0
control75_recall25,104,309,v104_s0309,105,False,0.0
control75_recall25,104,310,v104_s0310,121,False,0.0
control75_recall25,104,311,v104_s0311,148,False,0.0
control75_recall25,104,312,v104_s0312,203,False,0.0
control75_recall25,104,313,v104_s0313,313,False,0.0
control75_recall25,104,314,v104_s0314,338,False,0.0
control75_recall25,104,315,v104_s0315,388,True,0.75
control75_recall25,104,316,v104_s0316,471,False,0.0
control75_recall25,104,317,v104_s0317,506,False,0.0
control75_recall25,104,318,v104_s0318,520,False,0.0
control75_recall25,104,319,v104_s0319,594,True,0.746337890625
control75_recall25,104,320,v104_s0320,631,True,0.7470703125
control75_recall25,104,321,v104_s0321,665,False,0.0
control75_recall25,104,322,v104_s0322,705,False,0.12054443359375
control75_recall25,104,323,v104_s0323,754,False,0.0
control75_recall25,104,324,v104_s0324,773,True,0.9078369140625
control75_recall25,104,325,v104_s0325,814,True,0.8858642578125
control75_recall25,104,326,v104_s0326,837,False,0.0
control75_recall25,104,327,v104_s0327,854,False,0.0
control75_recall25,104,328,v104_s0328,864,False,1.475214958190918e-06
control75_recall25,104,329,v104_s0329,913,False,0.0
control75_recall25,104,330,v104_s0330,977,False,0.0
control75_recall25,104,331,v104_s0331,1006,False,0.0
control75_recall25,104,332,v104_s0332,1038,False,0.0
control75_recall25,104,333,v104_s0333,1068,False,0.0
control75_recall25,104,334,v104_s0334,1046,False,0.0
control75_recall25,104,335,v104_s0335,1079,False,0.0
control75_recall25,104,336,v104_s0336,1098,False,0.0
control75_recall25,104,337,v104_s0337,1125,False,0.0
control75_recall25,104,338,v104_s0338,1141,False,0.0
control75_recall25,104,339,v104_s0339,1145,False,0.0
control75_recall25,104,340,v104_s0340,1145,False,0.0
control75_recall25,104,341,v104_s0341,1165,False,0.0
control75_recall25,104,342,v104_s0342,1169,False,0.0
control75_recall25,104,343,v104_s0343,1179,False,0.0
control75_recall25,104,344,v104_s0344,1180,False,0.0
control75_recall25,104,345,v104_s0345,1191,False,0.0
control75_recall25,104,346,v104_s0346,1207,False,0.0
control75_recall25,104,347,v104_s0347,1221,False,0.0
control75_recall25,104,348,v104_s0348,1242,False,0.0
control75_recall25,104,349,v104_s0349,1227,False,0.0
control75_recall25,104,350,v104_s0350,1218,False,0.0
control75_recall25,104,351,v104_s0351,1207,False,0.0
control75_recall25,104,352,v104_s0352,1226,False,0.0
control75_recall25,104,353,v104_s0353,1239,False,0.0
control75_recall25,104,354,v104_s0354,1267,False,0.0
control75_recall25,104,355,v104_s0355,1273,False,1.4901161193847656e-08
control75_recall25,104,356,v104_s0356,1230,False,0.0
control75_recall25,104,357,v104_s0357,1225,False,0.0
control75_recall25,104,358,v104_s0358,1216,False,7.286667823791504e-06
control75_recall25,104,359,v104_s0359,1214,False,0.24853515625
control75_recall25,104,360,v104_s0360,1193,False,0.25
control75_recall25,104,361,v104_s0361,1155,False,0.25
control75_recall25,104,362,v104_s0362,1149,False,0.25
control75_recall25,104,363,v104_s0363,1110,False,0.2496337890625
control75_recall25,104,364,v104_s0364,1089,False,0.25
control75_recall25,104,365,v104_s0365,1062,False,0.2332763671875
control75_recall25,104,366,v104_s0366,1050,False,0.2469482421875
control75_recall25,104,367,v104_s0367,1037,False,0.25
control75_recall25,104,368,v104_s0368,988,False,0.25
control75_recall25,104,369,v104_s0369,975,False,0.2498779296875
control75_recall25,104,370,v104_s0370,960,True,0.6549072265625
control75_recall25,104,371,v104_s0371,892,True,0.9996337890625
control75_recall25,104,372,v104_s0372,867,True,0.994384765625
control75_recall25,104,373,v104_s0373,826,True,0.99951171875
control75_recall25,104,374,v104_s0374,749,True,0.9996337890625
control75_recall25,104,375,v104_s0375,696,True,1.0
control75_recall25,104,376,v104_s0376,644,True,1.0
control75_recall25,104,377,v104_s0377,601,True,1.0
control75_recall25,104,378,v104_s0378,561,True,0.99951171875
control75_recall25,104,379,v104_s0379,507,True,1.0
control75_recall25,104,380,v104_s0380,452,True,1.0
control75_recall25,104,381,v104_s0381,412,True,1.0
control75_recall25,104,382,v104_s0382,364,True,1.0
control75_recall25,104,383,v104_s0383,202,True,1.0
control75_recall25,104,384,v104_s0384,130,True,0.9368896484375
control75_recall25,104,385,v104_s0385,25,False,0.0
control75_recall25,104,386,v104_s0386,14,False,0.0
control75_recall25,104,413,v104_s0413,5,True,0.986083984375
control75_recall25,104,414,v104_s0414,8,True,1.0
control75_recall25,104,415,v104_s0415,7,True,1.0
control75_recall25,104,416,v104_s0416,6,True,0.7500001192092896
control75_recall25,104,417,v104_s0417,2,False,0.0
control75_recall25,104,423,v104_s0423,2,False,0.0
control75_recall25,104,424,v104_s0424,3,False,0.0
control75_recall25,104,425,v104_s0425,5,False,2.4884939193725586e-06
control75_recall25,104,426,v104_s0426,8,True,1.0
control75_recall25,104,427,v104_s0427,10,True,1.0
control75_recall25,104,428,v104_s0428,12,True,1.0
control75_recall25,104,429,v104_s0429,13,True,1.0
control75_recall25,104,430,v104_s0430,10,True,1.0
control75_recall25,104,431,v104_s0431,5,True,1.0
control75_recall25,104,432,v104_s0432,3,True,0.7500013113021851
control75_recall25,104,433,v104_s0433,4,True,0.7506561279296875
control75_recall25,104,434,v104_s0434,4,False,0.0
control,107,268,v107_s0268,8,False,0.0
control,107,269,v107_s0269,9,False,0.0
control,107,270,v107_s0270,12,False,0.0
control,107,271,v107_s0271,14,False,0.0
control,107,272,v107_s0272,20,False,0.0
control,107,273,v107_s0273,22,False,0.0
control,107,274,v107_s0274,23,False,0.0
control,107,275,v107_s0275,27,False,0.0
control,107,276,v107_s0276,30,False,0.0
control,107,277,v107_s0277,31,False,0.0
control,107,278,v107_s0278,19,False,0.0
control,107,279,v107_s0279,11,False,0.0
control,107,280,v107_s0280,5,False,0.0
control,107,331,v107_s0331,1,False,0.0
control,107,332,v107_s0332,1,False,0.0
control,107,333,v107_s0333,6,False,0.0
control,107,334,v107_s0334,7,False,0.0
control,107,335,v107_s0335,10,True,1.0
control,107,336,v107_s0336,14,True,1.0
control,107,337,v107_s0337,18,True,1.0
control,107,338,v107_s0338,22,True,1.0
control,107,339,v107_s0339,27,True,1.0
control,107,340,v107_s0340,33,True,1.0
control,107,341,v107_s0341,30,True,1.0
control,107,342,v107_s0342,21,True,1.0
control,107,343,v107_s0343,19,True,1.0
control,107,344,v107_s0344,15,True,1.0
control,107,345,v107_s0345,9,True,1.0
control,107,346,v107_s0346,8,True,1.0
control,107,347,v107_s0347,5,False,0.0
control,107,348,v107_s0348,4,False,0.0
control,107,349,v107_s0349,3,False,0.0
control,107,350,v107_s0350,2,False,0.0
control,107,358,v107_s0358,2,False,0.0
control,107,359,v107_s0359,2,False,0.0
control,107,360,v107_s0360,3,False,0.0
control,107,361,v107_s0361,5,False,0.0
control,107,362,v107_s0362,14,False,0.0
control,107,363,v107_s0363,17,False,0.0
control,107,364,v107_s0364,20,False,1.1324882507324219e-06
control,107,365,v107_s0365,20,True,1.0
control,107,366,v107_s0366,24,True,1.0
control,107,367,v107_s0367,32,True,1.0
control,107,368,v107_s0368,45,True,1.0
control,107,369,v107_s0369,40,False,3.8564205169677734e-05
control,107,370,v107_s0370,42,True,1.0
control,107,371,v107_s0371,38,True,1.0
control,107,372,v107_s0372,42,True,1.0
control,107,373,v107_s0373,45,True,1.0
control,107,374,v107_s0374,46,True,1.0
control,107,375,v107_s0375,43,True,1.0
control,107,376,v107_s0376,44,True,1.0
control,107,377,v107_s0377,43,True,1.0
control,107,378,v107_s0378,45,False,5.960464477539062e-07
control,107,379,v107_s0379,42,True,1.0
control,107,380,v107_s0380,48,True,1.0
control,107,381,v107_s0381,38,True,1.0
control,107,382,v107_s0382,33,True,1.0
control,107,383,v107_s0383,33,True,1.0
control,107,384,v107_s0384,28,False,0.0
control,107,385,v107_s0385,24,False,0.0
control,107,386,v107_s0386,24,False,0.0
control,107,387,v107_s0387,24,False,0.0
control,107,388,v107_s0388,21,False,0.0
control,107,389,v107_s0389,16,False,0.0
control,107,390,v107_s0390,12,False,0.0
control,107,391,v107_s0391,11,False,0.0
control,107,392,v107_s0392,7,False,0.0
control,107,393,v107_s0393,7,False,0.0
control,107,394,v107_s0394,4,False,0.0
control,107,395,v107_s0395,3,False,0.0
recall_loss,107,268,v107_s0268,8,False,0.0
recall_loss,107,269,v107_s0269,9,False,0.0
recall_loss,107,270,v107_s0270,12,False,0.0
recall_loss,107,271,v107_s0271,14,False,0.0
recall_loss,107,272,v107_s0272,20,False,0.0
recall_loss,107,273,v107_s0273,22,False,0.0
recall_loss,107,274,v107_s0274,23,False,0.0
recall_loss,107,275,v107_s0275,27,False,0.0
recall_loss,107,276,v107_s0276,30,False,0.0
recall_loss,107,277,v107_s0277,31,False,0.0
recall_loss,107,278,v107_s0278,19,False,0.0
recall_loss,107,279,v107_s0279,11,False,0.0
recall_loss,107,280,v107_s0280,5,False,0.0
recall_loss,107,331,v107_s0331,1,False,0.0
recall_loss,107,332,v107_s0332,1,False,0.0
recall_loss,107,333,v107_s0333,6,False,0.0
recall_loss,107,334,v107_s0334,7,False,0.0023555755615234375
recall_loss,107,335,v107_s0335,10,True,1.0
recall_loss,107,336,v107_s0336,14,True,1.0
recall_loss,107,337,v107_s0337,18,True,1.0
recall_loss,107,338,v107_s0338,22,True,1.0
recall_loss,107,339,v107_s0339,27,True,1.0
recall_loss,107,340,v107_s0340,33,True,1.0
recall_loss,107,341,v107_s0341,30,True,1.0
recall_loss,107,342,v107_s0342,21,True,1.0
recall_loss,107,343,v107_s0343,19,True,1.0
recall_loss,107,344,v107_s0344,15,True,1.0
recall_loss,107,345,v107_s0345,9,True,1.0
recall_loss,107,346,v107_s0346,8,True,1.0
recall_loss,107,347,v107_s0347,5,False,0.01511383056640625
recall_loss,107,348,v107_s0348,4,False,0.0
recall_loss,107,349,v107_s0349,3,False,0.0
recall_loss,107,350,v107_s0350,2,False,0.0
recall_loss,107,358,v107_s0358,2,False,0.0
recall_loss,107,359,v107_s0359,2,False,0.0
recall_loss,107,360,v107_s0360,3,False,0.0
recall_loss,107,361,v107_s0361,5,False,0.0
recall_loss,107,362,v107_s0362,14,False,0.0
recall_loss,107,363,v107_s0363,17,False,0.0
recall_loss,107,364,v107_s0364,20,False,0.046966552734375
recall_loss,107,365,v107_s0365,20,True,1.0
recall_loss,107,366,v107_s0366,24,True,1.0
recall_loss,107,367,v107_s0367,32,True,1.0
recall_loss,107,368,v107_s0368,45,True,0.99951171875
recall_loss,107,369,v107_s0369,40,False,0.002590179443359375
recall_loss,107,370,v107_s0370,42,True,0.6123046875
recall_loss,107,371,v107_s0371,38,True,1.0
recall_loss,107,372,v107_s0372,42,True,1.0
recall_loss,107,373,v107_s0373,45,True,1.0
recall_loss,107,374,v107_s0374,46,True,1.0
recall_loss,107,375,v107_s0375,43,True,1.0
recall_loss,107,376,v107_s0376,44,True,1.0
recall_loss,107,377,v107_s0377,43,True,1.0
recall_loss,107,378,v107_s0378,45,False,0.0
recall_loss,107,379,v107_s0379,42,True,1.0
recall_loss,107,380,v107_s0380,48,True,1.0
recall_loss,107,381,v107_s0381,38,True,1.0
recall_loss,107,382,v107_s0382,33,True,1.0
recall_loss,107,383,v107_s0383,33,True,1.0
recall_loss,107,384,v107_s0384,28,False,1.6093254089355469e-06
recall_loss,107,385,v107_s0385,24,False,0.0
recall_loss,107,386,v107_s0386,24,False,0.0
recall_loss,107,387,v107_s0387,24,False,0.0
recall_loss,107,388,v107_s0388,21,False,0.0
recall_loss,107,389,v107_s0389,16,False,0.0
recall_loss,107,390,v107_s0390,12,False,0.0
recall_loss,107,391,v107_s0391,11,False,0.0
recall_loss,107,392,v107_s0392,7,False,0.0
recall_loss,107,393,v107_s0393,7,False,0.0
recall_loss,107,394,v107_s0394,4,False,0.0
recall_loss,107,395,v107_s0395,3,False,0.0
maximum,107,268,v107_s0268,8,False,0.0
maximum,107,269,v107_s0269,9,False,0.0
maximum,107,270,v107_s0270,12,False,0.0
maximum,107,271,v107_s0271,14,False,0.0
maximum,107,272,v107_s0272,20,False,0.0
maximum,107,273,v107_s0273,22,False,0.0
maximum,107,274,v107_s0274,23,False,0.0
maximum,107,275,v107_s0275,27,False,0.0
maximum,107,276,v107_s0276,30,False,0.0
maximum,107,277,v107_s0277,31,False,0.0
maximum,107,278,v107_s0278,19,False,0.0
maximum,107,279,v107_s0279,11,False,0.0
maximum,107,280,v107_s0280,5,False,0.0
maximum,107,331,v107_s0331,1,False,0.0
maximum,107,332,v107_s0332,1,False,0.0
maximum,107,333,v107_s0333,6,False,0.0
maximum,107,334,v107_s0334,7,False,0.0023555755615234375
maximum,107,335,v107_s0335,10,True,1.0
maximum,107,336,v107_s0336,14,True,1.0
maximum,107,337,v107_s0337,18,True,1.0
maximum,107,338,v107_s0338,22,True,1.0
maximum,107,339,v107_s0339,27,True,1.0
maximum,107,340,v107_s0340,33,True,1.0
maximum,107,341,v107_s0341,30,True,1.0
maximum,107,342,v107_s0342,21,True,1.0
maximum,107,343,v107_s0343,19,True,1.0
maximum,107,344,v107_s0344,15,True,1.0
maximum,107,345,v107_s0345,9,True,1.0
maximum,107,346,v107_s0346,8,True,1.0
maximum,107,347,v107_s0347,5,False,0.01511383056640625
maximum,107,348,v107_s0348,4,False,0.0
maximum,107,349,v107_s0349,3,False,0.0
maximum,107,350,v107_s0350,2,False,0.0
maximum,107,358,v107_s0358,2,False,0.0
maximum,107,359,v107_s0359,2,False,0.0
maximum,107,360,v107_s0360,3,False,0.0
maximum,107,361,v107_s0361,5,False,0.0
maximum,107,362,v107_s0362,14,False,0.0
maximum,107,363,v107_s0363,17,False,0.0
maximum,107,364,v107_s0364,20,False,0.046966552734375
maximum,107,365,v107_s0365,20,True,1.0
maximum,107,366,v107_s0366,24,True,1.0
maximum,107,367,v107_s0367,32,True,1.0
maximum,107,368,v107_s0368,45,True,1.0
maximum,107,369,v107_s0369,40,False,0.002590179443359375
maximum,107,370,v107_s0370,42,True,1.0
maximum,107,371,v107_s0371,38,True,1.0
maximum,107,372,v107_s0372,42,True,1.0
maximum,107,373,v107_s0373,45,True,1.0
maximum,107,374,v107_s0374,46,True,1.0
maximum,107,375,v107_s0375,43,True,1.0
maximum,107,376,v107_s0376,44,True,1.0
maximum,107,377,v107_s0377,43,True,1.0
maximum,107,378,v107_s0378,45,False,5.960464477539062e-07
maximum,107,379,v107_s0379,42,True,1.0
maximum,107,380,v107_s0380,48,True,1.0
maximum,107,381,v107_s0381,38,True,1.0
maximum,107,382,v107_s0382,33,True,1.0
maximum,107,383,v107_s0383,33,True,1.0
maximum,107,384,v107_s0384,28,False,1.6093254089355469e-06
maximum,107,385,v107_s0385,24,False,0.0
maximum,107,386,v107_s0386,24,False,0.0
maximum,107,387,v107_s0387,24,False,0.0
maximum,107,388,v107_s0388,21,False,0.0
maximum,107,389,v107_s0389,16,False,0.0
maximum,107,390,v107_s0390,12,False,0.0
maximum,107,391,v107_s0391,11,False,0.0
maximum,107,392,v107_s0392,7,False,0.0
maximum,107,393,v107_s0393,7,False,0.0
maximum,107,394,v107_s0394,4,False,0.0
maximum,107,395,v107_s0395,3,False,0.0
control75_recall25,107,268,v107_s0268,8,False,0.0
control75_recall25,107,269,v107_s0269,9,False,0.0
control75_recall25,107,270,v107_s0270,12,False,0.0
control75_recall25,107,271,v107_s0271,14,False,0.0
control75_recall25,107,272,v107_s0272,20,False,0.0
control75_recall25,107,273,v107_s0273,22,False,0.0
control75_recall25,107,274,v107_s0274,23,False,0.0
control75_recall25,107,275,v107_s0275,27,False,0.0
control75_recall25,107,276,v107_s0276,30,False,0.0
control75_recall25,107,277,v107_s0277,31,False,0.0
control75_recall25,107,278,v107_s0278,19,False,0.0
control75_recall25,107,279,v107_s0279,11,False,0.0
control75_recall25,107,280,v107_s0280,5,False,0.0
control75_recall25,107,331,v107_s0331,1,False,0.0
control75_recall25,107,332,v107_s0332,1,False,0.0
control75_recall25,107,333,v107_s0333,6,False,0.0
control75_recall25,107,334,v107_s0334,7,False,0.0005888938903808594
control75_recall25,107,335,v107_s0335,10,True,1.0
control75_recall25,107,336,v107_s0336,14,True,1.0
control75_recall25,107,337,v107_s0337,18,True,1.0
control75_recall25,107,338,v107_s0338,22,True,1.0
control75_recall25,107,339,v107_s0339,27,True,1.0
control75_recall25,107,340,v107_s0340,33,True,1.0
control75_recall25,107,341,v107_s0341,30,True,1.0
control75_recall25,107,342,v107_s0342,21,True,1.0
control75_recall25,107,343,v107_s0343,19,True,1.0
control75_recall25,107,344,v107_s0344,15,True,1.0
control75_recall25,107,345,v107_s0345,9,True,1.0
control75_recall25,107,346,v107_s0346,8,True,1.0
control75_recall25,107,347,v107_s0347,5,False,0.0037784576416015625
control75_recall25,107,348,v107_s0348,4,False,0.0
control75_recall25,107,349,v107_s0349,3,False,0.0
control75_recall25,107,350,v107_s0350,2,False,0.0
control75_recall25,107,358,v107_s0358,2,False,0.0
control75_recall25,107,359,v107_s0359,2,False,0.0
control75_recall25,107,360,v107_s0360,3,False,0.0
control75_recall25,107,361,v107_s0361,5,False,0.0
control75_recall25,107,362,v107_s0362,14,False,0.0
control75_recall25,107,363,v107_s0363,17,False,0.0
control75_recall25,107,364,v107_s0364,20,False,0.0117424875497818
control75_recall25,107,365,v107_s0365,20,True,1.0
control75_recall25,107,366,v107_s0366,24,True,1.0
control75_recall25,107,367,v107_s0367,32,True,1.0
control75_recall25,107,368,v107_s0368,45,True,0.9998779296875
control75_recall25,107,369,v107_s0369,40,False,0.0006558597087860107
control75_recall25,107,370,v107_s0370,42,True,0.90234375
control75_recall25,107,371,v107_s0371,38,True,1.0
control75_recall25,107,372,v107_s0372,42,True,1.0
control75_recall25,107,373,v107_s0373,45,True,1.0
control75_recall25,107,374,v107_s0374,46,True,1.0
control75_recall25,107,375,v107_s0375,43,True,1.0
control75_recall25,107,376,v107_s0376,44,True,1.0
control75_recall25,107,377,v107_s0377,43,True,1.0
control75_recall25,107,378,v107_s0378,45,False,4.470348358154297e-07
control75_recall25,107,379,v107_s0379,42,True,1.0
control75_recall25,107,380,v107_s0380,48,True,1.0
control75_recall25,107,381,v107_s0381,38,True,1.0
control75_recall25,107,382,v107_s0382,33,True,1.0
control75_recall25,107,383,v107_s0383,33,True,1.0
control75_recall25,107,384,v107_s0384,28,False,4.023313522338867e-07
control75_recall25,107,385,v107_s0385,24,False,0.0
control75_recall25,107,386,v107_s0386,24,False,0.0
control75_recall25,107,387,v107_s0387,24,False,0.0
control75_recall25,107,388,v107_s0388,21,False,0.0
control75_recall25,107,389,v107_s0389,16,False,0.0
control75_recall25,107,390,v107_s0390,12,False,0.0
control75_recall25,107,391,v107_s0391,11,False,0.0
control75_recall25,107,392,v107_s0392,7,False,0.0
control75_recall25,107,393,v107_s0393,7,False,0.0
control75_recall25,107,394,v107_s0394,4,False,0.0
control75_recall25,107,395,v107_s0395,3,False,0.0
control,108,414,v108_s0414,2,False,0.0
control,108,415,v108_s0415,17,False,0.0
control,108,416,v108_s0416,29,False,0.0
control,108,417,v108_s0417,53,False,0.0
control,108,418,v108_s0418,103,False,0.0
control,108,419,v108_s0419,131,False,0.0
control,108,420,v108_s0420,180,False,0.0
control,108,421,v108_s0421,237,False,0.0
control,108,422,v108_s0422,320,False,0.0
control,108,423,v108_s0423,405,False,0.0
control,108,424,v108_s0424,420,False,0.0
control,108,425,v108_s0425,447,False,0.0
control,108,426,v108_s0426,462,True,1.0
control,108,427,v108_s0427,504,True,1.0
control,108,428,v108_s0428,547,False,0.0
control,108,429,v108_s0429,603,True,1.0
control,108,430,v108_s0430,618,False,0.0
control,108,431,v108_s0431,638,False,0.0
control,108,432,v108_s0432,662,True,1.0
control,108,433,v108_s0433,712,True,1.0
control,108,434,v108_s0434,762,True,1.0
control,108,435,v108_s0435,840,True,1.0
control,108,436,v108_s0436,817,True,1.0
control,108,437,v108_s0437,817,True,1.0
control,108,438,v108_s0438,856,True,1.0
control,108,439,v108_s0439,938,True,1.0
control,108,440,v108_s0440,1012,True,1.0
control,108,441,v108_s0441,1006,True,1.0
control,108,442,v108_s0442,1022,True,1.0
control,108,443,v108_s0443,1027,True,1.0
control,108,444,v108_s0444,1109,True,1.0
control,108,445,v108_s0445,1170,True,1.0
control,108,446,v108_s0446,1192,True,1.0
control,108,447,v108_s0447,1260,True,1.0
control,108,448,v108_s0448,1531,True,1.0
control,108,449,v108_s0449,1631,True,1.0
control,108,450,v108_s0450,1732,True,1.0
control,108,451,v108_s0451,1900,True,1.0
control,108,452,v108_s0452,1959,True,1.0
control,108,453,v108_s0453,1866,True,1.0
control,108,454,v108_s0454,1970,True,1.0
control,108,455,v108_s0455,1953,True,1.0
control,108,456,v108_s0456,2066,True,1.0
control,108,457,v108_s0457,2128,True,1.0
control,108,458,v108_s0458,2205,True,1.0
control,108,459,v108_s0459,2378,True,1.0
control,108,460,v108_s0460,2250,True,1.0
control,108,461,v108_s0461,2179,True,1.0
control,108,462,v108_s0462,2156,True,1.0
control,108,463,v108_s0463,2150,True,1.0
control,108,464,v108_s0464,2154,True,1.0
control,108,465,v108_s0465,2396,True,1.0
control,108,466,v108_s0466,2265,True,1.0
control,108,467,v108_s0467,2367,True,1.0
control,108,468,v108_s0468,2373,True,1.0
control,108,469,v108_s0469,2406,True,1.0
control,108,470,v108_s0470,2499,True,1.0
control,108,471,v108_s0471,2764,True,1.0
control,108,472,v108_s0472,2634,True,1.0
control,108,473,v108_s0473,2523,True,1.0
control,108,474,v108_s0474,2449,True,1.0
control,108,475,v108_s0475,2430,True,1.0
control,108,476,v108_s0476,2314,True,1.0
control,108,477,v108_s0477,2304,True,1.0
control,108,478,v108_s0478,2261,True,1.0
control,108,479,v108_s0479,2243,True,1.0
control,108,480,v108_s0480,2248,True,1.0
control,108,481,v108_s0481,2259,True,1.0
control,108,482,v108_s0482,2343,True,1.0
control,108,483,v108_s0483,2140,True,1.0
control,108,484,v108_s0484,2043,True,1.0
control,108,485,v108_s0485,2017,True,1.0
control,108,486,v108_s0486,2009,True,1.0
control,108,487,v108_s0487,1905,True,1.0
control,108,488,v108_s0488,1922,True,1.0
control,108,489,v108_s0489,1678,True,1.0
control,108,490,v108_s0490,1752,True,1.0
control,108,491,v108_s0491,1585,True,1.0
control,108,492,v108_s0492,1556,True,1.0
control,108,493,v108_s0493,1611,True,1.0
control,108,494,v108_s0494,1578,True,1.0
control,108,495,v108_s0495,1477,True,1.0
control,108,496,v108_s0496,1458,True,1.0
control,108,497,v108_s0497,1551,True,1.0
control,108,498,v108_s0498,1368,True,1.0
control,108,499,v108_s0499,1501,True,1.0
control,108,500,v108_s0500,1705,True,1.0
control,108,501,v108_s0501,1686,True,1.0
control,108,502,v108_s0502,1700,True,1.0
control,108,503,v108_s0503,1766,True,1.0
control,108,504,v108_s0504,1343,True,1.0
control,108,505,v108_s0505,1496,True,1.0
control,108,506,v108_s0506,1897,True,1.0
control,108,507,v108_s0507,1628,True,1.0
control,108,508,v108_s0508,1624,True,1.0
control,108,509,v108_s0509,1609,True,1.0
control,108,510,v108_s0510,1686,True,1.0
control,108,511,v108_s0511,1820,True,1.0
control,108,512,v108_s0512,2052,True,1.0
control,108,513,v108_s0513,2428,True,1.0
control,108,514,v108_s0514,2376,True,1.0
control,108,515,v108_s0515,2702,True,1.0
control,108,516,v108_s0516,2907,True,1.0
control,108,517,v108_s0517,3009,True,1.0
control,108,518,v108_s0518,2814,True,1.0
control,108,519,v108_s0519,3120,True,1.0
control,108,520,v108_s0520,3005,True,1.0
control,108,521,v108_s0521,3088,True,1.0
control,108,522,v108_s0522,2892,True,1.0
control,108,523,v108_s0523,2926,True,1.0
control,108,524,v108_s0524,2847,True,1.0
control,108,525,v108_s0525,2758,True,1.0
control,108,526,v108_s0526,2777,True,1.0
control,108,527,v108_s0527,2809,True,1.0
control,108,528,v108_s0528,3358,True,1.0
control,108,529,v108_s0529,3224,True,1.0
control,108,530,v108_s0530,3297,True,1.0
control,108,531,v108_s0531,3422,True,1.0
control,108,532,v108_s0532,3669,True,1.0
control,108,533,v108_s0533,3610,True,1.0
control,108,534,v108_s0534,3630,True,1.0
control,108,535,v108_s0535,3784,True,1.0
control,108,536,v108_s0536,3428,True,1.0
control,108,537,v108_s0537,3370,True,1.0
control,108,538,v108_s0538,3401,True,1.0
control,108,539,v108_s0539,3243,True,1.0
control,108,540,v108_s0540,3086,True,1.0
control,108,541,v108_s0541,2993,True,1.0
control,108,542,v108_s0542,3070,True,1.0
control,108,543,v108_s0543,3363,True,1.0
control,108,544,v108_s0544,3274,True,1.0
control,108,545,v108_s0545,3052,True,1.0
control,108,546,v108_s0546,2915,True,1.0
control,108,547,v108_s0547,2866,True,1.0
control,108,548,v108_s0548,2947,True,1.0
control,108,549,v108_s0549,2790,True,1.0
control,108,550,v108_s0550,3151,True,1.0
control,108,551,v108_s0551,2812,True,1.0
control,108,552,v108_s0552,2946,True,1.0
control,108,553,v108_s0553,3233,True,1.0
control,108,554,v108_s0554,2849,True,1.0
control,108,555,v108_s0555,2813,True,1.0
control,108,556,v108_s0556,2477,True,1.0
control,108,557,v108_s0557,2489,True,1.0
control,108,558,v108_s0558,2281,True,1.0
control,108,559,v108_s0559,2379,True,1.0
control,108,560,v108_s0560,2343,True,1.0
control,108,561,v108_s0561,2516,True,1.0
control,108,562,v108_s0562,2391,True,1.0
control,108,563,v108_s0563,2182,True,1.0
control,108,564,v108_s0564,2169,True,1.0
control,108,565,v108_s0565,2100,True,1.0
control,108,566,v108_s0566,2050,True,1.0
control,108,567,v108_s0567,1977,True,1.0
control,108,568,v108_s0568,2029,True,1.0
control,108,569,v108_s0569,2195,True,1.0
control,108,570,v108_s0570,2225,True,1.0
control,108,571,v108_s0571,2020,True,1.0
control,108,572,v108_s0572,1803,True,1.0
control,108,573,v108_s0573,1656,True,1.0
control,108,574,v108_s0574,1788,True,1.0
control,108,575,v108_s0575,1892,True,1.0
control,108,576,v108_s0576,1669,True,1.0
control,108,577,v108_s0577,1660,True,1.0
control,108,578,v108_s0578,1661,True,1.0
control,108,579,v108_s0579,1640,True,1.0
control,108,580,v108_s0580,1492,True,1.0
control,108,581,v108_s0581,1608,True,1.0
control,108,582,v108_s0582,1538,True,1.0
control,108,583,v108_s0583,1374,True,1.0
control,108,584,v108_s0584,1407,True,1.0
control,108,585,v108_s0585,1562,True,1.0
control,108,586,v108_s0586,1564,True,1.0
control,108,587,v108_s0587,1443,True,1.0
control,108,588,v108_s0588,1402,True,1.0
control,108,589,v108_s0589,1451,True,1.0
control,108,590,v108_s0590,1427,True,1.0
control,108,591,v108_s0591,1274,True,1.0
control,108,592,v108_s0592,1255,True,1.0
control,108,593,v108_s0593,1198,True,1.0
control,108,594,v108_s0594,1145,True,1.0
control,108,595,v108_s0595,1179,True,1.0
control,108,596,v108_s0596,1084,True,1.0
control,108,597,v108_s0597,980,True,1.0
control,108,598,v108_s0598,963,True,1.0
control,108,599,v108_s0599,977,True,1.0
control,108,600,v108_s0600,861,True,1.0
control,108,601,v108_s0601,719,True,1.0
control,108,602,v108_s0602,656,True,1.0
control,108,603,v108_s0603,627,True,1.0
control,108,604,v108_s0604,612,True,1.0
control,108,605,v108_s0605,485,True,1.0
control,108,606,v108_s0606,474,True,1.0
control,108,607,v108_s0607,414,True,1.0
control,108,608,v108_s0608,329,True,1.0
control,108,609,v108_s0609,279,True,1.0
control,108,610,v108_s0610,280,True,1.0
control,108,611,v108_s0611,217,True,1.0
control,108,612,v108_s0612,160,False,0.0
control,108,613,v108_s0613,117,False,0.0
control,108,614,v108_s0614,88,False,0.0
control,108,615,v108_s0615,44,False,0.0
recall_loss,108,414,v108_s0414,2,False,0.0
recall_loss,108,415,v108_s0415,17,False,0.0
recall_loss,108,416,v108_s0416,29,False,0.0
recall_loss,108,417,v108_s0417,53,False,0.0
recall_loss,108,418,v108_s0418,103,False,0.0
recall_loss,108,419,v108_s0419,131,False,0.0
recall_loss,108,420,v108_s0420,180,False,0.0
recall_loss,108,421,v108_s0421,237,False,0.0
recall_loss,108,422,v108_s0422,320,False,0.0
recall_loss,108,423,v108_s0423,405,False,0.0
recall_loss,108,424,v108_s0424,420,False,0.0
recall_loss,108,425,v108_s0425,447,False,0.0
recall_loss,108,426,v108_s0426,462,False,0.0
recall_loss,108,427,v108_s0427,504,False,0.0
recall_loss,108,428,v108_s0428,547,False,0.0
recall_loss,108,429,v108_s0429,603,False,0.0
recall_loss,108,430,v108_s0430,618,False,0.0
recall_loss,108,431,v108_s0431,638,False,0.0
recall_loss,108,432,v108_s0432,662,False,0.0
recall_loss,108,433,v108_s0433,712,False,0.0
recall_loss,108,434,v108_s0434,762,False,0.0
recall_loss,108,435,v108_s0435,840,False,0.0
recall_loss,108,436,v108_s0436,817,False,0.0
recall_loss,108,437,v108_s0437,817,False,0.0
recall_loss,108,438,v108_s0438,856,False,0.0
recall_loss,108,439,v108_s0439,938,False,0.0
recall_loss,108,440,v108_s0440,1012,False,0.1583251953125
recall_loss,108,441,v108_s0441,1006,True,1.0
recall_loss,108,442,v108_s0442,1022,True,1.0
recall_loss,108,443,v108_s0443,1027,True,1.0
recall_loss,108,444,v108_s0444,1109,True,1.0
recall_loss,108,445,v108_s0445,1170,True,1.0
recall_loss,108,446,v108_s0446,1192,True,1.0
recall_loss,108,447,v108_s0447,1260,True,1.0
recall_loss,108,448,v108_s0448,1531,True,1.0
recall_loss,108,449,v108_s0449,1631,True,1.0
recall_loss,108,450,v108_s0450,1732,True,1.0
recall_loss,108,451,v108_s0451,1900,True,1.0
recall_loss,108,452,v108_s0452,1959,True,1.0
recall_loss,108,453,v108_s0453,1866,True,1.0
recall_loss,108,454,v108_s0454,1970,True,1.0
recall_loss,108,455,v108_s0455,1953,True,1.0
recall_loss,108,456,v108_s0456,2066,True,1.0
recall_loss,108,457,v108_s0457,2128,True,1.0
recall_loss,108,458,v108_s0458,2205,True,1.0
recall_loss,108,459,v108_s0459,2378,True,1.0
recall_loss,108,460,v108_s0460,2250,True,1.0
recall_loss,108,461,v108_s0461,2179,True,1.0
recall_loss,108,462,v108_s0462,2156,True,1.0
recall_loss,108,463,v108_s0463,2150,True,1.0
recall_loss,108,464,v108_s0464,2154,True,1.0
recall_loss,108,465,v108_s0465,2396,True,1.0
recall_loss,108,466,v108_s0466,2265,True,1.0
recall_loss,108,467,v108_s0467,2367,True,1.0
recall_loss,108,468,v108_s0468,2373,True,1.0
recall_loss,108,469,v108_s0469,2406,True,1.0
recall_loss,108,470,v108_s0470,2499,True,1.0
recall_loss,108,471,v108_s0471,2764,True,1.0
recall_loss,108,472,v108_s0472,2634,True,1.0
recall_loss,108,473,v108_s0473,2523,True,1.0
recall_loss,108,474,v108_s0474,2449,True,1.0
recall_loss,108,475,v108_s0475,2430,True,1.0
recall_loss,108,476,v108_s0476,2314,True,1.0
recall_loss,108,477,v108_s0477,2304,True,1.0
recall_loss,108,478,v108_s0478,2261,True,1.0
recall_loss,108,479,v108_s0479,2243,True,1.0
recall_loss,108,480,v108_s0480,2248,True,1.0
recall_loss,108,481,v108_s0481,2259,True,1.0
recall_loss,108,482,v108_s0482,2343,True,1.0
recall_loss,108,483,v108_s0483,2140,True,1.0
recall_loss,108,484,v108_s0484,2043,True,1.0
recall_loss,108,485,v108_s0485,2017,True,1.0
recall_loss,108,486,v108_s0486,2009,True,1.0
recall_loss,108,487,v108_s0487,1905,True,1.0
recall_loss,108,488,v108_s0488,1922,True,1.0
recall_loss,108,489,v108_s0489,1678,True,1.0
recall_loss,108,490,v108_s0490,1752,True,1.0
recall_loss,108,491,v108_s0491,1585,True,1.0
recall_loss,108,492,v108_s0492,1556,True,1.0
recall_loss,108,493,v108_s0493,1611,True,1.0
recall_loss,108,494,v108_s0494,1578,True,1.0
recall_loss,108,495,v108_s0495,1477,True,1.0
recall_loss,108,496,v108_s0496,1458,True,1.0
recall_loss,108,497,v108_s0497,1551,True,1.0
recall_loss,108,498,v108_s0498,1368,True,1.0
recall_loss,108,499,v108_s0499,1501,True,1.0
recall_loss,108,500,v108_s0500,1705,True,1.0
recall_loss,108,501,v108_s0501,1686,True,1.0
recall_loss,108,502,v108_s0502,1700,True,1.0
recall_loss,108,503,v108_s0503,1766,True,1.0
recall_loss,108,504,v108_s0504,1343,True,1.0
recall_loss,108,505,v108_s0505,1496,True,1.0
recall_loss,108,506,v108_s0506,1897,True,1.0
recall_loss,108,507,v108_s0507,1628,True,1.0
recall_loss,108,508,v108_s0508,1624,True,1.0
recall_loss,108,509,v108_s0509,1609,True,1.0
recall_loss,108,510,v108_s0510,1686,True,1.0
recall_loss,108,511,v108_s0511,1820,True,1.0
recall_loss,108,512,v108_s0512,2052,True,1.0
recall_loss,108,513,v108_s0513,2428,True,1.0
recall_loss,108,514,v108_s0514,2376,True,1.0
recall_loss,108,515,v108_s0515,2702,True,1.0
recall_loss,108,516,v108_s0516,2907,True,1.0
recall_loss,108,517,v108_s0517,3009,True,1.0
recall_loss,108,518,v108_s0518,2814,True,1.0
recall_loss,108,519,v108_s0519,3120,True,1.0
recall_loss,108,520,v108_s0520,3005,True,1.0
recall_loss,108,521,v108_s0521,3088,True,1.0
recall_loss,108,522,v108_s0522,2892,True,1.0
recall_loss,108,523,v108_s0523,2926,True,1.0
recall_loss,108,524,v108_s0524,2847,True,1.0
recall_loss,108,525,v108_s0525,2758,True,1.0
recall_loss,108,526,v108_s0526,2777,True,1.0
recall_loss,108,527,v108_s0527,2809,True,1.0
recall_loss,108,528,v108_s0528,3358,True,1.0
recall_loss,108,529,v108_s0529,3224,True,1.0
recall_loss,108,530,v108_s0530,3297,True,1.0
recall_loss,108,531,v108_s0531,3422,True,1.0
recall_loss,108,532,v108_s0532,3669,True,1.0
recall_loss,108,533,v108_s0533,3610,True,1.0
recall_loss,108,534,v108_s0534,3630,True,1.0
recall_loss,108,535,v108_s0535,3784,True,1.0
recall_loss,108,536,v108_s0536,3428,True,1.0
recall_loss,108,537,v108_s0537,3370,True,1.0
recall_loss,108,538,v108_s0538,3401,True,1.0
recall_loss,108,539,v108_s0539,3243,True,1.0
recall_loss,108,540,v108_s0540,3086,True,1.0
recall_loss,108,541,v108_s0541,2993,True,1.0
recall_loss,108,542,v108_s0542,3070,True,1.0
recall_loss,108,543,v108_s0543,3363,True,1.0
recall_loss,108,544,v108_s0544,3274,True,1.0
recall_loss,108,545,v108_s0545,3052,True,1.0
recall_loss,108,546,v108_s0546,2915,True,1.0
recall_loss,108,547,v108_s0547,2866,True,1.0
recall_loss,108,548,v108_s0548,2947,True,1.0
recall_loss,108,549,v108_s0549,2790,True,1.0
recall_loss,108,550,v108_s0550,3151,True,1.0
recall_loss,108,551,v108_s0551,2812,True,1.0
recall_loss,108,552,v108_s0552,2946,True,1.0
recall_loss,108,553,v108_s0553,3233,True,1.0
recall_loss,108,554,v108_s0554,2849,True,1.0
recall_loss,108,555,v108_s0555,2813,True,1.0
recall_loss,108,556,v108_s0556,2477,True,1.0
recall_loss,108,557,v108_s0557,2489,True,1.0
recall_loss,108,558,v108_s0558,2281,True,1.0
recall_loss,108,559,v108_s0559,2379,True,1.0
recall_loss,108,560,v108_s0560,2343,True,1.0
recall_loss,108,561,v108_s0561,2516,True,1.0
recall_loss,108,562,v108_s0562,2391,True,1.0
recall_loss,108,563,v108_s0563,2182,True,1.0
recall_loss,108,564,v108_s0564,2169,True,1.0
recall_loss,108,565,v108_s0565,2100,True,1.0
recall_loss,108,566,v108_s0566,2050,True,1.0
recall_loss,108,567,v108_s0567,1977,True,1.0
recall_loss,108,568,v108_s0568,2029,True,1.0
recall_loss,108,569,v108_s0569,2195,True,1.0
recall_loss,108,570,v108_s0570,2225,True,1.0
recall_loss,108,571,v108_s0571,2020,True,1.0
recall_loss,108,572,v108_s0572,1803,True,1.0
recall_loss,108,573,v108_s0573,1656,True,1.0
recall_loss,108,574,v108_s0574,1788,True,1.0
recall_loss,108,575,v108_s0575,1892,True,1.0
recall_loss,108,576,v108_s0576,1669,True,1.0
recall_loss,108,577,v108_s0577,1660,True,1.0
recall_loss,108,578,v108_s0578,1661,True,1.0
recall_loss,108,579,v108_s0579,1640,True,1.0
recall_loss,108,580,v108_s0580,1492,True,1.0
recall_loss,108,581,v108_s0581,1608,True,1.0
recall_loss,108,582,v108_s0582,1538,True,1.0
recall_loss,108,583,v108_s0583,1374,True,1.0
recall_loss,108,584,v108_s0584,1407,True,1.0
recall_loss,108,585,v108_s0585,1562,True,1.0
recall_loss,108,586,v108_s0586,1564,True,1.0
recall_loss,108,587,v108_s0587,1443,True,1.0
recall_loss,108,588,v108_s0588,1402,True,1.0
recall_loss,108,589,v108_s0589,1451,True,1.0
recall_loss,108,590,v108_s0590,1427,True,1.0
recall_loss,108,591,v108_s0591,1274,True,1.0
recall_loss,108,592,v108_s0592,1255,True,1.0
recall_loss,108,593,v108_s0593,1198,True,1.0
recall_loss,108,594,v108_s0594,1145,True,1.0
recall_loss,108,595,v108_s0595,1179,True,1.0
recall_loss,108,596,v108_s0596,1084,True,1.0
recall_loss,108,597,v108_s0597,980,True,1.0
recall_loss,108,598,v108_s0598,963,True,1.0
recall_loss,108,599,v108_s0599,977,True,1.0
recall_loss,108,600,v108_s0600,861,True,1.0
recall_loss,108,601,v108_s0601,719,True,1.0
recall_loss,108,602,v108_s0602,656,True,1.0
recall_loss,108,603,v108_s0603,627,True,1.0
recall_loss,108,604,v108_s0604,612,True,1.0
recall_loss,108,605,v108_s0605,485,True,1.0
recall_loss,108,606,v108_s0606,474,True,1.0
recall_loss,108,607,v108_s0607,414,True,1.0
recall_loss,108,608,v108_s0608,329,True,1.0
recall_loss,108,609,v108_s0609,279,True,1.0
recall_loss,108,610,v108_s0610,280,True,1.0
recall_loss,108,611,v108_s0611,217,True,1.0
recall_loss,108,612,v108_s0612,160,False,0.0
recall_loss,108,613,v108_s0613,117,False,0.0
recall_loss,108,614,v108_s0614,88,False,0.0
recall_loss,108,615,v108_s0615,44,False,0.0
maximum,108,414,v108_s0414,2,False,0.0
maximum,108,415,v108_s0415,17,False,0.0
maximum,108,416,v108_s0416,29,False,0.0
maximum,108,417,v108_s0417,53,False,0.0
maximum,108,418,v108_s0418,103,False,0.0
maximum,108,419,v108_s0419,131,False,0.0
maximum,108,420,v108_s0420,180,False,0.0
maximum,108,421,v108_s0421,237,False,0.0
maximum,108,422,v108_s0422,320,False,0.0
maximum,108,423,v108_s0423,405,False,0.0
maximum,108,424,v108_s0424,420,False,0.0
maximum,108,425,v108_s0425,447,False,0.0
maximum,108,426,v108_s0426,462,True,1.0
maximum,108,427,v108_s0427,504,True,1.0
maximum,108,428,v108_s0428,547,False,0.0
maximum,108,429,v108_s0429,603,True,1.0
maximum,108,430,v108_s0430,618,False,0.0
maximum,108,431,v108_s0431,638,False,0.0
maximum,108,432,v108_s0432,662,True,1.0
maximum,108,433,v108_s0433,712,True,1.0
maximum,108,434,v108_s0434,762,True,1.0
maximum,108,435,v108_s0435,840,True,1.0
maximum,108,436,v108_s0436,817,True,1.0
maximum,108,437,v108_s0437,817,True,1.0
maximum,108,438,v108_s0438,856,True,1.0
maximum,108,439,v108_s0439,938,True,1.0
maximum,108,440,v108_s0440,1012,True,1.0
maximum,108,441,v108_s0441,1006,True,1.0
maximum,108,442,v108_s0442,1022,True,1.0
maximum,108,443,v108_s0443,1027,True,1.0
maximum,108,444,v108_s0444,1109,True,1.0
maximum,108,445,v108_s0445,1170,True,1.0
maximum,108,446,v108_s0446,1192,True,1.0
maximum,108,447,v108_s0447,1260,True,1.0
maximum,108,448,v108_s0448,1531,True,1.0
maximum,108,449,v108_s0449,1631,True,1.0
maximum,108,450,v108_s0450,1732,True,1.0
maximum,108,451,v108_s0451,1900,True,1.0
maximum,108,452,v108_s0452,1959,True,1.0
maximum,108,453,v108_s0453,1866,True,1.0
maximum,108,454,v108_s0454,1970,True,1.0
maximum,108,455,v108_s0455,1953,True,1.0
maximum,108,456,v108_s0456,2066,True,1.0
maximum,108,457,v108_s0457,2128,True,1.0
maximum,108,458,v108_s0458,2205,True,1.0
maximum,108,459,v108_s0459,2378,True,1.0
maximum,108,460,v108_s0460,2250,True,1.0
maximum,108,461,v108_s0461,2179,True,1.0
maximum,108,462,v108_s0462,2156,True,1.0
maximum,108,463,v108_s0463,2150,True,1.0
maximum,108,464,v108_s0464,2154,True,1.0
maximum,108,465,v108_s0465,2396,True,1.0
maximum,108,466,v108_s0466,2265,True,1.0
maximum,108,467,v108_s0467,2367,True,1.0
maximum,108,468,v108_s0468,2373,True,1.0
maximum,108,469,v108_s0469,2406,True,1.0
maximum,108,470,v108_s0470,2499,True,1.0
maximum,108,471,v108_s0471,2764,True,1.0
maximum,108,472,v108_s0472,2634,True,1.0
maximum,108,473,v108_s0473,2523,True,1.0
maximum,108,474,v108_s0474,2449,True,1.0
maximum,108,475,v108_s0475,2430,True,1.0
maximum,108,476,v108_s0476,2314,True,1.0
maximum,108,477,v108_s0477,2304,True,1.0
maximum,108,478,v108_s0478,2261,True,1.0
maximum,108,479,v108_s0479,2243,True,1.0
maximum,108,480,v108_s0480,2248,True,1.0
maximum,108,481,v108_s0481,2259,True,1.0
maximum,108,482,v108_s0482,2343,True,1.0
maximum,108,483,v108_s0483,2140,True,1.0
maximum,108,484,v108_s0484,2043,True,1.0
maximum,108,485,v108_s0485,2017,True,1.0
maximum,108,486,v108_s0486,2009,True,1.0
maximum,108,487,v108_s0487,1905,True,1.0
maximum,108,488,v108_s0488,1922,True,1.0
maximum,108,489,v108_s0489,1678,True,1.0
maximum,108,490,v108_s0490,1752,True,1.0
maximum,108,491,v108_s0491,1585,True,1.0
maximum,108,492,v108_s0492,1556,True,1.0
maximum,108,493,v108_s0493,1611,True,1.0
maximum,108,494,v108_s0494,1578,True,1.0
maximum,108,495,v108_s0495,1477,True,1.0
maximum,108,496,v108_s0496,1458,True,1.0
maximum,108,497,v108_s0497,1551,True,1.0
maximum,108,498,v108_s0498,1368,True,1.0
maximum,108,499,v108_s0499,1501,True,1.0
maximum,108,500,v108_s0500,1705,True,1.0
maximum,108,501,v108_s0501,1686,True,1.0
maximum,108,502,v108_s0502,1700,True,1.0
maximum,108,503,v108_s0503,1766,True,1.0
maximum,108,504,v108_s0504,1343,True,1.0
maximum,108,505,v108_s0505,1496,True,1.0
maximum,108,506,v108_s0506,1897,True,1.0
maximum,108,507,v108_s0507,1628,True,1.0
maximum,108,508,v108_s0508,1624,True,1.0
maximum,108,509,v108_s0509,1609,True,1.0
maximum,108,510,v108_s0510,1686,True,1.0
maximum,108,511,v108_s0511,1820,True,1.0
maximum,108,512,v108_s0512,2052,True,1.0
maximum,108,513,v108_s0513,2428,True,1.0
maximum,108,514,v108_s0514,2376,True,1.0
maximum,108,515,v108_s0515,2702,True,1.0
maximum,108,516,v108_s0516,2907,True,1.0
maximum,108,517,v108_s0517,3009,True,1.0
maximum,108,518,v108_s0518,2814,True,1.0
maximum,108,519,v108_s0519,3120,True,1.0
maximum,108,520,v108_s0520,3005,True,1.0
maximum,108,521,v108_s0521,3088,True,1.0
maximum,108,522,v108_s0522,2892,True,1.0
maximum,108,523,v108_s0523,2926,True,1.0
maximum,108,524,v108_s0524,2847,True,1.0
maximum,108,525,v108_s0525,2758,True,1.0
maximum,108,526,v108_s0526,2777,True,1.0
maximum,108,527,v108_s0527,2809,True,1.0
maximum,108,528,v108_s0528,3358,True,1.0
maximum,108,529,v108_s0529,3224,True,1.0
maximum,108,530,v108_s0530,3297,True,1.0
maximum,108,531,v108_s0531,3422,True,1.0
maximum,108,532,v108_s0532,3669,True,1.0
maximum,108,533,v108_s0533,3610,True,1.0
maximum,108,534,v108_s0534,3630,True,1.0
maximum,108,535,v108_s0535,3784,True,1.0
maximum,108,536,v108_s0536,3428,True,1.0
maximum,108,537,v108_s0537,3370,True,1.0
maximum,108,538,v108_s0538,3401,True,1.0
maximum,108,539,v108_s0539,3243,True,1.0
maximum,108,540,v108_s0540,3086,True,1.0
maximum,108,541,v108_s0541,2993,True,1.0
maximum,108,542,v108_s0542,3070,True,1.0
maximum,108,543,v108_s0543,3363,True,1.0
maximum,108,544,v108_s0544,3274,True,1.0
maximum,108,545,v108_s0545,3052,True,1.0
maximum,108,546,v108_s0546,2915,True,1.0
maximum,108,547,v108_s0547,2866,True,1.0
maximum,108,548,v108_s0548,2947,True,1.0
maximum,108,549,v108_s0549,2790,True,1.0
maximum,108,550,v108_s0550,3151,True,1.0
maximum,108,551,v108_s0551,2812,True,1.0
maximum,108,552,v108_s0552,2946,True,1.0
maximum,108,553,v108_s0553,3233,True,1.0
maximum,108,554,v108_s0554,2849,True,1.0
maximum,108,555,v108_s0555,2813,True,1.0
maximum,108,556,v108_s0556,2477,True,1.0
maximum,108,557,v108_s0557,2489,True,1.0
maximum,108,558,v108_s0558,2281,True,1.0
maximum,108,559,v108_s0559,2379,True,1.0
maximum,108,560,v108_s0560,2343,True,1.0
maximum,108,561,v108_s0561,2516,True,1.0
maximum,108,562,v108_s0562,2391,True,1.0
maximum,108,563,v108_s0563,2182,True,1.0
maximum,108,564,v108_s0564,2169,True,1.0
maximum,108,565,v108_s0565,2100,True,1.0
maximum,108,566,v108_s0566,2050,True,1.0
maximum,108,567,v108_s0567,1977,True,1.0
maximum,108,568,v108_s0568,2029,True,1.0
maximum,108,569,v108_s0569,2195,True,1.0
maximum,108,570,v108_s0570,2225,True,1.0
maximum,108,571,v108_s0571,2020,True,1.0
maximum,108,572,v108_s0572,1803,True,1.0
maximum,108,573,v108_s0573,1656,True,1.0
maximum,108,574,v108_s0574,1788,True,1.0
maximum,108,575,v108_s0575,1892,True,1.0
maximum,108,576,v108_s0576,1669,True,1.0
maximum,108,577,v108_s0577,1660,True,1.0
maximum,108,578,v108_s0578,1661,True,1.0
maximum,108,579,v108_s0579,1640,True,1.0
maximum,108,580,v108_s0580,1492,True,1.0
maximum,108,581,v108_s0581,1608,True,1.0
maximum,108,582,v108_s0582,1538,True,1.0
maximum,108,583,v108_s0583,1374,True,1.0
maximum,108,584,v108_s0584,1407,True,1.0
maximum,108,585,v108_s0585,1562,True,1.0
maximum,108,586,v108_s0586,1564,True,1.0
maximum,108,587,v108_s0587,1443,True,1.0
maximum,108,588,v108_s0588,1402,True,1.0
maximum,108,589,v108_s0589,1451,True,1.0
maximum,108,590,v108_s0590,1427,True,1.0
maximum,108,591,v108_s0591,1274,True,1.0
maximum,108,592,v108_s0592,1255,True,1.0
maximum,108,593,v108_s0593,1198,True,1.0
maximum,108,594,v108_s0594,1145,True,1.0
maximum,108,595,v108_s0595,1179,True,1.0
maximum,108,596,v108_s0596,1084,True,1.0
maximum,108,597,v108_s0597,980,True,1.0
maximum,108,598,v108_s0598,963,True,1.0
maximum,108,599,v108_s0599,977,True,1.0
maximum,108,600,v108_s0600,861,True,1.0
maximum,108,601,v108_s0601,719,True,1.0
maximum,108,602,v108_s0602,656,True,1.0
maximum,108,603,v108_s0603,627,True,1.0
maximum,108,604,v108_s0604,612,True,1.0
maximum,108,605,v108_s0605,485,True,1.0
maximum,108,606,v108_s0606,474,True,1.0
maximum,108,607,v108_s0607,414,True,1.0
maximum,108,608,v108_s0608,329,True,1.0
maximum,108,609,v108_s0609,279,True,1.0
maximum,108,610,v108_s0610,280,True,1.0
maximum,108,611,v108_s0611,217,True,1.0
maximum,108,612,v108_s0612,160,False,0.0
maximum,108,613,v108_s0613,117,False,0.0
maximum,108,614,v108_s0614,88,False,0.0
maximum,108,615,v108_s0615,44,False,0.0
control75_recall25,108,414,v108_s0414,2,False,0.0
control75_recall25,108,415,v108_s0415,17,False,0.0
control75_recall25,108,416,v108_s0416,29,False,0.0
control75_recall25,108,417,v108_s0417,53,False,0.0
control75_recall25,108,418,v108_s0418,103,False,0.0
control75_recall25,108,419,v108_s0419,131,False,0.0
control75_recall25,108,420,v108_s0420,180,False,0.0
control75_recall25,108,421,v108_s0421,237,False,0.0
control75_recall25,108,422,v108_s0422,320,False,0.0
control75_recall25,108,423,v108_s0423,405,False,0.0
control75_recall25,108,424,v108_s0424,420,False,0.0
control75_recall25,108,425,v108_s0425,447,False,0.0
control75_recall25,108,426,v108_s0426,462,True,0.75
control75_recall25,108,427,v108_s0427,504,True,0.75
control75_recall25,108,428,v108_s0428,547,False,0.0
control75_recall25,108,429,v108_s0429,603,True,0.75
control75_recall25,108,430,v108_s0430,618,False,0.0
control75_recall25,108,431,v108_s0431,638,False,0.0
control75_recall25,108,432,v108_s0432,662,True,0.75
control75_recall25,108,433,v108_s0433,712,True,0.75
control75_recall25,108,434,v108_s0434,762,True,0.75
control75_recall25,108,435,v108_s0435,840,True,0.75
control75_recall25,108,436,v108_s0436,817,True,0.75
control75_recall25,108,437,v108_s0437,817,True,0.75
control75_recall25,108,438,v108_s0438,856,True,0.75
control75_recall25,108,439,v108_s0439,938,True,0.75
control75_recall25,108,440,v108_s0440,1012,True,0.789581298828125
control75_recall25,108,441,v108_s0441,1006,True,1.0
control75_recall25,108,442,v108_s0442,1022,True,1.0
control75_recall25,108,443,v108_s0443,1027,True,1.0
control75_recall25,108,444,v108_s0444,1109,True,1.0
control75_recall25,108,445,v108_s0445,1170,True,1.0
control75_recall25,108,446,v108_s0446,1192,True,1.0
control75_recall25,108,447,v108_s0447,1260,True,1.0
control75_recall25,108,448,v108_s0448,1531,True,1.0
control75_recall25,108,449,v108_s0449,1631,True,1.0
control75_recall25,108,450,v108_s0450,1732,True,1.0
control75_recall25,108,451,v108_s0451,1900,True,1.0
control75_recall25,108,452,v108_s0452,1959,True,1.0
control75_recall25,108,453,v108_s0453,1866,True,1.0
control75_recall25,108,454,v108_s0454,1970,True,1.0
control75_recall25,108,455,v108_s0455,1953,True,1.0
control75_recall25,108,456,v108_s0456,2066,True,1.0
control75_recall25,108,457,v108_s0457,2128,True,1.0
control75_recall25,108,458,v108_s0458,2205,True,1.0
control75_recall25,108,459,v108_s0459,2378,True,1.0
control75_recall25,108,460,v108_s0460,2250,True,1.0
control75_recall25,108,461,v108_s0461,2179,True,1.0
control75_recall25,108,462,v108_s0462,2156,True,1.0
control75_recall25,108,463,v108_s0463,2150,True,1.0
control75_recall25,108,464,v108_s0464,2154,True,1.0
control75_recall25,108,465,v108_s0465,2396,True,1.0
control75_recall25,108,466,v108_s0466,2265,True,1.0
control75_recall25,108,467,v108_s0467,2367,True,1.0
control75_recall25,108,468,v108_s0468,2373,True,1.0
control75_recall25,108,469,v108_s0469,2406,True,1.0
control75_recall25,108,470,v108_s0470,2499,True,1.0
control75_recall25,108,471,v108_s0471,2764,True,1.0
control75_recall25,108,472,v108_s0472,2634,True,1.0
control75_recall25,108,473,v108_s0473,2523,True,1.0
control75_recall25,108,474,v108_s0474,2449,True,1.0
control75_recall25,108,475,v108_s0475,2430,True,1.0
control75_recall25,108,476,v108_s0476,2314,True,1.0
control75_recall25,108,477,v108_s0477,2304,True,1.0
control75_recall25,108,478,v108_s0478,2261,True,1.0
control75_recall25,108,479,v108_s0479,2243,True,1.0
control75_recall25,108,480,v108_s0480,2248,True,1.0
control75_recall25,108,481,v108_s0481,2259,True,1.0
control75_recall25,108,482,v108_s0482,2343,True,1.0
control75_recall25,108,483,v108_s0483,2140,True,1.0
control75_recall25,108,484,v108_s0484,2043,True,1.0
control75_recall25,108,485,v108_s0485,2017,True,1.0
control75_recall25,108,486,v108_s0486,2009,True,1.0
control75_recall25,108,487,v108_s0487,1905,True,1.0
control75_recall25,108,488,v108_s0488,1922,True,1.0
control75_recall25,108,489,v108_s0489,1678,True,1.0
control75_recall25,108,490,v108_s0490,1752,True,1.0
control75_recall25,108,491,v108_s0491,1585,True,1.0
control75_recall25,108,492,v108_s0492,1556,True,1.0
control75_recall25,108,493,v108_s0493,1611,True,1.0
control75_recall25,108,494,v108_s0494,1578,True,1.0
control75_recall25,108,495,v108_s0495,1477,True,1.0
control75_recall25,108,496,v108_s0496,1458,True,1.0
control75_recall25,108,497,v108_s0497,1551,True,1.0
control75_recall25,108,498,v108_s0498,1368,True,1.0
control75_recall25,108,499,v108_s0499,1501,True,1.0
control75_recall25,108,500,v108_s0500,1705,True,1.0
control75_recall25,108,501,v108_s0501,1686,True,1.0
control75_recall25,108,502,v108_s0502,1700,True,1.0
control75_recall25,108,503,v108_s0503,1766,True,1.0
control75_recall25,108,504,v108_s0504,1343,True,1.0
control75_recall25,108,505,v108_s0505,1496,True,1.0
control75_recall25,108,506,v108_s0506,1897,True,1.0
control75_recall25,108,507,v108_s0507,1628,True,1.0
control75_recall25,108,508,v108_s0508,1624,True,1.0
control75_recall25,108,509,v108_s0509,1609,True,1.0
control75_recall25,108,510,v108_s0510,1686,True,1.0
control75_recall25,108,511,v108_s0511,1820,True,1.0
control75_recall25,108,512,v108_s0512,2052,True,1.0
control75_recall25,108,513,v108_s0513,2428,True,1.0
control75_recall25,108,514,v108_s0514,2376,True,1.0
control75_recall25,108,515,v108_s0515,2702,True,1.0
control75_recall25,108,516,v108_s0516,2907,True,1.0
control75_recall25,108,517,v108_s0517,3009,True,1.0
control75_recall25,108,518,v108_s0518,2814,True,1.0
control75_recall25,108,519,v108_s0519,3120,True,1.0
control75_recall25,108,520,v108_s0520,3005,True,1.0
control75_recall25,108,521,v108_s0521,3088,True,1.0
control75_recall25,108,522,v108_s0522,2892,True,1.0
control75_recall25,108,523,v108_s0523,2926,True,1.0
control75_recall25,108,524,v108_s0524,2847,True,1.0
control75_recall25,108,525,v108_s0525,2758,True,1.0
control75_recall25,108,526,v108_s0526,2777,True,1.0
control75_recall25,108,527,v108_s0527,2809,True,1.0
control75_recall25,108,528,v108_s0528,3358,True,1.0
control75_recall25,108,529,v108_s0529,3224,True,1.0
control75_recall25,108,530,v108_s0530,3297,True,1.0
control75_recall25,108,531,v108_s0531,3422,True,1.0
control75_recall25,108,532,v108_s0532,3669,True,1.0
control75_recall25,108,533,v108_s0533,3610,True,1.0
control75_recall25,108,534,v108_s0534,3630,True,1.0
control75_recall25,108,535,v108_s0535,3784,True,1.0
control75_recall25,108,536,v108_s0536,3428,True,1.0
control75_recall25,108,537,v108_s0537,3370,True,1.0
control75_recall25,108,538,v108_s0538,3401,True,1.0
control75_recall25,108,539,v108_s0539,3243,True,1.0
control75_recall25,108,540,v108_s0540,3086,True,1.0
control75_recall25,108,541,v108_s0541,2993,True,1.0
control75_recall25,108,542,v108_s0542,3070,True,1.0
control75_recall25,108,543,v108_s0543,3363,True,1.0
control75_recall25,108,544,v108_s0544,3274,True,1.0
control75_recall25,108,545,v108_s0545,3052,True,1.0
control75_recall25,108,546,v108_s0546,2915,True,1.0
control75_recall25,108,547,v108_s0547,2866,True,1.0
control75_recall25,108,548,v108_s0548,2947,True,1.0
control75_recall25,108,549,v108_s0549,2790,True,1.0
control75_recall25,108,550,v108_s0550,3151,True,1.0
control75_recall25,108,551,v108_s0551,2812,True,1.0
control75_recall25,108,552,v108_s0552,2946,True,1.0
control75_recall25,108,553,v108_s0553,3233,True,1.0
control75_recall25,108,554,v108_s0554,2849,True,1.0
control75_recall25,108,555,v108_s0555,2813,True,1.0
control75_recall25,108,556,v108_s0556,2477,True,1.0
control75_recall25,108,557,v108_s0557,2489,True,1.0
control75_recall25,108,558,v108_s0558,2281,True,1.0
control75_recall25,108,559,v108_s0559,2379,True,1.0
control75_recall25,108,560,v108_s0560,2343,True,1.0
control75_recall25,108,561,v108_s0561,2516,True,1.0
control75_recall25,108,562,v108_s0562,2391,True,1.0
control75_recall25,108,563,v108_s0563,2182,True,1.0
control75_recall25,108,564,v108_s0564,2169,True,1.0
control75_recall25,108,565,v108_s0565,2100,True,1.0
control75_recall25,108,566,v108_s0566,2050,True,1.0
control75_recall25,108,567,v108_s0567,1977,True,1.0
control75_recall25,108,568,v108_s0568,2029,True,1.0
control75_recall25,108,569,v108_s0569,2195,True,1.0
control75_recall25,108,570,v108_s0570,2225,True,1.0
control75_recall25,108,571,v108_s0571,2020,True,1.0
control75_recall25,108,572,v108_s0572,1803,True,1.0
control75_recall25,108,573,v108_s0573,1656,True,1.0
control75_recall25,108,574,v108_s0574,1788,True,1.0
control75_recall25,108,575,v108_s0575,1892,True,1.0
control75_recall25,108,576,v108_s0576,1669,True,1.0
control75_recall25,108,577,v108_s0577,1660,True,1.0
control75_recall25,108,578,v108_s0578,1661,True,1.0
control75_recall25,108,579,v108_s0579,1640,True,1.0
control75_recall25,108,580,v108_s0580,1492,True,1.0
control75_recall25,108,581,v108_s0581,1608,True,1.0
control75_recall25,108,582,v108_s0582,1538,True,1.0
control75_recall25,108,583,v108_s0583,1374,True,1.0
control75_recall25,108,584,v108_s0584,1407,True,1.0
control75_recall25,108,585,v108_s0585,1562,True,1.0
control75_recall25,108,586,v108_s0586,1564,True,1.0
control75_recall25,108,587,v108_s0587,1443,True,1.0
control75_recall25,108,588,v108_s0588,1402,True,1.0
control75_recall25,108,589,v108_s0589,1451,True,1.0
control75_recall25,108,590,v108_s0590,1427,True,1.0
control75_recall25,108,591,v108_s0591,1274,True,1.0
control75_recall25,108,592,v108_s0592,1255,True,1.0
control75_recall25,108,593,v108_s0593,1198,True,1.0
control75_recall25,108,594,v108_s0594,1145,True,1.0
control75_recall25,108,595,v108_s0595,1179,True,1.0
control75_recall25,108,596,v108_s0596,1084,True,1.0
control75_recall25,108,597,v108_s0597,980,True,1.0
control75_recall25,108,598,v108_s0598,963,True,1.0
control75_recall25,108,599,v108_s0599,977,True,1.0
control75_recall25,108,600,v108_s0600,861,True,1.0
control75_recall25,108,601,v108_s0601,719,True,1.0
control75_recall25,108,602,v108_s0602,656,True,1.0
control75_recall25,108,603,v108_s0603,627,True,1.0
control75_recall25,108,604,v108_s0604,612,True,1.0
control75_recall25,108,605,v108_s0605,485,True,1.0
control75_recall25,108,606,v108_s0606,474,True,1.0
control75_recall25,108,607,v108_s0607,414,True,1.0
control75_recall25,108,608,v108_s0608,329,True,1.0
control75_recall25,108,609,v108_s0609,279,True,1.0
control75_recall25,108,610,v108_s0610,280,True,1.0
control75_recall25,108,611,v108_s0611,217,True,0.99853515625
control75_recall25,108,612,v108_s0612,160,False,0.0
control75_recall25,108,613,v108_s0613,117,False,0.0
control75_recall25,108,614,v108_s0614,88,False,0.0
control75_recall25,108,615,v108_s0615,44,False,0.0
control,109,310,v109_s0310,7,False,0.0
control,109,311,v109_s0311,7,False,0.0
control,109,312,v109_s0312,7,False,0.0
control,109,313,v109_s0313,8,False,0.0
control,109,314,v109_s0314,11,True,1.0
control,109,315,v109_s0315,13,True,1.0
control,109,316,v109_s0316,13,True,1.0
control,109,317,v109_s0317,14,True,1.0
control,109,318,v109_s0318,16,True,1.0
control,109,319,v109_s0319,19,True,1.0
control,109,320,v109_s0320,21,True,1.0
control,109,321,v109_s0321,27,True,1.0
control,109,322,v109_s0322,52,True,1.0
control,109,323,v109_s0323,52,True,0.908203125
control,109,324,v109_s0324,51,True,1.0
control,109,325,v109_s0325,63,True,1.0
control,109,326,v109_s0326,54,True,1.0
control,109,327,v109_s0327,63,True,1.0
control,109,328,v109_s0328,56,True,1.0
control,109,329,v109_s0329,51,True,1.0
control,109,330,v109_s0330,54,True,1.0
control,109,331,v109_s0331,61,True,1.0
control,109,332,v109_s0332,50,False,0.0
control,109,333,v109_s0333,54,False,0.0
control,109,334,v109_s0334,58,False,0.0
control,109,335,v109_s0335,62,False,0.0
control,109,336,v109_s0336,71,False,0.0
control,109,337,v109_s0337,73,True,1.0
control,109,338,v109_s0338,83,True,1.0
control,109,339,v109_s0339,89,True,1.0
control,109,340,v109_s0340,101,True,1.0
control,109,341,v109_s0341,117,True,1.0
control,109,342,v109_s0342,133,True,1.0
control,109,343,v109_s0343,159,True,1.0
control,109,344,v109_s0344,138,True,1.0
control,109,345,v109_s0345,121,True,1.0
control,109,346,v109_s0346,108,True,1.0
control,109,347,v109_s0347,96,True,1.0
control,109,348,v109_s0348,83,True,1.0
control,109,349,v109_s0349,77,True,1.0
control,109,350,v109_s0350,71,True,1.0
control,109,351,v109_s0351,13,True,0.99951171875
control,109,358,v109_s0358,17,False,0.00801849365234375
control,109,359,v109_s0359,18,True,0.72314453125
control,109,360,v109_s0360,27,True,1.0
control,109,361,v109_s0361,18,True,1.0
control,109,362,v109_s0362,18,False,0.0
control,109,364,v109_s0364,13,True,1.0
control,109,365,v109_s0365,12,True,1.0
control,109,366,v109_s0366,10,True,1.0
control,109,367,v109_s0367,15,True,1.0
control,109,368,v109_s0368,21,True,1.0
control,109,369,v109_s0369,18,True,1.0
control,109,370,v109_s0370,13,True,1.0
control,109,371,v109_s0371,11,True,1.0
control,109,389,v109_s0389,31,False,0.0
control,109,390,v109_s0390,31,False,0.0
control,109,391,v109_s0391,37,False,0.0
control,109,392,v109_s0392,37,False,0.0
control,109,393,v109_s0393,42,False,0.0
control,109,394,v109_s0394,46,True,1.0
control,109,395,v109_s0395,46,True,1.0
control,109,396,v109_s0396,45,True,1.0
control,109,397,v109_s0397,45,True,1.0
control,109,398,v109_s0398,48,True,1.0
control,109,399,v109_s0399,70,True,1.0
control,109,400,v109_s0400,69,True,1.0
control,109,401,v109_s0401,74,True,1.0
control,109,402,v109_s0402,78,True,1.0
control,109,403,v109_s0403,83,True,1.0
control,109,404,v109_s0404,90,True,1.0
control,109,405,v109_s0405,139,True,1.0
control,109,406,v109_s0406,148,True,1.0
control,109,407,v109_s0407,151,True,1.0
control,109,408,v109_s0408,180,True,1.0
control,109,409,v109_s0409,240,True,1.0
control,109,410,v109_s0410,282,True,1.0
control,109,411,v109_s0411,254,True,1.0
control,109,412,v109_s0412,281,True,1.0
control,109,413,v109_s0413,274,True,1.0
control,109,414,v109_s0414,273,True,1.0
control,109,415,v109_s0415,299,True,1.0
control,109,416,v109_s0416,284,True,1.0
control,109,417,v109_s0417,267,True,1.0
control,109,418,v109_s0418,311,True,1.0
control,109,419,v109_s0419,262,True,1.0
control,109,420,v109_s0420,217,True,1.0
control,109,421,v109_s0421,207,True,1.0
control,109,422,v109_s0422,238,True,1.0
control,109,423,v109_s0423,244,True,1.0
control,109,424,v109_s0424,184,True,1.0
control,109,425,v109_s0425,194,True,1.0
control,109,426,v109_s0426,187,True,1.0
control,109,427,v109_s0427,184,True,1.0
control,109,428,v109_s0428,236,True,1.0
control,109,429,v109_s0429,244,True,1.0
control,109,430,v109_s0430,274,True,1.0
control,109,431,v109_s0431,327,True,1.0
control,109,432,v109_s0432,277,True,1.0
control,109,433,v109_s0433,287,True,1.0
control,109,434,v109_s0434,269,True,1.0
control,109,435,v109_s0435,265,True,1.0
control,109,436,v109_s0436,318,True,1.0
control,109,437,v109_s0437,333,True,1.0
control,109,438,v109_s0438,380,True,1.0
control,109,439,v109_s0439,329,True,1.0
control,109,440,v109_s0440,353,True,1.0
control,109,441,v109_s0441,368,False,0.0
control,109,442,v109_s0442,405,True,1.0
control,109,443,v109_s0443,353,True,1.0
control,109,444,v109_s0444,370,True,1.0
control,109,445,v109_s0445,375,True,0.9970703125
control,109,446,v109_s0446,369,False,0.0
control,109,447,v109_s0447,365,False,0.0
control,109,448,v109_s0448,369,True,1.0
control,109,449,v109_s0449,377,True,1.0
control,109,450,v109_s0450,417,True,1.0
control,109,451,v109_s0451,333,True,1.0
control,109,452,v109_s0452,301,True,1.0
control,109,453,v109_s0453,275,True,1.0
control,109,454,v109_s0454,240,True,1.0
control,109,455,v109_s0455,211,True,1.0
control,109,456,v109_s0456,169,True,1.0
control,109,457,v109_s0457,28,False,0.0
control,109,458,v109_s0458,24,False,0.0
control,109,459,v109_s0459,28,True,1.0
control,109,460,v109_s0460,26,False,0.0
control,109,461,v109_s0461,20,False,0.0
control,109,462,v109_s0462,14,False,0.0
control,109,463,v109_s0463,9,False,0.0
control,109,464,v109_s0464,2,False,0.0
recall_loss,109,310,v109_s0310,7,False,0.0
recall_loss,109,311,v109_s0311,7,False,0.0
recall_loss,109,312,v109_s0312,7,False,0.0
recall_loss,109,313,v109_s0313,8,False,0.0
recall_loss,109,314,v109_s0314,11,True,0.9970703125
recall_loss,109,315,v109_s0315,13,True,1.0
recall_loss,109,316,v109_s0316,13,True,1.0
recall_loss,109,317,v109_s0317,14,True,1.0
recall_loss,109,318,v109_s0318,16,True,1.0
recall_loss,109,319,v109_s0319,19,True,1.0
recall_loss,109,320,v109_s0320,21,True,1.0
recall_loss,109,321,v109_s0321,27,True,1.0
recall_loss,109,322,v109_s0322,52,True,0.841796875
recall_loss,109,323,v109_s0323,52,False,0.0
recall_loss,109,324,v109_s0324,51,False,0.0
recall_loss,109,325,v109_s0325,63,False,0.002689361572265625
recall_loss,109,326,v109_s0326,54,True,1.0
recall_loss,109,327,v109_s0327,63,True,1.0
recall_loss,109,328,v109_s0328,56,True,1.0
recall_loss,109,329,v109_s0329,51,True,1.0
recall_loss,109,330,v109_s0330,54,True,1.0
recall_loss,109,331,v109_s0331,61,True,1.0
recall_loss,109,332,v109_s0332,50,False,0.00013625621795654297
recall_loss,109,333,v109_s0333,54,False,0.0
recall_loss,109,334,v109_s0334,58,False,0.0
recall_loss,109,335,v109_s0335,62,False,0.0
recall_loss,109,336,v109_s0336,71,False,0.0
recall_loss,109,337,v109_s0337,73,False,0.0030956268310546875
recall_loss,109,338,v109_s0338,83,True,1.0
recall_loss,109,339,v109_s0339,89,True,1.0
recall_loss,109,340,v109_s0340,101,True,1.0
recall_loss,109,341,v109_s0341,117,True,1.0
recall_loss,109,342,v109_s0342,133,True,1.0
recall_loss,109,343,v109_s0343,159,True,1.0
recall_loss,109,344,v109_s0344,138,True,1.0
recall_loss,109,345,v109_s0345,121,True,1.0
recall_loss,109,346,v109_s0346,108,True,1.0
recall_loss,109,347,v109_s0347,96,True,1.0
recall_loss,109,348,v109_s0348,83,True,1.0
recall_loss,109,349,v109_s0349,77,True,1.0
recall_loss,109,350,v109_s0350,71,True,1.0
recall_loss,109,351,v109_s0351,13,True,1.0
recall_loss,109,358,v109_s0358,17,True,0.9912109375
recall_loss,109,359,v109_s0359,18,True,1.0
recall_loss,109,360,v109_s0360,27,True,1.0
recall_loss,109,361,v109_s0361,18,True,1.0
recall_loss,109,362,v109_s0362,18,True,1.0
recall_loss,109,364,v109_s0364,13,True,1.0
recall_loss,109,365,v109_s0365,12,True,1.0
recall_loss,109,366,v109_s0366,10,True,1.0
recall_loss,109,367,v109_s0367,15,True,1.0
recall_loss,109,368,v109_s0368,21,True,1.0
recall_loss,109,369,v109_s0369,18,True,1.0
recall_loss,109,370,v109_s0370,13,True,1.0
recall_loss,109,371,v109_s0371,11,True,1.0
recall_loss,109,389,v109_s0389,31,True,1.0
recall_loss,109,390,v109_s0390,31,True,1.0
recall_loss,109,391,v109_s0391,37,True,1.0
recall_loss,109,392,v109_s0392,37,True,1.0
recall_loss,109,393,v109_s0393,42,True,0.65380859375
recall_loss,109,394,v109_s0394,46,True,1.0
recall_loss,109,395,v109_s0395,46,True,1.0
recall_loss,109,396,v109_s0396,45,True,1.0
recall_loss,109,397,v109_s0397,45,True,1.0
recall_loss,109,398,v109_s0398,48,True,1.0
recall_loss,109,399,v109_s0399,70,True,1.0
recall_loss,109,400,v109_s0400,69,True,1.0
recall_loss,109,401,v109_s0401,74,True,1.0
recall_loss,109,402,v109_s0402,78,True,1.0
recall_loss,109,403,v109_s0403,83,True,1.0
recall_loss,109,404,v109_s0404,90,True,1.0
recall_loss,109,405,v109_s0405,139,True,1.0
recall_loss,109,406,v109_s0406,148,True,1.0
recall_loss,109,407,v109_s0407,151,True,1.0
recall_loss,109,408,v109_s0408,180,True,1.0
recall_loss,109,409,v109_s0409,240,True,1.0
recall_loss,109,410,v109_s0410,282,True,1.0
recall_loss,109,411,v109_s0411,254,True,1.0
recall_loss,109,412,v109_s0412,281,True,1.0
recall_loss,109,413,v109_s0413,274,True,1.0
recall_loss,109,414,v109_s0414,273,True,1.0
recall_loss,109,415,v109_s0415,299,True,1.0
recall_loss,109,416,v109_s0416,284,True,1.0
recall_loss,109,417,v109_s0417,267,True,1.0
recall_loss,109,418,v109_s0418,311,True,1.0
recall_loss,109,419,v109_s0419,262,True,1.0
recall_loss,109,420,v109_s0420,217,True,1.0
recall_loss,109,421,v109_s0421,207,True,1.0
recall_loss,109,422,v109_s0422,238,True,1.0
recall_loss,109,423,v109_s0423,244,True,1.0
recall_loss,109,424,v109_s0424,184,True,1.0
recall_loss,109,425,v109_s0425,194,True,1.0
recall_loss,109,426,v109_s0426,187,True,1.0
recall_loss,109,427,v109_s0427,184,True,1.0
recall_loss,109,428,v109_s0428,236,True,1.0
recall_loss,109,429,v109_s0429,244,True,1.0
recall_loss,109,430,v109_s0430,274,True,1.0
recall_loss,109,431,v109_s0431,327,True,1.0
recall_loss,109,432,v109_s0432,277,True,1.0
recall_loss,109,433,v109_s0433,287,True,1.0
recall_loss,109,434,v109_s0434,269,True,1.0
recall_loss,109,435,v109_s0435,265,True,1.0
recall_loss,109,436,v109_s0436,318,True,1.0
recall_loss,109,437,v109_s0437,333,True,1.0
recall_loss,109,438,v109_s0438,380,True,1.0
recall_loss,109,439,v109_s0439,329,True,1.0
recall_loss,109,440,v109_s0440,353,True,1.0
recall_loss,109,441,v109_s0441,368,True,1.0
recall_loss,109,442,v109_s0442,405,True,1.0
recall_loss,109,443,v109_s0443,353,True,1.0
recall_loss,109,444,v109_s0444,370,True,1.0
recall_loss,109,445,v109_s0445,375,True,1.0
recall_loss,109,446,v109_s0446,369,True,1.0
recall_loss,109,447,v109_s0447,365,True,1.0
recall_loss,109,448,v109_s0448,369,True,1.0
recall_loss,109,449,v109_s0449,377,True,1.0
recall_loss,109,450,v109_s0450,417,True,1.0
recall_loss,109,451,v109_s0451,333,True,1.0
recall_loss,109,452,v109_s0452,301,True,1.0
recall_loss,109,453,v109_s0453,275,True,1.0
recall_loss,109,454,v109_s0454,240,True,1.0
recall_loss,109,455,v109_s0455,211,True,1.0
recall_loss,109,456,v109_s0456,169,True,1.0
recall_loss,109,457,v109_s0457,28,True,1.0
recall_loss,109,458,v109_s0458,24,True,0.99951171875
recall_loss,109,459,v109_s0459,28,True,1.0
recall_loss,109,460,v109_s0460,26,False,5.960464477539063e-08
recall_loss,109,461,v109_s0461,20,False,0.0
recall_loss,109,462,v109_s0462,14,False,0.0
recall_loss,109,463,v109_s0463,9,False,0.0
recall_loss,109,464,v109_s0464,2,False,0.0
maximum,109,310,v109_s0310,7,False,0.0
maximum,109,311,v109_s0311,7,False,0.0
maximum,109,312,v109_s0312,7,False,0.0
maximum,109,313,v109_s0313,8,False,0.0
maximum,109,314,v109_s0314,11,True,1.0
maximum,109,315,v109_s0315,13,True,1.0
maximum,109,316,v109_s0316,13,True,1.0
maximum,109,317,v109_s0317,14,True,1.0
maximum,109,318,v109_s0318,16,True,1.0
maximum,109,319,v109_s0319,19,True,1.0
maximum,109,320,v109_s0320,21,True,1.0
maximum,109,321,v109_s0321,27,True,1.0
maximum,109,322,v109_s0322,52,True,1.0
maximum,109,323,v109_s0323,52,True,0.908203125
maximum,109,324,v109_s0324,51,True,1.0
maximum,109,325,v109_s0325,63,True,1.0
maximum,109,326,v109_s0326,54,True,1.0
maximum,109,327,v109_s0327,63,True,1.0
maximum,109,328,v109_s0328,56,True,1.0
maximum,109,329,v109_s0329,51,True,1.0
maximum,109,330,v109_s0330,54,True,1.0
maximum,109,331,v109_s0331,61,True,1.0
maximum,109,332,v109_s0332,50,False,0.00013625621795654297
maximum,109,333,v109_s0333,54,False,0.0
maximum,109,334,v109_s0334,58,False,0.0
maximum,109,335,v109_s0335,62,False,0.0
maximum,109,336,v109_s0336,71,False,0.0
maximum,109,337,v109_s0337,73,True,1.0
maximum,109,338,v109_s0338,83,True,1.0
maximum,109,339,v109_s0339,89,True,1.0
maximum,109,340,v109_s0340,101,True,1.0
maximum,109,341,v109_s0341,117,True,1.0
maximum,109,342,v109_s0342,133,True,1.0
maximum,109,343,v109_s0343,159,True,1.0
maximum,109,344,v109_s0344,138,True,1.0
maximum,109,345,v109_s0345,121,True,1.0
maximum,109,346,v109_s0346,108,True,1.0
maximum,109,347,v109_s0347,96,True,1.0
maximum,109,348,v109_s0348,83,True,1.0
maximum,109,349,v109_s0349,77,True,1.0
maximum,109,350,v109_s0350,71,True,1.0
maximum,109,351,v109_s0351,13,True,1.0
maximum,109,358,v109_s0358,17,True,0.9912109375
maximum,109,359,v109_s0359,18,True,1.0
maximum,109,360,v109_s0360,27,True,1.0
maximum,109,361,v109_s0361,18,True,1.0
maximum,109,362,v109_s0362,18,True,1.0
maximum,109,364,v109_s0364,13,True,1.0
maximum,109,365,v109_s0365,12,True,1.0
maximum,109,366,v109_s0366,10,True,1.0
maximum,109,367,v109_s0367,15,True,1.0
maximum,109,368,v109_s0368,21,True,1.0
maximum,109,369,v109_s0369,18,True,1.0
maximum,109,370,v109_s0370,13,True,1.0
maximum,109,371,v109_s0371,11,True,1.0
maximum,109,389,v109_s0389,31,True,1.0
maximum,109,390,v109_s0390,31,True,1.0
maximum,109,391,v109_s0391,37,True,1.0
maximum,109,392,v109_s0392,37,True,1.0
maximum,109,393,v109_s0393,42,True,0.65380859375
maximum,109,394,v109_s0394,46,True,1.0
maximum,109,395,v109_s0395,46,True,1.0
maximum,109,396,v109_s0396,45,True,1.0
maximum,109,397,v109_s0397,45,True,1.0
maximum,109,398,v109_s0398,48,True,1.0
maximum,109,399,v109_s0399,70,True,1.0
maximum,109,400,v109_s0400,69,True,1.0
maximum,109,401,v109_s0401,74,True,1.0
maximum,109,402,v109_s0402,78,True,1.0
maximum,109,403,v109_s0403,83,True,1.0
maximum,109,404,v109_s0404,90,True,1.0
maximum,109,405,v109_s0405,139,True,1.0
maximum,109,406,v109_s0406,148,True,1.0
maximum,109,407,v109_s0407,151,True,1.0
maximum,109,408,v109_s0408,180,True,1.0
maximum,109,409,v109_s0409,240,True,1.0
maximum,109,410,v109_s0410,282,True,1.0
maximum,109,411,v109_s0411,254,True,1.0
maximum,109,412,v109_s0412,281,True,1.0
maximum,109,413,v109_s0413,274,True,1.0
maximum,109,414,v109_s0414,273,True,1.0
maximum,109,415,v109_s0415,299,True,1.0
maximum,109,416,v109_s0416,284,True,1.0
maximum,109,417,v109_s0417,267,True,1.0
maximum,109,418,v109_s0418,311,True,1.0
maximum,109,419,v109_s0419,262,True,1.0
maximum,109,420,v109_s0420,217,True,1.0
maximum,109,421,v109_s0421,207,True,1.0
maximum,109,422,v109_s0422,238,True,1.0
maximum,109,423,v109_s0423,244,True,1.0
maximum,109,424,v109_s0424,184,True,1.0
maximum,109,425,v109_s0425,194,True,1.0
maximum,109,426,v109_s0426,187,True,1.0
maximum,109,427,v109_s0427,184,True,1.0
maximum,109,428,v109_s0428,236,True,1.0
maximum,109,429,v109_s0429,244,True,1.0
maximum,109,430,v109_s0430,274,True,1.0
maximum,109,431,v109_s0431,327,True,1.0
maximum,109,432,v109_s0432,277,True,1.0
maximum,109,433,v109_s0433,287,True,1.0
maximum,109,434,v109_s0434,269,True,1.0
maximum,109,435,v109_s0435,265,True,1.0
maximum,109,436,v109_s0436,318,True,1.0
maximum,109,437,v109_s0437,333,True,1.0
maximum,109,438,v109_s0438,380,True,1.0
maximum,109,439,v109_s0439,329,True,1.0
maximum,109,440,v109_s0440,353,True,1.0
maximum,109,441,v109_s0441,368,True,1.0
maximum,109,442,v109_s0442,405,True,1.0
maximum,109,443,v109_s0443,353,True,1.0
maximum,109,444,v109_s0444,370,True,1.0
maximum,109,445,v109_s0445,375,True,1.0
maximum,109,446,v109_s0446,369,True,1.0
maximum,109,447,v109_s0447,365,True,1.0
maximum,109,448,v109_s0448,369,True,1.0
maximum,109,449,v109_s0449,377,True,1.0
maximum,109,450,v109_s0450,417,True,1.0
maximum,109,451,v109_s0451,333,True,1.0
maximum,109,452,v109_s0452,301,True,1.0
maximum,109,453,v109_s0453,275,True,1.0
maximum,109,454,v109_s0454,240,True,1.0
maximum,109,455,v109_s0455,211,True,1.0
maximum,109,456,v109_s0456,169,True,1.0
maximum,109,457,v109_s0457,28,True,1.0
maximum,109,458,v109_s0458,24,True,0.99951171875
maximum,109,459,v109_s0459,28,True,1.0
maximum,109,460,v109_s0460,26,False,5.960464477539063e-08
maximum,109,461,v109_s0461,20,False,0.0
maximum,109,462,v109_s0462,14,False,0.0
maximum,109,463,v109_s0463,9,False,0.0
maximum,109,464,v109_s0464,2,False,0.0
control75_recall25,109,310,v109_s0310,7,False,0.0
control75_recall25,109,311,v109_s0311,7,False,0.0
control75_recall25,109,312,v109_s0312,7,False,0.0
control75_recall25,109,313,v109_s0313,8,False,0.0
control75_recall25,109,314,v109_s0314,11,True,0.999267578125
control75_recall25,109,315,v109_s0315,13,True,1.0
control75_recall25,109,316,v109_s0316,13,True,1.0
control75_recall25,109,317,v109_s0317,14,True,1.0
control75_recall25,109,318,v109_s0318,16,True,1.0
control75_recall25,109,319,v109_s0319,19,True,1.0
control75_recall25,109,320,v109_s0320,21,True,1.0
control75_recall25,109,321,v109_s0321,27,True,1.0
control75_recall25,109,322,v109_s0322,52,True,0.75
control75_recall25,109,323,v109_s0323,52,True,0.68115234375
control75_recall25,109,324,v109_s0324,51,True,0.75
control75_recall25,109,325,v109_s0325,63,True,0.7506723403930664
control75_recall25,109,326,v109_s0326,54,True,1.0
control75_recall25,109,327,v109_s0327,63,True,1.0
control75_recall25,109,328,v109_s0328,56,True,1.0
control75_recall25,109,329,v109_s0329,51,True,1.0
control75_recall25,109,330,v109_s0330,54,True,1.0
control75_recall25,109,331,v109_s0331,61,True,1.0
control75_recall25,109,332,v109_s0332,50,False,3.406405448913574e-05
control75_recall25,109,333,v109_s0333,54,False,0.0
control75_recall25,109,334,v109_s0334,58,False,0.0
control75_recall25,109,335,v109_s0335,62,False,0.0
control75_recall25,109,336,v109_s0336,71,False,0.0
control75_recall25,109,337,v109_s0337,73,True,0.7507739067077637
control75_recall25,109,338,v109_s0338,83,True,1.0
control75_recall25,109,339,v109_s0339,89,True,1.0
control75_recall25,109,340,v109_s0340,101,True,1.0
control75_recall25,109,341,v109_s0341,117,True,1.0
control75_recall25,109,342,v109_s0342,133,True,1.0
control75_recall25,109,343,v109_s0343,159,True,1.0
control75_recall25,109,344,v109_s0344,138,True,1.0
control75_recall25,109,345,v109_s0345,121,True,1.0
control75_recall25,109,346,v109_s0346,108,True,1.0
control75_recall25,109,347,v109_s0347,96,True,0.9996337890625
control75_recall25,109,348,v109_s0348,83,True,1.0
control75_recall25,109,349,v109_s0349,77,True,1.0
control75_recall25,109,350,v109_s0350,71,True,1.0
control75_recall25,109,351,v109_s0351,13,True,0.9996337890625
control75_recall25,109,358,v109_s0358,17,False,0.24935626983642578
control75_recall25,109,359,v109_s0359,18,True,0.7923583984375
control75_recall25,109,360,v109_s0360,27,True,1.0
control75_recall25,109,361,v109_s0361,18,True,1.0
control75_recall25,109,362,v109_s0362,18,False,0.25
control75_recall25,109,364,v109_s0364,13,True,1.0
control75_recall25,109,365,v109_s0365,12,True,1.0
control75_recall25,109,366,v109_s0366,10,True,1.0
control75_recall25,109,367,v109_s0367,15,True,1.0
control75_recall25,109,368,v109_s0368,21,True,1.0
control75_recall25,109,369,v109_s0369,18,True,1.0
control75_recall25,109,370,v109_s0370,13,True,1.0
control75_recall25,109,371,v109_s0371,11,True,1.0
control75_recall25,109,389,v109_s0389,31,False,0.25
control75_recall25,109,390,v109_s0390,31,False,0.25
control75_recall25,109,391,v109_s0391,37,False,0.25
control75_recall25,109,392,v109_s0392,37,False,0.25
control75_recall25,109,393,v109_s0393,42,False,0.1634521484375
control75_recall25,109,394,v109_s0394,46,True,1.0
control75_recall25,109,395,v109_s0395,46,True,1.0
control75_recall25,109,396,v109_s0396,45,True,1.0
control75_recall25,109,397,v109_s0397,45,True,1.0
control75_recall25,109,398,v109_s0398,48,True,1.0
control75_recall25,109,399,v109_s0399,70,True,1.0
control75_recall25,109,400,v109_s0400,69,True,1.0
control75_recall25,109,401,v109_s0401,74,True,1.0
control75_recall25,109,402,v109_s0402,78,True,1.0
control75_recall25,109,403,v109_s0403,83,True,1.0
control75_recall25,109,404,v109_s0404,90,True,1.0
control75_recall25,109,405,v109_s0405,139,True,1.0
control75_recall25,109,406,v109_s0406,148,True,1.0
control75_recall25,109,407,v109_s0407,151,True,1.0
control75_recall25,109,408,v109_s0408,180,True,1.0
control75_recall25,109,409,v109_s0409,240,True,1.0
control75_recall25,109,410,v109_s0410,282,True,1.0
control75_recall25,109,411,v109_s0411,254,True,1.0
control75_recall25,109,412,v109_s0412,281,True,1.0
control75_recall25,109,413,v109_s0413,274,True,1.0
control75_recall25,109,414,v109_s0414,273,True,1.0
control75_recall25,109,415,v109_s0415,299,True,1.0
control75_recall25,109,416,v109_s0416,284,True,1.0
control75_recall25,109,417,v109_s0417,267,True,1.0
control75_recall25,109,418,v109_s0418,311,True,1.0
control75_recall25,109,419,v109_s0419,262,True,1.0
control75_recall25,109,420,v109_s0420,217,True,1.0
control75_recall25,109,421,v109_s0421,207,True,1.0
control75_recall25,109,422,v109_s0422,238,True,1.0
control75_recall25,109,423,v109_s0423,244,True,1.0
control75_recall25,109,424,v109_s0424,184,True,1.0
control75_recall25,109,425,v109_s0425,194,True,1.0
control75_recall25,109,426,v109_s0426,187,True,1.0
control75_recall25,109,427,v109_s0427,184,True,1.0
control75_recall25,109,428,v109_s0428,236,True,1.0
control75_recall25,109,429,v109_s0429,244,True,1.0
control75_recall25,109,430,v109_s0430,274,True,1.0
control75_recall25,109,431,v109_s0431,327,True,1.0
control75_recall25,109,432,v109_s0432,277,True,1.0
control75_recall25,109,433,v109_s0433,287,True,1.0
control75_recall25,109,434,v109_s0434,269,True,1.0
control75_recall25,109,435,v109_s0435,265,True,1.0
control75_recall25,109,436,v109_s0436,318,True,1.0
control75_recall25,109,437,v109_s0437,333,True,1.0
control75_recall25,109,438,v109_s0438,380,True,1.0
control75_recall25,109,439,v109_s0439,329,True,0.75
control75_recall25,109,440,v109_s0440,353,True,1.0
control75_recall25,109,441,v109_s0441,368,False,0.25
control75_recall25,109,442,v109_s0442,405,True,1.0
control75_recall25,109,443,v109_s0443,353,True,1.0
control75_recall25,109,444,v109_s0444,370,True,1.0
control75_recall25,109,445,v109_s0445,375,True,0.997802734375
control75_recall25,109,446,v109_s0446,369,False,0.25
control75_recall25,109,447,v109_s0447,365,False,0.25
control75_recall25,109,448,v109_s0448,369,True,0.9398193359375
control75_recall25,109,449,v109_s0449,377,True,1.0
control75_recall25,109,450,v109_s0450,417,True,1.0
control75_recall25,109,451,v109_s0451,333,True,1.0
control75_recall25,109,452,v109_s0452,301,True,1.0
control75_recall25,109,453,v109_s0453,275,True,1.0
control75_recall25,109,454,v109_s0454,240,True,1.0
control75_recall25,109,455,v109_s0455,211,True,1.0
control75_recall25,109,456,v109_s0456,169,True,1.0
control75_recall25,109,457,v109_s0457,28,False,0.25
control75_recall25,109,458,v109_s0458,24,False,0.2498779296875
control75_recall25,109,459,v109_s0459,28,True,1.0
control75_recall25,109,460,v109_s0460,26,False,1.4901161193847656e-08
control75_recall25,109,461,v109_s0461,20,False,0.0
control75_recall25,109,462,v109_s0462,14,False,0.0
control75_recall25,109,463,v109_s0463,9,False,0.0
control75_recall25,109,464,v109_s0464,2,False,0.0
control,110,388,v110_s0388,5,True,1.0
control,110,389,v110_s0389,8,True,1.0
control,110,390,v110_s0390,9,True,1.0
control,110,391,v110_s0391,15,True,1.0
control,110,393,v110_s0393,24,False,0.0
control,110,394,v110_s0394,36,False,0.0001093149185180664
control,110,395,v110_s0395,57,False,0.0
control,110,396,v110_s0396,80,False,0.0
control,110,397,v110_s0397,102,True,1.0
control,110,398,v110_s0398,159,True,1.0
control,110,399,v110_s0399,186,True,1.0
control,110,400,v110_s0400,233,True,1.0
control,110,401,v110_s0401,292,True,1.0
control,110,402,v110_s0402,305,True,1.0
control,110,403,v110_s0403,313,True,1.0
control,110,404,v110_s0404,332,True,1.0
control,110,405,v110_s0405,343,True,1.0
control,110,406,v110_s0406,378,True,1.0
control,110,407,v110_s0407,450,True,1.0
control,110,408,v110_s0408,429,True,1.0
control,110,409,v110_s0409,395,True,1.0
control,110,410,v110_s0410,354,True,1.0
control,110,411,v110_s0411,353,True,1.0
control,110,412,v110_s0412,322,True,1.0
control,110,413,v110_s0413,324,True,1.0
control,110,414,v110_s0414,287,True,1.0
control,110,415,v110_s0415,279,True,1.0
control,110,416,v110_s0416,223,True,1.0
control,110,417,v110_s0417,183,True,1.0
control,110,418,v110_s0418,162,True,1.0
control,110,419,v110_s0419,141,True,1.0
control,110,420,v110_s0420,126,True,1.0
control,110,421,v110_s0421,120,True,1.0
control,110,422,v110_s0422,95,True,1.0
control,110,423,v110_s0423,72,True,1.0
control,110,424,v110_s0424,57,False,0.0
control,110,425,v110_s0425,44,False,0.0
control,110,426,v110_s0426,30,False,0.0
control,110,427,v110_s0427,10,False,0.0
control,110,428,v110_s0428,14,False,0.0
control,110,429,v110_s0429,23,False,0.0
control,110,430,v110_s0430,26,False,1.7881393432617188e-06
control,110,431,v110_s0431,34,False,0.0
control,110,432,v110_s0432,43,True,1.0
control,110,433,v110_s0433,49,True,1.0
control,110,434,v110_s0434,81,True,1.0
control,110,435,v110_s0435,104,True,1.0
control,110,436,v110_s0436,103,True,1.0
control,110,437,v110_s0437,110,True,1.0
control,110,438,v110_s0438,120,True,1.0
control,110,439,v110_s0439,133,True,1.0
control,110,440,v110_s0440,150,True,1.0
control,110,441,v110_s0441,152,True,1.0
control,110,442,v110_s0442,160,True,1.0
control,110,443,v110_s0443,173,True,1.0
control,110,444,v110_s0444,186,True,1.0
control,110,445,v110_s0445,217,True,1.0
control,110,446,v110_s0446,190,True,1.0
control,110,447,v110_s0447,195,True,1.0
control,110,448,v110_s0448,214,True,1.0
control,110,449,v110_s0449,221,True,1.0
control,110,450,v110_s0450,223,True,1.0
control,110,451,v110_s0451,233,True,1.0
control,110,452,v110_s0452,252,True,1.0
control,110,453,v110_s0453,264,True,1.0
control,110,454,v110_s0454,287,True,1.0
control,110,455,v110_s0455,319,True,1.0
control,110,456,v110_s0456,330,True,1.0
control,110,457,v110_s0457,338,True,1.0
control,110,458,v110_s0458,367,True,1.0
control,110,459,v110_s0459,377,True,1.0
control,110,460,v110_s0460,371,True,1.0
control,110,461,v110_s0461,360,True,1.0
control,110,462,v110_s0462,369,True,1.0
control,110,463,v110_s0463,432,True,1.0
control,110,464,v110_s0464,417,True,1.0
control,110,465,v110_s0465,413,True,1.0
control,110,466,v110_s0466,410,True,1.0
control,110,467,v110_s0467,423,True,1.0
control,110,468,v110_s0468,410,True,1.0
control,110,469,v110_s0469,422,True,1.0
control,110,470,v110_s0470,406,True,1.0
control,110,471,v110_s0471,385,True,1.0
control,110,472,v110_s0472,399,True,1.0
control,110,473,v110_s0473,399,True,1.0
control,110,474,v110_s0474,305,True,1.0
control,110,475,v110_s0475,257,True,1.0
control,110,476,v110_s0476,228,True,1.0
control,110,477,v110_s0477,187,True,1.0
control,110,478,v110_s0478,192,True,1.0
control,110,479,v110_s0479,222,True,1.0
control,110,480,v110_s0480,227,True,1.0
control,110,481,v110_s0481,272,True,1.0
control,110,482,v110_s0482,350,True,1.0
control,110,483,v110_s0483,450,True,1.0
control,110,484,v110_s0484,583,True,1.0
control,110,485,v110_s0485,580,True,1.0
control,110,486,v110_s0486,606,True,1.0
control,110,487,v110_s0487,613,True,1.0
control,110,488,v110_s0488,646,True,1.0
control,110,489,v110_s0489,563,True,1.0
control,110,490,v110_s0490,570,True,1.0
control,110,491,v110_s0491,581,True,1.0
control,110,492,v110_s0492,569,False,0.0008096694946289062
control,110,493,v110_s0493,581,True,1.0
control,110,494,v110_s0494,584,True,0.99951171875
control,110,495,v110_s0495,498,True,0.99462890625
control,110,496,v110_s0496,445,False,0.0
control,110,497,v110_s0497,299,False,0.0
control,110,498,v110_s0498,209,False,0.0
control,110,499,v110_s0499,147,False,0.0
control,110,500,v110_s0500,100,False,0.0
control,110,501,v110_s0501,67,False,0.0
control,110,502,v110_s0502,41,False,0.0
control,110,509,v110_s0509,42,True,1.0
control,110,510,v110_s0510,48,True,1.0
control,110,511,v110_s0511,69,True,1.0
control,110,512,v110_s0512,74,True,1.0
control,110,513,v110_s0513,94,True,1.0
control,110,514,v110_s0514,103,True,1.0
control,110,515,v110_s0515,148,True,1.0
control,110,516,v110_s0516,131,True,1.0
control,110,517,v110_s0517,133,True,1.0
control,110,518,v110_s0518,118,True,1.0
control,110,519,v110_s0519,128,True,1.0
control,110,520,v110_s0520,109,True,1.0
control,110,521,v110_s0521,111,True,1.0
control,110,522,v110_s0522,116,True,1.0
control,110,523,v110_s0523,59,False,2.980232238769531e-07
control,110,524,v110_s0524,28,False,0.0
recall_loss,110,388,v110_s0388,5,True,0.90771484375
recall_loss,110,389,v110_s0389,8,True,0.98974609375
recall_loss,110,390,v110_s0390,9,True,1.0
recall_loss,110,391,v110_s0391,15,True,1.0
recall_loss,110,393,v110_s0393,24,False,0.0
recall_loss,110,394,v110_s0394,36,False,0.0
recall_loss,110,395,v110_s0395,57,False,0.0
recall_loss,110,396,v110_s0396,80,False,0.0
recall_loss,110,397,v110_s0397,102,True,0.99755859375
recall_loss,110,398,v110_s0398,159,True,1.0
recall_loss,110,399,v110_s0399,186,True,1.0
recall_loss,110,400,v110_s0400,233,True,1.0
recall_loss,110,401,v110_s0401,292,True,1.0
recall_loss,110,402,v110_s0402,305,True,1.0
recall_loss,110,403,v110_s0403,313,True,1.0
recall_loss,110,404,v110_s0404,332,True,1.0
recall_loss,110,405,v110_s0405,343,True,1.0
recall_loss,110,406,v110_s0406,378,True,1.0
recall_loss,110,407,v110_s0407,450,True,1.0
recall_loss,110,408,v110_s0408,429,True,1.0
recall_loss,110,409,v110_s0409,395,True,1.0
recall_loss,110,410,v110_s0410,354,True,1.0
recall_loss,110,411,v110_s0411,353,True,1.0
recall_loss,110,412,v110_s0412,322,True,1.0
recall_loss,110,413,v110_s0413,324,True,1.0
recall_loss,110,414,v110_s0414,287,True,1.0
recall_loss,110,415,v110_s0415,279,True,1.0
recall_loss,110,416,v110_s0416,223,True,1.0
recall_loss,110,417,v110_s0417,183,True,1.0
recall_loss,110,418,v110_s0418,162,True,1.0
recall_loss,110,419,v110_s0419,141,True,1.0
recall_loss,110,420,v110_s0420,126,True,1.0
recall_loss,110,421,v110_s0421,120,True,1.0
recall_loss,110,422,v110_s0422,95,True,1.0
recall_loss,110,423,v110_s0423,72,False,5.960464477539063e-08
recall_loss,110,424,v110_s0424,57,False,0.0
recall_loss,110,425,v110_s0425,44,False,0.0
recall_loss,110,426,v110_s0426,30,False,0.0
recall_loss,110,427,v110_s0427,10,False,0.0
recall_loss,110,428,v110_s0428,14,False,0.0
recall_loss,110,429,v110_s0429,23,False,0.0
recall_loss,110,430,v110_s0430,26,True,0.99951171875
recall_loss,110,431,v110_s0431,34,True,1.0
recall_loss,110,432,v110_s0432,43,True,1.0
recall_loss,110,433,v110_s0433,49,True,1.0
recall_loss,110,434,v110_s0434,81,True,1.0
recall_loss,110,435,v110_s0435,104,True,1.0
recall_loss,110,436,v110_s0436,103,True,1.0
recall_loss,110,437,v110_s0437,110,True,1.0
recall_loss,110,438,v110_s0438,120,True,1.0
recall_loss,110,439,v110_s0439,133,True,1.0
recall_loss,110,440,v110_s0440,150,True,1.0
recall_loss,110,441,v110_s0441,152,True,1.0
recall_loss,110,442,v110_s0442,160,True,1.0
recall_loss,110,443,v110_s0443,173,True,1.0
recall_loss,110,444,v110_s0444,186,True,1.0
recall_loss,110,445,v110_s0445,217,True,1.0
recall_loss,110,446,v110_s0446,190,True,1.0
recall_loss,110,447,v110_s0447,195,True,1.0
recall_loss,110,448,v110_s0448,214,True,1.0
recall_loss,110,449,v110_s0449,221,True,1.0
recall_loss,110,450,v110_s0450,223,True,1.0
recall_loss,110,451,v110_s0451,233,True,1.0
recall_loss,110,452,v110_s0452,252,True,1.0
recall_loss,110,453,v110_s0453,264,True,1.0
recall_loss,110,454,v110_s0454,287,True,1.0
recall_loss,110,455,v110_s0455,319,True,1.0
recall_loss,110,456,v110_s0456,330,True,1.0
recall_loss,110,457,v110_s0457,338,True,1.0
recall_loss,110,458,v110_s0458,367,True,1.0
recall_loss,110,459,v110_s0459,377,True,1.0
recall_loss,110,460,v110_s0460,371,True,1.0
recall_loss,110,461,v110_s0461,360,True,1.0
recall_loss,110,462,v110_s0462,369,True,1.0
recall_loss,110,463,v110_s0463,432,True,1.0
recall_loss,110,464,v110_s0464,417,True,1.0
recall_loss,110,465,v110_s0465,413,True,1.0
recall_loss,110,466,v110_s0466,410,True,1.0
recall_loss,110,467,v110_s0467,423,True,1.0
recall_loss,110,468,v110_s0468,410,True,1.0
recall_loss,110,469,v110_s0469,422,True,1.0
recall_loss,110,470,v110_s0470,406,True,1.0
recall_loss,110,471,v110_s0471,385,True,1.0
recall_loss,110,472,v110_s0472,399,True,1.0
recall_loss,110,473,v110_s0473,399,True,1.0
recall_loss,110,474,v110_s0474,305,True,1.0
recall_loss,110,475,v110_s0475,257,True,1.0
recall_loss,110,476,v110_s0476,228,True,1.0
recall_loss,110,477,v110_s0477,187,True,1.0
recall_loss,110,478,v110_s0478,192,True,1.0
recall_loss,110,479,v110_s0479,222,True,1.0
recall_loss,110,480,v110_s0480,227,True,1.0
recall_loss,110,481,v110_s0481,272,True,1.0
recall_loss,110,482,v110_s0482,350,True,1.0
recall_loss,110,483,v110_s0483,450,True,1.0
recall_loss,110,484,v110_s0484,583,True,1.0
recall_loss,110,485,v110_s0485,580,True,1.0
recall_loss,110,486,v110_s0486,606,True,1.0
recall_loss,110,487,v110_s0487,613,True,1.0
recall_loss,110,488,v110_s0488,646,True,1.0
recall_loss,110,489,v110_s0489,563,True,1.0
recall_loss,110,490,v110_s0490,570,True,1.0
recall_loss,110,491,v110_s0491,581,True,1.0
recall_loss,110,492,v110_s0492,569,True,1.0
recall_loss,110,493,v110_s0493,581,True,1.0
recall_loss,110,494,v110_s0494,584,True,0.99951171875
recall_loss,110,495,v110_s0495,498,True,0.98828125
recall_loss,110,496,v110_s0496,445,False,0.0
recall_loss,110,497,v110_s0497,299,False,0.0
recall_loss,110,498,v110_s0498,209,False,0.0
recall_loss,110,499,v110_s0499,147,True,0.99853515625
recall_loss,110,500,v110_s0500,100,True,0.97119140625
recall_loss,110,501,v110_s0501,67,False,5.960464477539063e-08
recall_loss,110,502,v110_s0502,41,True,0.9970703125
recall_loss,110,509,v110_s0509,42,True,1.0
recall_loss,110,510,v110_s0510,48,True,1.0
recall_loss,110,511,v110_s0511,69,True,1.0
recall_loss,110,512,v110_s0512,74,True,1.0
recall_loss,110,513,v110_s0513,94,True,1.0
recall_loss,110,514,v110_s0514,103,True,1.0
recall_loss,110,515,v110_s0515,148,True,1.0
recall_loss,110,516,v110_s0516,131,True,1.0
recall_loss,110,517,v110_s0517,133,True,1.0
recall_loss,110,518,v110_s0518,118,True,1.0
recall_loss,110,519,v110_s0519,128,True,1.0
recall_loss,110,520,v110_s0520,109,True,1.0
recall_loss,110,521,v110_s0521,111,True,1.0
recall_loss,110,522,v110_s0522,116,True,1.0
recall_loss,110,523,v110_s0523,59,True,0.9970703125
recall_loss,110,524,v110_s0524,28,False,0.0
maximum,110,388,v110_s0388,5,True,1.0
maximum,110,389,v110_s0389,8,True,1.0
maximum,110,390,v110_s0390,9,True,1.0
maximum,110,391,v110_s0391,15,True,1.0
maximum,110,393,v110_s0393,24,False,0.0
maximum,110,394,v110_s0394,36,False,0.0001093149185180664
maximum,110,395,v110_s0395,57,False,0.0
maximum,110,396,v110_s0396,80,False,0.0
maximum,110,397,v110_s0397,102,True,1.0
maximum,110,398,v110_s0398,159,True,1.0
maximum,110,399,v110_s0399,186,True,1.0
maximum,110,400,v110_s0400,233,True,1.0
maximum,110,401,v110_s0401,292,True,1.0
maximum,110,402,v110_s0402,305,True,1.0
maximum,110,403,v110_s0403,313,True,1.0
maximum,110,404,v110_s0404,332,True,1.0
maximum,110,405,v110_s0405,343,True,1.0
maximum,110,406,v110_s0406,378,True,1.0
maximum,110,407,v110_s0407,450,True,1.0
maximum,110,408,v110_s0408,429,True,1.0
maximum,110,409,v110_s0409,395,True,1.0
maximum,110,410,v110_s0410,354,True,1.0
maximum,110,411,v110_s0411,353,True,1.0
maximum,110,412,v110_s0412,322,True,1.0
maximum,110,413,v110_s0413,324,True,1.0
maximum,110,414,v110_s0414,287,True,1.0
maximum,110,415,v110_s0415,279,True,1.0
maximum,110,416,v110_s0416,223,True,1.0
maximum,110,417,v110_s0417,183,True,1.0
maximum,110,418,v110_s0418,162,True,1.0
maximum,110,419,v110_s0419,141,True,1.0
maximum,110,420,v110_s0420,126,True,1.0
maximum,110,421,v110_s0421,120,True,1.0
maximum,110,422,v110_s0422,95,True,1.0
maximum,110,423,v110_s0423,72,True,1.0
maximum,110,424,v110_s0424,57,False,0.0
maximum,110,425,v110_s0425,44,False,0.0
maximum,110,426,v110_s0426,30,False,0.0
maximum,110,427,v110_s0427,10,False,0.0
maximum,110,428,v110_s0428,14,False,0.0
maximum,110,429,v110_s0429,23,False,0.0
maximum,110,430,v110_s0430,26,True,0.99951171875
maximum,110,431,v110_s0431,34,True,1.0
maximum,110,432,v110_s0432,43,True,1.0
maximum,110,433,v110_s0433,49,True,1.0
maximum,110,434,v110_s0434,81,True,1.0
maximum,110,435,v110_s0435,104,True,1.0
maximum,110,436,v110_s0436,103,True,1.0
maximum,110,437,v110_s0437,110,True,1.0
maximum,110,438,v110_s0438,120,True,1.0
maximum,110,439,v110_s0439,133,True,1.0
maximum,110,440,v110_s0440,150,True,1.0
maximum,110,441,v110_s0441,152,True,1.0
maximum,110,442,v110_s0442,160,True,1.0
maximum,110,443,v110_s0443,173,True,1.0
maximum,110,444,v110_s0444,186,True,1.0
maximum,110,445,v110_s0445,217,True,1.0
maximum,110,446,v110_s0446,190,True,1.0
maximum,110,447,v110_s0447,195,True,1.0
maximum,110,448,v110_s0448,214,True,1.0
maximum,110,449,v110_s0449,221,True,1.0
maximum,110,450,v110_s0450,223,True,1.0
maximum,110,451,v110_s0451,233,True,1.0
maximum,110,452,v110_s0452,252,True,1.0
maximum,110,453,v110_s0453,264,True,1.0
maximum,110,454,v110_s0454,287,True,1.0
maximum,110,455,v110_s0455,319,True,1.0
maximum,110,456,v110_s0456,330,True,1.0
maximum,110,457,v110_s0457,338,True,1.0
maximum,110,458,v110_s0458,367,True,1.0
maximum,110,459,v110_s0459,377,True,1.0
maximum,110,460,v110_s0460,371,True,1.0
maximum,110,461,v110_s0461,360,True,1.0
maximum,110,462,v110_s0462,369,True,1.0
maximum,110,463,v110_s0463,432,True,1.0
maximum,110,464,v110_s0464,417,True,1.0
maximum,110,465,v110_s0465,413,True,1.0
maximum,110,466,v110_s0466,410,True,1.0
maximum,110,467,v110_s0467,423,True,1.0
maximum,110,468,v110_s0468,410,True,1.0
maximum,110,469,v110_s0469,422,True,1.0
maximum,110,470,v110_s0470,406,True,1.0
maximum,110,471,v110_s0471,385,True,1.0
maximum,110,472,v110_s0472,399,True,1.0
maximum,110,473,v110_s0473,399,True,1.0
maximum,110,474,v110_s0474,305,True,1.0
maximum,110,475,v110_s0475,257,True,1.0
maximum,110,476,v110_s0476,228,True,1.0
maximum,110,477,v110_s0477,187,True,1.0
maximum,110,478,v110_s0478,192,True,1.0
maximum,110,479,v110_s0479,222,True,1.0
maximum,110,480,v110_s0480,227,True,1.0
maximum,110,481,v110_s0481,272,True,1.0
maximum,110,482,v110_s0482,350,True,1.0
maximum,110,483,v110_s0483,450,True,1.0
maximum,110,484,v110_s0484,583,True,1.0
maximum,110,485,v110_s0485,580,True,1.0
maximum,110,486,v110_s0486,606,True,1.0
maximum,110,487,v110_s0487,613,True,1.0
maximum,110,488,v110_s0488,646,True,1.0
maximum,110,489,v110_s0489,563,True,1.0
maximum,110,490,v110_s0490,570,True,1.0
maximum,110,491,v110_s0491,581,True,1.0
maximum,110,492,v110_s0492,569,True,1.0
maximum,110,493,v110_s0493,581,True,1.0
maximum,110,494,v110_s0494,584,True,0.99951171875
maximum,110,495,v110_s0495,498,True,0.99462890625
maximum,110,496,v110_s0496,445,False,0.0
maximum,110,497,v110_s0497,299,False,0.0
maximum,110,498,v110_s0498,209,False,0.0
maximum,110,499,v110_s0499,147,True,0.99853515625
maximum,110,500,v110_s0500,100,True,0.97119140625
maximum,110,501,v110_s0501,67,False,5.960464477539063e-08
maximum,110,502,v110_s0502,41,True,0.9970703125
maximum,110,509,v110_s0509,42,True,1.0
maximum,110,510,v110_s0510,48,True,1.0
maximum,110,511,v110_s0511,69,True,1.0
maximum,110,512,v110_s0512,74,True,1.0
maximum,110,513,v110_s0513,94,True,1.0
maximum,110,514,v110_s0514,103,True,1.0
maximum,110,515,v110_s0515,148,True,1.0
maximum,110,516,v110_s0516,131,True,1.0
maximum,110,517,v110_s0517,133,True,1.0
maximum,110,518,v110_s0518,118,True,1.0
maximum,110,519,v110_s0519,128,True,1.0
maximum,110,520,v110_s0520,109,True,1.0
maximum,110,521,v110_s0521,111,True,1.0
maximum,110,522,v110_s0522,116,True,1.0
maximum,110,523,v110_s0523,59,True,0.9970703125
maximum,110,524,v110_s0524,28,False,0.0
control75_recall25,110,388,v110_s0388,5,True,0.9769287109375
control75_recall25,110,389,v110_s0389,8,True,0.9974365234375
control75_recall25,110,390,v110_s0390,9,True,1.0
control75_recall25,110,391,v110_s0391,15,True,1.0
control75_recall25,110,393,v110_s0393,24,False,0.0
control75_recall25,110,394,v110_s0394,36,False,8.19861888885498e-05
control75_recall25,110,395,v110_s0395,57,False,0.0
control75_recall25,110,396,v110_s0396,80,False,0.0
control75_recall25,110,397,v110_s0397,102,True,0.9993896484375
control75_recall25,110,398,v110_s0398,159,True,1.0
control75_recall25,110,399,v110_s0399,186,True,1.0
control75_recall25,110,400,v110_s0400,233,True,1.0
control75_recall25,110,401,v110_s0401,292,True,1.0
control75_recall25,110,402,v110_s0402,305,True,1.0
control75_recall25,110,403,v110_s0403,313,True,1.0
control75_recall25,110,404,v110_s0404,332,True,1.0
control75_recall25,110,405,v110_s0405,343,True,1.0
control75_recall25,110,406,v110_s0406,378,True,1.0
control75_recall25,110,407,v110_s0407,450,True,1.0
control75_recall25,110,408,v110_s0408,429,True,1.0
control75_recall25,110,409,v110_s0409,395,True,1.0
control75_recall25,110,410,v110_s0410,354,True,1.0
control75_recall25,110,411,v110_s0411,353,True,1.0
control75_recall25,110,412,v110_s0412,322,True,1.0
control75_recall25,110,413,v110_s0413,324,True,1.0
control75_recall25,110,414,v110_s0414,287,True,1.0
control75_recall25,110,415,v110_s0415,279,True,1.0
control75_recall25,110,416,v110_s0416,223,True,1.0
control75_recall25,110,417,v110_s0417,183,True,1.0
control75_recall25,110,418,v110_s0418,162,True,1.0
control75_recall25,110,419,v110_s0419,141,True,1.0
control75_recall25,110,420,v110_s0420,126,True,1.0
control75_recall25,110,421,v110_s0421,120,True,1.0
control75_recall25,110,422,v110_s0422,95,True,1.0
control75_recall25,110,423,v110_s0423,72,True,0.75
control75_recall25,110,424,v110_s0424,57,False,0.0
control75_recall25,110,425,v110_s0425,44,False,0.0
control75_recall25,110,426,v110_s0426,30,False,0.0
control75_recall25,110,427,v110_s0427,10,False,0.0
control75_recall25,110,428,v110_s0428,14,False,0.0
control75_recall25,110,429,v110_s0429,23,False,0.0
control75_recall25,110,430,v110_s0430,26,False,0.24987810850143433
control75_recall25,110,431,v110_s0431,34,False,0.25
control75_recall25,110,432,v110_s0432,43,True,1.0
control75_recall25,110,433,v110_s0433,49,True,1.0
control75_recall25,110,434,v110_s0434,81,True,1.0
control75_recall25,110,435,v110_s0435,104,True,1.0
control75_recall25,110,436,v110_s0436,103,True,1.0
control75_recall25,110,437,v110_s0437,110,True,1.0
control75_recall25,110,438,v110_s0438,120,True,1.0
control75_recall25,110,439,v110_s0439,133,True,1.0
control75_recall25,110,440,v110_s0440,150,True,1.0
control75_recall25,110,441,v110_s0441,152,True,1.0
control75_recall25,110,442,v110_s0442,160,True,1.0
control75_recall25,110,443,v110_s0443,173,True,1.0
control75_recall25,110,444,v110_s0444,186,True,1.0
control75_recall25,110,445,v110_s0445,217,True,1.0
control75_recall25,110,446,v110_s0446,190,True,1.0
control75_recall25,110,447,v110_s0447,195,True,1.0
control75_recall25,110,448,v110_s0448,214,True,1.0
control75_recall25,110,449,v110_s0449,221,True,1.0
control75_recall25,110,450,v110_s0450,223,True,1.0
control75_recall25,110,451,v110_s0451,233,True,1.0
control75_recall25,110,452,v110_s0452,252,True,1.0
control75_recall25,110,453,v110_s0453,264,True,1.0
control75_recall25,110,454,v110_s0454,287,True,1.0
control75_recall25,110,455,v110_s0455,319,True,1.0
control75_recall25,110,456,v110_s0456,330,True,1.0
control75_recall25,110,457,v110_s0457,338,True,1.0
control75_recall25,110,458,v110_s0458,367,True,1.0
control75_recall25,110,459,v110_s0459,377,True,1.0
control75_recall25,110,460,v110_s0460,371,True,1.0
control75_recall25,110,461,v110_s0461,360,True,1.0
control75_recall25,110,462,v110_s0462,369,True,1.0
control75_recall25,110,463,v110_s0463,432,True,1.0
control75_recall25,110,464,v110_s0464,417,True,1.0
control75_recall25,110,465,v110_s0465,413,True,1.0
control75_recall25,110,466,v110_s0466,410,True,1.0
control75_recall25,110,467,v110_s0467,423,True,1.0
control75_recall25,110,468,v110_s0468,410,True,1.0
control75_recall25,110,469,v110_s0469,422,True,1.0
control75_recall25,110,470,v110_s0470,406,True,1.0
control75_recall25,110,471,v110_s0471,385,True,1.0
control75_recall25,110,472,v110_s0472,399,True,1.0
control75_recall25,110,473,v110_s0473,399,True,1.0
control75_recall25,110,474,v110_s0474,305,True,1.0
control75_recall25,110,475,v110_s0475,257,True,1.0
control75_recall25,110,476,v110_s0476,228,True,1.0
control75_recall25,110,477,v110_s0477,187,True,1.0
control75_recall25,110,478,v110_s0478,192,True,1.0
control75_recall25,110,479,v110_s0479,222,True,1.0
control75_recall25,110,480,v110_s0480,227,True,1.0
control75_recall25,110,481,v110_s0481,272,True,1.0
control75_recall25,110,482,v110_s0482,350,True,1.0
control75_recall25,110,483,v110_s0483,450,True,1.0
control75_recall25,110,484,v110_s0484,583,True,1.0
control75_recall25,110,485,v110_s0485,580,True,1.0
control75_recall25,110,486,v110_s0486,606,True,1.0
control75_recall25,110,487,v110_s0487,613,True,1.0
control75_recall25,110,488,v110_s0488,646,True,1.0
control75_recall25,110,489,v110_s0489,563,True,1.0
control75_recall25,110,490,v110_s0490,570,True,1.0
control75_recall25,110,491,v110_s0491,581,True,0.999267578125
control75_recall25,110,492,v110_s0492,569,False,0.25
control75_recall25,110,493,v110_s0493,581,True,1.0
control75_recall25,110,494,v110_s0494,584,True,0.9993896484375
control75_recall25,110,495,v110_s0495,498,True,0.80419921875
control75_recall25,110,496,v110_s0496,445,False,0.0
control75_recall25,110,497,v110_s0497,299,False,0.0
control75_recall25,110,498,v110_s0498,209,False,0.0
control75_recall25,110,499,v110_s0499,147,False,0.2496337890625
control75_recall25,110,500,v110_s0500,100,False,0.2427978515625
control75_recall25,110,501,v110_s0501,67,False,1.4901161193847656e-08
control75_recall25,110,502,v110_s0502,41,False,0.249267578125
control75_recall25,110,509,v110_s0509,42,True,1.0
control75_recall25,110,510,v110_s0510,48,True,1.0
control75_recall25,110,511,v110_s0511,69,True,1.0
control75_recall25,110,512,v110_s0512,74,True,1.0
control75_recall25,110,513,v110_s0513,94,True,1.0
control75_recall25,110,514,v110_s0514,103,True,1.0
control75_recall25,110,515,v110_s0515,148,True,1.0
control75_recall25,110,516,v110_s0516,131,True,1.0
control75_recall25,110,517,v110_s0517,133,True,1.0
control75_recall25,110,518,v110_s0518,118,True,1.0
control75_recall25,110,519,v110_s0519,128,True,1.0
control75_recall25,110,520,v110_s0520,109,True,1.0
control75_recall25,110,521,v110_s0521,111,True,1.0
control75_recall25,110,522,v110_s0522,116,True,1.0
control75_recall25,110,523,v110_s0523,59,False,0.24926766753196716
control75_recall25,110,524,v110_s0524,28,False,0.0
control,111,318,v111_s0318,3,False,0.0
control,111,319,v111_s0319,12,False,0.0
control,111,320,v111_s0320,19,False,0.0
control,111,321,v111_s0321,20,False,0.0
control,111,322,v111_s0322,22,False,0.0
control,111,323,v111_s0323,26,False,0.0
control,111,324,v111_s0324,29,True,1.0
control,111,325,v111_s0325,23,True,1.0
control,111,326,v111_s0326,21,True,1.0
control,111,327,v111_s0327,22,True,1.0
control,111,328,v111_s0328,22,False,0.00647735595703125
control,111,329,v111_s0329,14,False,0.0034809112548828125
control,111,330,v111_s0330,10,False,0.0
control,111,331,v111_s0331,4,False,0.0
control,111,334,v111_s0334,1,False,0.0
control,111,335,v111_s0335,12,False,0.0
control,111,336,v111_s0336,12,False,0.0
control,111,337,v111_s0337,14,False,0.0
control,111,338,v111_s0338,18,False,0.0
control,111,339,v111_s0339,21,False,0.0
control,111,340,v111_s0340,29,True,1.0
control,111,341,v111_s0341,28,True,1.0
control,111,342,v111_s0342,29,True,1.0
control,111,343,v111_s0343,29,True,1.0
control,111,344,v111_s0344,33,True,1.0
control,111,345,v111_s0345,34,True,1.0
control,111,346,v111_s0346,34,True,1.0
control,111,347,v111_s0347,36,True,1.0
control,111,348,v111_s0348,29,True,1.0
control,111,349,v111_s0349,29,True,1.0
control,111,350,v111_s0350,48,True,1.0
control,111,351,v111_s0351,53,True,1.0
control,111,352,v111_s0352,36,True,1.0
control,111,353,v111_s0353,34,True,1.0
control,111,354,v111_s0354,19,True,1.0
control,111,355,v111_s0355,13,True,1.0
control,111,356,v111_s0356,6,True,1.0
control,111,357,v111_s0357,1,False,0.0
control,111,358,v111_s0358,1,False,0.0
control,111,359,v111_s0359,2,False,0.0
control,111,360,v111_s0360,2,False,0.0
control,111,361,v111_s0361,5,False,0.0008974075317382812
control,111,362,v111_s0362,7,True,1.0
control,111,363,v111_s0363,10,False,2.0265579223632812e-06
control,111,364,v111_s0364,14,False,0.31005859375
control,111,365,v111_s0365,19,False,0.0
control,111,366,v111_s0366,21,False,0.0
control,111,367,v111_s0367,17,False,0.0
control,111,368,v111_s0368,19,False,0.0
control,111,369,v111_s0369,18,False,0.0
control,111,370,v111_s0370,16,False,0.0
control,111,371,v111_s0371,16,False,0.0
control,111,372,v111_s0372,17,False,0.0
control,111,373,v111_s0373,19,False,0.0
control,111,374,v111_s0374,17,False,0.0
control,111,375,v111_s0375,14,False,0.0
control,111,376,v111_s0376,13,True,1.0
control,111,377,v111_s0377,9,False,0.0
control,111,378,v111_s0378,8,False,0.0
control,111,379,v111_s0379,5,False,0.0
control,111,380,v111_s0380,3,False,0.0
control,111,381,v111_s0381,2,False,0.0
control,111,388,v111_s0388,11,False,0.0
control,111,389,v111_s0389,11,False,0.0
control,111,390,v111_s0390,13,False,0.0
control,111,391,v111_s0391,14,False,0.0
control,111,392,v111_s0392,14,False,0.0
control,111,393,v111_s0393,18,True,1.0
control,111,394,v111_s0394,18,True,1.0
control,111,395,v111_s0395,19,True,1.0
control,111,396,v111_s0396,17,True,1.0
control,111,397,v111_s0397,26,True,1.0
control,111,398,v111_s0398,30,True,1.0
control,111,399,v111_s0399,19,True,1.0
control,111,400,v111_s0400,12,True,1.0
control,111,401,v111_s0401,10,True,1.0
control,111,411,v111_s0411,13,False,2.6226043701171875e-06
control,111,412,v111_s0412,16,True,1.0
control,111,413,v111_s0413,23,True,1.0
control,111,414,v111_s0414,29,True,1.0
control,111,415,v111_s0415,37,True,1.0
control,111,416,v111_s0416,51,True,1.0
control,111,417,v111_s0417,51,True,1.0
control,111,418,v111_s0418,44,True,1.0
control,111,419,v111_s0419,42,True,1.0
control,111,420,v111_s0420,37,True,1.0
control,111,421,v111_s0421,36,True,1.0
control,111,422,v111_s0422,32,True,1.0
control,111,423,v111_s0423,35,True,1.0
control,111,424,v111_s0424,15,True,1.0
control,111,425,v111_s0425,11,False,0.0
control,111,426,v111_s0426,7,False,0.0
recall_loss,111,318,v111_s0318,3,False,0.0
recall_loss,111,319,v111_s0319,12,False,0.0
recall_loss,111,320,v111_s0320,19,False,0.0
recall_loss,111,321,v111_s0321,20,False,0.0
recall_loss,111,322,v111_s0322,22,False,0.0
recall_loss,111,323,v111_s0323,26,False,0.0004379749298095703
recall_loss,111,324,v111_s0324,29,True,1.0
recall_loss,111,325,v111_s0325,23,True,1.0
recall_loss,111,326,v111_s0326,21,True,1.0
recall_loss,111,327,v111_s0327,22,True,1.0
recall_loss,111,328,v111_s0328,22,False,0.223876953125
recall_loss,111,329,v111_s0329,14,False,0.0
recall_loss,111,330,v111_s0330,10,False,0.0
recall_loss,111,331,v111_s0331,4,False,0.0
recall_loss,111,334,v111_s0334,1,False,0.0
recall_loss,111,335,v111_s0335,12,False,0.0
recall_loss,111,336,v111_s0336,12,False,0.0
recall_loss,111,337,v111_s0337,14,False,0.0
recall_loss,111,338,v111_s0338,18,False,0.0
recall_loss,111,339,v111_s0339,21,True,0.873046875
recall_loss,111,340,v111_s0340,29,True,1.0
recall_loss,111,341,v111_s0341,28,True,1.0
recall_loss,111,342,v111_s0342,29,True,1.0
recall_loss,111,343,v111_s0343,29,True,1.0
recall_loss,111,344,v111_s0344,33,True,1.0
recall_loss,111,345,v111_s0345,34,True,1.0
recall_loss,111,346,v111_s0346,34,True,1.0
recall_loss,111,347,v111_s0347,36,True,1.0
recall_loss,111,348,v111_s0348,29,True,1.0
recall_loss,111,349,v111_s0349,29,True,1.0
recall_loss,111,350,v111_s0350,48,True,1.0
recall_loss,111,351,v111_s0351,53,True,1.0
recall_loss,111,352,v111_s0352,36,True,1.0
recall_loss,111,353,v111_s0353,34,True,1.0
recall_loss,111,354,v111_s0354,19,True,1.0
recall_loss,111,355,v111_s0355,13,True,0.99951171875
recall_loss,111,356,v111_s0356,6,False,1.2040138244628906e-05
recall_loss,111,357,v111_s0357,1,False,0.0
recall_loss,111,358,v111_s0358,1,False,0.0
recall_loss,111,359,v111_s0359,2,False,0.0
recall_loss,111,360,v111_s0360,2,False,0.0
recall_loss,111,361,v111_s0361,5,False,3.7550926208496094e-06
recall_loss,111,362,v111_s0362,7,True,0.6953125
recall_loss,111,363,v111_s0363,10,True,0.99853515625
recall_loss,111,364,v111_s0364,14,True,1.0
recall_loss,111,365,v111_s0365,19,True,0.9990234375
recall_loss,111,366,v111_s0366,21,False,0.0
recall_loss,111,367,v111_s0367,17,False,0.0
recall_loss,111,368,v111_s0368,19,False,0.0
recall_loss,111,369,v111_s0369,18,False,1.9073486328125e-06
recall_loss,111,370,v111_s0370,16,True,0.99951171875
recall_loss,111,371,v111_s0371,16,False,0.0008764266967773438
recall_loss,111,372,v111_s0372,17,False,0.0
recall_loss,111,373,v111_s0373,19,False,0.0
recall_loss,111,374,v111_s0374,17,False,0.0
recall_loss,111,375,v111_s0375,14,True,1.0
recall_loss,111,376,v111_s0376,13,True,1.0
recall_loss,111,377,v111_s0377,9,False,1.7881393432617188e-07
recall_loss,111,378,v111_s0378,8,False,0.0
recall_loss,111,379,v111_s0379,5,False,0.0
recall_loss,111,380,v111_s0380,3,False,0.0
recall_loss,111,381,v111_s0381,2,False,0.0
recall_loss,111,388,v111_s0388,11,False,0.0
recall_loss,111,389,v111_s0389,11,False,0.0
recall_loss,111,390,v111_s0390,13,False,0.0
recall_loss,111,391,v111_s0391,14,False,0.0
recall_loss,111,392,v111_s0392,14,False,5.0067901611328125e-06
recall_loss,111,393,v111_s0393,18,True,1.0
recall_loss,111,394,v111_s0394,18,True,1.0
recall_loss,111,395,v111_s0395,19,True,1.0
recall_loss,111,396,v111_s0396,17,True,1.0
recall_loss,111,397,v111_s0397,26,True,1.0
recall_loss,111,398,v111_s0398,30,True,1.0
recall_loss,111,399,v111_s0399,19,True,1.0
recall_loss,111,400,v111_s0400,12,True,1.0
recall_loss,111,401,v111_s0401,10,True,1.0
recall_loss,111,411,v111_s0411,13,True,0.98388671875
recall_loss,111,412,v111_s0412,16,True,1.0
recall_loss,111,413,v111_s0413,23,True,1.0
recall_loss,111,414,v111_s0414,29,True,1.0
recall_loss,111,415,v111_s0415,37,True,1.0
recall_loss,111,416,v111_s0416,51,True,1.0
recall_loss,111,417,v111_s0417,51,True,1.0
recall_loss,111,418,v111_s0418,44,True,1.0
recall_loss,111,419,v111_s0419,42,True,1.0
recall_loss,111,420,v111_s0420,37,True,1.0
recall_loss,111,421,v111_s0421,36,True,1.0
recall_loss,111,422,v111_s0422,32,True,1.0
recall_loss,111,423,v111_s0423,35,True,1.0
recall_loss,111,424,v111_s0424,15,True,1.0
recall_loss,111,425,v111_s0425,11,True,1.0
recall_loss,111,426,v111_s0426,7,True,0.99755859375
maximum,111,318,v111_s0318,3,False,0.0
maximum,111,319,v111_s0319,12,False,0.0
maximum,111,320,v111_s0320,19,False,0.0
maximum,111,321,v111_s0321,20,False,0.0
maximum,111,322,v111_s0322,22,False,0.0
maximum,111,323,v111_s0323,26,False,0.0004379749298095703
maximum,111,324,v111_s0324,29,True,1.0
maximum,111,325,v111_s0325,23,True,1.0
maximum,111,326,v111_s0326,21,True,1.0
maximum,111,327,v111_s0327,22,True,1.0
maximum,111,328,v111_s0328,22,False,0.223876953125
maximum,111,329,v111_s0329,14,False,0.0034809112548828125
maximum,111,330,v111_s0330,10,False,0.0
maximum,111,331,v111_s0331,4,False,0.0
maximum,111,334,v111_s0334,1,False,0.0
maximum,111,335,v111_s0335,12,False,0.0
maximum,111,336,v111_s0336,12,False,0.0
maximum,111,337,v111_s0337,14,False,0.0
maximum,111,338,v111_s0338,18,False,0.0
maximum,111,339,v111_s0339,21,True,0.873046875
maximum,111,340,v111_s0340,29,True,1.0
maximum,111,341,v111_s0341,28,True,1.0
maximum,111,342,v111_s0342,29,True,1.0
maximum,111,343,v111_s0343,29,True,1.0
maximum,111,344,v111_s0344,33,True,1.0
maximum,111,345,v111_s0345,34,True,1.0
maximum,111,346,v111_s0346,34,True,1.0
maximum,111,347,v111_s0347,36,True,1.0
maximum,111,348,v111_s0348,29,True,1.0
maximum,111,349,v111_s0349,29,True,1.0
maximum,111,350,v111_s0350,48,True,1.0
maximum,111,351,v111_s0351,53,True,1.0
maximum,111,352,v111_s0352,36,True,1.0
maximum,111,353,v111_s0353,34,True,1.0
maximum,111,354,v111_s0354,19,True,1.0
maximum,111,355,v111_s0355,13,True,1.0
maximum,111,356,v111_s0356,6,True,1.0
maximum,111,357,v111_s0357,1,False,0.0
maximum,111,358,v111_s0358,1,False,0.0
maximum,111,359,v111_s0359,2,False,0.0
maximum,111,360,v111_s0360,2,False,0.0
maximum,111,361,v111_s0361,5,False,0.0008974075317382812
maximum,111,362,v111_s0362,7,True,1.0
maximum,111,363,v111_s0363,10,True,0.99853515625
maximum,111,364,v111_s0364,14,True,1.0
maximum,111,365,v111_s0365,19,True,0.9990234375
maximum,111,366,v111_s0366,21,False,0.0
maximum,111,367,v111_s0367,17,False,0.0
maximum,111,368,v111_s0368,19,False,0.0
maximum,111,369,v111_s0369,18,False,1.9073486328125e-06
maximum,111,370,v111_s0370,16,True,0.99951171875
maximum,111,371,v111_s0371,16,False,0.0008764266967773438
maximum,111,372,v111_s0372,17,False,0.0
maximum,111,373,v111_s0373,19,False,0.0
maximum,111,374,v111_s0374,17,False,0.0
maximum,111,375,v111_s0375,14,True,1.0
maximum,111,376,v111_s0376,13,True,1.0
maximum,111,377,v111_s0377,9,False,1.7881393432617188e-07
maximum,111,378,v111_s0378,8,False,0.0
maximum,111,379,v111_s0379,5,False,0.0
maximum,111,380,v111_s0380,3,False,0.0
maximum,111,381,v111_s0381,2,False,0.0
maximum,111,388,v111_s0388,11,False,0.0
maximum,111,389,v111_s0389,11,False,0.0
maximum,111,390,v111_s0390,13,False,0.0
maximum,111,391,v111_s0391,14,False,0.0
maximum,111,392,v111_s0392,14,False,5.0067901611328125e-06
maximum,111,393,v111_s0393,18,True,1.0
maximum,111,394,v111_s0394,18,True,1.0
maximum,111,395,v111_s0395,19,True,1.0
maximum,111,396,v111_s0396,17,True,1.0
maximum,111,397,v111_s0397,26,True,1.0
maximum,111,398,v111_s0398,30,True,1.0
maximum,111,399,v111_s0399,19,True,1.0
maximum,111,400,v111_s0400,12,True,1.0
maximum,111,401,v111_s0401,10,True,1.0
maximum,111,411,v111_s0411,13,True,0.98388671875
maximum,111,412,v111_s0412,16,True,1.0
maximum,111,413,v111_s0413,23,True,1.0
maximum,111,414,v111_s0414,29,True,1.0
maximum,111,415,v111_s0415,37,True,1.0
maximum,111,416,v111_s0416,51,True,1.0
maximum,111,417,v111_s0417,51,True,1.0
maximum,111,418,v111_s0418,44,True,1.0
maximum,111,419,v111_s0419,42,True,1.0
maximum,111,420,v111_s0420,37,True,1.0
maximum,111,421,v111_s0421,36,True,1.0
maximum,111,422,v111_s0422,32,True,1.0
maximum,111,423,v111_s0423,35,True,1.0
maximum,111,424,v111_s0424,15,True,1.0
maximum,111,425,v111_s0425,11,True,1.0
maximum,111,426,v111_s0426,7,True,0.99755859375
control75_recall25,111,318,v111_s0318,3,False,0.0
control75_recall25,111,319,v111_s0319,12,False,0.0
control75_recall25,111,320,v111_s0320,19,False,0.0
control75_recall25,111,321,v111_s0321,20,False,0.0
control75_recall25,111,322,v111_s0322,22,False,0.0
control75_recall25,111,323,v111_s0323,26,False,0.00010949373245239258
control75_recall25,111,324,v111_s0324,29,True,1.0
control75_recall25,111,325,v111_s0325,23,True,1.0
control75_recall25,111,326,v111_s0326,21,True,1.0
control75_recall25,111,327,v111_s0327,22,True,1.0
control75_recall25,111,328,v111_s0328,22,False,0.055969417095184326
control75_recall25,111,329,v111_s0329,14,False,0.0026106834411621094
control75_recall25,111,330,v111_s0330,10,False,0.0
control75_recall25,111,331,v111_s0331,4,False,0.0
control75_recall25,111,334,v111_s0334,1,False,0.0
control75_recall25,111,335,v111_s0335,12,False,0.0
control75_recall25,111,336,v111_s0336,12,False,0.0
control75_recall25,111,337,v111_s0337,14,False,0.0
control75_recall25,111,338,v111_s0338,18,False,0.0
control75_recall25,111,339,v111_s0339,21,False,0.21826171875
control75_recall25,111,340,v111_s0340,29,True,1.0
control75_recall25,111,341,v111_s0341,28,True,1.0
control75_recall25,111,342,v111_s0342,29,True,1.0
control75_recall25,111,343,v111_s0343,29,True,1.0
control75_recall25,111,344,v111_s0344,33,True,1.0
control75_recall25,111,345,v111_s0345,34,True,1.0
control75_recall25,111,346,v111_s0346,34,True,1.0
control75_recall25,111,347,v111_s0347,36,True,1.0
control75_recall25,111,348,v111_s0348,29,True,1.0
control75_recall25,111,349,v111_s0349,29,True,1.0
control75_recall25,111,350,v111_s0350,48,True,1.0
control75_recall25,111,351,v111_s0351,53,True,1.0
control75_recall25,111,352,v111_s0352,36,True,1.0
control75_recall25,111,353,v111_s0353,34,True,1.0
control75_recall25,111,354,v111_s0354,19,True,1.0
control75_recall25,111,355,v111_s0355,13,True,0.9998779296875
control75_recall25,111,356,v111_s0356,6,True,0.7500015497207642
control75_recall25,111,357,v111_s0357,1,False,0.0
control75_recall25,111,358,v111_s0358,1,False,0.0
control75_recall25,111,359,v111_s0359,2,False,0.0
control75_recall25,111,360,v111_s0360,2,False,0.0
control75_recall25,111,361,v111_s0361,5,False,0.0006739944219589233
control75_recall25,111,362,v111_s0362,7,True,0.923828125
control75_recall25,111,363,v111_s0363,10,False,0.24963490664958954
control75_recall25,111,364,v111_s0364,14,False,0.4644775390625
control75_recall25,111,365,v111_s0365,19,False,0.249755859375
control75_recall25,111,366,v111_s0366,21,False,0.0
control75_recall25,111,367,v111_s0367,17,False,0.0
control75_recall25,111,368,v111_s0368,19,False,0.0
control75_recall25,111,369,v111_s0369,18,False,4.76837158203125e-07
control75_recall25,111,370,v111_s0370,16,False,0.2498779296875
control75_recall25,111,371,v111_s0371,16,False,0.00021910667419433594
control75_recall25,111,372,v111_s0372,17,False,0.0
control75_recall25,111,373,v111_s0373,19,False,0.0
control75_recall25,111,374,v111_s0374,17,False,0.0
control75_recall25,111,375,v111_s0375,14,False,0.25
control75_recall25,111,376,v111_s0376,13,True,1.0
control75_recall25,111,377,v111_s0377,9,False,4.470348358154297e-08
control75_recall25,111,378,v111_s0378,8,False,0.0
control75_recall25,111,379,v111_s0379,5,False,0.0
control75_recall25,111,380,v111_s0380,3,False,0.0
control75_recall25,111,381,v111_s0381,2,False,0.0
control75_recall25,111,388,v111_s0388,11,False,0.0
control75_recall25,111,389,v111_s0389,11,False,0.0
control75_recall25,111,390,v111_s0390,13,False,0.0
control75_recall25,111,391,v111_s0391,14,False,0.0
control75_recall25,111,392,v111_s0392,14,False,1.2516975402832031e-06
control75_recall25,111,393,v111_s0393,18,True,1.0
control75_recall25,111,394,v111_s0394,18,True,1.0
control75_recall25,111,395,v111_s0395,19,True,1.0
control75_recall25,111,396,v111_s0396,17,True,1.0
control75_recall25,111,397,v111_s0397,26,True,1.0
control75_recall25,111,398,v111_s0398,30,True,1.0
control75_recall25,111,399,v111_s0399,19,True,1.0
control75_recall25,111,400,v111_s0400,12,True,1.0
control75_recall25,111,401,v111_s0401,10,True,1.0
control75_recall25,111,411,v111_s0411,13,False,0.24597284197807312
control75_recall25,111,412,v111_s0412,16,True,1.0
control75_recall25,111,413,v111_s0413,23,True,1.0
control75_recall25,111,414,v111_s0414,29,True,1.0
control75_recall25,111,415,v111_s0415,37,True,1.0
control75_recall25,111,416,v111_s0416,51,True,1.0
control75_recall25,111,417,v111_s0417,51,True,1.0
control75_recall25,111,418,v111_s0418,44,True,1.0
control75_recall25,111,419,v111_s0419,42,True,1.0
control75_recall25,111,420,v111_s0420,37,True,1.0
control75_recall25,111,421,v111_s0421,36,True,1.0
control75_recall25,111,422,v111_s0422,32,True,1.0
control75_recall25,111,423,v111_s0423,35,True,1.0
control75_recall25,111,424,v111_s0424,15,True,1.0
control75_recall25,111,425,v111_s0425,11,False,0.25
control75_recall25,111,426,v111_s0426,7,False,0.2493896484375
control,112,365,v112_s0365,9,False,0.0
control,112,366,v112_s0366,15,True,1.0
control,112,367,v112_s0367,16,True,1.0
control,112,368,v112_s0368,19,True,1.0
control,112,369,v112_s0369,21,True,1.0
control,112,370,v112_s0370,13,True,1.0
control,112,371,v112_s0371,12,True,1.0
control,112,372,v112_s0372,1,False,0.0
control,112,400,v112_s0400,7,False,0.0
control,112,401,v112_s0401,7,False,0.0
control,112,402,v112_s0402,5,False,0.0
control,112,403,v112_s0403,8,False,0.0
control,112,416,v112_s0416,9,False,0.0
control,112,417,v112_s0417,14,False,0.0
control,112,418,v112_s0418,21,False,0.0
control,112,419,v112_s0419,17,True,1.0
control,112,420,v112_s0420,21,True,1.0
control,112,421,v112_s0421,14,True,1.0
control,112,422,v112_s0422,12,True,1.0
control,112,450,v112_s0450,3,False,0.0
control,112,451,v112_s0451,8,False,0.0
control,112,452,v112_s0452,9,False,0.0
control,112,453,v112_s0453,11,False,0.0
control,112,454,v112_s0454,14,False,0.0
control,112,455,v112_s0455,6,False,0.0
control,112,456,v112_s0456,3,False,0.0
recall_loss,112,365,v112_s0365,9,False,0.0
recall_loss,112,366,v112_s0366,15,True,1.0
recall_loss,112,367,v112_s0367,16,True,1.0
recall_loss,112,368,v112_s0368,19,True,1.0
recall_loss,112,369,v112_s0369,21,True,1.0
recall_loss,112,370,v112_s0370,13,True,1.0
recall_loss,112,371,v112_s0371,12,True,1.0
recall_loss,112,372,v112_s0372,1,False,0.043426513671875
recall_loss,112,400,v112_s0400,7,False,0.0
recall_loss,112,401,v112_s0401,7,False,0.0
recall_loss,112,402,v112_s0402,5,False,0.0
recall_loss,112,403,v112_s0403,8,False,0.0
recall_loss,112,416,v112_s0416,9,False,0.0
recall_loss,112,417,v112_s0417,14,False,7.677078247070312e-05
recall_loss,112,418,v112_s0418,21,True,1.0
recall_loss,112,419,v112_s0419,17,True,1.0
recall_loss,112,420,v112_s0420,21,True,1.0
recall_loss,112,421,v112_s0421,14,True,1.0
recall_loss,112,422,v112_s0422,12,True,1.0
recall_loss,112,450,v112_s0450,3,False,0.0
recall_loss,112,451,v112_s0451,8,False,1.7881393432617188e-07
recall_loss,112,452,v112_s0452,9,False,0.0
recall_loss,112,453,v112_s0453,11,False,0.0
recall_loss,112,454,v112_s0454,14,False,0.0
recall_loss,112,455,v112_s0455,6,False,0.0
recall_loss,112,456,v112_s0456,3,False,0.0
maximum,112,365,v112_s0365,9,False,0.0
maximum,112,366,v112_s0366,15,True,1.0
maximum,112,367,v112_s0367,16,True,1.0
maximum,112,368,v112_s0368,19,True,1.0
maximum,112,369,v112_s0369,21,True,1.0
maximum,112,370,v112_s0370,13,True,1.0
maximum,112,371,v112_s0371,12,True,1.0
maximum,112,372,v112_s0372,1,False,0.043426513671875
maximum,112,400,v112_s0400,7,False,0.0
maximum,112,401,v112_s0401,7,False,0.0
maximum,112,402,v112_s0402,5,False,0.0
maximum,112,403,v112_s0403,8,False,0.0
maximum,112,416,v112_s0416,9,False,0.0
maximum,112,417,v112_s0417,14,False,7.677078247070312e-05
maximum,112,418,v112_s0418,21,True,1.0
maximum,112,419,v112_s0419,17,True,1.0
maximum,112,420,v112_s0420,21,True,1.0
maximum,112,421,v112_s0421,14,True,1.0
maximum,112,422,v112_s0422,12,True,1.0
maximum,112,450,v112_s0450,3,False,0.0
maximum,112,451,v112_s0451,8,False,1.7881393432617188e-07
maximum,112,452,v112_s0452,9,False,0.0
maximum,112,453,v112_s0453,11,False,0.0
maximum,112,454,v112_s0454,14,False,0.0
maximum,112,455,v112_s0455,6,False,0.0
maximum,112,456,v112_s0456,3,False,0.0
control75_recall25,112,365,v112_s0365,9,False,0.0
control75_recall25,112,366,v112_s0366,15,True,1.0
control75_recall25,112,367,v112_s0367,16,True,1.0
control75_recall25,112,368,v112_s0368,19,True,1.0
control75_recall25,112,369,v112_s0369,21,True,1.0
control75_recall25,112,370,v112_s0370,13,True,1.0
control75_recall25,112,371,v112_s0371,12,True,1.0
control75_recall25,112,372,v112_s0372,1,False,0.01085662841796875
control75_recall25,112,400,v112_s0400,7,False,0.0
control75_recall25,112,401,v112_s0401,7,False,0.0
control75_recall25,112,402,v112_s0402,5,False,0.0
control75_recall25,112,403,v112_s0403,8,False,0.0
control75_recall25,112,416,v112_s0416,9,False,0.0
control75_recall25,112,417,v112_s0417,14,False,1.919269561767578e-05
control75_recall25,112,418,v112_s0418,21,False,0.25
control75_recall25,112,419,v112_s0419,17,True,1.0
control75_recall25,112,420,v112_s0420,21,True,1.0
control75_recall25,112,421,v112_s0421,14,True,1.0
control75_recall25,112,422,v112_s0422,12,True,1.0
control75_recall25,112,450,v112_s0450,3,False,0.0
control75_recall25,112,451,v112_s0451,8,False,4.470348358154297e-08
control75_recall25,112,452,v112_s0452,9,False,0.0
control75_recall25,112,453,v112_s0453,11,False,0.0
control75_recall25,112,454,v112_s0454,14,False,0.0
control75_recall25,112,455,v112_s0455,6,False,0.0
control75_recall25,112,456,v112_s0456,3,False,0.0
control,113,415,v113_s0415,1,False,0.0
control,113,416,v113_s0416,1,False,0.0
control,113,419,v113_s0419,4,False,0.0
control,113,420,v113_s0420,54,False,0.0
control,113,421,v113_s0421,55,True,1.0
control,113,422,v113_s0422,70,True,1.0
control,113,423,v113_s0423,91,True,1.0
control,113,424,v113_s0424,110,True,1.0
control,113,425,v113_s0425,151,True,1.0
control,113,426,v113_s0426,164,True,1.0
control,113,427,v113_s0427,199,True,1.0
control,113,428,v113_s0428,186,True,1.0
control,113,429,v113_s0429,203,True,1.0
control,113,430,v113_s0430,198,True,1.0
control,113,431,v113_s0431,213,True,1.0
control,113,432,v113_s0432,216,True,1.0
control,113,433,v113_s0433,243,True,1.0
control,113,434,v113_s0434,239,True,1.0
control,113,435,v113_s0435,257,True,1.0
control,113,436,v113_s0436,277,True,1.0
control,113,437,v113_s0437,299,True,1.0
control,113,438,v113_s0438,293,True,1.0
control,113,439,v113_s0439,292,True,1.0
control,113,440,v113_s0440,297,True,1.0
control,113,441,v113_s0441,271,True,1.0
control,113,442,v113_s0442,260,True,1.0
control,113,443,v113_s0443,260,True,1.0
control,113,444,v113_s0444,213,True,1.0
control,113,445,v113_s0445,212,True,1.0
control,113,446,v113_s0446,204,True,1.0
control,113,447,v113_s0447,163,True,1.0
control,113,448,v113_s0448,139,True,1.0
control,113,449,v113_s0449,121,True,1.0
control,113,450,v113_s0450,111,True,1.0
control,113,451,v113_s0451,99,True,1.0
control,113,452,v113_s0452,96,True,1.0
control,113,453,v113_s0453,99,True,1.0
control,113,454,v113_s0454,112,True,0.984375
control,113,455,v113_s0455,85,False,0.0
control,113,456,v113_s0456,90,False,0.0
control,113,457,v113_s0457,104,False,0.0
control,113,458,v113_s0458,110,False,1.2040138244628906e-05
control,113,459,v113_s0459,124,False,0.0004074573516845703
control,113,460,v113_s0460,122,False,0.0
control,113,461,v113_s0461,124,False,0.0
control,113,462,v113_s0462,124,False,5.960464477539063e-08
control,113,463,v113_s0463,127,True,1.0
control,113,464,v113_s0464,137,True,1.0
control,113,465,v113_s0465,150,True,0.98876953125
control,113,466,v113_s0466,168,True,0.99951171875
control,113,467,v113_s0467,185,True,0.87744140625
control,113,468,v113_s0468,204,False,1.6093254089355469e-06
control,113,469,v113_s0469,206,True,1.0
control,113,470,v113_s0470,152,True,1.0
control,113,471,v113_s0471,178,True,1.0
control,113,472,v113_s0472,214,True,1.0
control,113,473,v113_s0473,271,True,1.0
control,113,474,v113_s0474,211,True,1.0
control,113,475,v113_s0475,196,True,1.0
control,113,476,v113_s0476,180,True,0.99951171875
control,113,477,v113_s0477,164,False,0.0
control,113,478,v113_s0478,156,False,0.0
control,113,479,v113_s0479,134,True,1.0
control,113,480,v113_s0480,114,True,1.0
control,113,481,v113_s0481,83,True,1.0
control,113,482,v113_s0482,60,True,1.0
control,113,483,v113_s0483,48,True,0.99951171875
control,113,484,v113_s0484,25,False,0.0
control,113,485,v113_s0485,24,True,1.0
control,113,486,v113_s0486,25,True,0.96484375
control,113,487,v113_s0487,20,False,0.00010889768600463867
control,113,488,v113_s0488,20,True,1.0
control,113,489,v113_s0489,18,True,1.0
control,113,490,v113_s0490,15,True,1.0
control,113,491,v113_s0491,13,True,1.0
control,113,492,v113_s0492,13,True,1.0
control,113,500,v113_s0500,2,False,0.0
control,113,501,v113_s0501,45,False,0.0
control,113,502,v113_s0502,50,False,0.0
control,113,503,v113_s0503,64,True,1.0
control,113,504,v113_s0504,80,True,1.0
control,113,505,v113_s0505,90,True,1.0
control,113,506,v113_s0506,135,True,1.0
control,113,507,v113_s0507,211,True,1.0
control,113,508,v113_s0508,234,True,1.0
control,113,509,v113_s0509,266,True,1.0
control,113,510,v113_s0510,317,True,1.0
control,113,511,v113_s0511,308,True,1.0
control,113,512,v113_s0512,318,True,1.0
control,113,513,v113_s0513,332,True,1.0
control,113,514,v113_s0514,330,True,1.0
control,113,515,v113_s0515,343,True,1.0
control,113,516,v113_s0516,359,True,1.0
control,113,517,v113_s0517,343,True,1.0
control,113,518,v113_s0518,333,True,1.0
control,113,519,v113_s0519,328,True,1.0
control,113,520,v113_s0520,335,True,1.0
control,113,521,v113_s0521,331,True,1.0
control,113,522,v113_s0522,290,True,1.0
control,113,523,v113_s0523,262,True,1.0
control,113,524,v113_s0524,243,True,1.0
control,113,525,v113_s0525,226,True,1.0
control,113,526,v113_s0526,216,True,1.0
control,113,527,v113_s0527,178,True,1.0
control,113,528,v113_s0528,159,True,1.0
control,113,529,v113_s0529,144,True,1.0
control,113,530,v113_s0530,134,True,1.0
control,113,531,v113_s0531,161,True,1.0
control,113,532,v113_s0532,180,True,1.0
control,113,533,v113_s0533,183,True,1.0
control,113,534,v113_s0534,207,True,1.0
control,113,535,v113_s0535,238,True,1.0
control,113,536,v113_s0536,238,True,1.0
control,113,537,v113_s0537,220,True,1.0
control,113,538,v113_s0538,199,True,1.0
control,113,539,v113_s0539,204,True,1.0
control,113,540,v113_s0540,202,True,1.0
control,113,541,v113_s0541,189,True,1.0
control,113,542,v113_s0542,174,True,1.0
control,113,543,v113_s0543,190,True,1.0
control,113,544,v113_s0544,133,True,1.0
control,113,545,v113_s0545,105,True,1.0
control,113,546,v113_s0546,86,True,1.0
control,113,547,v113_s0547,72,True,1.0
control,113,548,v113_s0548,59,False,0.0
control,113,558,v113_s0558,21,True,1.0
control,113,559,v113_s0559,21,True,1.0
control,113,560,v113_s0560,18,True,1.0
control,113,561,v113_s0561,19,True,1.0
control,113,562,v113_s0562,17,False,0.0
control,113,563,v113_s0563,15,False,0.0
control,113,564,v113_s0564,17,False,0.0
control,113,565,v113_s0565,14,False,0.0
control,113,566,v113_s0566,12,False,0.0
control,113,567,v113_s0567,9,False,0.0
recall_loss,113,415,v113_s0415,1,False,0.0
recall_loss,113,416,v113_s0416,1,False,0.0
recall_loss,113,419,v113_s0419,4,False,0.0
recall_loss,113,420,v113_s0420,54,False,3.5762786865234375e-07
recall_loss,113,421,v113_s0421,55,True,0.99169921875
recall_loss,113,422,v113_s0422,70,True,1.0
recall_loss,113,423,v113_s0423,91,True,1.0
recall_loss,113,424,v113_s0424,110,True,1.0
recall_loss,113,425,v113_s0425,151,True,1.0
recall_loss,113,426,v113_s0426,164,True,1.0
recall_loss,113,427,v113_s0427,199,True,1.0
recall_loss,113,428,v113_s0428,186,True,1.0
recall_loss,113,429,v113_s0429,203,True,1.0
recall_loss,113,430,v113_s0430,198,True,1.0
recall_loss,113,431,v113_s0431,213,True,1.0
recall_loss,113,432,v113_s0432,216,True,1.0
recall_loss,113,433,v113_s0433,243,True,1.0
recall_loss,113,434,v113_s0434,239,True,1.0
recall_loss,113,435,v113_s0435,257,True,1.0
recall_loss,113,436,v113_s0436,277,True,1.0
recall_loss,113,437,v113_s0437,299,True,1.0
recall_loss,113,438,v113_s0438,293,True,1.0
recall_loss,113,439,v113_s0439,292,True,1.0
recall_loss,113,440,v113_s0440,297,True,1.0
recall_loss,113,441,v113_s0441,271,True,1.0
recall_loss,113,442,v113_s0442,260,True,1.0
recall_loss,113,443,v113_s0443,260,True,1.0
recall_loss,113,444,v113_s0444,213,True,1.0
recall_loss,113,445,v113_s0445,212,True,1.0
recall_loss,113,446,v113_s0446,204,True,1.0
recall_loss,113,447,v113_s0447,163,True,1.0
recall_loss,113,448,v113_s0448,139,True,1.0
recall_loss,113,449,v113_s0449,121,True,1.0
recall_loss,113,450,v113_s0450,111,True,1.0
recall_loss,113,451,v113_s0451,99,True,1.0
recall_loss,113,452,v113_s0452,96,True,1.0
recall_loss,113,453,v113_s0453,99,True,1.0
recall_loss,113,454,v113_s0454,112,True,1.0
recall_loss,113,455,v113_s0455,85,True,1.0
recall_loss,113,456,v113_s0456,90,True,0.99072265625
recall_loss,113,457,v113_s0457,104,False,0.0006842613220214844
recall_loss,113,458,v113_s0458,110,False,0.0005345344543457031
recall_loss,113,459,v113_s0459,124,False,0.256103515625
recall_loss,113,460,v113_s0460,122,False,2.6226043701171875e-06
recall_loss,113,461,v113_s0461,124,True,0.7109375
recall_loss,113,462,v113_s0462,124,True,0.9990234375
recall_loss,113,463,v113_s0463,127,True,1.0
recall_loss,113,464,v113_s0464,137,True,1.0
recall_loss,113,465,v113_s0465,150,True,1.0
recall_loss,113,466,v113_s0466,168,True,1.0
recall_loss,113,467,v113_s0467,185,True,1.0
recall_loss,113,468,v113_s0468,204,True,1.0
recall_loss,113,469,v113_s0469,206,True,1.0
recall_loss,113,470,v113_s0470,152,True,1.0
recall_loss,113,471,v113_s0471,178,True,1.0
recall_loss,113,472,v113_s0472,214,True,1.0
recall_loss,113,473,v113_s0473,271,True,1.0
recall_loss,113,474,v113_s0474,211,True,1.0
recall_loss,113,475,v113_s0475,196,True,1.0
recall_loss,113,476,v113_s0476,180,True,1.0
recall_loss,113,477,v113_s0477,164,True,1.0
recall_loss,113,478,v113_s0478,156,True,1.0
recall_loss,113,479,v113_s0479,134,True,1.0
recall_loss,113,480,v113_s0480,114,True,1.0
recall_loss,113,481,v113_s0481,83,True,1.0
recall_loss,113,482,v113_s0482,60,True,1.0
recall_loss,113,483,v113_s0483,48,True,1.0
recall_loss,113,484,v113_s0484,25,False,0.0
recall_loss,113,485,v113_s0485,24,False,1.6093254089355469e-06
recall_loss,113,486,v113_s0486,25,False,0.004077911376953125
recall_loss,113,487,v113_s0487,20,False,5.960464477539063e-08
recall_loss,113,488,v113_s0488,20,False,0.039306640625
recall_loss,113,489,v113_s0489,18,True,0.99951171875
recall_loss,113,490,v113_s0490,15,True,1.0
recall_loss,113,491,v113_s0491,13,True,1.0
recall_loss,113,492,v113_s0492,13,True,1.0
recall_loss,113,500,v113_s0500,2,False,0.0
recall_loss,113,501,v113_s0501,45,False,5.960464477539063e-08
recall_loss,113,502,v113_s0502,50,False,0.0
recall_loss,113,503,v113_s0503,64,True,1.0
recall_loss,113,504,v113_s0504,80,True,1.0
recall_loss,113,505,v113_s0505,90,True,1.0
recall_loss,113,506,v113_s0506,135,True,1.0
recall_loss,113,507,v113_s0507,211,True,1.0
recall_loss,113,508,v113_s0508,234,True,1.0
recall_loss,113,509,v113_s0509,266,True,1.0
recall_loss,113,510,v113_s0510,317,True,1.0
recall_loss,113,511,v113_s0511,308,True,1.0
recall_loss,113,512,v113_s0512,318,True,1.0
recall_loss,113,513,v113_s0513,332,True,1.0
recall_loss,113,514,v113_s0514,330,True,1.0
recall_loss,113,515,v113_s0515,343,True,1.0
recall_loss,113,516,v113_s0516,359,True,1.0
recall_loss,113,517,v113_s0517,343,True,1.0
recall_loss,113,518,v113_s0518,333,True,1.0
recall_loss,113,519,v113_s0519,328,True,1.0
recall_loss,113,520,v113_s0520,335,True,1.0
recall_loss,113,521,v113_s0521,331,True,1.0
recall_loss,113,522,v113_s0522,290,True,1.0
recall_loss,113,523,v113_s0523,262,True,1.0
recall_loss,113,524,v113_s0524,243,True,1.0
recall_loss,113,525,v113_s0525,226,True,1.0
recall_loss,113,526,v113_s0526,216,True,1.0
recall_loss,113,527,v113_s0527,178,True,1.0
recall_loss,113,528,v113_s0528,159,True,1.0
recall_loss,113,529,v113_s0529,144,True,1.0
recall_loss,113,530,v113_s0530,134,True,1.0
recall_loss,113,531,v113_s0531,161,True,1.0
recall_loss,113,532,v113_s0532,180,True,1.0
recall_loss,113,533,v113_s0533,183,True,1.0
recall_loss,113,534,v113_s0534,207,True,1.0
recall_loss,113,535,v113_s0535,238,True,1.0
recall_loss,113,536,v113_s0536,238,True,1.0
recall_loss,113,537,v113_s0537,220,True,1.0
recall_loss,113,538,v113_s0538,199,True,1.0
recall_loss,113,539,v113_s0539,204,True,1.0
recall_loss,113,540,v113_s0540,202,True,1.0
recall_loss,113,541,v113_s0541,189,True,1.0
recall_loss,113,542,v113_s0542,174,True,1.0
recall_loss,113,543,v113_s0543,190,True,1.0
recall_loss,113,544,v113_s0544,133,True,1.0
recall_loss,113,545,v113_s0545,105,True,1.0
recall_loss,113,546,v113_s0546,86,False,0.2491455078125
recall_loss,113,547,v113_s0547,72,False,5.960464477539063e-08
recall_loss,113,548,v113_s0548,59,False,0.0
recall_loss,113,558,v113_s0558,21,True,1.0
recall_loss,113,559,v113_s0559,21,True,1.0
recall_loss,113,560,v113_s0560,18,True,1.0
recall_loss,113,561,v113_s0561,19,True,1.0
recall_loss,113,562,v113_s0562,17,True,1.0
recall_loss,113,563,v113_s0563,15,True,1.0
recall_loss,113,564,v113_s0564,17,True,1.0
recall_loss,113,565,v113_s0565,14,False,1.7881393432617188e-07
recall_loss,113,566,v113_s0566,12,False,0.0
recall_loss,113,567,v113_s0567,9,False,0.0
maximum,113,415,v113_s0415,1,False,0.0
maximum,113,416,v113_s0416,1,False,0.0
maximum,113,419,v113_s0419,4,False,0.0
maximum,113,420,v113_s0420,54,False,3.5762786865234375e-07
maximum,113,421,v113_s0421,55,True,1.0
maximum,113,422,v113_s0422,70,True,1.0
maximum,113,423,v113_s0423,91,True,1.0
maximum,113,424,v113_s0424,110,True,1.0
maximum,113,425,v113_s0425,151,True,1.0
maximum,113,426,v113_s0426,164,True,1.0
maximum,113,427,v113_s0427,199,True,1.0
maximum,113,428,v113_s0428,186,True,1.0
maximum,113,429,v113_s0429,203,True,1.0
maximum,113,430,v113_s0430,198,True,1.0
maximum,113,431,v113_s0431,213,True,1.0
maximum,113,432,v113_s0432,216,True,1.0
maximum,113,433,v113_s0433,243,True,1.0
maximum,113,434,v113_s0434,239,True,1.0
maximum,113,435,v113_s0435,257,True,1.0
maximum,113,436,v113_s0436,277,True,1.0
maximum,113,437,v113_s0437,299,True,1.0
maximum,113,438,v113_s0438,293,True,1.0
maximum,113,439,v113_s0439,292,True,1.0
maximum,113,440,v113_s0440,297,True,1.0
maximum,113,441,v113_s0441,271,True,1.0
maximum,113,442,v113_s0442,260,True,1.0
maximum,113,443,v113_s0443,260,True,1.0
maximum,113,444,v113_s0444,213,True,1.0
maximum,113,445,v113_s0445,212,True,1.0
maximum,113,446,v113_s0446,204,True,1.0
maximum,113,447,v113_s0447,163,True,1.0
maximum,113,448,v113_s0448,139,True,1.0
maximum,113,449,v113_s0449,121,True,1.0
maximum,113,450,v113_s0450,111,True,1.0
maximum,113,451,v113_s0451,99,True,1.0
maximum,113,452,v113_s0452,96,True,1.0
maximum,113,453,v113_s0453,99,True,1.0
maximum,113,454,v113_s0454,112,True,1.0
maximum,113,455,v113_s0455,85,True,1.0
maximum,113,456,v113_s0456,90,True,0.99072265625
maximum,113,457,v113_s0457,104,False,0.0006842613220214844
maximum,113,458,v113_s0458,110,False,0.0005345344543457031
maximum,113,459,v113_s0459,124,False,0.256103515625
maximum,113,460,v113_s0460,122,False,2.6226043701171875e-06
maximum,113,461,v113_s0461,124,True,0.7109375
maximum,113,462,v113_s0462,124,True,0.9990234375
maximum,113,463,v113_s0463,127,True,1.0
maximum,113,464,v113_s0464,137,True,1.0
maximum,113,465,v113_s0465,150,True,1.0
maximum,113,466,v113_s0466,168,True,1.0
maximum,113,467,v113_s0467,185,True,1.0
maximum,113,468,v113_s0468,204,True,1.0
maximum,113,469,v113_s0469,206,True,1.0
maximum,113,470,v113_s0470,152,True,1.0
maximum,113,471,v113_s0471,178,True,1.0
maximum,113,472,v113_s0472,214,True,1.0
maximum,113,473,v113_s0473,271,True,1.0
maximum,113,474,v113_s0474,211,True,1.0
maximum,113,475,v113_s0475,196,True,1.0
maximum,113,476,v113_s0476,180,True,1.0
maximum,113,477,v113_s0477,164,True,1.0
maximum,113,478,v113_s0478,156,True,1.0
maximum,113,479,v113_s0479,134,True,1.0
maximum,113,480,v113_s0480,114,True,1.0
maximum,113,481,v113_s0481,83,True,1.0
maximum,113,482,v113_s0482,60,True,1.0
maximum,113,483,v113_s0483,48,True,1.0
maximum,113,484,v113_s0484,25,False,0.0
maximum,113,485,v113_s0485,24,True,1.0
maximum,113,486,v113_s0486,25,True,0.96484375
maximum,113,487,v113_s0487,20,False,0.00010889768600463867
maximum,113,488,v113_s0488,20,True,1.0
maximum,113,489,v113_s0489,18,True,1.0
maximum,113,490,v113_s0490,15,True,1.0
maximum,113,491,v113_s0491,13,True,1.0
maximum,113,492,v113_s0492,13,True,1.0
maximum,113,500,v113_s0500,2,False,0.0
maximum,113,501,v113_s0501,45,False,5.960464477539063e-08
maximum,113,502,v113_s0502,50,False,0.0
maximum,113,503,v113_s0503,64,True,1.0
maximum,113,504,v113_s0504,80,True,1.0
maximum,113,505,v113_s0505,90,True,1.0
maximum,113,506,v113_s0506,135,True,1.0
maximum,113,507,v113_s0507,211,True,1.0
maximum,113,508,v113_s0508,234,True,1.0
maximum,113,509,v113_s0509,266,True,1.0
maximum,113,510,v113_s0510,317,True,1.0
maximum,113,511,v113_s0511,308,True,1.0
maximum,113,512,v113_s0512,318,True,1.0
maximum,113,513,v113_s0513,332,True,1.0
maximum,113,514,v113_s0514,330,True,1.0
maximum,113,515,v113_s0515,343,True,1.0
maximum,113,516,v113_s0516,359,True,1.0
maximum,113,517,v113_s0517,343,True,1.0
maximum,113,518,v113_s0518,333,True,1.0
maximum,113,519,v113_s0519,328,True,1.0
maximum,113,520,v113_s0520,335,True,1.0
maximum,113,521,v113_s0521,331,True,1.0
maximum,113,522,v113_s0522,290,True,1.0
maximum,113,523,v113_s0523,262,True,1.0
maximum,113,524,v113_s0524,243,True,1.0
maximum,113,525,v113_s0525,226,True,1.0
maximum,113,526,v113_s0526,216,True,1.0
maximum,113,527,v113_s0527,178,True,1.0
maximum,113,528,v113_s0528,159,True,1.0
maximum,113,529,v113_s0529,144,True,1.0
maximum,113,530,v113_s0530,134,True,1.0
maximum,113,531,v113_s0531,161,True,1.0
maximum,113,532,v113_s0532,180,True,1.0
maximum,113,533,v113_s0533,183,True,1.0
maximum,113,534,v113_s0534,207,True,1.0
maximum,113,535,v113_s0535,238,True,1.0
maximum,113,536,v113_s0536,238,True,1.0
maximum,113,537,v113_s0537,220,True,1.0
maximum,113,538,v113_s0538,199,True,1.0
maximum,113,539,v113_s0539,204,True,1.0
maximum,113,540,v113_s0540,202,True,1.0
maximum,113,541,v113_s0541,189,True,1.0
maximum,113,542,v113_s0542,174,True,1.0
maximum,113,543,v113_s0543,190,True,1.0
maximum,113,544,v113_s0544,133,True,1.0
maximum,113,545,v113_s0545,105,True,1.0
maximum,113,546,v113_s0546,86,True,1.0
maximum,113,547,v113_s0547,72,True,1.0
maximum,113,548,v113_s0548,59,False,0.0
maximum,113,558,v113_s0558,21,True,1.0
maximum,113,559,v113_s0559,21,True,1.0
maximum,113,560,v113_s0560,18,True,1.0
maximum,113,561,v113_s0561,19,True,1.0
maximum,113,562,v113_s0562,17,True,1.0
maximum,113,563,v113_s0563,15,True,1.0
maximum,113,564,v113_s0564,17,True,1.0
maximum,113,565,v113_s0565,14,False,1.7881393432617188e-07
maximum,113,566,v113_s0566,12,False,0.0
maximum,113,567,v113_s0567,9,False,0.0
control75_recall25,113,415,v113_s0415,1,False,0.0
control75_recall25,113,416,v113_s0416,1,False,0.0
control75_recall25,113,419,v113_s0419,4,False,0.0
control75_recall25,113,420,v113_s0420,54,False,8.940696716308594e-08
control75_recall25,113,421,v113_s0421,55,True,0.9979248046875
control75_recall25,113,422,v113_s0422,70,True,1.0
control75_recall25,113,423,v113_s0423,91,True,1.0
control75_recall25,113,424,v113_s0424,110,True,1.0
control75_recall25,113,425,v113_s0425,151,True,1.0
control75_recall25,113,426,v113_s0426,164,True,1.0
control75_recall25,113,427,v113_s0427,199,True,1.0
control75_recall25,113,428,v113_s0428,186,True,1.0
control75_recall25,113,429,v113_s0429,203,True,1.0
control75_recall25,113,430,v113_s0430,198,True,1.0
control75_recall25,113,431,v113_s0431,213,True,1.0
control75_recall25,113,432,v113_s0432,216,True,1.0
control75_recall25,113,433,v113_s0433,243,True,1.0
control75_recall25,113,434,v113_s0434,239,True,1.0
control75_recall25,113,435,v113_s0435,257,True,1.0
control75_recall25,113,436,v113_s0436,277,True,1.0
control75_recall25,113,437,v113_s0437,299,True,1.0
control75_recall25,113,438,v113_s0438,293,True,1.0
control75_recall25,113,439,v113_s0439,292,True,1.0
control75_recall25,113,440,v113_s0440,297,True,1.0
control75_recall25,113,441,v113_s0441,271,True,1.0
control75_recall25,113,442,v113_s0442,260,True,1.0
control75_recall25,113,443,v113_s0443,260,True,1.0
control75_recall25,113,444,v113_s0444,213,True,1.0
control75_recall25,113,445,v113_s0445,212,True,1.0
control75_recall25,113,446,v113_s0446,204,True,1.0
control75_recall25,113,447,v113_s0447,163,True,1.0
control75_recall25,113,448,v113_s0448,139,True,1.0
control75_recall25,113,449,v113_s0449,121,True,1.0
control75_recall25,113,450,v113_s0450,111,True,1.0
control75_recall25,113,451,v113_s0451,99,True,1.0
control75_recall25,113,452,v113_s0452,96,True,1.0
control75_recall25,113,453,v113_s0453,99,True,1.0
control75_recall25,113,454,v113_s0454,112,True,0.9881591796875
control75_recall25,113,455,v113_s0455,85,False,0.25
control75_recall25,113,456,v113_s0456,90,False,0.2476806640625
control75_recall25,113,457,v113_s0457,104,False,0.0001710653305053711
control75_recall25,113,458,v113_s0458,110,False,0.0001337677240371704
control75_recall25,113,459,v113_s0459,124,False,0.0640898048877716
control75_recall25,113,460,v113_s0460,122,False,6.556510925292969e-07
control75_recall25,113,461,v113_s0461,124,False,0.177734375
control75_recall25,113,462,v113_s0462,124,False,0.249755859375
control75_recall25,113,463,v113_s0463,127,True,1.0
control75_recall25,113,464,v113_s0464,137,True,1.0
control75_recall25,113,465,v113_s0465,150,True,0.991455078125
control75_recall25,113,466,v113_s0466,168,True,0.99951171875
control75_recall25,113,467,v113_s0467,185,True,0.9075927734375
control75_recall25,113,468,v113_s0468,204,False,0.2500011920928955
control75_recall25,113,469,v113_s0469,206,True,1.0
control75_recall25,113,470,v113_s0470,152,True,1.0
control75_recall25,113,471,v113_s0471,178,True,1.0
control75_recall25,113,472,v113_s0472,214,True,1.0
control75_recall25,113,473,v113_s0473,271,True,1.0
control75_recall25,113,474,v113_s0474,211,True,1.0
control75_recall25,113,475,v113_s0475,196,True,1.0
control75_recall25,113,476,v113_s0476,180,True,0.9996337890625
control75_recall25,113,477,v113_s0477,164,False,0.25
control75_recall25,113,478,v113_s0478,156,False,0.25
control75_recall25,113,479,v113_s0479,134,True,1.0
control75_recall25,113,480,v113_s0480,114,True,1.0
control75_recall25,113,481,v113_s0481,83,True,1.0
control75_recall25,113,482,v113_s0482,60,True,1.0
control75_recall25,113,483,v113_s0483,48,True,0.99951171875
control75_recall25,113,484,v113_s0484,25,False,0.0
control75_recall25,113,485,v113_s0485,24,True,0.7500004172325134
control75_recall25,113,486,v113_s0486,25,True,0.7246522903442383
control75_recall25,113,487,v113_s0487,20,False,8.1673264503479e-05
control75_recall25,113,488,v113_s0488,20,True,0.75982666015625
control75_recall25,113,489,v113_s0489,18,True,0.9998779296875
control75_recall25,113,490,v113_s0490,15,True,1.0
control75_recall25,113,491,v113_s0491,13,True,1.0
control75_recall25,113,492,v113_s0492,13,True,1.0
control75_recall25,113,500,v113_s0500,2,False,0.0
control75_recall25,113,501,v113_s0501,45,False,1.4901161193847656e-08
control75_recall25,113,502,v113_s0502,50,False,0.0
control75_recall25,113,503,v113_s0503,64,True,1.0
control75_recall25,113,504,v113_s0504,80,True,1.0
control75_recall25,113,505,v113_s0505,90,True,1.0
control75_recall25,113,506,v113_s0506,135,True,1.0
control75_recall25,113,507,v113_s0507,211,True,1.0
control75_recall25,113,508,v113_s0508,234,True,1.0
control75_recall25,113,509,v113_s0509,266,True,1.0
control75_recall25,113,510,v113_s0510,317,True,1.0
control75_recall25,113,511,v113_s0511,308,True,1.0
control75_recall25,113,512,v113_s0512,318,True,1.0
control75_recall25,113,513,v113_s0513,332,True,1.0
control75_recall25,113,514,v113_s0514,330,True,1.0
control75_recall25,113,515,v113_s0515,343,True,1.0
control75_recall25,113,516,v113_s0516,359,True,1.0
control75_recall25,113,517,v113_s0517,343,True,1.0
control75_recall25,113,518,v113_s0518,333,True,1.0
control75_recall25,113,519,v113_s0519,328,True,1.0
control75_recall25,113,520,v113_s0520,335,True,1.0
control75_recall25,113,521,v113_s0521,331,True,1.0
control75_recall25,113,522,v113_s0522,290,True,1.0
control75_recall25,113,523,v113_s0523,262,True,1.0
control75_recall25,113,524,v113_s0524,243,True,1.0
control75_recall25,113,525,v113_s0525,226,True,1.0
control75_recall25,113,526,v113_s0526,216,True,1.0
control75_recall25,113,527,v113_s0527,178,True,1.0
control75_recall25,113,528,v113_s0528,159,True,1.0
control75_recall25,113,529,v113_s0529,144,True,1.0
control75_recall25,113,530,v113_s0530,134,True,1.0
control75_recall25,113,531,v113_s0531,161,True,1.0
control75_recall25,113,532,v113_s0532,180,True,1.0
control75_recall25,113,533,v113_s0533,183,True,1.0
control75_recall25,113,534,v113_s0534,207,True,1.0
control75_recall25,113,535,v113_s0535,238,True,1.0
control75_recall25,113,536,v113_s0536,238,True,1.0
control75_recall25,113,537,v113_s0537,220,True,1.0
control75_recall25,113,538,v113_s0538,199,True,1.0
control75_recall25,113,539,v113_s0539,204,True,1.0
control75_recall25,113,540,v113_s0540,202,True,1.0
control75_recall25,113,541,v113_s0541,189,True,1.0
control75_recall25,113,542,v113_s0542,174,True,1.0
control75_recall25,113,543,v113_s0543,190,True,1.0
control75_recall25,113,544,v113_s0544,133,True,1.0
control75_recall25,113,545,v113_s0545,105,True,1.0
control75_recall25,113,546,v113_s0546,86,True,0.7504110336303711
control75_recall25,113,547,v113_s0547,72,True,0.75
control75_recall25,113,548,v113_s0548,59,False,0.0
control75_recall25,113,558,v113_s0558,21,True,1.0
control75_recall25,113,559,v113_s0559,21,True,1.0
control75_recall25,113,560,v113_s0560,18,True,1.0
control75_recall25,113,561,v113_s0561,19,True,1.0
control75_recall25,113,562,v113_s0562,17,False,0.25
control75_recall25,113,563,v113_s0563,15,False,0.25
control75_recall25,113,564,v113_s0564,17,False,0.25
control75_recall25,113,565,v113_s0565,14,False,4.470348358154297e-08
control75_recall25,113,566,v113_s0566,12,False,0.0
control75_recall25,113,567,v113_s0567,9,False,0.0
control,116,495,v116_s0495,89,False,0.0
control,116,496,v116_s0496,93,False,0.0
control,116,497,v116_s0497,100,False,0.0
control,116,498,v116_s0498,104,False,0.0
control,116,499,v116_s0499,112,False,0.0
control,116,500,v116_s0500,119,False,0.0
control,116,501,v116_s0501,123,False,0.0
control,116,502,v116_s0502,134,False,0.0
control,116,503,v116_s0503,134,False,0.0
control,116,504,v116_s0504,142,False,0.0
control,116,505,v116_s0505,145,False,0.0
control,116,506,v116_s0506,151,False,0.0
control,116,507,v116_s0507,154,False,0.0
control,116,508,v116_s0508,158,False,0.0
control,116,509,v116_s0509,162,False,0.0
control,116,510,v116_s0510,166,False,0.0
control,116,511,v116_s0511,170,False,0.0
control,116,512,v116_s0512,174,False,0.0
control,116,513,v116_s0513,181,False,0.0
control,116,514,v116_s0514,188,False,0.0
control,116,515,v116_s0515,196,False,0.0
control,116,516,v116_s0516,202,False,0.0
control,116,517,v116_s0517,204,False,0.0
control,116,518,v116_s0518,213,False,0.0
control,116,519,v116_s0519,225,False,0.0
control,116,520,v116_s0520,234,False,0.0
control,116,521,v116_s0521,245,False,0.0
control,116,522,v116_s0522,263,False,0.0
control,116,523,v116_s0523,280,False,0.0
control,116,524,v116_s0524,302,False,0.0
control,116,525,v116_s0525,318,False,0.0
control,116,526,v116_s0526,340,False,0.0
control,116,527,v116_s0527,369,False,0.0
control,116,528,v116_s0528,394,False,0.0
control,116,529,v116_s0529,422,False,0.0
control,116,530,v116_s0530,456,False,0.0
control,116,531,v116_s0531,486,False,0.0
control,116,532,v116_s0532,527,False,0.0
control,116,533,v116_s0533,564,False,0.0
control,116,534,v116_s0534,560,False,0.0
control,116,535,v116_s0535,560,False,0.0
control,116,536,v116_s0536,569,False,0.0
control,116,537,v116_s0537,565,False,0.0
control,116,538,v116_s0538,566,False,0.0
control,116,539,v116_s0539,580,False,0.0
control,116,540,v116_s0540,581,False,0.0
control,116,541,v116_s0541,580,False,0.0
control,116,542,v116_s0542,578,False,0.0
control,116,543,v116_s0543,585,False,0.0
control,116,544,v116_s0544,585,True,1.0
control,116,545,v116_s0545,596,False,0.0
control,116,546,v116_s0546,600,False,0.0
control,116,547,v116_s0547,606,False,0.0
control,116,548,v116_s0548,606,False,0.3984375
control,116,549,v116_s0549,604,True,1.0
control,116,550,v116_s0550,604,False,0.0
control,116,551,v116_s0551,623,True,1.0
control,116,552,v116_s0552,624,True,1.0
control,116,553,v116_s0553,655,True,1.0
control,116,554,v116_s0554,707,False,4.887580871582031e-06
control,116,555,v116_s0555,762,True,1.0
control,116,556,v116_s0556,819,False,0.0
control,116,557,v116_s0557,875,False,4.947185516357422e-06
control,116,558,v116_s0558,953,False,0.0
control,116,559,v116_s0559,1042,False,0.0
control,116,560,v116_s0560,1149,False,0.0
control,116,561,v116_s0561,1269,False,0.0
control,116,562,v116_s0562,1391,False,0.0
control,116,563,v116_s0563,1535,False,0.0
control,116,564,v116_s0564,1702,False,0.0
control,116,565,v116_s0565,1720,False,0.0
control,116,566,v116_s0566,1767,False,0.0
control,116,567,v116_s0567,1815,False,0.0
control,116,568,v116_s0568,1857,False,0.0
control,116,569,v116_s0569,1903,False,0.0
control,116,570,v116_s0570,1934,False,0.0
control,116,571,v116_s0571,1995,False,0.0
control,116,572,v116_s0572,2029,False,0.0
control,116,573,v116_s0573,2069,False,0.0
control,116,574,v116_s0574,2115,False,0.0
control,116,575,v116_s0575,2163,False,0.0
control,116,576,v116_s0576,2199,False,0.0
control,116,577,v116_s0577,2252,False,0.0
control,116,578,v116_s0578,2304,False,0.0
control,116,579,v116_s0579,2367,False,0.0
control,116,580,v116_s0580,2418,False,0.0
control,116,581,v116_s0581,2487,False,0.0
control,116,582,v116_s0582,2542,False,0.0
control,116,583,v116_s0583,2621,False,0.0
control,116,584,v116_s0584,2585,False,0.0
control,116,585,v116_s0585,2559,False,0.0
control,116,586,v116_s0586,2526,False,0.0
control,116,587,v116_s0587,2513,False,0.0
control,116,588,v116_s0588,2491,False,0.0
control,116,589,v116_s0589,2462,False,0.0
control,116,590,v116_s0590,2431,False,0.0
control,116,591,v116_s0591,2413,False,0.0
control,116,592,v116_s0592,2390,False,0.0
control,116,593,v116_s0593,2365,False,0.0
control,116,594,v116_s0594,2349,False,0.0
control,116,595,v116_s0595,2324,False,0.0
control,116,596,v116_s0596,2310,False,0.0
control,116,597,v116_s0597,2284,False,0.0
control,116,598,v116_s0598,2266,False,0.0
control,116,599,v116_s0599,2249,False,0.0
control,116,600,v116_s0600,2231,False,0.0
control,116,601,v116_s0601,2210,False,0.0
control,116,602,v116_s0602,2183,False,0.0
control,116,603,v116_s0603,2167,False,0.0
control,116,604,v116_s0604,2142,False,0.0
control,116,605,v116_s0605,2130,False,0.0
control,116,606,v116_s0606,2117,False,0.0
control,116,607,v116_s0607,1859,False,0.0
control,116,608,v116_s0608,1800,False,0.002166748046875
control,116,609,v116_s0609,1746,False,0.0
control,116,610,v116_s0610,1695,False,0.0
control,116,611,v116_s0611,1642,True,0.99951171875
control,116,612,v116_s0612,1595,False,0.0
control,116,613,v116_s0613,1554,False,0.0
control,116,614,v116_s0614,1502,False,0.0
control,116,615,v116_s0615,1465,False,0.0
control,116,616,v116_s0616,1348,False,0.0
control,116,617,v116_s0617,1245,False,0.0
control,116,618,v116_s0618,1145,False,0.0
control,116,619,v116_s0619,1051,False,0.0
control,116,620,v116_s0620,966,False,0.0
control,116,621,v116_s0621,887,False,0.0
control,116,622,v116_s0622,818,False,0.0
control,116,623,v116_s0623,743,False,0.0
control,116,624,v116_s0624,682,False,0.0
control,116,625,v116_s0625,620,False,0.0
control,116,626,v116_s0626,563,False,0.0
control,116,627,v116_s0627,513,False,0.0
recall_loss,116,495,v116_s0495,89,False,0.0
recall_loss,116,496,v116_s0496,93,False,0.0
recall_loss,116,497,v116_s0497,100,False,0.0
recall_loss,116,498,v116_s0498,104,False,0.0
recall_loss,116,499,v116_s0499,112,False,0.0
recall_loss,116,500,v116_s0500,119,False,0.0
recall_loss,116,501,v116_s0501,123,False,0.0
recall_loss,116,502,v116_s0502,134,False,0.0
recall_loss,116,503,v116_s0503,134,False,0.0
recall_loss,116,504,v116_s0504,142,False,0.0
recall_loss,116,505,v116_s0505,145,False,0.0
recall_loss,116,506,v116_s0506,151,False,0.0
recall_loss,116,507,v116_s0507,154,False,0.0
recall_loss,116,508,v116_s0508,158,False,0.0
recall_loss,116,509,v116_s0509,162,False,0.0
recall_loss,116,510,v116_s0510,166,False,0.0
recall_loss,116,511,v116_s0511,170,False,0.0
recall_loss,116,512,v116_s0512,174,False,0.0
recall_loss,116,513,v116_s0513,181,False,0.0
recall_loss,116,514,v116_s0514,188,False,0.0
recall_loss,116,515,v116_s0515,196,False,0.0
recall_loss,116,516,v116_s0516,202,False,0.0
recall_loss,116,517,v116_s0517,204,False,0.0
recall_loss,116,518,v116_s0518,213,False,0.0
recall_loss,116,519,v116_s0519,225,False,0.0
recall_loss,116,520,v116_s0520,234,False,0.0
recall_loss,116,521,v116_s0521,245,False,0.0
recall_loss,116,522,v116_s0522,263,False,0.0
recall_loss,116,523,v116_s0523,280,False,0.0
recall_loss,116,524,v116_s0524,302,False,0.0
recall_loss,116,525,v116_s0525,318,False,0.0
recall_loss,116,526,v116_s0526,340,False,0.0
recall_loss,116,527,v116_s0527,369,False,0.0
recall_loss,116,528,v116_s0528,394,False,0.0
recall_loss,116,529,v116_s0529,422,False,0.0
recall_loss,116,530,v116_s0530,456,False,0.0
recall_loss,116,531,v116_s0531,486,False,0.0
recall_loss,116,532,v116_s0532,527,False,0.0
recall_loss,116,533,v116_s0533,564,False,0.0
recall_loss,116,534,v116_s0534,560,False,0.0
recall_loss,116,535,v116_s0535,560,False,0.0
recall_loss,116,536,v116_s0536,569,False,0.0
recall_loss,116,537,v116_s0537,565,False,0.0
recall_loss,116,538,v116_s0538,566,False,0.0
recall_loss,116,539,v116_s0539,580,False,0.0
recall_loss,116,540,v116_s0540,581,False,0.0
recall_loss,116,541,v116_s0541,580,False,0.0
recall_loss,116,542,v116_s0542,578,False,0.0
recall_loss,116,543,v116_s0543,585,False,0.0
recall_loss,116,544,v116_s0544,585,False,0.0
recall_loss,116,545,v116_s0545,596,False,0.0
recall_loss,116,546,v116_s0546,600,False,0.0
recall_loss,116,547,v116_s0547,606,False,0.0
recall_loss,116,548,v116_s0548,606,False,0.0
recall_loss,116,549,v116_s0549,604,False,0.0
recall_loss,116,550,v116_s0550,604,False,0.0
recall_loss,116,551,v116_s0551,623,False,0.0
recall_loss,116,552,v116_s0552,624,False,1.0728836059570312e-05
recall_loss,116,553,v116_s0553,655,False,0.0
recall_loss,116,554,v116_s0554,707,False,0.0
recall_loss,116,555,v116_s0555,762,False,5.960464477539063e-08
recall_loss,116,556,v116_s0556,819,False,0.0
recall_loss,116,557,v116_s0557,875,False,1.2218952178955078e-05
recall_loss,116,558,v116_s0558,953,False,0.0
recall_loss,116,559,v116_s0559,1042,False,0.0
recall_loss,116,560,v116_s0560,1149,False,0.0
recall_loss,116,561,v116_s0561,1269,False,0.0
recall_loss,116,562,v116_s0562,1391,False,0.0
recall_loss,116,563,v116_s0563,1535,False,0.0
recall_loss,116,564,v116_s0564,1702,False,0.0
recall_loss,116,565,v116_s0565,1720,False,0.0
recall_loss,116,566,v116_s0566,1767,False,0.0
recall_loss,116,567,v116_s0567,1815,False,0.0
recall_loss,116,568,v116_s0568,1857,False,0.0
recall_loss,116,569,v116_s0569,1903,False,0.0
recall_loss,116,570,v116_s0570,1934,False,0.0
recall_loss,116,571,v116_s0571,1995,False,0.0
recall_loss,116,572,v116_s0572,2029,True,1.0
recall_loss,116,573,v116_s0573,2069,False,0.0
recall_loss,116,574,v116_s0574,2115,False,0.0
recall_loss,116,575,v116_s0575,2163,False,0.0
recall_loss,116,576,v116_s0576,2199,False,0.0
recall_loss,116,577,v116_s0577,2252,False,4.172325134277344e-07
recall_loss,116,578,v116_s0578,2304,False,0.0
recall_loss,116,579,v116_s0579,2367,False,0.0
recall_loss,116,580,v116_s0580,2418,False,0.0
recall_loss,116,581,v116_s0581,2487,False,0.0
recall_loss,116,582,v116_s0582,2542,False,0.0
recall_loss,116,583,v116_s0583,2621,False,0.0
recall_loss,116,584,v116_s0584,2585,False,0.0
recall_loss,116,585,v116_s0585,2559,False,2.205371856689453e-06
recall_loss,116,586,v116_s0586,2526,False,0.0
recall_loss,116,587,v116_s0587,2513,False,0.0
recall_loss,116,588,v116_s0588,2491,False,0.03228759765625
recall_loss,116,589,v116_s0589,2462,False,5.960464477539062e-07
recall_loss,116,590,v116_s0590,2431,False,0.0
recall_loss,116,591,v116_s0591,2413,False,0.0
recall_loss,116,592,v116_s0592,2390,False,0.0
recall_loss,116,593,v116_s0593,2365,False,0.0
recall_loss,116,594,v116_s0594,2349,False,0.0
recall_loss,116,595,v116_s0595,2324,True,1.0
recall_loss,116,596,v116_s0596,2310,False,0.0
recall_loss,116,597,v116_s0597,2284,False,0.0
recall_loss,116,598,v116_s0598,2266,False,1.7881393432617188e-07
recall_loss,116,599,v116_s0599,2249,False,0.0
recall_loss,116,600,v116_s0600,2231,False,0.0
recall_loss,116,601,v116_s0601,2210,False,0.0
recall_loss,116,602,v116_s0602,2183,False,0.0
recall_loss,116,603,v116_s0603,2167,False,0.0
recall_loss,116,604,v116_s0604,2142,False,0.0
recall_loss,116,605,v116_s0605,2130,False,0.0
recall_loss,116,606,v116_s0606,2117,False,0.0
recall_loss,116,607,v116_s0607,1859,False,0.0
recall_loss,116,608,v116_s0608,1800,True,0.9912109375
recall_loss,116,609,v116_s0609,1746,True,0.97705078125
recall_loss,116,610,v116_s0610,1695,False,0.0
recall_loss,116,611,v116_s0611,1642,False,0.0
recall_loss,116,612,v116_s0612,1595,False,0.0
recall_loss,116,613,v116_s0613,1554,False,5.960464477539063e-08
recall_loss,116,614,v116_s0614,1502,False,0.0
recall_loss,116,615,v116_s0615,1465,False,0.0
recall_loss,116,616,v116_s0616,1348,False,0.0
recall_loss,116,617,v116_s0617,1245,False,0.0
recall_loss,116,618,v116_s0618,1145,False,0.0
recall_loss,116,619,v116_s0619,1051,False,2.384185791015625e-07
recall_loss,116,620,v116_s0620,966,False,0.0
recall_loss,116,621,v116_s0621,887,False,0.0
recall_loss,116,622,v116_s0622,818,False,0.0
recall_loss,116,623,v116_s0623,743,False,0.0
recall_loss,116,624,v116_s0624,682,False,0.0
recall_loss,116,625,v116_s0625,620,False,0.0
recall_loss,116,626,v116_s0626,563,False,0.0
recall_loss,116,627,v116_s0627,513,False,0.0
maximum,116,495,v116_s0495,89,False,0.0
maximum,116,496,v116_s0496,93,False,0.0
maximum,116,497,v116_s0497,100,False,0.0
maximum,116,498,v116_s0498,104,False,0.0
maximum,116,499,v116_s0499,112,False,0.0
maximum,116,500,v116_s0500,119,False,0.0
maximum,116,501,v116_s0501,123,False,0.0
maximum,116,502,v116_s0502,134,False,0.0
maximum,116,503,v116_s0503,134,False,0.0
maximum,116,504,v116_s0504,142,False,0.0
maximum,116,505,v116_s0505,145,False,0.0
maximum,116,506,v116_s0506,151,False,0.0
maximum,116,507,v116_s0507,154,False,0.0
maximum,116,508,v116_s0508,158,False,0.0
maximum,116,509,v116_s0509,162,False,0.0
maximum,116,510,v116_s0510,166,False,0.0
maximum,116,511,v116_s0511,170,False,0.0
maximum,116,512,v116_s0512,174,False,0.0
maximum,116,513,v116_s0513,181,False,0.0
maximum,116,514,v116_s0514,188,False,0.0
maximum,116,515,v116_s0515,196,False,0.0
maximum,116,516,v116_s0516,202,False,0.0
maximum,116,517,v116_s0517,204,False,0.0
maximum,116,518,v116_s0518,213,False,0.0
maximum,116,519,v116_s0519,225,False,0.0
maximum,116,520,v116_s0520,234,False,0.0
maximum,116,521,v116_s0521,245,False,0.0
maximum,116,522,v116_s0522,263,False,0.0
maximum,116,523,v116_s0523,280,False,0.0
maximum,116,524,v116_s0524,302,False,0.0
maximum,116,525,v116_s0525,318,False,0.0
maximum,116,526,v116_s0526,340,False,0.0
maximum,116,527,v116_s0527,369,False,0.0
maximum,116,528,v116_s0528,394,False,0.0
maximum,116,529,v116_s0529,422,False,0.0
maximum,116,530,v116_s0530,456,False,0.0
maximum,116,531,v116_s0531,486,False,0.0
maximum,116,532,v116_s0532,527,False,0.0
maximum,116,533,v116_s0533,564,False,0.0
maximum,116,534,v116_s0534,560,False,0.0
maximum,116,535,v116_s0535,560,False,0.0
maximum,116,536,v116_s0536,569,False,0.0
maximum,116,537,v116_s0537,565,False,0.0
maximum,116,538,v116_s0538,566,False,0.0
maximum,116,539,v116_s0539,580,False,0.0
maximum,116,540,v116_s0540,581,False,0.0
maximum,116,541,v116_s0541,580,False,0.0
maximum,116,542,v116_s0542,578,False,0.0
maximum,116,543,v116_s0543,585,False,0.0
maximum,116,544,v116_s0544,585,True,1.0
maximum,116,545,v116_s0545,596,False,0.0
maximum,116,546,v116_s0546,600,False,0.0
maximum,116,547,v116_s0547,606,False,0.0
maximum,116,548,v116_s0548,606,False,0.3984375
maximum,116,549,v116_s0549,604,True,1.0
maximum,116,550,v116_s0550,604,False,0.0
maximum,116,551,v116_s0551,623,True,1.0
maximum,116,552,v116_s0552,624,True,1.0
maximum,116,553,v116_s0553,655,True,1.0
maximum,116,554,v116_s0554,707,False,4.887580871582031e-06
maximum,116,555,v116_s0555,762,True,1.0
maximum,116,556,v116_s0556,819,False,0.0
maximum,116,557,v116_s0557,875,False,1.2218952178955078e-05
maximum,116,558,v116_s0558,953,False,0.0
maximum,116,559,v116_s0559,1042,False,0.0
maximum,116,560,v116_s0560,1149,False,0.0
maximum,116,561,v116_s0561,1269,False,0.0
maximum,116,562,v116_s0562,1391,False,0.0
maximum,116,563,v116_s0563,1535,False,0.0
maximum,116,564,v116_s0564,1702,False,0.0
maximum,116,565,v116_s0565,1720,False,0.0
maximum,116,566,v116_s0566,1767,False,0.0
maximum,116,567,v116_s0567,1815,False,0.0
maximum,116,568,v116_s0568,1857,False,0.0
maximum,116,569,v116_s0569,1903,False,0.0
maximum,116,570,v116_s0570,1934,False,0.0
maximum,116,571,v116_s0571,1995,False,0.0
maximum,116,572,v116_s0572,2029,True,1.0
maximum,116,573,v116_s0573,2069,False,0.0
maximum,116,574,v116_s0574,2115,False,0.0
maximum,116,575,v116_s0575,2163,False,0.0
maximum,116,576,v116_s0576,2199,False,0.0
maximum,116,577,v116_s0577,2252,False,4.172325134277344e-07
maximum,116,578,v116_s0578,2304,False,0.0
maximum,116,579,v116_s0579,2367,False,0.0
maximum,116,580,v116_s0580,2418,False,0.0
maximum,116,581,v116_s0581,2487,False,0.0
maximum,116,582,v116_s0582,2542,False,0.0
maximum,116,583,v116_s0583,2621,False,0.0
maximum,116,584,v116_s0584,2585,False,0.0
maximum,116,585,v116_s0585,2559,False,2.205371856689453e-06
maximum,116,586,v116_s0586,2526,False,0.0
maximum,116,587,v116_s0587,2513,False,0.0
maximum,116,588,v116_s0588,2491,False,0.03228759765625
maximum,116,589,v116_s0589,2462,False,5.960464477539062e-07
maximum,116,590,v116_s0590,2431,False,0.0
maximum,116,591,v116_s0591,2413,False,0.0
maximum,116,592,v116_s0592,2390,False,0.0
maximum,116,593,v116_s0593,2365,False,0.0
maximum,116,594,v116_s0594,2349,False,0.0
maximum,116,595,v116_s0595,2324,True,1.0
maximum,116,596,v116_s0596,2310,False,0.0
maximum,116,597,v116_s0597,2284,False,0.0
maximum,116,598,v116_s0598,2266,False,1.7881393432617188e-07
maximum,116,599,v116_s0599,2249,False,0.0
maximum,116,600,v116_s0600,2231,False,0.0
maximum,116,601,v116_s0601,2210,False,0.0
maximum,116,602,v116_s0602,2183,False,0.0
maximum,116,603,v116_s0603,2167,False,0.0
maximum,116,604,v116_s0604,2142,False,0.0
maximum,116,605,v116_s0605,2130,False,0.0
maximum,116,606,v116_s0606,2117,False,0.0
maximum,116,607,v116_s0607,1859,False,0.0
maximum,116,608,v116_s0608,1800,True,0.9912109375
maximum,116,609,v116_s0609,1746,True,0.97705078125
maximum,116,610,v116_s0610,1695,False,0.0
maximum,116,611,v116_s0611,1642,True,0.99951171875
maximum,116,612,v116_s0612,1595,False,0.0
maximum,116,613,v116_s0613,1554,False,5.960464477539063e-08
maximum,116,614,v116_s0614,1502,False,0.0
maximum,116,615,v116_s0615,1465,False,0.0
maximum,116,616,v116_s0616,1348,False,0.0
maximum,116,617,v116_s0617,1245,False,0.0
maximum,116,618,v116_s0618,1145,False,0.0
maximum,116,619,v116_s0619,1051,False,2.384185791015625e-07
maximum,116,620,v116_s0620,966,False,0.0
maximum,116,621,v116_s0621,887,False,0.0
maximum,116,622,v116_s0622,818,False,0.0
maximum,116,623,v116_s0623,743,False,0.0
maximum,116,624,v116_s0624,682,False,0.0
maximum,116,625,v116_s0625,620,False,0.0
maximum,116,626,v116_s0626,563,False,0.0
maximum,116,627,v116_s0627,513,False,0.0
control75_recall25,116,495,v116_s0495,89,False,0.0
control75_recall25,116,496,v116_s0496,93,False,0.0
control75_recall25,116,497,v116_s0497,100,False,0.0
control75_recall25,116,498,v116_s0498,104,False,0.0
control75_recall25,116,499,v116_s0499,112,False,0.0
control75_recall25,116,500,v116_s0500,119,False,0.0
control75_recall25,116,501,v116_s0501,123,False,0.0
control75_recall25,116,502,v116_s0502,134,False,0.0
control75_recall25,116,503,v116_s0503,134,False,0.0
control75_recall25,116,504,v116_s0504,142,False,0.0
control75_recall25,116,505,v116_s0505,145,False,0.0
control75_recall25,116,506,v116_s0506,151,False,0.0
control75_recall25,116,507,v116_s0507,154,False,0.0
control75_recall25,116,508,v116_s0508,158,False,0.0
control75_recall25,116,509,v116_s0509,162,False,0.0
control75_recall25,116,510,v116_s0510,166,False,0.0
control75_recall25,116,511,v116_s0511,170,False,0.0
control75_recall25,116,512,v116_s0512,174,False,0.0
control75_recall25,116,513,v116_s0513,181,False,0.0
control75_recall25,116,514,v116_s0514,188,False,0.0
control75_recall25,116,515,v116_s0515,196,False,0.0
control75_recall25,116,516,v116_s0516,202,False,0.0
control75_recall25,116,517,v116_s0517,204,False,0.0
control75_recall25,116,518,v116_s0518,213,False,0.0
control75_recall25,116,519,v116_s0519,225,False,0.0
control75_recall25,116,520,v116_s0520,234,False,0.0
control75_recall25,116,521,v116_s0521,245,False,0.0
control75_recall25,116,522,v116_s0522,263,False,0.0
control75_recall25,116,523,v116_s0523,280,False,0.0
control75_recall25,116,524,v116_s0524,302,False,0.0
control75_recall25,116,525,v116_s0525,318,False,0.0
control75_recall25,116,526,v116_s0526,340,False,0.0
control75_recall25,116,527,v116_s0527,369,False,0.0
control75_recall25,116,528,v116_s0528,394,False,0.0
control75_recall25,116,529,v116_s0529,422,False,0.0
control75_recall25,116,530,v116_s0530,456,False,0.0
control75_recall25,116,531,v116_s0531,486,False,0.0
control75_recall25,116,532,v116_s0532,527,False,0.0
control75_recall25,116,533,v116_s0533,564,False,0.0
control75_recall25,116,534,v116_s0534,560,False,0.0
control75_recall25,116,535,v116_s0535,560,False,0.0
control75_recall25,116,536,v116_s0536,569,False,0.0
control75_recall25,116,537,v116_s0537,565,False,0.0
control75_recall25,116,538,v116_s0538,566,False,0.0
control75_recall25,116,539,v116_s0539,580,False,0.0
control75_recall25,116,540,v116_s0540,581,False,0.0
control75_recall25,116,541,v116_s0541,580,False,0.0
control75_recall25,116,542,v116_s0542,578,False,0.0
control75_recall25,116,543,v116_s0543,585,False,0.0
control75_recall25,116,544,v116_s0544,585,True,0.75
control75_recall25,116,545,v116_s0545,596,False,0.0
control75_recall25,116,546,v116_s0546,600,False,0.0
control75_recall25,116,547,v116_s0547,606,False,0.0
control75_recall25,116,548,v116_s0548,606,False,0.298828125
control75_recall25,116,549,v116_s0549,604,True,0.75
control75_recall25,116,550,v116_s0550,604,False,0.0
control75_recall25,116,551,v116_s0551,623,True,0.75
control75_recall25,116,552,v116_s0552,624,True,0.7500026822090149
control75_recall25,116,553,v116_s0553,655,True,0.75
control75_recall25,116,554,v116_s0554,707,False,3.6656856536865234e-06
control75_recall25,116,555,v116_s0555,762,True,0.75
control75_recall25,116,556,v116_s0556,819,False,0.0
control75_recall25,116,557,v116_s0557,875,False,3.7103891372680664e-06
control75_recall25,116,558,v116_s0558,953,False,0.0
control75_recall25,116,559,v116_s0559,1042,False,0.0
control75_recall25,116,560,v116_s0560,1149,False,0.0
control75_recall25,116,561,v116_s0561,1269,False,0.0
control75_recall25,116,562,v116_s0562,1391,False,0.0
control75_recall25,116,563,v116_s0563,1535,False,0.0
control75_recall25,116,564,v116_s0564,1702,False,0.0
control75_recall25,116,565,v116_s0565,1720,False,0.0
control75_recall25,116,566,v116_s0566,1767,False,0.0
control75_recall25,116,567,v116_s0567,1815,False,0.0
control75_recall25,116,568,v116_s0568,1857,False,0.0
control75_recall25,116,569,v116_s0569,1903,False,0.0
control75_recall25,116,570,v116_s0570,1934,False,0.0
control75_recall25,116,571,v116_s0571,1995,False,0.0
control75_recall25,116,572,v116_s0572,2029,False,0.25
control75_recall25,116,573,v116_s0573,2069,False,0.0
control75_recall25,116,574,v116_s0574,2115,False,0.0
control75_recall25,116,575,v116_s0575,2163,False,0.0
control75_recall25,116,576,v116_s0576,2199,False,0.0
control75_recall25,116,577,v116_s0577,2252,False,1.043081283569336e-07
control75_recall25,116,578,v116_s0578,2304,False,0.0
control75_recall25,116,579,v116_s0579,2367,False,0.0
control75_recall25,116,580,v116_s0580,2418,False,0.0
control75_recall25,116,581,v116_s0581,2487,False,0.0
control75_recall25,116,582,v116_s0582,2542,False,0.0
control75_recall25,116,583,v116_s0583,2621,False,0.0
control75_recall25,116,584,v116_s0584,2585,False,0.0
control75_recall25,116,585,v116_s0585,2559,False,5.513429641723633e-07
control75_recall25,116,586,v116_s0586,2526,False,0.0
control75_recall25,116,587,v116_s0587,2513,False,0.0
control75_recall25,116,588,v116_s0588,2491,False,0.0080718994140625
control75_recall25,116,589,v116_s0589,2462,False,1.4901161193847656e-07
control75_recall25,116,590,v116_s0590,2431,False,0.0
control75_recall25,116,591,v116_s0591,2413,False,0.0
control75_recall25,116,592,v116_s0592,2390,False,0.0
control75_recall25,116,593,v116_s0593,2365,False,0.0
control75_recall25,116,594,v116_s0594,2349,False,0.0
control75_recall25,116,595,v116_s0595,2324,False,0.25
control75_recall25,116,596,v116_s0596,2310,False,0.0
control75_recall25,116,597,v116_s0597,2284,False,0.0
control75_recall25,116,598,v116_s0598,2266,False,4.470348358154297e-08
control75_recall25,116,599,v116_s0599,2249,False,0.0
control75_recall25,116,600,v116_s0600,2231,False,0.0
control75_recall25,116,601,v116_s0601,2210,False,0.0
control75_recall25,116,602,v116_s0602,2183,False,0.0
control75_recall25,116,603,v116_s0603,2167,False,0.0
control75_recall25,116,604,v116_s0604,2142,False,0.0
control75_recall25,116,605,v116_s0605,2130,False,0.0
control75_recall25,116,606,v116_s0606,2117,False,0.0
control75_recall25,116,607,v116_s0607,1859,False,0.0
control75_recall25,116,608,v116_s0608,1800,False,0.24856090545654297
control75_recall25,116,609,v116_s0609,1746,False,0.2442626953125
control75_recall25,116,610,v116_s0610,1695,False,0.0
control75_recall25,116,611,v116_s0611,1642,True,0.7496337890625
control75_recall25,116,612,v116_s0612,1595,False,0.0
control75_recall25,116,613,v116_s0613,1554,False,1.4901161193847656e-08
control75_recall25,116,614,v116_s0614,1502,False,0.0
control75_recall25,116,615,v116_s0615,1465,False,0.0
control75_recall25,116,616,v116_s0616,1348,False,0.0
control75_recall25,116,617,v116_s0617,1245,False,0.0
control75_recall25,116,618,v116_s0618,1145,False,0.0
control75_recall25,116,619,v116_s0619,1051,False,5.960464477539063e-08
control75_recall25,116,620,v116_s0620,966,False,0.0
control75_recall25,116,621,v116_s0621,887,False,0.0
control75_recall25,116,622,v116_s0622,818,False,0.0
control75_recall25,116,623,v116_s0623,743,False,0.0
control75_recall25,116,624,v116_s0624,682,False,0.0
control75_recall25,116,625,v116_s0625,620,False,0.0
control75_recall25,116,626,v116_s0626,563,False,0.0
control75_recall25,116,627,v116_s0627,513,False,0.0
