model,volume_id,slice_index,sample_id,truth_pixels,predicted_pixels,detected,max_probability,max_truth_probability
control,104,0,v104_s0000,0,0,False,0.0,
control,104,1,v104_s0001,0,0,False,0.0,
control,104,2,v104_s0002,0,0,False,0.0,
control,104,3,v104_s0003,0,0,False,0.0,
control,104,4,v104_s0004,0,0,False,0.0,
control,104,5,v104_s0005,0,0,False,0.0,
control,104,6,v104_s0006,0,0,False,0.0,
control,104,7,v104_s0007,0,0,False,0.0,
control,104,8,v104_s0008,0,0,False,0.0,
control,104,9,v104_s0009,0,0,False,0.0,
control,104,10,v104_s0010,0,0,False,0.0,
control,104,11,v104_s0011,0,0,False,0.0,
control,104,12,v104_s0012,0,0,False,0.0,
control,104,13,v104_s0013,0,0,False,0.0,
control,104,14,v104_s0014,0,0,False,0.0,
control,104,15,v104_s0015,0,0,False,0.0,
control,104,16,v104_s0016,0,0,False,0.0,
control,104,17,v104_s0017,0,0,False,0.0,
control,104,18,v104_s0018,0,0,False,0.0,
control,104,19,v104_s0019,0,0,False,0.0,
control,104,20,v104_s0020,0,0,False,0.0,
control,104,21,v104_s0021,0,0,False,0.0,
control,104,22,v104_s0022,0,0,False,0.0,
control,104,23,v104_s0023,0,0,False,0.0,
control,104,24,v104_s0024,0,0,False,0.0,
control,104,25,v104_s0025,0,0,False,0.0,
control,104,26,v104_s0026,0,0,False,0.0,
control,104,27,v104_s0027,0,0,False,0.0,
control,104,28,v104_s0028,0,0,False,0.0,
control,104,29,v104_s0029,0,0,False,0.0,
control,104,30,v104_s0030,0,0,False,0.0,
control,104,31,v104_s0031,0,0,False,0.0,
control,104,32,v104_s0032,0,0,False,0.0,
control,104,33,v104_s0033,0,0,False,0.0,
control,104,34,v104_s0034,0,0,False,0.0,
control,104,35,v104_s0035,0,0,False,3.933906555175781e-06,
control,104,36,v104_s0036,0,0,False,0.0,
control,104,37,v104_s0037,0,0,False,0.0,
control,104,38,v104_s0038,0,0,False,0.0,
control,104,39,v104_s0039,0,62,False,1.0,
control,104,40,v104_s0040,0,0,False,0.0,
control,104,41,v104_s0041,0,0,False,0.0,
control,104,42,v104_s0042,0,99,False,0.99853515625,
control,104,43,v104_s0043,0,0,False,5.960464477539063e-08,
control,104,44,v104_s0044,0,0,False,0.0,
control,104,45,v104_s0045,0,0,False,0.0,
control,104,46,v104_s0046,0,0,False,0.0,
control,104,47,v104_s0047,0,0,False,0.0,
control,104,48,v104_s0048,0,0,False,0.0,
control,104,49,v104_s0049,0,0,False,0.0,
control,104,50,v104_s0050,0,0,False,0.0,
control,104,51,v104_s0051,0,0,False,0.0,
control,104,52,v104_s0052,0,0,False,0.0,
control,104,53,v104_s0053,0,0,False,0.0,
control,104,54,v104_s0054,0,0,False,0.0,
control,104,55,v104_s0055,0,0,False,9.5367431640625e-07,
control,104,56,v104_s0056,0,0,False,0.0,
control,104,57,v104_s0057,0,0,False,0.0,
control,104,58,v104_s0058,0,0,False,0.0,
control,104,59,v104_s0059,0,0,False,0.0,
control,104,60,v104_s0060,0,0,False,0.0,
control,104,61,v104_s0061,0,0,False,0.0,
control,104,62,v104_s0062,0,0,False,0.0,
control,104,63,v104_s0063,0,0,False,0.0,
control,104,64,v104_s0064,0,0,False,0.0,
control,104,65,v104_s0065,0,0,False,0.0,
control,104,66,v104_s0066,0,0,False,0.0,
control,104,67,v104_s0067,0,0,False,0.0,
control,104,68,v104_s0068,0,0,False,0.0,
control,104,69,v104_s0069,0,0,False,0.0,
control,104,70,v104_s0070,0,0,False,0.0,
control,104,71,v104_s0071,0,0,False,0.0,
control,104,72,v104_s0072,0,17,False,1.0,
control,104,73,v104_s0073,0,0,False,0.0,
control,104,74,v104_s0074,0,0,False,0.0,
control,104,75,v104_s0075,0,0,False,0.0,
control,104,76,v104_s0076,0,0,False,0.0,
control,104,77,v104_s0077,0,0,False,0.0,
control,104,78,v104_s0078,0,0,False,0.0,
control,104,79,v104_s0079,0,0,False,0.0,
control,104,80,v104_s0080,0,0,False,0.0,
control,104,81,v104_s0081,0,0,False,0.0,
control,104,82,v104_s0082,0,0,False,0.0,
control,104,83,v104_s0083,0,0,False,0.0,
control,104,84,v104_s0084,0,0,False,0.0,
control,104,85,v104_s0085,0,0,False,0.0,
control,104,86,v104_s0086,0,0,False,0.0,
control,104,87,v104_s0087,0,0,False,0.0,
control,104,88,v104_s0088,0,0,False,0.0,
control,104,89,v104_s0089,0,0,False,0.0,
control,104,90,v104_s0090,0,0,False,0.0,
control,104,91,v104_s0091,0,0,False,0.0,
control,104,92,v104_s0092,0,0,False,0.0,
control,104,93,v104_s0093,0,0,False,0.0,
control,104,94,v104_s0094,0,0,False,0.0,
control,104,95,v104_s0095,0,0,False,0.0,
control,104,96,v104_s0096,0,0,False,0.0,
control,104,97,v104_s0097,0,0,False,0.0,
control,104,98,v104_s0098,0,0,False,0.0,
control,104,99,v104_s0099,0,0,False,0.0,
control,104,100,v104_s0100,0,0,False,0.0,
control,104,101,v104_s0101,0,0,False,0.0,
control,104,102,v104_s0102,0,0,False,0.0,
control,104,103,v104_s0103,0,0,False,0.0,
control,104,104,v104_s0104,0,0,False,0.0,
control,104,105,v104_s0105,0,0,False,0.0,
control,104,106,v104_s0106,0,0,False,0.0,
control,104,107,v104_s0107,0,0,False,0.0,
control,104,108,v104_s0108,0,0,False,0.0,
control,104,109,v104_s0109,0,0,False,0.0,
control,104,110,v104_s0110,0,0,False,0.0,
control,104,111,v104_s0111,0,0,False,0.0,
control,104,112,v104_s0112,0,0,False,0.0,
control,104,113,v104_s0113,0,0,False,0.0,
control,104,114,v104_s0114,0,0,False,0.0,
control,104,115,v104_s0115,0,0,False,0.0,
control,104,116,v104_s0116,0,0,False,0.0,
control,104,117,v104_s0117,0,0,False,0.0,
control,104,118,v104_s0118,0,0,False,0.0,
control,104,119,v104_s0119,0,0,False,0.0,
control,104,120,v104_s0120,0,0,False,0.0,
control,104,121,v104_s0121,0,0,False,0.0,
control,104,122,v104_s0122,0,0,False,0.0,
control,104,123,v104_s0123,0,0,False,0.0,
control,104,124,v104_s0124,0,0,False,0.0,
control,104,125,v104_s0125,0,0,False,0.0,
control,104,126,v104_s0126,0,0,False,0.0,
control,104,127,v104_s0127,0,0,False,0.0,
control,104,128,v104_s0128,0,0,False,0.0,
control,104,129,v104_s0129,0,0,False,0.0,
control,104,130,v104_s0130,0,0,False,0.0,
control,104,131,v104_s0131,0,0,False,0.0,
control,104,132,v104_s0132,0,0,False,0.0,
control,104,133,v104_s0133,0,0,False,0.0,
control,104,134,v104_s0134,0,0,False,0.0,
control,104,135,v104_s0135,0,0,False,0.0,
control,104,136,v104_s0136,0,0,False,0.0,
control,104,137,v104_s0137,0,0,False,0.0,
control,104,138,v104_s0138,0,0,False,0.0,
control,104,139,v104_s0139,0,0,False,0.0,
control,104,140,v104_s0140,0,0,False,0.0,
control,104,141,v104_s0141,0,0,False,0.0,
control,104,142,v104_s0142,0,0,False,0.0,
control,104,143,v104_s0143,0,0,False,0.0,
control,104,144,v104_s0144,0,0,False,0.0,
control,104,145,v104_s0145,0,0,False,0.0,
control,104,146,v104_s0146,0,0,False,0.0,
control,104,147,v104_s0147,0,0,False,0.0,
control,104,148,v104_s0148,0,0,False,0.0,
control,104,149,v104_s0149,0,0,False,0.0,
control,104,150,v104_s0150,0,0,False,0.0,
control,104,151,v104_s0151,0,0,False,0.0,
control,104,152,v104_s0152,0,0,False,0.0,
control,104,153,v104_s0153,0,0,False,0.0,
control,104,154,v104_s0154,0,0,False,0.0,
control,104,155,v104_s0155,0,0,False,0.0,
control,104,156,v104_s0156,0,0,False,0.0,
control,104,157,v104_s0157,0,0,False,0.0,
control,104,158,v104_s0158,0,0,False,0.0,
control,104,159,v104_s0159,0,0,False,0.0,
control,104,160,v104_s0160,0,0,False,0.0,
control,104,161,v104_s0161,0,0,False,0.0,
control,104,162,v104_s0162,0,0,False,0.0,
control,104,163,v104_s0163,0,0,False,0.0,
control,104,164,v104_s0164,0,0,False,0.0,
control,104,165,v104_s0165,0,0,False,0.0,
control,104,166,v104_s0166,0,0,False,0.0,
control,104,167,v104_s0167,0,0,False,0.0,
control,104,168,v104_s0168,0,0,False,0.0,
control,104,169,v104_s0169,0,0,False,0.0,
control,104,170,v104_s0170,0,0,False,0.0,
control,104,171,v104_s0171,0,0,False,0.0,
control,104,172,v104_s0172,0,0,False,0.0,
control,104,173,v104_s0173,0,0,False,0.0,
control,104,174,v104_s0174,0,0,False,0.0,
control,104,175,v104_s0175,0,0,False,0.0,
control,104,176,v104_s0176,0,0,False,0.0,
control,104,177,v104_s0177,0,0,False,0.0,
control,104,178,v104_s0178,0,0,False,0.0,
control,104,179,v104_s0179,0,0,False,0.0,
control,104,180,v104_s0180,0,0,False,0.0,
control,104,181,v104_s0181,0,0,False,0.0,
control,104,182,v104_s0182,0,0,False,0.0,
control,104,183,v104_s0183,0,0,False,0.0,
control,104,184,v104_s0184,0,0,False,0.0,
control,104,185,v104_s0185,0,0,False,0.0,
control,104,186,v104_s0186,0,0,False,0.0,
control,104,187,v104_s0187,0,0,False,0.0,
control,104,188,v104_s0188,0,0,False,0.0,
control,104,189,v104_s0189,0,0,False,0.0,
control,104,190,v104_s0190,0,0,False,0.0,
control,104,191,v104_s0191,0,0,False,0.0,
control,104,192,v104_s0192,0,0,False,0.0,
control,104,193,v104_s0193,0,0,False,0.0,
control,104,194,v104_s0194,0,0,False,0.0,
control,104,195,v104_s0195,0,0,False,0.0,
control,104,196,v104_s0196,0,0,False,0.0,
control,104,197,v104_s0197,0,0,False,0.0,
control,104,198,v104_s0198,0,0,False,0.0,
control,104,199,v104_s0199,0,0,False,0.0,
control,104,200,v104_s0200,0,0,False,0.0,
control,104,201,v104_s0201,0,0,False,0.0,
control,104,202,v104_s0202,0,0,False,0.0,
control,104,203,v104_s0203,0,0,False,0.0,
control,104,204,v104_s0204,0,0,False,0.0,
control,104,205,v104_s0205,0,0,False,0.0,
control,104,206,v104_s0206,0,0,False,0.0,
control,104,207,v104_s0207,0,0,False,0.0,
control,104,208,v104_s0208,0,0,False,0.0,
control,104,209,v104_s0209,0,0,False,0.0,
control,104,210,v104_s0210,0,0,False,0.0,
control,104,211,v104_s0211,0,0,False,0.0,
control,104,212,v104_s0212,0,0,False,0.0,
control,104,213,v104_s0213,0,0,False,0.0,
control,104,214,v104_s0214,0,0,False,0.0,
control,104,215,v104_s0215,0,0,False,0.0,
control,104,216,v104_s0216,0,0,False,0.0,
control,104,217,v104_s0217,0,0,False,0.0,
control,104,218,v104_s0218,0,0,False,0.0,
control,104,219,v104_s0219,0,0,False,0.0,
control,104,220,v104_s0220,0,0,False,0.0,
control,104,221,v104_s0221,0,0,False,0.0,
control,104,222,v104_s0222,0,0,False,0.0,
control,104,223,v104_s0223,0,0,False,0.0,
control,104,224,v104_s0224,0,0,False,0.0,
control,104,225,v104_s0225,0,0,False,0.0,
control,104,226,v104_s0226,0,0,False,0.0,
control,104,227,v104_s0227,0,0,False,0.0,
control,104,228,v104_s0228,0,0,False,0.0,
control,104,229,v104_s0229,0,0,False,0.0,
control,104,230,v104_s0230,0,0,False,0.0,
control,104,231,v104_s0231,0,0,False,0.0,
control,104,232,v104_s0232,0,0,False,0.0,
control,104,233,v104_s0233,0,0,False,0.0,
control,104,234,v104_s0234,0,0,False,0.0,
control,104,235,v104_s0235,0,0,False,0.0,
control,104,236,v104_s0236,0,0,False,0.0,
control,104,237,v104_s0237,0,0,False,0.0,
control,104,238,v104_s0238,0,0,False,0.0,
control,104,239,v104_s0239,0,0,False,0.0,
control,104,240,v104_s0240,0,0,False,0.0,
control,104,241,v104_s0241,0,0,False,0.0,
control,104,242,v104_s0242,0,0,False,0.0,
control,104,243,v104_s0243,0,0,False,0.0,
control,104,244,v104_s0244,0,0,False,0.0,
control,104,245,v104_s0245,0,0,False,0.0,
control,104,246,v104_s0246,0,0,False,0.0,
control,104,247,v104_s0247,0,0,False,0.0,
control,104,248,v104_s0248,0,0,False,0.0,
control,104,249,v104_s0249,0,0,False,0.0,
control,104,250,v104_s0250,0,0,False,0.0,
control,104,251,v104_s0251,0,0,False,0.0,
control,104,252,v104_s0252,0,0,False,0.0,
control,104,253,v104_s0253,0,0,False,0.0,
control,104,254,v104_s0254,0,0,False,0.0,
control,104,255,v104_s0255,0,0,False,0.0,
control,104,256,v104_s0256,0,0,False,0.0,
control,104,257,v104_s0257,0,0,False,0.0,
control,104,258,v104_s0258,0,0,False,0.0,
control,104,259,v104_s0259,0,0,False,0.0,
control,104,260,v104_s0260,0,0,False,0.0,
control,104,261,v104_s0261,0,0,False,0.0,
control,104,262,v104_s0262,0,0,False,0.0,
control,104,263,v104_s0263,0,0,False,0.0,
control,104,264,v104_s0264,0,0,False,0.0,
control,104,265,v104_s0265,0,0,False,0.0,
control,104,266,v104_s0266,0,0,False,0.0,
control,104,267,v104_s0267,0,0,False,0.0,
control,104,268,v104_s0268,0,0,False,0.0,
control,104,269,v104_s0269,0,0,False,0.0,
control,104,270,v104_s0270,0,0,False,0.0,
control,104,271,v104_s0271,0,0,False,0.0,
control,104,272,v104_s0272,0,0,False,0.0,
control,104,273,v104_s0273,0,0,False,0.0,
control,104,274,v104_s0274,0,0,False,0.0,
control,104,275,v104_s0275,0,0,False,0.0,
control,104,276,v104_s0276,0,0,False,0.0,
control,104,277,v104_s0277,0,0,False,0.0,
control,104,278,v104_s0278,0,0,False,0.0,
control,104,279,v104_s0279,0,0,False,0.0,
control,104,280,v104_s0280,0,0,False,0.0,
control,104,281,v104_s0281,0,0,False,0.0,
control,104,282,v104_s0282,27,0,False,0.0,0.0
control,104,283,v104_s0283,34,0,False,0.0,0.0
control,104,284,v104_s0284,48,0,False,0.0,0.0
control,104,285,v104_s0285,68,0,False,0.0,0.0
control,104,286,v104_s0286,69,0,False,0.0,0.0
control,104,287,v104_s0287,76,0,False,0.0,0.0
control,104,288,v104_s0288,79,0,False,0.0,0.0
control,104,289,v104_s0289,87,0,False,0.0,0.0
control,104,290,v104_s0290,96,0,False,0.0,0.0
control,104,291,v104_s0291,93,0,False,0.0,0.0
control,104,292,v104_s0292,74,0,False,0.0,0.0
control,104,293,v104_s0293,74,0,False,0.0,0.0
control,104,294,v104_s0294,79,0,False,0.0,0.0
control,104,295,v104_s0295,83,0,False,0.0,0.0
control,104,296,v104_s0296,98,0,False,0.0,0.0
control,104,297,v104_s0297,135,0,False,0.0,0.0
control,104,298,v104_s0298,180,0,False,0.0,0.0
control,104,299,v104_s0299,167,0,False,0.0,0.0
control,104,300,v104_s0300,155,0,False,0.0,0.0
control,104,301,v104_s0301,165,0,False,0.0,0.0
control,104,302,v104_s0302,159,0,False,0.0,0.0
control,104,303,v104_s0303,135,0,False,0.0,0.0
control,104,304,v104_s0304,120,0,False,0.0,0.0
control,104,305,v104_s0305,130,0,False,0.0,0.0
control,104,306,v104_s0306,106,0,False,0.0,0.0
control,104,307,v104_s0307,100,0,False,0.0,0.0
control,104,308,v104_s0308,97,0,False,0.0,0.0
control,104,309,v104_s0309,105,0,False,0.0,0.0
control,104,310,v104_s0310,121,0,False,0.0,0.0
control,104,311,v104_s0311,148,0,False,0.0,0.0
control,104,312,v104_s0312,203,0,False,0.0,0.0
control,104,313,v104_s0313,313,0,False,0.0,0.0
control,104,314,v104_s0314,338,0,False,0.0,0.0
control,104,315,v104_s0315,388,18,True,1.0,1.0
control,104,316,v104_s0316,471,0,False,0.0,0.0
control,104,317,v104_s0317,506,0,False,0.0,0.0
control,104,318,v104_s0318,520,0,False,0.0,0.0
control,104,319,v104_s0319,594,113,True,1.0,0.9951171875
control,104,320,v104_s0320,631,66,True,0.99609375,0.99609375
control,104,321,v104_s0321,665,0,False,0.0,0.0
control,104,322,v104_s0322,705,0,False,0.0,0.0
control,104,323,v104_s0323,754,0,False,0.0,0.0
control,104,324,v104_s0324,773,3,True,0.95703125,0.95703125
control,104,325,v104_s0325,814,1,True,0.85888671875,0.85888671875
control,104,326,v104_s0326,837,6,False,0.99072265625,0.0
control,104,327,v104_s0327,854,0,False,0.10137939453125,0.0
control,104,328,v104_s0328,864,0,False,1.9669532775878906e-06,1.9669532775878906e-06
control,104,329,v104_s0329,913,0,False,0.0,0.0
control,104,330,v104_s0330,977,0,False,0.00024044513702392578,0.0
control,104,331,v104_s0331,1006,0,False,0.0,0.0
control,104,332,v104_s0332,1038,0,False,0.0,0.0
control,104,333,v104_s0333,1068,0,False,0.0,0.0
control,104,334,v104_s0334,1046,0,False,0.0,0.0
control,104,335,v104_s0335,1079,0,False,0.0,0.0
control,104,336,v104_s0336,1098,0,False,0.0,0.0
control,104,337,v104_s0337,1125,0,False,0.0,0.0
control,104,338,v104_s0338,1141,0,False,0.0,0.0
control,104,339,v104_s0339,1145,0,False,0.0,0.0
control,104,340,v104_s0340,1145,0,False,0.0,0.0
control,104,341,v104_s0341,1165,0,False,0.0,0.0
control,104,342,v104_s0342,1169,0,False,0.0,0.0
control,104,343,v104_s0343,1179,0,False,0.0,0.0
control,104,344,v104_s0344,1180,0,False,0.0,0.0
control,104,345,v104_s0345,1191,0,False,0.0,0.0
control,104,346,v104_s0346,1207,0,False,0.0,0.0
control,104,347,v104_s0347,1221,0,False,0.0,0.0
control,104,348,v104_s0348,1242,0,False,0.0,0.0
control,104,349,v104_s0349,1227,0,False,0.0,0.0
control,104,350,v104_s0350,1218,44,False,1.0,0.0
control,104,351,v104_s0351,1207,35,False,1.0,0.0
control,104,352,v104_s0352,1226,0,False,0.0,0.0
control,104,353,v104_s0353,1239,0,False,0.0,0.0
control,104,354,v104_s0354,1267,0,False,0.0,0.0
control,104,355,v104_s0355,1273,0,False,2.0265579223632812e-06,0.0
control,104,356,v104_s0356,1230,20,False,1.0,0.0
control,104,357,v104_s0357,1225,0,False,0.0,0.0
control,104,358,v104_s0358,1216,17,False,1.0,0.0
control,104,359,v104_s0359,1214,22,False,1.0,5.960464477539063e-08
control,104,360,v104_s0360,1193,13,False,1.0,0.0
control,104,361,v104_s0361,1155,0,False,0.0,0.0
control,104,362,v104_s0362,1149,0,False,0.0,0.0
control,104,363,v104_s0363,1110,0,False,0.0,0.0
control,104,364,v104_s0364,1089,0,False,0.0,0.0
control,104,365,v104_s0365,1062,0,False,0.0,0.0
control,104,366,v104_s0366,1050,0,False,0.0,0.0
control,104,367,v104_s0367,1037,0,False,0.0,0.0
control,104,368,v104_s0368,988,0,False,0.0,0.0
control,104,369,v104_s0369,975,0,False,0.0,0.0
control,104,370,v104_s0370,960,1,True,0.5400390625,0.5400390625
control,104,371,v104_s0371,892,52,True,0.99951171875,0.99951171875
control,104,372,v104_s0372,867,70,True,0.994140625,0.994140625
control,104,373,v104_s0373,826,199,True,1.0,1.0
control,104,374,v104_s0374,749,224,True,1.0,1.0
control,104,375,v104_s0375,696,194,True,1.0,1.0
control,104,376,v104_s0376,644,258,True,1.0,1.0
control,104,377,v104_s0377,601,238,True,1.0,1.0
control,104,378,v104_s0378,561,166,True,1.0,1.0
control,104,379,v104_s0379,507,253,True,1.0,1.0
control,104,380,v104_s0380,452,281,True,1.0,1.0
control,104,381,v104_s0381,412,184,True,1.0,1.0
control,104,382,v104_s0382,364,259,True,1.0,1.0
control,104,383,v104_s0383,202,252,True,1.0,1.0
control,104,384,v104_s0384,130,214,True,1.0,1.0
control,104,385,v104_s0385,25,146,False,1.0,0.0
control,104,386,v104_s0386,14,170,False,1.0,0.0
control,104,387,v104_s0387,0,153,False,1.0,
control,104,388,v104_s0388,0,21,False,1.0,
control,104,389,v104_s0389,0,15,False,1.0,
control,104,390,v104_s0390,0,20,False,1.0,
control,104,391,v104_s0391,0,0,False,0.0,
control,104,392,v104_s0392,0,0,False,0.0,
control,104,393,v104_s0393,0,0,False,0.0,
control,104,394,v104_s0394,0,0,False,0.0,
control,104,395,v104_s0395,0,0,False,0.0,
control,104,396,v104_s0396,0,0,False,0.0,
control,104,397,v104_s0397,0,14,False,1.0,
control,104,398,v104_s0398,0,0,False,0.0,
control,104,399,v104_s0399,0,0,False,0.0,
control,104,400,v104_s0400,0,0,False,0.0,
control,104,401,v104_s0401,0,0,False,0.0,
control,104,402,v104_s0402,0,0,False,0.0,
control,104,403,v104_s0403,0,0,False,0.0,
control,104,404,v104_s0404,0,0,False,0.0,
control,104,405,v104_s0405,0,0,False,0.0,
control,104,406,v104_s0406,0,18,False,1.0,
control,104,407,v104_s0407,0,20,False,1.0,
control,104,408,v104_s0408,0,0,False,0.0,
control,104,409,v104_s0409,0,0,False,0.0,
control,104,410,v104_s0410,0,38,False,1.0,
control,104,411,v104_s0411,0,48,False,1.0,
control,104,412,v104_s0412,0,28,False,1.0,
control,104,413,v104_s0413,5,12,True,1.0,1.0
control,104,414,v104_s0414,8,17,True,1.0,1.0
control,104,415,v104_s0415,7,16,True,1.0,1.0
control,104,416,v104_s0416,6,8,True,1.0,1.0
control,104,417,v104_s0417,2,0,False,0.0,0.0
control,104,418,v104_s0418,0,0,False,0.0,
control,104,419,v104_s0419,0,16,False,1.0,
control,104,420,v104_s0420,0,0,False,0.0,
control,104,421,v104_s0421,0,0,False,0.0,
control,104,422,v104_s0422,0,0,False,0.0,
control,104,423,v104_s0423,2,0,False,0.0,0.0
control,104,424,v104_s0424,3,0,False,0.0,0.0
control,104,425,v104_s0425,5,0,False,1.0609626770019531e-05,3.2782554626464844e-06
control,104,426,v104_s0426,8,20,True,1.0,1.0
control,104,427,v104_s0427,10,22,True,1.0,1.0
control,104,428,v104_s0428,12,18,True,1.0,1.0
control,104,429,v104_s0429,13,19,True,1.0,1.0
control,104,430,v104_s0430,10,20,True,1.0,1.0
control,104,431,v104_s0431,5,14,True,1.0,1.0
control,104,432,v104_s0432,3,14,True,1.0,1.0
control,104,433,v104_s0433,4,10,True,1.0,1.0
control,104,434,v104_s0434,4,11,False,1.0,0.0
control,104,435,v104_s0435,0,0,False,5.960464477539063e-08,
control,104,436,v104_s0436,0,24,False,1.0,
control,104,437,v104_s0437,0,0,False,0.0,
control,104,438,v104_s0438,0,0,False,0.0,
control,104,439,v104_s0439,0,32,False,1.0,
control,104,440,v104_s0440,0,0,False,0.0,
control,104,441,v104_s0441,0,9,False,0.99951171875,
control,104,442,v104_s0442,0,22,False,1.0,
control,104,443,v104_s0443,0,0,False,0.0,
control,104,444,v104_s0444,0,0,False,0.0,
control,104,445,v104_s0445,0,0,False,0.0,
control,104,446,v104_s0446,0,0,False,0.0,
control,104,447,v104_s0447,0,2,False,0.80517578125,
control,104,448,v104_s0448,0,67,False,1.0,
control,104,449,v104_s0449,0,40,False,1.0,
control,104,450,v104_s0450,0,0,False,0.0,
control,104,451,v104_s0451,0,0,False,0.0,
control,104,452,v104_s0452,0,0,False,0.0075531005859375,
control,104,453,v104_s0453,0,0,False,0.0,
control,104,454,v104_s0454,0,0,False,0.0,
control,104,455,v104_s0455,0,32,False,1.0,
control,104,456,v104_s0456,0,0,False,0.0,
control,104,457,v104_s0457,0,0,False,0.0,
control,104,458,v104_s0458,0,0,False,0.0,
control,104,459,v104_s0459,0,0,False,0.0,
control,104,460,v104_s0460,0,23,False,1.0,
control,104,461,v104_s0461,0,0,False,0.03228759765625,
control,104,462,v104_s0462,0,18,False,1.0,
control,104,463,v104_s0463,0,56,False,1.0,
control,104,464,v104_s0464,0,0,False,0.0,
control,104,465,v104_s0465,0,0,False,0.0,
control,104,466,v104_s0466,0,0,False,0.0,
control,104,467,v104_s0467,0,0,False,0.0,
control,104,468,v104_s0468,0,0,False,0.0,
control,104,469,v104_s0469,0,0,False,0.0,
control,104,470,v104_s0470,0,0,False,0.0,
control,104,471,v104_s0471,0,0,False,0.0,
control,104,472,v104_s0472,0,0,False,0.0,
control,104,473,v104_s0473,0,0,False,0.0,
control,104,474,v104_s0474,0,0,False,0.0,
control,104,475,v104_s0475,0,0,False,0.0,
control,104,476,v104_s0476,0,0,False,0.0,
control,104,477,v104_s0477,0,0,False,0.0,
control,104,478,v104_s0478,0,0,False,0.0,
control,104,479,v104_s0479,0,0,False,0.0,
control,104,480,v104_s0480,0,0,False,0.0,
control,104,481,v104_s0481,0,0,False,0.0,
control,104,482,v104_s0482,0,0,False,0.0,
control,104,483,v104_s0483,0,0,False,0.0,
control,104,484,v104_s0484,0,0,False,0.0,
control,104,485,v104_s0485,0,0,False,0.0,
control,104,486,v104_s0486,0,0,False,0.0,
control,104,487,v104_s0487,0,0,False,0.0,
control,104,488,v104_s0488,0,0,False,0.0,
control,104,489,v104_s0489,0,0,False,0.0,
control,104,490,v104_s0490,0,0,False,0.0,
control,104,491,v104_s0491,0,0,False,0.0,
control,104,492,v104_s0492,0,0,False,0.0,
control,104,493,v104_s0493,0,0,False,0.0,
control,104,494,v104_s0494,0,0,False,0.0,
control,104,495,v104_s0495,0,0,False,0.0,
control,104,496,v104_s0496,0,0,False,0.0,
control,104,497,v104_s0497,0,0,False,0.0,
control,104,498,v104_s0498,0,0,False,0.0,
control,104,499,v104_s0499,0,0,False,0.0,
control,104,500,v104_s0500,0,0,False,0.0,
control,104,501,v104_s0501,0,0,False,0.0,
control,104,502,v104_s0502,0,0,False,0.0,
control,104,503,v104_s0503,0,0,False,0.0,
control,104,504,v104_s0504,0,0,False,0.0,
control,104,505,v104_s0505,0,0,False,0.0,
control,104,506,v104_s0506,0,0,False,0.0,
control,104,507,v104_s0507,0,0,False,0.0,
control,104,508,v104_s0508,0,0,False,0.0,
control,104,509,v104_s0509,0,0,False,0.0,
control,104,510,v104_s0510,0,0,False,0.0,
control,104,511,v104_s0511,0,0,False,0.0,
control,104,512,v104_s0512,0,0,False,0.0,
control,104,513,v104_s0513,0,0,False,0.0,
control,104,514,v104_s0514,0,0,False,0.0,
control,104,515,v104_s0515,0,0,False,0.0,
control,104,516,v104_s0516,0,0,False,0.0,
control,104,517,v104_s0517,0,0,False,0.0,
control,104,518,v104_s0518,0,0,False,0.0,
control,104,519,v104_s0519,0,0,False,0.0,
control,104,520,v104_s0520,0,0,False,0.0,
control,104,521,v104_s0521,0,0,False,0.0,
control,104,522,v104_s0522,0,0,False,0.0,
control,104,523,v104_s0523,0,0,False,0.0,
control,104,524,v104_s0524,0,0,False,0.0,
control,104,525,v104_s0525,0,0,False,0.0,
control,104,526,v104_s0526,0,0,False,0.0,
control,104,527,v104_s0527,0,0,False,0.0,
control,104,528,v104_s0528,0,0,False,0.0,
control,104,529,v104_s0529,0,0,False,0.0,
control,104,530,v104_s0530,0,0,False,0.0,
control,104,531,v104_s0531,0,0,False,0.0,
control,104,532,v104_s0532,0,0,False,0.0,
control,104,533,v104_s0533,0,0,False,0.0,
control,104,534,v104_s0534,0,0,False,0.0,
control,104,535,v104_s0535,0,0,False,0.0,
control,104,536,v104_s0536,0,0,False,0.0,
control,104,537,v104_s0537,0,0,False,0.0,
control,104,538,v104_s0538,0,0,False,0.0,
control,104,539,v104_s0539,0,0,False,0.0,
control,104,540,v104_s0540,0,0,False,0.0,
control,104,541,v104_s0541,0,0,False,0.0,
control,104,542,v104_s0542,0,0,False,0.0,
control,104,543,v104_s0543,0,0,False,0.0,
control,104,544,v104_s0544,0,0,False,0.0,
control,104,545,v104_s0545,0,0,False,0.0,
control,104,546,v104_s0546,0,0,False,0.0,
control,104,547,v104_s0547,0,0,False,0.0,
control,104,548,v104_s0548,0,0,False,0.0,
control,104,549,v104_s0549,0,0,False,0.0,
control,104,550,v104_s0550,0,0,False,0.0,
control,104,551,v104_s0551,0,0,False,0.0,
control,104,552,v104_s0552,0,0,False,0.0,
control,104,553,v104_s0553,0,0,False,0.0,
control,104,554,v104_s0554,0,0,False,0.0,
control,104,555,v104_s0555,0,0,False,0.0,
control,104,556,v104_s0556,0,0,False,0.0,
control,104,557,v104_s0557,0,0,False,0.0,
control,104,558,v104_s0558,0,0,False,0.0,
control,104,559,v104_s0559,0,0,False,0.0,
control,104,560,v104_s0560,0,0,False,0.0,
control,104,561,v104_s0561,0,0,False,0.0,
control,104,562,v104_s0562,0,0,False,0.0,
control,104,563,v104_s0563,0,0,False,0.0,
control,104,564,v104_s0564,0,0,False,0.0,
control,104,565,v104_s0565,0,0,False,0.0,
control,104,566,v104_s0566,0,0,False,0.0,
control,104,567,v104_s0567,0,0,False,0.0,
control,104,568,v104_s0568,0,0,False,0.0,
control,104,569,v104_s0569,0,0,False,0.0,
control,104,570,v104_s0570,0,0,False,0.0,
control,104,571,v104_s0571,0,0,False,0.0,
control,104,572,v104_s0572,0,0,False,0.0,
control,104,573,v104_s0573,0,0,False,0.0,
control,104,574,v104_s0574,0,0,False,0.0,
control,104,575,v104_s0575,0,0,False,0.0,
control,104,576,v104_s0576,0,0,False,0.0,
control,104,577,v104_s0577,0,0,False,0.0,
control,104,578,v104_s0578,0,0,False,0.0,
control,104,579,v104_s0579,0,0,False,0.0,
control,104,580,v104_s0580,0,0,False,0.0,
control,104,581,v104_s0581,0,0,False,0.0,
control,104,582,v104_s0582,0,0,False,0.0,
control,104,583,v104_s0583,0,0,False,0.0,
control,104,584,v104_s0584,0,0,False,0.0,
control,104,585,v104_s0585,0,0,False,0.0,
control,104,586,v104_s0586,0,0,False,0.0,
control,104,587,v104_s0587,0,0,False,0.0,
control,104,588,v104_s0588,0,0,False,0.0,
control,104,589,v104_s0589,0,0,False,0.0,
control,104,590,v104_s0590,0,0,False,0.0,
control,104,591,v104_s0591,0,0,False,0.0,
control,104,592,v104_s0592,0,0,False,0.0,
control,104,593,v104_s0593,0,0,False,0.0,
control,104,594,v104_s0594,0,0,False,0.0,
control,104,595,v104_s0595,0,0,False,0.0,
control,104,596,v104_s0596,0,0,False,0.0,
control,104,597,v104_s0597,0,0,False,0.0,
control,104,598,v104_s0598,0,0,False,0.0,
control,104,599,v104_s0599,0,0,False,0.0,
control,104,600,v104_s0600,0,0,False,0.0,
control,104,601,v104_s0601,0,0,False,0.0,
control,104,602,v104_s0602,0,0,False,0.0,
control,104,603,v104_s0603,0,0,False,0.0,
control,104,604,v104_s0604,0,0,False,0.0,
control,104,605,v104_s0605,0,0,False,0.0,
control,104,606,v104_s0606,0,0,False,0.0,
control,104,607,v104_s0607,0,0,False,0.0,
control,104,608,v104_s0608,0,0,False,0.0,
control,104,609,v104_s0609,0,0,False,0.0,
control,104,610,v104_s0610,0,0,False,0.0,
control,104,611,v104_s0611,0,0,False,0.0,
control,104,612,v104_s0612,0,0,False,0.0,
control,104,613,v104_s0613,0,0,False,0.0,
control,104,614,v104_s0614,0,0,False,0.0,
control,104,615,v104_s0615,0,0,False,0.0,
control,104,616,v104_s0616,0,0,False,0.0,
control,104,617,v104_s0617,0,0,False,0.0,
control,104,618,v104_s0618,0,0,False,0.0,
control,104,619,v104_s0619,0,0,False,0.0,
control,104,620,v104_s0620,0,0,False,0.0,
control,104,621,v104_s0621,0,0,False,0.0,
control,104,622,v104_s0622,0,0,False,0.0,
control,104,623,v104_s0623,0,0,False,0.0,
control,104,624,v104_s0624,0,0,False,0.0,
control,104,625,v104_s0625,0,0,False,0.0,
control,104,626,v104_s0626,0,0,False,0.0,
control,104,627,v104_s0627,0,0,False,0.0,
control,104,628,v104_s0628,0,0,False,0.0,
control,104,629,v104_s0629,0,0,False,0.0,
control,104,630,v104_s0630,0,0,False,0.0,
control,104,631,v104_s0631,0,0,False,0.0,
control,104,632,v104_s0632,0,0,False,0.0,
control,104,633,v104_s0633,0,0,False,0.0,
control,104,634,v104_s0634,0,0,False,0.0,
control,104,635,v104_s0635,0,0,False,0.0,
control,104,636,v104_s0636,0,0,False,0.0,
control,104,637,v104_s0637,0,0,False,0.0,
control,104,638,v104_s0638,0,0,False,0.0,
control,104,639,v104_s0639,0,0,False,0.0,
control,104,640,v104_s0640,0,0,False,0.0,
control,104,641,v104_s0641,0,0,False,0.0,
control,104,642,v104_s0642,0,0,False,0.0,
control,104,643,v104_s0643,0,0,False,0.0,
control,104,644,v104_s0644,0,0,False,0.0,
control,104,645,v104_s0645,0,0,False,0.0,
control,104,646,v104_s0646,0,0,False,0.0,
control,104,647,v104_s0647,0,0,False,0.0,
control,104,648,v104_s0648,0,0,False,0.0,
control,104,649,v104_s0649,0,0,False,0.0,
control,104,650,v104_s0650,0,0,False,0.0,
control,104,651,v104_s0651,0,0,False,0.0,
control,104,652,v104_s0652,0,0,False,0.0,
control,104,653,v104_s0653,0,0,False,0.0,
control,104,654,v104_s0654,0,0,False,0.0,
control,104,655,v104_s0655,0,0,False,0.0,
control,104,656,v104_s0656,0,0,False,0.0,
control,104,657,v104_s0657,0,0,False,0.0,
control,104,658,v104_s0658,0,0,False,0.0,
control,104,659,v104_s0659,0,0,False,0.0,
control,104,660,v104_s0660,0,0,False,0.0,
control,104,661,v104_s0661,0,0,False,0.0,
control,104,662,v104_s0662,0,0,False,0.0,
control,104,663,v104_s0663,0,0,False,0.0,
control,104,664,v104_s0664,0,0,False,0.0,
control,104,665,v104_s0665,0,0,False,0.0,
control,104,666,v104_s0666,0,0,False,0.0,
control,104,667,v104_s0667,0,0,False,0.0,
control,104,668,v104_s0668,0,0,False,0.0,
control,104,669,v104_s0669,0,0,False,0.0,
control,104,670,v104_s0670,0,0,False,0.0,
control,104,671,v104_s0671,0,0,False,0.0,
control,104,672,v104_s0672,0,0,False,0.0,
control,104,673,v104_s0673,0,0,False,0.0,
control,104,674,v104_s0674,0,0,False,0.0,
control,104,675,v104_s0675,0,0,False,0.0,
control,104,676,v104_s0676,0,0,False,0.0,
control,104,677,v104_s0677,0,0,False,0.0,
control,104,678,v104_s0678,0,0,False,0.0,
control,104,679,v104_s0679,0,0,False,0.0,
control,104,680,v104_s0680,0,0,False,0.0,
control,104,681,v104_s0681,0,0,False,0.0,
control,104,682,v104_s0682,0,0,False,0.0,
control,104,683,v104_s0683,0,0,False,0.0,
control,104,684,v104_s0684,0,0,False,0.0,
control,104,685,v104_s0685,0,0,False,0.0,
control,104,686,v104_s0686,0,0,False,0.0,
control,104,687,v104_s0687,0,0,False,0.0,
control,104,688,v104_s0688,0,0,False,0.0,
control,104,689,v104_s0689,0,0,False,0.0,
control,104,690,v104_s0690,0,0,False,0.0,
control,104,691,v104_s0691,0,0,False,0.0,
control,104,692,v104_s0692,0,0,False,0.0,
control,104,693,v104_s0693,0,0,False,0.0,
control,104,694,v104_s0694,0,0,False,0.0,
control,104,695,v104_s0695,0,0,False,0.0,
control,104,696,v104_s0696,0,0,False,0.0,
control,104,697,v104_s0697,0,0,False,0.0,
control,104,698,v104_s0698,0,0,False,0.0,
control,104,699,v104_s0699,0,0,False,0.0,
control,104,700,v104_s0700,0,0,False,0.0,
control,104,701,v104_s0701,0,0,False,0.0,
control,104,702,v104_s0702,0,0,False,0.0,
control,104,703,v104_s0703,0,0,False,0.0,
control,104,704,v104_s0704,0,0,False,0.0,
control,104,705,v104_s0705,0,0,False,0.0,
control,104,706,v104_s0706,0,0,False,0.0,
control,104,707,v104_s0707,0,0,False,0.0,
control,104,708,v104_s0708,0,0,False,0.0,
control,104,709,v104_s0709,0,0,False,0.0,
control,104,710,v104_s0710,0,0,False,0.0,
control,104,711,v104_s0711,0,0,False,0.0,
control,104,712,v104_s0712,0,0,False,0.0,
control,104,713,v104_s0713,0,0,False,0.0,
control,104,714,v104_s0714,0,0,False,0.0,
control,104,715,v104_s0715,0,0,False,0.0,
control,104,716,v104_s0716,0,0,False,0.0,
control,104,717,v104_s0717,0,0,False,0.0,
control,104,718,v104_s0718,0,0,False,0.0,
control,104,719,v104_s0719,0,0,False,0.0,
control,104,720,v104_s0720,0,0,False,0.0,
control,104,721,v104_s0721,0,0,False,0.0,
control,104,722,v104_s0722,0,0,False,0.0,
control,104,723,v104_s0723,0,0,False,0.0,
control,104,724,v104_s0724,0,0,False,0.0,
control,104,725,v104_s0725,0,0,False,0.0,
control,104,726,v104_s0726,0,0,False,0.0,
control,104,727,v104_s0727,0,0,False,0.0,
control,104,728,v104_s0728,0,0,False,0.0,
control,104,729,v104_s0729,0,0,False,0.0,
control,104,730,v104_s0730,0,0,False,0.0,
control,104,731,v104_s0731,0,0,False,0.0,
control,104,732,v104_s0732,0,0,False,0.0,
control,104,733,v104_s0733,0,0,False,0.0,
control,104,734,v104_s0734,0,0,False,0.0,
control,104,735,v104_s0735,0,0,False,0.0,
control,104,736,v104_s0736,0,0,False,0.0,
control,104,737,v104_s0737,0,0,False,0.0,
control,104,738,v104_s0738,0,0,False,0.0,
control,104,739,v104_s0739,0,0,False,0.0,
control,104,740,v104_s0740,0,0,False,0.0,
control,104,741,v104_s0741,0,0,False,0.0,
control,104,742,v104_s0742,0,0,False,0.0,
control,104,743,v104_s0743,0,0,False,0.0,
control,104,744,v104_s0744,0,0,False,0.0,
control,104,745,v104_s0745,0,0,False,0.0,
control,104,746,v104_s0746,0,0,False,0.0,
control,104,747,v104_s0747,0,0,False,0.0,
control,104,748,v104_s0748,0,0,False,0.0,
control,104,749,v104_s0749,0,0,False,0.0,
control,104,750,v104_s0750,0,0,False,0.0,
control,104,751,v104_s0751,0,0,False,0.0,
control,104,752,v104_s0752,0,0,False,0.0,
control,104,753,v104_s0753,0,0,False,0.0,
control,104,754,v104_s0754,0,0,False,0.0,
control,104,755,v104_s0755,0,0,False,0.0,
control,104,756,v104_s0756,0,0,False,0.0,
control,104,757,v104_s0757,0,0,False,0.0,
control,104,758,v104_s0758,0,0,False,0.0,
control,104,759,v104_s0759,0,0,False,0.0,
control,104,760,v104_s0760,0,0,False,0.0,
control,104,761,v104_s0761,0,0,False,0.0,
control,104,762,v104_s0762,0,0,False,0.0,
control,104,763,v104_s0763,0,0,False,0.0,
control,104,764,v104_s0764,0,0,False,0.0,
control,104,765,v104_s0765,0,0,False,0.0,
control,104,766,v104_s0766,0,0,False,0.0,
control,104,767,v104_s0767,0,0,False,0.0,
control,104,768,v104_s0768,0,0,False,0.0,
control,104,769,v104_s0769,0,0,False,0.0,
control,104,770,v104_s0770,0,0,False,0.0,
control,104,771,v104_s0771,0,0,False,0.0,
control,104,772,v104_s0772,0,0,False,0.0,
control,104,773,v104_s0773,0,0,False,0.0,
control,104,774,v104_s0774,0,0,False,0.0,
control,104,775,v104_s0775,0,0,False,0.0,
control,104,776,v104_s0776,0,0,False,0.0,
control,104,777,v104_s0777,0,0,False,0.0,
control,104,778,v104_s0778,0,0,False,0.0,
control,104,779,v104_s0779,0,0,False,0.0,
control,104,780,v104_s0780,0,0,False,0.0,
control,105,0,v105_s0000,0,0,False,0.0,
control,105,1,v105_s0001,0,0,False,0.0,
control,105,2,v105_s0002,0,0,False,0.0,
control,105,3,v105_s0003,0,0,False,0.0,
control,105,4,v105_s0004,0,0,False,0.0,
control,105,5,v105_s0005,0,0,False,0.0,
control,105,6,v105_s0006,0,0,False,0.0,
control,105,7,v105_s0007,0,0,False,0.0,
control,105,8,v105_s0008,0,0,False,0.0,
control,105,9,v105_s0009,0,0,False,0.0,
control,105,10,v105_s0010,0,0,False,0.0,
control,105,11,v105_s0011,0,0,False,0.0,
control,105,12,v105_s0012,0,0,False,0.0,
control,105,13,v105_s0013,0,0,False,0.0,
control,105,14,v105_s0014,0,0,False,0.0,
control,105,15,v105_s0015,0,0,False,0.0,
control,105,16,v105_s0016,0,0,False,0.0,
control,105,17,v105_s0017,0,0,False,0.0,
control,105,18,v105_s0018,0,0,False,0.0,
control,105,19,v105_s0019,0,0,False,0.0,
control,105,20,v105_s0020,0,0,False,0.0,
control,105,21,v105_s0021,0,0,False,0.0,
control,105,22,v105_s0022,0,0,False,0.0,
control,105,23,v105_s0023,0,0,False,0.0,
control,105,24,v105_s0024,0,0,False,0.0,
control,105,25,v105_s0025,0,0,False,0.0,
control,105,26,v105_s0026,0,0,False,0.0,
control,105,27,v105_s0027,0,0,False,0.0,
control,105,28,v105_s0028,0,0,False,0.0,
control,105,29,v105_s0029,0,0,False,0.0,
control,105,30,v105_s0030,0,0,False,0.0,
control,105,31,v105_s0031,0,0,False,0.0,
control,105,32,v105_s0032,0,0,False,0.0,
control,105,33,v105_s0033,0,0,False,0.0,
control,105,34,v105_s0034,0,0,False,0.0,
control,105,35,v105_s0035,0,0,False,0.0,
control,105,36,v105_s0036,0,0,False,0.0,
control,105,37,v105_s0037,0,0,False,0.0,
control,105,38,v105_s0038,0,0,False,0.0,
control,105,39,v105_s0039,0,0,False,0.0,
control,105,40,v105_s0040,0,0,False,0.0,
control,105,41,v105_s0041,0,0,False,0.0,
control,105,42,v105_s0042,0,0,False,0.0,
control,105,43,v105_s0043,0,0,False,0.0,
control,105,44,v105_s0044,0,0,False,0.0,
control,105,45,v105_s0045,0,0,False,0.0,
control,105,46,v105_s0046,0,0,False,0.0,
control,105,47,v105_s0047,0,0,False,0.0,
control,105,48,v105_s0048,0,0,False,0.0,
control,105,49,v105_s0049,0,0,False,0.0,
control,105,50,v105_s0050,0,0,False,0.0,
control,105,51,v105_s0051,0,0,False,0.0,
control,105,52,v105_s0052,0,0,False,0.0,
control,105,53,v105_s0053,0,0,False,0.0,
control,105,54,v105_s0054,0,0,False,0.0,
control,105,55,v105_s0055,0,0,False,0.0,
control,105,56,v105_s0056,0,0,False,0.0,
control,105,57,v105_s0057,0,0,False,0.0,
control,105,58,v105_s0058,0,0,False,0.0,
control,105,59,v105_s0059,0,0,False,0.0,
control,105,60,v105_s0060,0,0,False,0.0,
control,105,61,v105_s0061,0,0,False,0.0,
control,105,62,v105_s0062,0,0,False,0.0,
control,105,63,v105_s0063,0,0,False,0.0,
control,105,64,v105_s0064,0,0,False,0.0,
control,105,65,v105_s0065,0,0,False,0.0,
control,105,66,v105_s0066,0,0,False,0.0,
control,105,67,v105_s0067,0,0,False,0.0,
control,105,68,v105_s0068,0,0,False,0.0,
control,105,69,v105_s0069,0,0,False,0.0,
control,105,70,v105_s0070,0,0,False,0.0,
control,105,71,v105_s0071,0,0,False,0.0,
control,105,72,v105_s0072,0,0,False,0.0,
control,105,73,v105_s0073,0,0,False,0.0,
control,105,74,v105_s0074,0,0,False,0.0,
control,105,75,v105_s0075,0,0,False,0.0,
control,105,76,v105_s0076,0,0,False,0.0,
control,105,77,v105_s0077,0,0,False,0.0,
control,105,78,v105_s0078,0,0,False,0.0,
control,105,79,v105_s0079,0,0,False,0.0,
control,105,80,v105_s0080,0,0,False,0.0,
control,105,81,v105_s0081,0,0,False,0.0,
control,105,82,v105_s0082,0,0,False,0.0,
control,105,83,v105_s0083,0,0,False,0.0,
control,105,84,v105_s0084,0,0,False,0.0,
control,105,85,v105_s0085,0,0,False,0.0,
control,105,86,v105_s0086,0,0,False,0.0,
control,105,87,v105_s0087,0,0,False,0.0,
control,105,88,v105_s0088,0,0,False,0.0,
control,105,89,v105_s0089,0,0,False,0.0,
control,105,90,v105_s0090,0,0,False,0.0,
control,105,91,v105_s0091,0,0,False,0.0,
control,105,92,v105_s0092,0,0,False,0.0,
control,105,93,v105_s0093,0,0,False,0.0,
control,105,94,v105_s0094,0,0,False,0.0,
control,105,95,v105_s0095,0,0,False,0.0,
control,105,96,v105_s0096,0,0,False,0.0,
control,105,97,v105_s0097,0,0,False,0.0,
control,105,98,v105_s0098,0,0,False,0.0,
control,105,99,v105_s0099,0,0,False,0.0,
control,105,100,v105_s0100,0,0,False,0.0,
control,105,101,v105_s0101,0,0,False,0.0,
control,105,102,v105_s0102,0,0,False,0.0,
control,105,103,v105_s0103,0,0,False,0.0,
control,105,104,v105_s0104,0,0,False,0.0,
control,105,105,v105_s0105,0,0,False,0.0,
control,105,106,v105_s0106,0,0,False,0.0,
control,105,107,v105_s0107,0,0,False,0.0,
control,105,108,v105_s0108,0,0,False,0.0,
control,105,109,v105_s0109,0,0,False,0.0,
control,105,110,v105_s0110,0,0,False,0.0,
control,105,111,v105_s0111,0,0,False,0.0,
control,105,112,v105_s0112,0,0,False,0.0,
control,105,113,v105_s0113,0,0,False,0.0,
control,105,114,v105_s0114,0,0,False,0.0,
control,105,115,v105_s0115,0,0,False,0.0,
control,105,116,v105_s0116,0,0,False,0.0,
control,105,117,v105_s0117,0,0,False,0.0,
control,105,118,v105_s0118,0,0,False,0.0,
control,105,119,v105_s0119,0,0,False,0.0,
control,105,120,v105_s0120,0,0,False,0.0,
control,105,121,v105_s0121,0,0,False,0.0,
control,105,122,v105_s0122,0,0,False,0.0,
control,105,123,v105_s0123,0,0,False,0.0,
control,105,124,v105_s0124,0,0,False,0.0,
control,105,125,v105_s0125,0,0,False,0.0,
control,105,126,v105_s0126,0,0,False,0.0,
control,105,127,v105_s0127,0,0,False,0.0,
control,105,128,v105_s0128,0,0,False,0.0,
control,105,129,v105_s0129,0,0,False,0.0,
control,105,130,v105_s0130,0,0,False,0.0,
control,105,131,v105_s0131,0,0,False,0.0,
control,105,132,v105_s0132,0,0,False,0.0,
control,105,133,v105_s0133,0,0,False,0.0,
control,105,134,v105_s0134,0,0,False,0.0,
control,105,135,v105_s0135,0,0,False,0.0,
control,105,136,v105_s0136,0,0,False,0.0,
control,105,137,v105_s0137,0,0,False,0.0,
control,105,138,v105_s0138,0,0,False,0.0,
control,105,139,v105_s0139,0,0,False,0.0,
control,105,140,v105_s0140,0,0,False,0.0,
control,105,141,v105_s0141,0,0,False,0.0,
control,105,142,v105_s0142,0,0,False,0.0,
control,105,143,v105_s0143,0,0,False,0.0,
control,105,144,v105_s0144,0,0,False,0.0,
control,105,145,v105_s0145,0,0,False,0.0,
control,105,146,v105_s0146,0,0,False,0.0,
control,105,147,v105_s0147,0,0,False,0.0,
control,105,148,v105_s0148,0,0,False,0.0,
control,105,149,v105_s0149,0,0,False,0.0,
control,105,150,v105_s0150,0,0,False,0.0,
control,105,151,v105_s0151,0,0,False,0.0,
control,105,152,v105_s0152,0,0,False,0.0,
control,105,153,v105_s0153,0,0,False,0.0,
control,105,154,v105_s0154,0,0,False,0.0,
control,105,155,v105_s0155,0,0,False,0.0,
control,105,156,v105_s0156,0,0,False,0.0,
control,105,157,v105_s0157,0,0,False,0.0,
control,105,158,v105_s0158,0,0,False,0.0,
control,105,159,v105_s0159,0,0,False,0.0,
control,105,160,v105_s0160,0,0,False,0.0,
control,105,161,v105_s0161,0,0,False,0.0,
control,105,162,v105_s0162,0,0,False,0.0,
control,105,163,v105_s0163,0,0,False,0.0,
control,105,164,v105_s0164,0,0,False,0.0,
control,105,165,v105_s0165,0,0,False,0.0,
control,105,166,v105_s0166,0,0,False,0.0,
control,105,167,v105_s0167,0,0,False,0.0,
control,105,168,v105_s0168,0,0,False,0.0,
control,105,169,v105_s0169,0,0,False,0.0,
control,105,170,v105_s0170,0,0,False,0.0,
control,105,171,v105_s0171,0,0,False,0.0,
control,105,172,v105_s0172,0,0,False,0.0,
control,105,173,v105_s0173,0,0,False,0.0,
control,105,174,v105_s0174,0,0,False,0.0,
control,105,175,v105_s0175,0,0,False,0.0,
control,105,176,v105_s0176,0,0,False,0.0,
control,105,177,v105_s0177,0,0,False,0.0,
control,105,178,v105_s0178,0,0,False,0.0,
control,105,179,v105_s0179,0,0,False,0.0,
control,105,180,v105_s0180,0,0,False,0.0,
control,105,181,v105_s0181,0,0,False,0.0,
control,105,182,v105_s0182,0,0,False,0.0,
control,105,183,v105_s0183,0,0,False,0.0,
control,105,184,v105_s0184,0,0,False,0.0,
control,105,185,v105_s0185,0,0,False,0.0,
control,105,186,v105_s0186,0,0,False,0.0,
control,105,187,v105_s0187,0,0,False,0.0,
control,105,188,v105_s0188,0,0,False,0.0,
control,105,189,v105_s0189,0,0,False,0.0,
control,105,190,v105_s0190,0,0,False,0.0,
control,105,191,v105_s0191,0,0,False,0.0,
control,105,192,v105_s0192,0,0,False,0.0,
control,105,193,v105_s0193,0,0,False,0.0,
control,105,194,v105_s0194,0,0,False,0.0,
control,105,195,v105_s0195,0,0,False,0.0,
control,105,196,v105_s0196,0,0,False,0.0,
control,105,197,v105_s0197,0,0,False,0.0,
control,105,198,v105_s0198,0,0,False,0.0,
control,105,199,v105_s0199,0,0,False,0.0,
control,105,200,v105_s0200,0,0,False,0.0,
control,105,201,v105_s0201,0,0,False,0.0,
control,105,202,v105_s0202,0,0,False,0.0,
control,105,203,v105_s0203,0,0,False,0.0,
control,105,204,v105_s0204,0,0,False,0.0,
control,105,205,v105_s0205,0,0,False,0.0,
control,105,206,v105_s0206,0,0,False,0.0,
control,105,207,v105_s0207,0,0,False,0.0,
control,105,208,v105_s0208,0,0,False,0.0,
control,105,209,v105_s0209,0,0,False,0.0,
control,105,210,v105_s0210,0,0,False,0.0,
control,105,211,v105_s0211,0,0,False,0.0,
control,105,212,v105_s0212,0,0,False,0.0,
control,105,213,v105_s0213,0,0,False,0.0,
control,105,214,v105_s0214,0,0,False,0.0,
control,105,215,v105_s0215,0,0,False,0.0,
control,105,216,v105_s0216,0,0,False,0.0,
control,105,217,v105_s0217,0,0,False,0.0,
control,105,218,v105_s0218,0,0,False,0.0,
control,105,219,v105_s0219,0,0,False,0.0,
control,105,220,v105_s0220,0,0,False,0.0,
control,105,221,v105_s0221,0,0,False,0.0,
control,105,222,v105_s0222,0,0,False,0.0,
control,105,223,v105_s0223,0,0,False,0.0,
control,105,224,v105_s0224,0,0,False,0.0,
control,105,225,v105_s0225,0,0,False,0.0,
control,105,226,v105_s0226,0,0,False,0.0,
control,105,227,v105_s0227,0,0,False,0.0,
control,105,228,v105_s0228,0,0,False,0.0,
control,105,229,v105_s0229,0,0,False,0.0,
control,105,230,v105_s0230,0,0,False,0.0,
control,105,231,v105_s0231,0,0,False,0.0,
control,105,232,v105_s0232,0,0,False,0.0,
control,105,233,v105_s0233,0,0,False,0.0,
control,105,234,v105_s0234,0,0,False,0.0,
control,105,235,v105_s0235,0,0,False,0.0,
control,105,236,v105_s0236,0,0,False,0.0,
control,105,237,v105_s0237,0,0,False,0.0,
control,105,238,v105_s0238,0,0,False,0.0,
control,105,239,v105_s0239,0,0,False,0.0,
control,105,240,v105_s0240,0,0,False,0.0,
control,105,241,v105_s0241,0,0,False,0.0,
control,105,242,v105_s0242,0,0,False,0.0,
control,105,243,v105_s0243,0,0,False,0.0,
control,105,244,v105_s0244,0,0,False,0.0,
control,105,245,v105_s0245,0,0,False,0.0,
control,105,246,v105_s0246,0,0,False,0.0,
control,105,247,v105_s0247,0,0,False,0.0,
control,105,248,v105_s0248,0,0,False,0.0,
control,105,249,v105_s0249,0,0,False,0.0,
control,105,250,v105_s0250,0,0,False,0.0,
control,105,251,v105_s0251,0,0,False,0.0,
control,105,252,v105_s0252,0,0,False,0.0,
control,105,253,v105_s0253,0,0,False,0.0,
control,105,254,v105_s0254,0,0,False,0.0,
control,105,255,v105_s0255,0,0,False,0.0,
control,105,256,v105_s0256,0,0,False,0.0,
control,105,257,v105_s0257,0,0,False,0.0,
control,105,258,v105_s0258,0,0,False,0.0,
control,105,259,v105_s0259,0,0,False,0.0,
control,105,260,v105_s0260,0,0,False,0.0,
control,105,261,v105_s0261,0,0,False,0.0,
control,105,262,v105_s0262,0,0,False,0.0,
control,105,263,v105_s0263,0,0,False,0.0,
control,105,264,v105_s0264,0,0,False,0.0,
control,105,265,v105_s0265,0,0,False,0.0,
control,105,266,v105_s0266,0,0,False,0.0,
control,105,267,v105_s0267,0,0,False,0.0,
control,105,268,v105_s0268,0,0,False,0.0,
control,105,269,v105_s0269,0,0,False,0.0,
control,105,270,v105_s0270,0,0,False,0.0,
control,105,271,v105_s0271,0,0,False,0.0,
control,105,272,v105_s0272,0,0,False,0.0,
control,105,273,v105_s0273,0,0,False,0.0,
control,105,274,v105_s0274,0,0,False,0.0,
control,105,275,v105_s0275,0,0,False,0.0,
control,105,276,v105_s0276,0,0,False,0.0,
control,105,277,v105_s0277,0,0,False,0.0,
control,105,278,v105_s0278,0,0,False,0.0,
control,105,279,v105_s0279,0,0,False,0.0,
control,105,280,v105_s0280,0,0,False,0.0,
control,105,281,v105_s0281,0,0,False,0.0,
control,105,282,v105_s0282,0,0,False,0.0,
control,105,283,v105_s0283,0,0,False,0.0,
control,105,284,v105_s0284,0,0,False,0.0,
control,105,285,v105_s0285,0,0,False,0.0,
control,105,286,v105_s0286,0,0,False,0.0,
control,105,287,v105_s0287,0,0,False,0.0,
control,105,288,v105_s0288,0,0,False,0.0,
control,105,289,v105_s0289,0,0,False,0.0,
control,105,290,v105_s0290,0,0,False,0.0,
control,105,291,v105_s0291,0,0,False,0.0,
control,105,292,v105_s0292,0,0,False,0.0,
control,105,293,v105_s0293,0,0,False,0.0,
control,105,294,v105_s0294,0,0,False,0.0,
control,105,295,v105_s0295,0,0,False,0.0,
control,105,296,v105_s0296,0,0,False,0.0,
control,105,297,v105_s0297,0,0,False,0.0,
control,105,298,v105_s0298,0,0,False,0.0,
control,105,299,v105_s0299,0,0,False,0.0,
control,105,300,v105_s0300,0,0,False,0.0,
control,105,301,v105_s0301,0,0,False,0.0,
control,105,302,v105_s0302,0,0,False,0.0,
control,105,303,v105_s0303,0,0,False,0.0,
control,105,304,v105_s0304,0,0,False,0.0,
control,105,305,v105_s0305,0,0,False,0.0,
control,105,306,v105_s0306,0,0,False,0.0,
control,105,307,v105_s0307,0,0,False,0.0,
control,105,308,v105_s0308,0,0,False,0.0,
control,105,309,v105_s0309,0,0,False,0.0,
control,105,310,v105_s0310,0,0,False,0.0,
control,105,311,v105_s0311,0,0,False,0.0,
control,105,312,v105_s0312,0,0,False,0.0,
control,105,313,v105_s0313,0,0,False,0.0,
control,105,314,v105_s0314,0,0,False,0.0,
control,105,315,v105_s0315,0,0,False,0.0,
control,105,316,v105_s0316,0,0,False,0.0,
control,105,317,v105_s0317,0,0,False,0.0,
control,105,318,v105_s0318,0,0,False,0.0,
control,105,319,v105_s0319,0,0,False,0.0,
control,105,320,v105_s0320,0,0,False,0.0,
control,105,321,v105_s0321,0,0,False,0.0,
control,105,322,v105_s0322,0,0,False,0.0,
control,105,323,v105_s0323,0,0,False,0.0,
control,105,324,v105_s0324,0,0,False,0.0,
control,105,325,v105_s0325,0,0,False,0.0,
control,105,326,v105_s0326,0,0,False,0.0,
control,105,327,v105_s0327,0,0,False,0.0,
control,105,328,v105_s0328,0,0,False,0.0,
control,105,329,v105_s0329,0,0,False,0.0,
control,105,330,v105_s0330,0,0,False,0.0,
control,105,331,v105_s0331,0,0,False,0.0,
control,105,332,v105_s0332,0,0,False,0.0,
control,105,333,v105_s0333,0,0,False,0.0,
control,105,334,v105_s0334,0,0,False,0.0,
control,105,335,v105_s0335,0,0,False,0.0,
control,105,336,v105_s0336,0,0,False,0.0,
control,105,337,v105_s0337,0,0,False,0.0,
control,105,338,v105_s0338,0,0,False,0.0,
control,105,339,v105_s0339,0,0,False,0.0,
control,105,340,v105_s0340,0,0,False,0.0,
control,105,341,v105_s0341,0,0,False,0.0,
control,105,342,v105_s0342,0,0,False,0.0,
control,105,343,v105_s0343,0,0,False,0.0,
control,105,344,v105_s0344,0,0,False,0.0,
control,105,345,v105_s0345,0,0,False,0.0,
control,105,346,v105_s0346,0,0,False,0.0,
control,105,347,v105_s0347,0,0,False,0.0,
control,105,348,v105_s0348,0,0,False,0.0,
control,105,349,v105_s0349,0,0,False,0.0,
control,105,350,v105_s0350,0,0,False,0.0,
control,105,351,v105_s0351,0,0,False,0.0,
control,105,352,v105_s0352,0,0,False,0.0,
control,105,353,v105_s0353,0,0,False,0.0,
control,105,354,v105_s0354,0,0,False,0.0,
control,105,355,v105_s0355,0,0,False,0.0,
control,105,356,v105_s0356,0,0,False,0.0,
control,105,357,v105_s0357,0,0,False,0.0,
control,105,358,v105_s0358,0,0,False,0.0,
control,105,359,v105_s0359,0,0,False,0.0,
control,105,360,v105_s0360,0,0,False,0.0,
control,105,361,v105_s0361,0,0,False,0.0,
control,105,362,v105_s0362,0,0,False,0.0,
control,105,363,v105_s0363,0,0,False,0.0,
control,105,364,v105_s0364,0,0,False,0.0,
control,105,365,v105_s0365,0,0,False,0.0,
control,105,366,v105_s0366,0,0,False,0.0,
control,105,367,v105_s0367,0,0,False,0.0,
control,105,368,v105_s0368,0,0,False,0.0,
control,105,369,v105_s0369,0,0,False,0.0,
control,105,370,v105_s0370,0,0,False,0.0,
control,105,371,v105_s0371,0,0,False,0.0,
control,105,372,v105_s0372,0,0,False,0.0,
control,105,373,v105_s0373,0,0,False,0.0,
control,105,374,v105_s0374,0,0,False,0.0,
control,105,375,v105_s0375,0,0,False,0.0,
control,105,376,v105_s0376,0,0,False,0.0,
control,105,377,v105_s0377,0,0,False,0.0,
control,105,378,v105_s0378,0,0,False,0.0,
control,105,379,v105_s0379,0,0,False,0.0,
control,105,380,v105_s0380,0,0,False,0.0,
control,105,381,v105_s0381,0,0,False,0.0,
control,105,382,v105_s0382,0,0,False,0.0,
control,105,383,v105_s0383,0,0,False,0.0,
control,105,384,v105_s0384,0,0,False,0.0,
control,105,385,v105_s0385,0,0,False,0.0,
control,105,386,v105_s0386,0,0,False,0.0,
control,105,387,v105_s0387,0,0,False,0.0,
control,105,388,v105_s0388,0,0,False,0.0,
control,105,389,v105_s0389,0,0,False,0.0,
control,105,390,v105_s0390,0,0,False,0.0,
control,105,391,v105_s0391,0,0,False,0.0,
control,105,392,v105_s0392,0,0,False,0.0,
control,105,393,v105_s0393,0,0,False,0.0,
control,105,394,v105_s0394,0,0,False,0.0,
control,105,395,v105_s0395,0,0,False,0.0,
control,105,396,v105_s0396,0,0,False,0.0,
control,105,397,v105_s0397,0,0,False,0.0,
control,105,398,v105_s0398,0,0,False,0.0,
control,105,399,v105_s0399,0,0,False,0.0,
control,105,400,v105_s0400,0,0,False,0.0,
control,105,401,v105_s0401,0,0,False,0.0,
control,105,402,v105_s0402,0,0,False,0.0,
control,105,403,v105_s0403,0,0,False,0.0,
control,105,404,v105_s0404,0,0,False,0.0,
control,105,405,v105_s0405,0,0,False,0.0,
control,105,406,v105_s0406,0,0,False,0.0,
control,105,407,v105_s0407,0,0,False,0.0,
control,105,408,v105_s0408,0,0,False,0.0,
control,105,409,v105_s0409,0,0,False,0.0,
control,105,410,v105_s0410,0,0,False,0.0,
control,105,411,v105_s0411,0,0,False,0.0,
control,105,412,v105_s0412,0,0,False,0.0,
control,105,413,v105_s0413,0,0,False,0.0,
control,105,414,v105_s0414,0,0,False,0.0,
control,105,415,v105_s0415,0,0,False,0.0,
control,105,416,v105_s0416,0,0,False,0.0,
control,105,417,v105_s0417,0,0,False,0.0,
control,105,418,v105_s0418,0,0,False,0.0,
control,105,419,v105_s0419,0,0,False,0.0,
control,105,420,v105_s0420,0,0,False,0.0,
control,105,421,v105_s0421,0,0,False,0.0,
control,105,422,v105_s0422,0,0,False,0.0,
control,105,423,v105_s0423,0,0,False,0.0,
control,105,424,v105_s0424,0,0,False,0.0,
control,105,425,v105_s0425,0,0,False,0.0,
control,105,426,v105_s0426,0,0,False,0.0,
control,105,427,v105_s0427,0,0,False,0.0,
control,105,428,v105_s0428,0,0,False,0.0,
control,105,429,v105_s0429,0,0,False,0.0,
control,105,430,v105_s0430,0,0,False,0.0,
control,105,431,v105_s0431,0,0,False,0.0,
control,105,432,v105_s0432,0,0,False,0.0,
control,105,433,v105_s0433,0,0,False,0.0,
control,105,434,v105_s0434,0,0,False,0.0,
control,105,435,v105_s0435,0,0,False,0.0,
control,105,436,v105_s0436,0,0,False,0.0,
control,105,437,v105_s0437,0,0,False,0.0,
control,105,438,v105_s0438,0,0,False,0.0,
control,105,439,v105_s0439,0,0,False,0.0,
control,105,440,v105_s0440,0,0,False,0.0,
control,105,441,v105_s0441,0,0,False,0.0,
control,105,442,v105_s0442,0,0,False,0.0,
control,105,443,v105_s0443,0,0,False,0.0,
control,105,444,v105_s0444,0,0,False,0.0,
control,105,445,v105_s0445,0,0,False,0.0,
control,105,446,v105_s0446,0,0,False,0.0,
control,105,447,v105_s0447,0,0,False,0.0,
control,105,448,v105_s0448,0,0,False,0.0,
control,105,449,v105_s0449,0,0,False,0.0,
control,105,450,v105_s0450,0,0,False,0.0,
control,105,451,v105_s0451,0,0,False,0.0,
control,105,452,v105_s0452,0,0,False,0.0,
control,105,453,v105_s0453,0,0,False,0.0,
control,105,454,v105_s0454,0,0,False,0.0,
control,105,455,v105_s0455,0,0,False,0.0,
control,105,456,v105_s0456,0,0,False,0.0,
control,105,457,v105_s0457,0,0,False,0.0,
control,105,458,v105_s0458,0,0,False,0.0,
control,105,459,v105_s0459,0,0,False,0.0,
control,105,460,v105_s0460,0,0,False,0.0,
control,105,461,v105_s0461,0,0,False,0.0,
control,105,462,v105_s0462,0,0,False,0.0,
control,105,463,v105_s0463,0,0,False,0.0,
control,105,464,v105_s0464,0,0,False,0.0,
control,105,465,v105_s0465,0,0,False,0.0,
control,105,466,v105_s0466,0,0,False,0.0,
control,105,467,v105_s0467,0,0,False,0.0,
control,105,468,v105_s0468,0,0,False,0.0,
control,105,469,v105_s0469,0,0,False,0.0,
control,105,470,v105_s0470,0,0,False,0.0,
control,105,471,v105_s0471,0,0,False,0.0,
control,105,472,v105_s0472,0,0,False,0.0,
control,105,473,v105_s0473,0,0,False,0.0,
control,105,474,v105_s0474,0,0,False,0.0,
control,105,475,v105_s0475,0,0,False,0.0,
control,105,476,v105_s0476,0,0,False,0.0,
control,105,477,v105_s0477,0,0,False,0.0,
control,105,478,v105_s0478,0,0,False,0.0,
control,105,479,v105_s0479,0,13,False,1.0,
control,105,480,v105_s0480,0,0,False,3.7550926208496094e-06,
control,105,481,v105_s0481,0,0,False,0.0,
control,105,482,v105_s0482,0,0,False,0.0,
control,105,483,v105_s0483,0,0,False,0.0,
control,105,484,v105_s0484,0,0,False,0.0,
control,105,485,v105_s0485,0,0,False,0.0,
control,105,486,v105_s0486,0,0,False,0.0,
control,105,487,v105_s0487,0,0,False,0.0,
control,105,488,v105_s0488,0,0,False,0.0,
control,105,489,v105_s0489,0,0,False,0.0,
control,105,490,v105_s0490,0,0,False,0.0,
control,105,491,v105_s0491,0,0,False,0.0,
control,105,492,v105_s0492,0,0,False,0.0,
control,105,493,v105_s0493,0,0,False,0.0,
control,105,494,v105_s0494,0,0,False,0.0,
control,105,495,v105_s0495,0,0,False,0.0,
control,105,496,v105_s0496,0,0,False,0.0,
control,105,497,v105_s0497,0,0,False,0.0,
control,105,498,v105_s0498,0,0,False,0.0,
control,105,499,v105_s0499,0,0,False,0.0,
control,105,500,v105_s0500,0,0,False,0.0,
control,105,501,v105_s0501,0,0,False,0.0,
control,105,502,v105_s0502,0,0,False,0.0,
control,105,503,v105_s0503,0,0,False,0.0,
control,105,504,v105_s0504,0,0,False,0.0,
control,105,505,v105_s0505,0,0,False,0.0,
control,105,506,v105_s0506,0,0,False,0.0,
control,105,507,v105_s0507,0,0,False,0.0,
control,105,508,v105_s0508,0,0,False,0.0,
control,105,509,v105_s0509,0,150,False,1.0,
control,105,510,v105_s0510,0,0,False,0.0,
control,105,511,v105_s0511,0,86,False,1.0,
control,105,512,v105_s0512,0,145,False,1.0,
control,105,513,v105_s0513,0,18,False,0.97900390625,
control,105,514,v105_s0514,0,0,False,0.0,
control,105,515,v105_s0515,0,0,False,0.0,
control,105,516,v105_s0516,0,0,False,0.0,
control,105,517,v105_s0517,0,0,False,0.0,
control,105,518,v105_s0518,0,30,False,1.0,
control,105,519,v105_s0519,0,10,False,0.9990234375,
control,105,520,v105_s0520,0,0,False,0.0,
control,105,521,v105_s0521,0,0,False,0.0,
control,105,522,v105_s0522,0,0,False,0.0,
control,105,523,v105_s0523,0,0,False,0.0,
control,105,524,v105_s0524,0,0,False,0.0,
control,105,525,v105_s0525,0,0,False,0.0,
control,105,526,v105_s0526,0,0,False,0.0,
control,105,527,v105_s0527,0,0,False,0.0,
control,105,528,v105_s0528,0,0,False,0.0,
control,105,529,v105_s0529,0,0,False,0.0,
control,105,530,v105_s0530,0,0,False,0.0,
control,105,531,v105_s0531,0,0,False,0.0,
control,105,532,v105_s0532,0,0,False,0.0,
control,105,533,v105_s0533,0,0,False,0.0,
control,105,534,v105_s0534,0,0,False,0.0,
control,105,535,v105_s0535,0,0,False,0.0,
control,105,536,v105_s0536,0,0,False,0.0,
control,105,537,v105_s0537,0,0,False,0.0,
control,105,538,v105_s0538,0,0,False,0.0,
control,105,539,v105_s0539,0,0,False,0.0,
control,105,540,v105_s0540,0,0,False,0.0,
control,105,541,v105_s0541,0,0,False,1.633167266845703e-05,
control,105,542,v105_s0542,0,0,False,7.402896881103516e-05,
control,105,543,v105_s0543,0,0,False,0.0,
control,105,544,v105_s0544,0,0,False,0.0,
control,105,545,v105_s0545,0,0,False,0.0,
control,105,546,v105_s0546,0,0,False,0.0,
control,105,547,v105_s0547,0,0,False,0.0,
control,105,548,v105_s0548,0,0,False,0.0,
control,105,549,v105_s0549,0,0,False,0.0,
control,105,550,v105_s0550,0,0,False,0.0,
control,105,551,v105_s0551,0,0,False,0.0,
control,105,552,v105_s0552,0,0,False,0.0,
control,105,553,v105_s0553,0,0,False,0.0,
control,105,554,v105_s0554,0,0,False,0.0,
control,105,555,v105_s0555,0,0,False,0.0,
control,105,556,v105_s0556,0,0,False,0.0,
control,105,557,v105_s0557,0,0,False,0.0,
control,105,558,v105_s0558,0,0,False,0.0,
control,105,559,v105_s0559,0,0,False,0.0,
control,105,560,v105_s0560,0,0,False,0.0,
control,105,561,v105_s0561,0,0,False,0.0,
control,105,562,v105_s0562,0,0,False,0.0,
control,105,563,v105_s0563,0,0,False,0.0,
control,105,564,v105_s0564,0,0,False,0.0,
control,105,565,v105_s0565,0,0,False,0.0,
control,105,566,v105_s0566,0,0,False,0.0,
control,105,567,v105_s0567,0,0,False,0.0,
control,105,568,v105_s0568,0,0,False,0.0,
control,105,569,v105_s0569,0,0,False,0.0,
control,105,570,v105_s0570,0,94,False,1.0,
control,105,571,v105_s0571,0,97,False,1.0,
control,105,572,v105_s0572,0,39,False,1.0,
control,105,573,v105_s0573,0,0,False,0.0,
control,105,574,v105_s0574,0,0,False,0.0,
control,105,575,v105_s0575,0,0,False,0.0,
control,105,576,v105_s0576,0,0,False,0.0,
control,105,577,v105_s0577,0,0,False,0.0,
control,105,578,v105_s0578,0,0,False,0.0,
control,105,579,v105_s0579,0,78,False,1.0,
control,105,580,v105_s0580,0,72,False,1.0,
control,105,581,v105_s0581,0,0,False,0.0,
control,105,582,v105_s0582,0,0,False,0.0,
control,105,583,v105_s0583,0,0,False,0.0,
control,105,584,v105_s0584,0,0,False,0.0,
control,105,585,v105_s0585,0,0,False,0.0,
control,105,586,v105_s0586,0,0,False,0.0,
control,105,587,v105_s0587,0,0,False,0.0,
control,105,588,v105_s0588,0,0,False,0.0,
control,105,589,v105_s0589,0,0,False,0.0,
control,105,590,v105_s0590,0,0,False,0.0,
control,105,591,v105_s0591,0,0,False,0.0,
control,105,592,v105_s0592,0,0,False,0.0,
control,105,593,v105_s0593,0,0,False,0.0,
control,105,594,v105_s0594,0,0,False,0.0,
control,105,595,v105_s0595,0,0,False,0.0,
control,105,596,v105_s0596,0,0,False,0.0,
control,105,597,v105_s0597,0,19,False,1.0,
control,105,598,v105_s0598,0,90,False,1.0,
control,105,599,v105_s0599,0,142,False,1.0,
control,105,600,v105_s0600,0,0,False,0.406005859375,
control,105,601,v105_s0601,0,0,False,0.0,
control,105,602,v105_s0602,0,0,False,0.0,
control,105,603,v105_s0603,0,0,False,0.0,
control,105,604,v105_s0604,0,0,False,0.0,
control,105,605,v105_s0605,0,0,False,0.0,
control,105,606,v105_s0606,0,0,False,0.0,
control,105,607,v105_s0607,0,0,False,0.0,
control,105,608,v105_s0608,0,0,False,3.5762786865234375e-07,
control,105,609,v105_s0609,0,0,False,0.0020008087158203125,
control,105,610,v105_s0610,0,0,False,0.00016736984252929688,
control,105,611,v105_s0611,0,0,False,0.0,
control,105,612,v105_s0612,0,0,False,0.0,
control,105,613,v105_s0613,0,0,False,0.0,
control,105,614,v105_s0614,0,0,False,0.0,
control,105,615,v105_s0615,0,0,False,0.0,
control,105,616,v105_s0616,0,0,False,0.0,
control,105,617,v105_s0617,0,0,False,0.0,
control,105,618,v105_s0618,0,0,False,0.0,
control,105,619,v105_s0619,0,0,False,0.0,
control,105,620,v105_s0620,0,0,False,0.0,
control,105,621,v105_s0621,0,0,False,0.0,
control,105,622,v105_s0622,0,0,False,0.0,
control,105,623,v105_s0623,0,0,False,0.0,
control,105,624,v105_s0624,0,0,False,0.0,
control,105,625,v105_s0625,0,0,False,0.0,
control,105,626,v105_s0626,0,0,False,0.0,
control,105,627,v105_s0627,0,0,False,0.0,
control,105,628,v105_s0628,0,0,False,0.0,
control,105,629,v105_s0629,0,0,False,0.0,
control,105,630,v105_s0630,0,0,False,0.0,
control,105,631,v105_s0631,0,0,False,0.0,
control,105,632,v105_s0632,0,0,False,0.0,
control,105,633,v105_s0633,0,0,False,0.0,
control,105,634,v105_s0634,0,0,False,0.0,
control,105,635,v105_s0635,0,0,False,0.0,
control,105,636,v105_s0636,0,0,False,0.0,
control,105,637,v105_s0637,0,0,False,0.0,
control,105,638,v105_s0638,0,0,False,0.0,
control,105,639,v105_s0639,0,0,False,0.0,
control,105,640,v105_s0640,0,0,False,0.0,
control,105,641,v105_s0641,0,0,False,0.0,
control,105,642,v105_s0642,0,0,False,0.0,
control,105,643,v105_s0643,0,0,False,0.0,
control,105,644,v105_s0644,0,0,False,0.0,
control,105,645,v105_s0645,0,0,False,0.0,
control,105,646,v105_s0646,0,0,False,0.0,
control,105,647,v105_s0647,0,0,False,0.0,
control,105,648,v105_s0648,0,0,False,0.0,
control,105,649,v105_s0649,0,0,False,0.0,
control,105,650,v105_s0650,0,0,False,0.0,
control,105,651,v105_s0651,0,0,False,0.0,
control,105,652,v105_s0652,0,0,False,0.0,
control,105,653,v105_s0653,0,0,False,0.0,
control,105,654,v105_s0654,0,0,False,0.0,
control,105,655,v105_s0655,0,0,False,0.0,
control,105,656,v105_s0656,0,14,False,1.0,
control,105,657,v105_s0657,0,19,False,1.0,
control,105,658,v105_s0658,0,0,False,0.0,
control,105,659,v105_s0659,0,0,False,0.0,
control,105,660,v105_s0660,0,0,False,0.0,
control,105,661,v105_s0661,0,0,False,0.0,
control,105,662,v105_s0662,0,0,False,0.0,
control,105,663,v105_s0663,0,0,False,0.0,
control,105,664,v105_s0664,0,0,False,0.0,
control,105,665,v105_s0665,0,0,False,0.0,
control,105,666,v105_s0666,0,0,False,0.0,
control,105,667,v105_s0667,0,0,False,0.0,
control,105,668,v105_s0668,0,0,False,0.0,
control,105,669,v105_s0669,0,0,False,0.0,
control,105,670,v105_s0670,0,0,False,0.0,
control,105,671,v105_s0671,0,0,False,0.0,
control,105,672,v105_s0672,0,0,False,0.0,
control,105,673,v105_s0673,0,0,False,0.0,
control,105,674,v105_s0674,0,0,False,0.0,
control,105,675,v105_s0675,0,0,False,0.0,
control,105,676,v105_s0676,0,0,False,0.0,
control,105,677,v105_s0677,0,0,False,0.0,
control,105,678,v105_s0678,0,0,False,0.0,
control,105,679,v105_s0679,0,0,False,0.0,
control,105,680,v105_s0680,0,0,False,0.0,
control,105,681,v105_s0681,0,0,False,0.0,
control,105,682,v105_s0682,0,0,False,0.0,
control,105,683,v105_s0683,0,0,False,0.0,
control,105,684,v105_s0684,0,0,False,0.0,
control,105,685,v105_s0685,0,0,False,0.0,
control,105,686,v105_s0686,0,0,False,0.0,
control,105,687,v105_s0687,0,0,False,0.0,
control,105,688,v105_s0688,0,0,False,0.0,
control,105,689,v105_s0689,0,0,False,0.0,
control,105,690,v105_s0690,0,0,False,0.0,
control,105,691,v105_s0691,0,0,False,0.0,
control,105,692,v105_s0692,0,0,False,0.0,
control,105,693,v105_s0693,0,0,False,0.0,
control,105,694,v105_s0694,0,0,False,0.0,
control,105,695,v105_s0695,0,33,False,1.0,
control,105,696,v105_s0696,0,0,False,0.0,
control,105,697,v105_s0697,0,0,False,0.0,
control,105,698,v105_s0698,0,0,False,0.0,
control,105,699,v105_s0699,0,0,False,0.0,
control,105,700,v105_s0700,0,0,False,0.0,
control,105,701,v105_s0701,0,0,False,0.0,
control,105,702,v105_s0702,0,0,False,0.0,
control,105,703,v105_s0703,0,0,False,0.0,
control,105,704,v105_s0704,0,0,False,0.0,
control,105,705,v105_s0705,0,0,False,0.0,
control,105,706,v105_s0706,0,0,False,0.0,
control,105,707,v105_s0707,0,0,False,0.0,
control,105,708,v105_s0708,0,0,False,0.0,
control,105,709,v105_s0709,0,0,False,0.0,
control,105,710,v105_s0710,0,0,False,0.0,
control,105,711,v105_s0711,0,0,False,0.0,
control,105,712,v105_s0712,0,0,False,0.0,
control,105,713,v105_s0713,0,0,False,0.0,
control,105,714,v105_s0714,0,0,False,0.0,
control,105,715,v105_s0715,0,0,False,0.0,
control,105,716,v105_s0716,0,0,False,0.0,
control,105,717,v105_s0717,0,0,False,0.0,
control,105,718,v105_s0718,0,0,False,0.0,
control,105,719,v105_s0719,0,0,False,0.0,
control,105,720,v105_s0720,0,0,False,0.0,
control,105,721,v105_s0721,0,0,False,0.0,
control,105,722,v105_s0722,0,0,False,0.0,
control,105,723,v105_s0723,0,0,False,0.0,
control,105,724,v105_s0724,0,0,False,0.0,
control,105,725,v105_s0725,0,0,False,0.0,
control,105,726,v105_s0726,0,0,False,0.0,
control,105,727,v105_s0727,0,0,False,0.0,
control,105,728,v105_s0728,0,0,False,0.0,
control,105,729,v105_s0729,0,0,False,0.0,
control,105,730,v105_s0730,0,0,False,0.0,
control,105,731,v105_s0731,0,0,False,0.0,
control,105,732,v105_s0732,0,0,False,0.0,
control,105,733,v105_s0733,0,0,False,0.0,
control,105,734,v105_s0734,0,0,False,0.0,
control,105,735,v105_s0735,0,0,False,0.0,
control,105,736,v105_s0736,0,0,False,0.0,
control,105,737,v105_s0737,0,0,False,0.0,
control,105,738,v105_s0738,0,0,False,0.0,
control,105,739,v105_s0739,0,0,False,0.0,
control,105,740,v105_s0740,0,0,False,0.0,
control,105,741,v105_s0741,0,0,False,0.0,
control,105,742,v105_s0742,0,0,False,0.0,
control,105,743,v105_s0743,0,0,False,0.0,
control,105,744,v105_s0744,0,0,False,0.0,
control,105,745,v105_s0745,0,0,False,0.0,
control,105,746,v105_s0746,0,0,False,0.0,
control,105,747,v105_s0747,0,0,False,0.0,
control,105,748,v105_s0748,0,0,False,0.0,
control,105,749,v105_s0749,0,0,False,0.0,
control,105,750,v105_s0750,0,0,False,0.0,
control,105,751,v105_s0751,0,0,False,0.0,
control,105,752,v105_s0752,0,0,False,0.0,
control,105,753,v105_s0753,0,0,False,0.0,
control,105,754,v105_s0754,0,0,False,0.0,
control,105,755,v105_s0755,0,0,False,0.0,
control,105,756,v105_s0756,0,0,False,0.0,
control,105,757,v105_s0757,0,0,False,0.0,
control,105,758,v105_s0758,0,0,False,0.0,
control,105,759,v105_s0759,0,0,False,0.0,
control,105,760,v105_s0760,0,0,False,0.0,
control,105,761,v105_s0761,0,0,False,0.0,
control,105,762,v105_s0762,0,0,False,0.0,
control,105,763,v105_s0763,0,0,False,0.0,
control,105,764,v105_s0764,0,0,False,0.0,
control,105,765,v105_s0765,0,0,False,0.0,
control,105,766,v105_s0766,0,0,False,0.0,
control,105,767,v105_s0767,0,0,False,0.0,
control,105,768,v105_s0768,0,0,False,0.0,
control,105,769,v105_s0769,0,0,False,0.0,
control,105,770,v105_s0770,0,0,False,0.0,
control,105,771,v105_s0771,0,0,False,0.0,
control,105,772,v105_s0772,0,0,False,0.0,
control,105,773,v105_s0773,0,0,False,0.0,
control,105,774,v105_s0774,0,0,False,0.0,
control,105,775,v105_s0775,0,0,False,0.0,
control,105,776,v105_s0776,0,0,False,0.0,
control,105,777,v105_s0777,0,0,False,0.0,
control,105,778,v105_s0778,0,0,False,0.0,
control,105,779,v105_s0779,0,0,False,0.0,
control,105,780,v105_s0780,0,0,False,0.0,
control,105,781,v105_s0781,0,0,False,0.0,
control,105,782,v105_s0782,0,0,False,0.0,
control,105,783,v105_s0783,0,0,False,0.0,
control,105,784,v105_s0784,0,0,False,0.0,
control,105,785,v105_s0785,0,0,False,0.0,
control,105,786,v105_s0786,0,0,False,0.0,
control,105,787,v105_s0787,0,0,False,0.0,
control,105,788,v105_s0788,0,0,False,0.0,
control,105,789,v105_s0789,0,0,False,0.0,
control,105,790,v105_s0790,0,0,False,0.0,
control,105,791,v105_s0791,0,0,False,0.0,
control,105,792,v105_s0792,0,0,False,0.0,
control,105,793,v105_s0793,0,0,False,0.0,
control,105,794,v105_s0794,0,0,False,0.0,
control,105,795,v105_s0795,0,0,False,0.0,
control,105,796,v105_s0796,0,0,False,0.0,
control,105,797,v105_s0797,0,0,False,0.0,
control,105,798,v105_s0798,0,0,False,0.0,
control,105,799,v105_s0799,0,0,False,0.0,
control,105,800,v105_s0800,0,0,False,0.0,
control,105,801,v105_s0801,0,0,False,0.0,
control,105,802,v105_s0802,0,0,False,0.0,
control,105,803,v105_s0803,0,0,False,0.0,
control,105,804,v105_s0804,0,0,False,0.0,
control,105,805,v105_s0805,0,0,False,0.0,
control,105,806,v105_s0806,0,0,False,0.0,
control,105,807,v105_s0807,0,0,False,0.0,
control,105,808,v105_s0808,0,0,False,0.0,
control,105,809,v105_s0809,0,0,False,0.0,
control,105,810,v105_s0810,0,0,False,0.0,
control,105,811,v105_s0811,0,0,False,0.0,
control,105,812,v105_s0812,0,0,False,0.0,
control,105,813,v105_s0813,0,0,False,0.0,
control,105,814,v105_s0814,0,0,False,0.0,
control,105,815,v105_s0815,0,0,False,0.0,
control,105,816,v105_s0816,0,0,False,0.0,
control,105,817,v105_s0817,0,0,False,0.0,
control,105,818,v105_s0818,0,0,False,0.0,
control,105,819,v105_s0819,0,0,False,0.0,
control,105,820,v105_s0820,0,0,False,0.0,
control,105,821,v105_s0821,0,0,False,0.0,
control,105,822,v105_s0822,0,0,False,0.0,
control,105,823,v105_s0823,0,0,False,0.0,
control,105,824,v105_s0824,0,0,False,0.0,
control,105,825,v105_s0825,0,0,False,0.0,
control,105,826,v105_s0826,0,0,False,0.0,
control,105,827,v105_s0827,0,0,False,0.0,
control,105,828,v105_s0828,0,0,False,0.0,
control,105,829,v105_s0829,0,0,False,0.0,
control,105,830,v105_s0830,0,0,False,0.0,
control,105,831,v105_s0831,0,0,False,0.0,
control,105,832,v105_s0832,0,0,False,0.0,
control,105,833,v105_s0833,0,0,False,0.0,
control,105,834,v105_s0834,0,0,False,0.0,
control,105,835,v105_s0835,0,0,False,0.0,
control,105,836,v105_s0836,0,0,False,0.0,
control,105,837,v105_s0837,0,0,False,0.0,
control,105,838,v105_s0838,0,0,False,0.0,
control,105,839,v105_s0839,0,0,False,0.0,
control,105,840,v105_s0840,0,0,False,0.0,
control,105,841,v105_s0841,0,0,False,0.0,
control,105,842,v105_s0842,0,0,False,0.0,
control,105,843,v105_s0843,0,0,False,0.0,
control,105,844,v105_s0844,0,0,False,0.0,
control,105,845,v105_s0845,0,0,False,0.0,
control,105,846,v105_s0846,0,0,False,0.0,
control,105,847,v105_s0847,0,0,False,0.0,
control,105,848,v105_s0848,0,0,False,0.0,
control,105,849,v105_s0849,0,0,False,0.0,
control,105,850,v105_s0850,0,0,False,0.0,
control,105,851,v105_s0851,0,0,False,0.0,
control,105,852,v105_s0852,0,0,False,0.0,
control,105,853,v105_s0853,0,0,False,0.0,
control,105,854,v105_s0854,0,0,False,0.0,
control,105,855,v105_s0855,0,0,False,0.0,
control,105,856,v105_s0856,0,0,False,0.0,
control,105,857,v105_s0857,0,0,False,0.0,
control,105,858,v105_s0858,0,0,False,0.0,
control,105,859,v105_s0859,0,0,False,0.0,
control,105,860,v105_s0860,0,0,False,0.0,
control,105,861,v105_s0861,0,0,False,0.0,
control,105,862,v105_s0862,0,0,False,0.0,
control,105,863,v105_s0863,0,0,False,0.0,
control,105,864,v105_s0864,0,0,False,0.0,
control,105,865,v105_s0865,0,0,False,0.0,
control,105,866,v105_s0866,0,0,False,0.0,
control,105,867,v105_s0867,0,0,False,0.0,
control,105,868,v105_s0868,0,0,False,0.0,
control,105,869,v105_s0869,0,0,False,0.0,
control,105,870,v105_s0870,0,0,False,0.0,
control,105,871,v105_s0871,0,0,False,0.0,
control,105,872,v105_s0872,0,0,False,0.0,
control,105,873,v105_s0873,0,0,False,0.0,
control,105,874,v105_s0874,0,0,False,0.0,
control,105,875,v105_s0875,0,0,False,0.0,
control,105,876,v105_s0876,0,0,False,0.0,
control,105,877,v105_s0877,0,0,False,0.0,
control,105,878,v105_s0878,0,0,False,0.0,
control,105,879,v105_s0879,0,0,False,0.0,
control,105,880,v105_s0880,0,0,False,0.0,
control,105,881,v105_s0881,0,0,False,0.0,
control,105,882,v105_s0882,0,0,False,0.0,
control,105,883,v105_s0883,0,0,False,0.0,
control,105,884,v105_s0884,0,0,False,0.0,
control,105,885,v105_s0885,0,0,False,0.0,
control,105,886,v105_s0886,0,0,False,0.0,
control,105,887,v105_s0887,0,0,False,0.0,
control,105,888,v105_s0888,0,0,False,0.0,
control,105,889,v105_s0889,0,0,False,0.0,
control,105,890,v105_s0890,0,0,False,0.0,
control,105,891,v105_s0891,0,0,False,0.0,
control,105,892,v105_s0892,0,0,False,0.0,
control,105,893,v105_s0893,0,0,False,0.0,
control,105,894,v105_s0894,0,0,False,0.0,
control,105,895,v105_s0895,0,0,False,0.0,
control,105,896,v105_s0896,0,0,False,0.0,
control,105,897,v105_s0897,0,0,False,0.0,
control,105,898,v105_s0898,0,0,False,0.0,
control,105,899,v105_s0899,0,0,False,0.0,
control,105,900,v105_s0900,0,0,False,0.0,
control,105,901,v105_s0901,0,0,False,0.0,
control,105,902,v105_s0902,0,0,False,0.0,
control,105,903,v105_s0903,0,0,False,0.0,
control,105,904,v105_s0904,0,0,False,0.0,
control,105,905,v105_s0905,0,0,False,0.0,
control,105,906,v105_s0906,0,0,False,0.0,
control,105,907,v105_s0907,0,0,False,0.0,
control,105,908,v105_s0908,0,0,False,0.0,
control,105,909,v105_s0909,0,0,False,0.0,
control,105,910,v105_s0910,0,0,False,0.0,
control,105,911,v105_s0911,0,0,False,0.0,
control,105,912,v105_s0912,0,0,False,0.0,
control,105,913,v105_s0913,0,0,False,0.0,
control,105,914,v105_s0914,0,0,False,0.0,
control,105,915,v105_s0915,0,0,False,0.0,
control,105,916,v105_s0916,0,0,False,0.0,
control,105,917,v105_s0917,0,0,False,0.0,
control,105,918,v105_s0918,0,0,False,0.0,
control,105,919,v105_s0919,0,0,False,0.0,
control,105,920,v105_s0920,0,0,False,0.0,
control,105,921,v105_s0921,0,0,False,0.0,
control,105,922,v105_s0922,0,0,False,0.0,
control,105,923,v105_s0923,0,0,False,0.0,
control,105,924,v105_s0924,0,0,False,0.0,
control,105,925,v105_s0925,0,0,False,0.0,
control,105,926,v105_s0926,0,0,False,0.0,
control,105,927,v105_s0927,0,0,False,0.0,
control,105,928,v105_s0928,0,0,False,0.0,
control,105,929,v105_s0929,0,0,False,0.0,
control,105,930,v105_s0930,0,0,False,0.0,
control,105,931,v105_s0931,0,0,False,0.0,
control,105,932,v105_s0932,0,0,False,0.0,
control,105,933,v105_s0933,0,0,False,0.0,
control,105,934,v105_s0934,0,0,False,0.0,
control,105,935,v105_s0935,0,0,False,0.0,
control,105,936,v105_s0936,0,0,False,0.0,
control,105,937,v105_s0937,0,0,False,0.0,
control,105,938,v105_s0938,0,0,False,0.0,
control,105,939,v105_s0939,0,0,False,0.0,
control,105,940,v105_s0940,0,0,False,0.0,
control,105,941,v105_s0941,0,0,False,0.0,
control,105,942,v105_s0942,0,0,False,0.0,
control,105,943,v105_s0943,0,0,False,0.0,
control,105,944,v105_s0944,0,0,False,0.0,
control,105,945,v105_s0945,0,0,False,0.0,
control,105,946,v105_s0946,0,0,False,0.0,
control,105,947,v105_s0947,0,0,False,0.0,
control,105,948,v105_s0948,0,0,False,0.0,
control,105,949,v105_s0949,0,0,False,0.0,
control,105,950,v105_s0950,0,0,False,0.0,
control,105,951,v105_s0951,0,0,False,0.0,
control,105,952,v105_s0952,0,0,False,0.0,
control,105,953,v105_s0953,0,0,False,0.0,
control,105,954,v105_s0954,0,0,False,0.0,
control,105,955,v105_s0955,0,0,False,0.0,
control,105,956,v105_s0956,0,0,False,0.0,
control,105,957,v105_s0957,0,0,False,0.0,
control,105,958,v105_s0958,0,0,False,0.0,
control,105,959,v105_s0959,0,0,False,0.0,
control,105,960,v105_s0960,0,0,False,0.0,
control,105,961,v105_s0961,0,0,False,0.0,
control,105,962,v105_s0962,0,0,False,0.0,
control,105,963,v105_s0963,0,0,False,0.0,
control,105,964,v105_s0964,0,0,False,0.0,
control,105,965,v105_s0965,0,0,False,0.0,
control,105,966,v105_s0966,0,0,False,0.0,
control,105,967,v105_s0967,0,0,False,0.0,
control,105,968,v105_s0968,0,0,False,0.0,
control,105,969,v105_s0969,0,0,False,0.0,
control,105,970,v105_s0970,0,0,False,0.0,
control,105,971,v105_s0971,0,0,False,0.0,
control,105,972,v105_s0972,0,0,False,0.0,
control,105,973,v105_s0973,0,0,False,0.0,
control,105,974,v105_s0974,0,0,False,0.0,
control,105,975,v105_s0975,0,0,False,0.0,
control,105,976,v105_s0976,0,0,False,0.0,
control,105,977,v105_s0977,0,0,False,0.0,
control,105,978,v105_s0978,0,0,False,0.0,
control,105,979,v105_s0979,0,0,False,0.0,
control,105,980,v105_s0980,0,0,False,0.0,
control,105,981,v105_s0981,0,0,False,0.0,
control,105,982,v105_s0982,0,0,False,0.0,
control,105,983,v105_s0983,0,0,False,0.0,
control,105,984,v105_s0984,0,0,False,0.0,
control,105,985,v105_s0985,0,0,False,0.0,
control,106,0,v106_s0000,0,0,False,0.0,
control,106,1,v106_s0001,0,0,False,0.0,
control,106,2,v106_s0002,0,0,False,0.0,
control,106,3,v106_s0003,0,0,False,0.0,
control,106,4,v106_s0004,0,0,False,0.0,
control,106,5,v106_s0005,0,0,False,0.0,
control,106,6,v106_s0006,0,0,False,0.0,
control,106,7,v106_s0007,0,0,False,0.0,
control,106,8,v106_s0008,0,0,False,0.0,
control,106,9,v106_s0009,0,0,False,0.0,
control,106,10,v106_s0010,0,0,False,0.0,
control,106,11,v106_s0011,0,0,False,0.0,
control,106,12,v106_s0012,0,0,False,0.0,
control,106,13,v106_s0013,0,0,False,0.0,
control,106,14,v106_s0014,0,0,False,0.0,
control,106,15,v106_s0015,0,0,False,0.0,
control,106,16,v106_s0016,0,0,False,0.0,
control,106,17,v106_s0017,0,0,False,0.0,
control,106,18,v106_s0018,0,0,False,0.0,
control,106,19,v106_s0019,0,0,False,0.0,
control,106,20,v106_s0020,0,0,False,0.0,
control,106,21,v106_s0021,0,0,False,0.0,
control,106,22,v106_s0022,0,0,False,0.0,
control,106,23,v106_s0023,0,0,False,0.0,
control,106,24,v106_s0024,0,0,False,0.0,
control,106,25,v106_s0025,0,0,False,0.0,
control,106,26,v106_s0026,0,0,False,0.0,
control,106,27,v106_s0027,0,0,False,0.0,
control,106,28,v106_s0028,0,0,False,0.0,
control,106,29,v106_s0029,0,0,False,0.0,
control,106,30,v106_s0030,0,0,False,0.0,
control,106,31,v106_s0031,0,0,False,0.0,
control,106,32,v106_s0032,0,0,False,0.0,
control,106,33,v106_s0033,0,0,False,0.0,
control,106,34,v106_s0034,0,0,False,0.0,
control,106,35,v106_s0035,0,0,False,0.0,
control,106,36,v106_s0036,0,0,False,0.0,
control,106,37,v106_s0037,0,0,False,0.0,
control,106,38,v106_s0038,0,0,False,0.0,
control,106,39,v106_s0039,0,0,False,0.0,
control,106,40,v106_s0040,0,0,False,0.0,
control,106,41,v106_s0041,0,0,False,0.0,
control,106,42,v106_s0042,0,0,False,0.0,
control,106,43,v106_s0043,0,0,False,0.0,
control,106,44,v106_s0044,0,0,False,0.0,
control,106,45,v106_s0045,0,0,False,0.0,
control,106,46,v106_s0046,0,0,False,0.0,
control,106,47,v106_s0047,0,0,False,0.0,
control,106,48,v106_s0048,0,0,False,0.0,
control,106,49,v106_s0049,0,0,False,0.0,
control,106,50,v106_s0050,0,0,False,0.0,
control,106,51,v106_s0051,0,0,False,0.0,
control,106,52,v106_s0052,0,0,False,0.0,
control,106,53,v106_s0053,0,0,False,0.0,
control,106,54,v106_s0054,0,0,False,0.0,
control,106,55,v106_s0055,0,0,False,0.0,
control,106,56,v106_s0056,0,0,False,0.0,
control,106,57,v106_s0057,0,0,False,0.0,
control,106,58,v106_s0058,0,0,False,0.0,
control,106,59,v106_s0059,0,0,False,0.0,
control,106,60,v106_s0060,0,0,False,0.0,
control,106,61,v106_s0061,0,0,False,0.0,
control,106,62,v106_s0062,0,0,False,0.0,
control,106,63,v106_s0063,0,0,False,0.0,
control,106,64,v106_s0064,0,0,False,0.0,
control,106,65,v106_s0065,0,0,False,0.0,
control,106,66,v106_s0066,0,0,False,0.0,
control,106,67,v106_s0067,0,0,False,0.0,
control,106,68,v106_s0068,0,0,False,0.0,
control,106,69,v106_s0069,0,0,False,0.0,
control,106,70,v106_s0070,0,0,False,0.0,
control,106,71,v106_s0071,0,0,False,0.0,
control,106,72,v106_s0072,0,0,False,0.0,
control,106,73,v106_s0073,0,0,False,0.0,
control,106,74,v106_s0074,0,0,False,0.0,
control,106,75,v106_s0075,0,0,False,0.0,
control,106,76,v106_s0076,0,0,False,0.0,
control,106,77,v106_s0077,0,0,False,0.0,
control,106,78,v106_s0078,0,0,False,0.0,
control,106,79,v106_s0079,0,0,False,0.0,
control,106,80,v106_s0080,0,0,False,0.0,
control,106,81,v106_s0081,0,0,False,0.0,
control,106,82,v106_s0082,0,0,False,0.0,
control,106,83,v106_s0083,0,0,False,0.0,
control,106,84,v106_s0084,0,0,False,0.0,
control,106,85,v106_s0085,0,0,False,0.0,
control,106,86,v106_s0086,0,0,False,0.0,
control,106,87,v106_s0087,0,0,False,0.0,
control,106,88,v106_s0088,0,0,False,0.0,
control,106,89,v106_s0089,0,0,False,0.0,
control,106,90,v106_s0090,0,0,False,0.0,
control,106,91,v106_s0091,0,0,False,0.0,
control,106,92,v106_s0092,0,0,False,0.0,
control,106,93,v106_s0093,0,0,False,0.0,
control,106,94,v106_s0094,0,0,False,0.0,
control,106,95,v106_s0095,0,0,False,0.0,
control,106,96,v106_s0096,0,0,False,0.0,
control,106,97,v106_s0097,0,0,False,0.0,
control,106,98,v106_s0098,0,0,False,0.0,
control,106,99,v106_s0099,0,0,False,0.0,
control,106,100,v106_s0100,0,0,False,0.0,
control,106,101,v106_s0101,0,0,False,0.0,
control,106,102,v106_s0102,0,0,False,0.0,
control,106,103,v106_s0103,0,0,False,0.0,
control,106,104,v106_s0104,0,0,False,0.0,
control,106,105,v106_s0105,0,0,False,0.0,
control,106,106,v106_s0106,0,0,False,0.0,
control,106,107,v106_s0107,0,0,False,0.0,
control,106,108,v106_s0108,0,0,False,0.0,
control,106,109,v106_s0109,0,0,False,0.0,
control,106,110,v106_s0110,0,0,False,0.0,
control,106,111,v106_s0111,0,0,False,0.0,
control,106,112,v106_s0112,0,0,False,0.0,
control,106,113,v106_s0113,0,0,False,0.0,
control,106,114,v106_s0114,0,0,False,0.0,
control,106,115,v106_s0115,0,0,False,0.0,
control,106,116,v106_s0116,0,0,False,0.0,
control,106,117,v106_s0117,0,0,False,0.0,
control,106,118,v106_s0118,0,0,False,0.0,
control,106,119,v106_s0119,0,0,False,0.0,
control,106,120,v106_s0120,0,0,False,0.0,
control,106,121,v106_s0121,0,0,False,0.0,
control,106,122,v106_s0122,0,0,False,0.0,
control,106,123,v106_s0123,0,0,False,0.0,
control,106,124,v106_s0124,0,0,False,0.0,
control,106,125,v106_s0125,0,0,False,0.0,
control,106,126,v106_s0126,0,0,False,0.0,
control,106,127,v106_s0127,0,0,False,0.0,
control,106,128,v106_s0128,0,0,False,0.0,
control,106,129,v106_s0129,0,0,False,0.0,
control,106,130,v106_s0130,0,0,False,0.0,
control,106,131,v106_s0131,0,0,False,0.0,
control,106,132,v106_s0132,0,0,False,0.0,
control,106,133,v106_s0133,0,0,False,0.0,
control,106,134,v106_s0134,0,0,False,0.0,
control,106,135,v106_s0135,0,0,False,0.0,
control,106,136,v106_s0136,0,0,False,0.0,
control,106,137,v106_s0137,0,0,False,0.0,
control,106,138,v106_s0138,0,0,False,0.0,
control,106,139,v106_s0139,0,0,False,0.0,
control,106,140,v106_s0140,0,0,False,0.0,
control,106,141,v106_s0141,0,0,False,0.0,
control,106,142,v106_s0142,0,0,False,0.0,
control,106,143,v106_s0143,0,0,False,0.0,
control,106,144,v106_s0144,0,0,False,0.0,
control,106,145,v106_s0145,0,0,False,0.0,
control,106,146,v106_s0146,0,0,False,0.0,
control,106,147,v106_s0147,0,0,False,0.0,
control,106,148,v106_s0148,0,0,False,0.0,
control,106,149,v106_s0149,0,0,False,0.0,
control,106,150,v106_s0150,0,0,False,0.0,
control,106,151,v106_s0151,0,0,False,0.0,
control,106,152,v106_s0152,0,0,False,0.0,
control,106,153,v106_s0153,0,0,False,0.0,
control,106,154,v106_s0154,0,0,False,0.0,
control,106,155,v106_s0155,0,0,False,0.0,
control,106,156,v106_s0156,0,0,False,0.0,
control,106,157,v106_s0157,0,0,False,0.0,
control,106,158,v106_s0158,0,0,False,0.0,
control,106,159,v106_s0159,0,0,False,0.0,
control,106,160,v106_s0160,0,0,False,0.0,
control,106,161,v106_s0161,0,0,False,0.0,
control,106,162,v106_s0162,0,0,False,0.0,
control,106,163,v106_s0163,0,0,False,0.0,
control,106,164,v106_s0164,0,0,False,0.0,
control,106,165,v106_s0165,0,0,False,0.0,
control,106,166,v106_s0166,0,0,False,0.0,
control,106,167,v106_s0167,0,0,False,0.0,
control,106,168,v106_s0168,0,0,False,0.0,
control,106,169,v106_s0169,0,0,False,0.0,
control,106,170,v106_s0170,0,0,False,0.0,
control,106,171,v106_s0171,0,0,False,0.0,
control,106,172,v106_s0172,0,0,False,0.0,
control,106,173,v106_s0173,0,0,False,0.0,
control,106,174,v106_s0174,0,0,False,0.0,
control,106,175,v106_s0175,0,0,False,0.0,
control,106,176,v106_s0176,0,0,False,0.0,
control,106,177,v106_s0177,0,0,False,0.0,
control,106,178,v106_s0178,0,0,False,0.0,
control,106,179,v106_s0179,0,0,False,0.0,
control,106,180,v106_s0180,0,0,False,0.0,
control,106,181,v106_s0181,0,0,False,0.0,
control,106,182,v106_s0182,0,0,False,0.0,
control,106,183,v106_s0183,0,0,False,0.0,
control,106,184,v106_s0184,0,0,False,0.0,
control,106,185,v106_s0185,0,0,False,0.0,
control,106,186,v106_s0186,0,0,False,0.0,
control,106,187,v106_s0187,0,0,False,0.0,
control,106,188,v106_s0188,0,0,False,0.0,
control,106,189,v106_s0189,0,0,False,0.0,
control,106,190,v106_s0190,0,0,False,0.0,
control,106,191,v106_s0191,0,0,False,0.0,
control,106,192,v106_s0192,0,0,False,0.0,
control,106,193,v106_s0193,0,0,False,0.0,
control,106,194,v106_s0194,0,0,False,0.0,
control,106,195,v106_s0195,0,0,False,0.0,
control,106,196,v106_s0196,0,0,False,0.0,
control,106,197,v106_s0197,0,0,False,0.0,
control,106,198,v106_s0198,0,0,False,0.0,
control,106,199,v106_s0199,0,0,False,0.0,
control,106,200,v106_s0200,0,0,False,0.0,
control,106,201,v106_s0201,0,0,False,0.0,
control,106,202,v106_s0202,0,0,False,0.0,
control,106,203,v106_s0203,0,0,False,0.0,
control,106,204,v106_s0204,0,0,False,0.0,
control,106,205,v106_s0205,0,0,False,0.0,
control,106,206,v106_s0206,0,0,False,0.0,
control,106,207,v106_s0207,0,0,False,0.0,
control,106,208,v106_s0208,0,0,False,0.0,
control,106,209,v106_s0209,0,0,False,0.0,
control,106,210,v106_s0210,0,0,False,0.0,
control,106,211,v106_s0211,0,0,False,0.0,
control,106,212,v106_s0212,0,0,False,0.0,
control,106,213,v106_s0213,0,0,False,0.0,
control,106,214,v106_s0214,0,0,False,0.0,
control,106,215,v106_s0215,0,0,False,0.0,
control,106,216,v106_s0216,0,0,False,0.0,
control,106,217,v106_s0217,0,0,False,0.0,
control,106,218,v106_s0218,0,0,False,0.0,
control,106,219,v106_s0219,0,0,False,0.0,
control,106,220,v106_s0220,0,0,False,0.0,
control,106,221,v106_s0221,0,0,False,0.0,
control,106,222,v106_s0222,0,0,False,0.0,
control,106,223,v106_s0223,0,0,False,0.0,
control,106,224,v106_s0224,0,0,False,0.0,
control,106,225,v106_s0225,0,0,False,0.0,
control,106,226,v106_s0226,0,0,False,0.0,
control,106,227,v106_s0227,0,0,False,0.0,
control,106,228,v106_s0228,0,0,False,0.0,
control,106,229,v106_s0229,0,0,False,0.0,
control,106,230,v106_s0230,0,0,False,0.0,
control,106,231,v106_s0231,0,0,False,0.0,
control,106,232,v106_s0232,0,0,False,0.0,
control,106,233,v106_s0233,0,0,False,0.0,
control,106,234,v106_s0234,0,0,False,0.0,
control,106,235,v106_s0235,0,0,False,0.0,
control,106,236,v106_s0236,0,0,False,0.0,
control,106,237,v106_s0237,0,0,False,0.0,
control,106,238,v106_s0238,0,0,False,0.0,
control,106,239,v106_s0239,0,0,False,0.0,
control,106,240,v106_s0240,0,0,False,0.0,
control,106,241,v106_s0241,0,0,False,0.0,
control,106,242,v106_s0242,0,0,False,0.0,
control,106,243,v106_s0243,0,0,False,0.0,
control,106,244,v106_s0244,0,0,False,0.0,
control,106,245,v106_s0245,0,0,False,0.0,
control,106,246,v106_s0246,0,0,False,0.0,
control,106,247,v106_s0247,0,0,False,0.0,
control,106,248,v106_s0248,0,0,False,0.0,
control,106,249,v106_s0249,0,0,False,0.0,
control,106,250,v106_s0250,0,0,False,0.0,
control,106,251,v106_s0251,0,0,False,0.0,
control,106,252,v106_s0252,0,0,False,0.0,
control,106,253,v106_s0253,0,0,False,0.0,
control,106,254,v106_s0254,0,0,False,0.0,
control,106,255,v106_s0255,0,0,False,0.0,
control,106,256,v106_s0256,0,0,False,0.0,
control,106,257,v106_s0257,0,0,False,0.0,
control,106,258,v106_s0258,0,0,False,0.0,
control,106,259,v106_s0259,0,0,False,0.0,
control,106,260,v106_s0260,0,0,False,0.0,
control,106,261,v106_s0261,0,0,False,0.0,
control,106,262,v106_s0262,0,0,False,0.0,
control,106,263,v106_s0263,0,0,False,0.0,
control,106,264,v106_s0264,0,0,False,0.0,
control,106,265,v106_s0265,0,0,False,0.0,
control,106,266,v106_s0266,0,0,False,0.0,
control,106,267,v106_s0267,0,0,False,0.0,
control,106,268,v106_s0268,0,0,False,0.0,
control,106,269,v106_s0269,0,0,False,0.0,
control,106,270,v106_s0270,0,0,False,0.0,
control,106,271,v106_s0271,0,0,False,0.0,
control,106,272,v106_s0272,0,0,False,0.0,
control,106,273,v106_s0273,0,0,False,0.0,
control,106,274,v106_s0274,0,0,False,0.0,
control,106,275,v106_s0275,0,0,False,0.0,
control,106,276,v106_s0276,0,0,False,0.0,
control,106,277,v106_s0277,0,0,False,0.0,
control,106,278,v106_s0278,0,0,False,0.0,
control,106,279,v106_s0279,0,0,False,0.0,
control,106,280,v106_s0280,0,0,False,0.0,
control,106,281,v106_s0281,0,0,False,0.0,
control,106,282,v106_s0282,0,0,False,0.0,
control,106,283,v106_s0283,0,0,False,0.0,
control,106,284,v106_s0284,0,0,False,0.0,
control,106,285,v106_s0285,0,0,False,0.0,
control,106,286,v106_s0286,0,0,False,0.0,
control,106,287,v106_s0287,0,0,False,0.0,
control,106,288,v106_s0288,0,0,False,0.0,
control,106,289,v106_s0289,0,0,False,0.0,
control,106,290,v106_s0290,0,0,False,0.0,
control,106,291,v106_s0291,0,0,False,0.0,
control,106,292,v106_s0292,0,0,False,0.0,
control,106,293,v106_s0293,0,0,False,0.0,
control,106,294,v106_s0294,0,0,False,0.0,
control,106,295,v106_s0295,0,0,False,0.0,
control,106,296,v106_s0296,0,0,False,0.0,
control,106,297,v106_s0297,0,0,False,0.0,
control,106,298,v106_s0298,0,0,False,0.0,
control,106,299,v106_s0299,0,0,False,0.0,
control,106,300,v106_s0300,0,0,False,0.0,
control,106,301,v106_s0301,0,0,False,0.0,
control,106,302,v106_s0302,0,0,False,0.0,
control,106,303,v106_s0303,0,0,False,0.0,
control,106,304,v106_s0304,0,0,False,0.0,
control,106,305,v106_s0305,0,0,False,0.0,
control,106,306,v106_s0306,0,0,False,0.0,
control,106,307,v106_s0307,0,0,False,0.0,
control,106,308,v106_s0308,0,0,False,0.0,
control,106,309,v106_s0309,0,0,False,0.0,
control,106,310,v106_s0310,0,0,False,0.0,
control,106,311,v106_s0311,0,0,False,0.0,
control,106,312,v106_s0312,0,0,False,0.0,
control,106,313,v106_s0313,0,0,False,0.0,
control,106,314,v106_s0314,0,0,False,0.0,
control,106,315,v106_s0315,0,0,False,0.0,
control,106,316,v106_s0316,0,0,False,0.0,
control,106,317,v106_s0317,0,0,False,0.0,
control,106,318,v106_s0318,0,0,False,0.0,
control,106,319,v106_s0319,0,0,False,0.0,
control,106,320,v106_s0320,0,0,False,0.0,
control,106,321,v106_s0321,0,0,False,0.0,
control,106,322,v106_s0322,0,0,False,0.0,
control,106,323,v106_s0323,0,0,False,0.0,
control,106,324,v106_s0324,0,0,False,0.0,
control,106,325,v106_s0325,0,0,False,0.0,
control,106,326,v106_s0326,0,0,False,0.0,
control,106,327,v106_s0327,0,0,False,0.0,
control,106,328,v106_s0328,0,0,False,0.0,
control,106,329,v106_s0329,0,0,False,0.0,
control,106,330,v106_s0330,0,0,False,0.0,
control,106,331,v106_s0331,0,0,False,0.0,
control,106,332,v106_s0332,0,0,False,0.0,
control,106,333,v106_s0333,0,0,False,0.0,
control,106,334,v106_s0334,0,0,False,0.0,
control,106,335,v106_s0335,0,0,False,0.0,
control,106,336,v106_s0336,0,0,False,0.0,
control,106,337,v106_s0337,0,0,False,0.0,
control,106,338,v106_s0338,0,0,False,0.0,
control,106,339,v106_s0339,0,0,False,0.0,
control,106,340,v106_s0340,0,0,False,0.0,
control,106,341,v106_s0341,0,0,False,0.0,
control,106,342,v106_s0342,0,0,False,0.0,
control,106,343,v106_s0343,0,0,False,0.0,
control,106,344,v106_s0344,0,0,False,0.0,
control,106,345,v106_s0345,0,0,False,0.0,
control,106,346,v106_s0346,0,0,False,0.0,
control,106,347,v106_s0347,0,0,False,0.0,
control,106,348,v106_s0348,0,0,False,0.0,
control,106,349,v106_s0349,0,0,False,0.0,
control,106,350,v106_s0350,0,0,False,0.0,
control,106,351,v106_s0351,0,0,False,0.0,
control,106,352,v106_s0352,0,0,False,0.0,
control,106,353,v106_s0353,0,0,False,0.0,
control,106,354,v106_s0354,0,0,False,0.0,
control,106,355,v106_s0355,0,0,False,0.0,
control,106,356,v106_s0356,0,0,False,0.0,
control,106,357,v106_s0357,0,42,False,1.0,
control,106,358,v106_s0358,0,68,False,0.9990234375,
control,106,359,v106_s0359,0,67,False,1.0,
control,106,360,v106_s0360,0,58,False,1.0,
control,106,361,v106_s0361,0,33,False,1.0,
control,106,362,v106_s0362,0,0,False,0.0,
control,106,363,v106_s0363,0,0,False,0.0,
control,106,364,v106_s0364,0,0,False,0.0,
control,106,365,v106_s0365,0,0,False,0.0,
control,106,366,v106_s0366,0,0,False,0.0,
control,106,367,v106_s0367,0,0,False,0.0,
control,106,368,v106_s0368,0,0,False,0.0,
control,106,369,v106_s0369,0,0,False,0.0,
control,106,370,v106_s0370,0,0,False,0.0,
control,106,371,v106_s0371,0,0,False,0.0,
control,106,372,v106_s0372,0,0,False,0.0,
control,106,373,v106_s0373,0,0,False,0.0,
control,106,374,v106_s0374,0,0,False,0.0,
control,106,375,v106_s0375,0,0,False,0.0,
control,106,376,v106_s0376,0,0,False,0.0,
control,106,377,v106_s0377,0,0,False,0.0,
control,106,378,v106_s0378,0,0,False,0.0,
control,106,379,v106_s0379,0,0,False,0.0,
control,106,380,v106_s0380,0,0,False,0.0,
control,106,381,v106_s0381,0,0,False,0.0,
control,106,382,v106_s0382,0,0,False,0.0,
control,106,383,v106_s0383,0,0,False,0.0,
control,106,384,v106_s0384,0,0,False,0.0,
control,106,385,v106_s0385,0,0,False,0.0,
control,106,386,v106_s0386,0,0,False,0.0,
control,106,387,v106_s0387,0,0,False,0.0,
control,106,388,v106_s0388,0,0,False,0.0002313852310180664,
control,106,389,v106_s0389,0,0,False,7.152557373046875e-07,
control,106,390,v106_s0390,0,0,False,0.0,
control,106,391,v106_s0391,0,0,False,0.0,
control,106,392,v106_s0392,0,0,False,0.0,
control,106,393,v106_s0393,0,73,False,1.0,
control,106,394,v106_s0394,0,17,False,1.0,
control,106,395,v106_s0395,0,0,False,0.0,
control,106,396,v106_s0396,0,0,False,0.0,
control,106,397,v106_s0397,0,0,False,0.0,
control,106,398,v106_s0398,0,22,False,1.0,
control,106,399,v106_s0399,0,37,False,1.0,
control,106,400,v106_s0400,0,22,False,1.0,
control,106,401,v106_s0401,0,0,False,0.0,
control,106,402,v106_s0402,0,43,False,1.0,
control,106,403,v106_s0403,0,53,False,1.0,
control,106,404,v106_s0404,0,47,False,1.0,
control,106,405,v106_s0405,0,35,False,1.0,
control,106,406,v106_s0406,0,61,False,1.0,
control,106,407,v106_s0407,0,62,False,1.0,
control,106,408,v106_s0408,0,47,False,1.0,
control,106,409,v106_s0409,0,0,False,0.0,
control,106,410,v106_s0410,0,0,False,0.0,
control,106,411,v106_s0411,0,0,False,5.960464477539063e-08,
control,106,412,v106_s0412,0,0,False,0.0,
control,106,413,v106_s0413,0,0,False,0.0,
control,106,414,v106_s0414,0,0,False,0.0,
control,106,415,v106_s0415,0,0,False,0.0,
control,106,416,v106_s0416,0,0,False,0.0,
control,106,417,v106_s0417,0,0,False,0.0,
control,106,418,v106_s0418,0,0,False,0.0,
control,106,419,v106_s0419,0,0,False,0.0,
control,106,420,v106_s0420,0,0,False,0.0,
control,106,421,v106_s0421,0,0,False,0.0,
control,106,422,v106_s0422,0,13,False,0.94921875,
control,106,423,v106_s0423,0,27,False,0.99853515625,
control,106,424,v106_s0424,0,33,False,1.0,
control,106,425,v106_s0425,0,32,False,1.0,
control,106,426,v106_s0426,0,0,False,0.0,
control,106,427,v106_s0427,0,0,False,0.0,
control,106,428,v106_s0428,0,0,False,0.0,
control,106,429,v106_s0429,0,0,False,0.0,
control,106,430,v106_s0430,0,32,False,1.0,
control,106,431,v106_s0431,0,12,False,1.0,
control,106,432,v106_s0432,0,0,False,0.0,
control,106,433,v106_s0433,0,0,False,0.00218963623046875,
control,106,434,v106_s0434,0,0,False,0.0,
control,106,435,v106_s0435,0,18,False,1.0,
control,106,436,v106_s0436,0,0,False,0.0,
control,106,437,v106_s0437,0,0,False,2.205371856689453e-06,
control,106,438,v106_s0438,0,0,False,0.0,
control,106,439,v106_s0439,0,0,False,0.0,
control,106,440,v106_s0440,0,0,False,0.0,
control,106,441,v106_s0441,0,0,False,0.0,
control,106,442,v106_s0442,0,90,False,1.0,
control,106,443,v106_s0443,0,0,False,0.177001953125,
control,106,444,v106_s0444,0,0,False,1.1920928955078125e-07,
control,106,445,v106_s0445,0,0,False,6.717443466186523e-05,
control,106,446,v106_s0446,0,0,False,2.205371856689453e-06,
control,106,447,v106_s0447,0,0,False,0.00017881393432617188,
control,106,448,v106_s0448,0,0,False,0.0,
control,106,449,v106_s0449,0,0,False,0.0,
control,106,450,v106_s0450,0,0,False,0.0,
control,106,451,v106_s0451,0,0,False,0.0,
control,106,452,v106_s0452,0,0,False,0.0,
control,106,453,v106_s0453,0,9,False,0.99951171875,
control,106,454,v106_s0454,0,0,False,0.0,
control,106,455,v106_s0455,0,0,False,0.0,
control,106,456,v106_s0456,0,19,False,1.0,
control,106,457,v106_s0457,0,0,False,5.960464477539063e-08,
control,106,458,v106_s0458,0,0,False,0.0,
control,106,459,v106_s0459,0,0,False,0.0,
control,106,460,v106_s0460,0,0,False,0.0,
control,106,461,v106_s0461,0,0,False,0.0,
control,106,462,v106_s0462,0,0,False,0.0,
control,106,463,v106_s0463,0,0,False,0.0,
control,106,464,v106_s0464,0,0,False,0.0,
control,106,465,v106_s0465,0,0,False,0.0,
control,106,466,v106_s0466,0,0,False,0.0,
control,106,467,v106_s0467,0,0,False,0.0,
control,106,468,v106_s0468,0,0,False,0.0,
control,106,469,v106_s0469,0,0,False,0.0,
control,106,470,v106_s0470,0,0,False,0.0,
control,106,471,v106_s0471,0,0,False,0.0,
control,106,472,v106_s0472,0,0,False,0.0,
control,106,473,v106_s0473,0,0,False,0.0,
control,106,474,v106_s0474,0,0,False,0.0,
control,106,475,v106_s0475,0,0,False,0.0,
control,106,476,v106_s0476,0,11,False,1.0,
control,106,477,v106_s0477,0,11,False,1.0,
control,106,478,v106_s0478,0,0,False,0.0,
control,106,479,v106_s0479,0,0,False,0.0,
control,106,480,v106_s0480,0,0,False,0.0,
control,106,481,v106_s0481,0,0,False,0.0,
control,106,482,v106_s0482,0,0,False,0.0,
control,106,483,v106_s0483,0,0,False,0.0,
control,106,484,v106_s0484,0,0,False,0.0,
control,106,485,v106_s0485,0,0,False,0.0,
control,106,486,v106_s0486,0,0,False,0.0,
control,106,487,v106_s0487,0,0,False,0.0,
control,106,488,v106_s0488,0,0,False,0.0,
control,106,489,v106_s0489,0,0,False,0.0,
control,106,490,v106_s0490,0,0,False,0.0,
control,106,491,v106_s0491,0,0,False,0.0,
control,106,492,v106_s0492,0,0,False,0.0,
control,106,493,v106_s0493,0,0,False,0.0,
control,106,494,v106_s0494,0,0,False,0.0,
control,106,495,v106_s0495,0,0,False,0.0,
control,106,496,v106_s0496,0,0,False,0.0,
control,106,497,v106_s0497,0,0,False,0.0,
control,106,498,v106_s0498,0,0,False,0.0,
control,106,499,v106_s0499,0,0,False,0.0,
control,106,500,v106_s0500,0,0,False,0.0,
control,106,501,v106_s0501,0,0,False,0.0,
control,106,502,v106_s0502,0,0,False,0.0,
control,106,503,v106_s0503,0,0,False,0.00623321533203125,
control,106,504,v106_s0504,0,0,False,0.0,
control,106,505,v106_s0505,0,0,False,0.0,
control,106,506,v106_s0506,0,0,False,0.0,
control,106,507,v106_s0507,0,0,False,0.0,
control,106,508,v106_s0508,0,0,False,0.0,
control,106,509,v106_s0509,0,0,False,0.0,
control,106,510,v106_s0510,0,0,False,0.0,
control,106,511,v106_s0511,0,0,False,0.0,
control,106,512,v106_s0512,0,0,False,0.0,
control,106,513,v106_s0513,0,0,False,0.0014524459838867188,
control,106,514,v106_s0514,0,0,False,0.0,
control,106,515,v106_s0515,0,0,False,0.0,
control,106,516,v106_s0516,0,0,False,0.0,
control,106,517,v106_s0517,0,0,False,0.0,
control,106,518,v106_s0518,0,0,False,0.0,
control,106,519,v106_s0519,0,0,False,0.0,
control,106,520,v106_s0520,0,0,False,0.0,
control,106,521,v106_s0521,0,0,False,0.0,
control,106,522,v106_s0522,0,0,False,0.0,
control,106,523,v106_s0523,0,0,False,0.0,
control,106,524,v106_s0524,0,0,False,0.0,
control,106,525,v106_s0525,0,0,False,0.0,
control,106,526,v106_s0526,0,0,False,0.0,
control,106,527,v106_s0527,0,0,False,0.0,
control,106,528,v106_s0528,0,0,False,0.0,
control,106,529,v106_s0529,0,0,False,0.0,
control,106,530,v106_s0530,0,0,False,0.0,
control,106,531,v106_s0531,0,0,False,0.0,
control,106,532,v106_s0532,0,0,False,0.0,
control,106,533,v106_s0533,0,0,False,0.0,
control,106,534,v106_s0534,0,0,False,0.0,
control,106,535,v106_s0535,0,0,False,0.0,
control,106,536,v106_s0536,0,0,False,0.0,
control,106,537,v106_s0537,0,0,False,0.0,
control,106,538,v106_s0538,0,0,False,0.0,
control,106,539,v106_s0539,0,0,False,0.0,
control,106,540,v106_s0540,0,0,False,0.0,
control,106,541,v106_s0541,0,0,False,0.0,
control,106,542,v106_s0542,0,0,False,0.0,
control,106,543,v106_s0543,0,0,False,0.0,
control,106,544,v106_s0544,0,0,False,0.0,
control,106,545,v106_s0545,0,0,False,0.0,
control,106,546,v106_s0546,0,0,False,0.0,
control,106,547,v106_s0547,0,0,False,0.0,
control,106,548,v106_s0548,0,0,False,0.0,
control,106,549,v106_s0549,0,0,False,0.0,
control,106,550,v106_s0550,0,0,False,0.0,
control,106,551,v106_s0551,0,0,False,0.0,
control,106,552,v106_s0552,0,0,False,0.0,
control,106,553,v106_s0553,0,0,False,0.0,
control,106,554,v106_s0554,0,0,False,0.0,
control,106,555,v106_s0555,0,0,False,0.0,
control,106,556,v106_s0556,0,0,False,0.0,
control,106,557,v106_s0557,0,0,False,0.0,
control,106,558,v106_s0558,0,0,False,0.0,
control,106,559,v106_s0559,0,0,False,0.0,
control,106,560,v106_s0560,0,0,False,0.0,
control,106,561,v106_s0561,0,0,False,0.0,
control,106,562,v106_s0562,0,0,False,0.0,
control,106,563,v106_s0563,0,0,False,0.0,
control,106,564,v106_s0564,0,0,False,0.0,
control,106,565,v106_s0565,0,0,False,0.0,
control,106,566,v106_s0566,0,0,False,0.0,
control,106,567,v106_s0567,0,0,False,0.0,
control,106,568,v106_s0568,0,0,False,0.0,
control,106,569,v106_s0569,0,0,False,0.0,
control,106,570,v106_s0570,0,0,False,0.0,
control,106,571,v106_s0571,0,0,False,0.0,
control,106,572,v106_s0572,0,0,False,0.0,
control,106,573,v106_s0573,0,0,False,0.0,
control,106,574,v106_s0574,0,0,False,0.0,
control,106,575,v106_s0575,0,0,False,0.0,
control,106,576,v106_s0576,0,0,False,0.0,
control,106,577,v106_s0577,0,0,False,0.0,
control,106,578,v106_s0578,0,0,False,0.0,
control,106,579,v106_s0579,0,0,False,0.0,
control,106,580,v106_s0580,0,0,False,0.0,
control,106,581,v106_s0581,0,0,False,0.0,
control,106,582,v106_s0582,0,0,False,0.0,
control,106,583,v106_s0583,0,0,False,0.0,
control,106,584,v106_s0584,0,0,False,0.0,
control,106,585,v106_s0585,0,0,False,0.0,
control,106,586,v106_s0586,0,0,False,0.0,
control,106,587,v106_s0587,0,0,False,0.0,
control,106,588,v106_s0588,0,0,False,0.0,
control,106,589,v106_s0589,0,0,False,0.0,
control,106,590,v106_s0590,0,0,False,0.0,
control,106,591,v106_s0591,0,0,False,0.0,
control,106,592,v106_s0592,0,0,False,0.0,
control,106,593,v106_s0593,0,0,False,0.0,
control,106,594,v106_s0594,0,0,False,0.0,
control,106,595,v106_s0595,0,0,False,0.0,
control,106,596,v106_s0596,0,0,False,0.0,
control,106,597,v106_s0597,0,0,False,0.0,
control,106,598,v106_s0598,0,0,False,0.0,
control,106,599,v106_s0599,0,0,False,0.0,
control,106,600,v106_s0600,0,0,False,0.0,
control,106,601,v106_s0601,0,0,False,0.0,
control,106,602,v106_s0602,0,0,False,0.0,
control,106,603,v106_s0603,0,0,False,0.0,
control,106,604,v106_s0604,0,0,False,0.0,
control,106,605,v106_s0605,0,0,False,0.0,
control,106,606,v106_s0606,0,0,False,0.0,
control,106,607,v106_s0607,0,0,False,0.0,
control,106,608,v106_s0608,0,0,False,0.0,
control,106,609,v106_s0609,0,0,False,0.0,
control,106,610,v106_s0610,0,0,False,0.0,
control,106,611,v106_s0611,0,0,False,0.0,
control,106,612,v106_s0612,0,0,False,0.0,
control,106,613,v106_s0613,0,0,False,0.0,
control,106,614,v106_s0614,0,0,False,0.0,
control,106,615,v106_s0615,0,0,False,0.0,
control,106,616,v106_s0616,0,0,False,0.0,
control,106,617,v106_s0617,0,0,False,0.0,
control,106,618,v106_s0618,0,0,False,0.0,
control,106,619,v106_s0619,0,0,False,0.0,
control,106,620,v106_s0620,0,0,False,0.0,
control,106,621,v106_s0621,0,0,False,0.0,
control,106,622,v106_s0622,0,0,False,0.0,
control,106,623,v106_s0623,0,0,False,0.0,
control,106,624,v106_s0624,0,0,False,0.0,
control,106,625,v106_s0625,0,0,False,0.0,
control,106,626,v106_s0626,0,0,False,0.0,
control,106,627,v106_s0627,0,0,False,0.0,
control,106,628,v106_s0628,0,0,False,0.0,
control,106,629,v106_s0629,0,0,False,0.0,
control,106,630,v106_s0630,0,0,False,0.0,
control,106,631,v106_s0631,0,0,False,0.0,
control,106,632,v106_s0632,0,0,False,0.0,
control,106,633,v106_s0633,0,0,False,0.0,
control,106,634,v106_s0634,0,0,False,0.0,
control,106,635,v106_s0635,0,0,False,0.0,
control,106,636,v106_s0636,0,0,False,0.0,
control,106,637,v106_s0637,0,0,False,0.0,
control,106,638,v106_s0638,0,0,False,0.0,
control,106,639,v106_s0639,0,0,False,0.0,
control,106,640,v106_s0640,0,0,False,0.0,
control,106,641,v106_s0641,0,0,False,0.0,
control,106,642,v106_s0642,0,0,False,0.0,
control,106,643,v106_s0643,0,0,False,0.0,
control,106,644,v106_s0644,0,0,False,0.0,
control,106,645,v106_s0645,0,0,False,0.0,
control,106,646,v106_s0646,0,0,False,0.0,
control,106,647,v106_s0647,0,0,False,0.0,
control,106,648,v106_s0648,0,0,False,0.0,
control,106,649,v106_s0649,0,0,False,0.0,
control,106,650,v106_s0650,0,0,False,0.0,
control,106,651,v106_s0651,0,0,False,0.0,
control,106,652,v106_s0652,0,0,False,0.0,
control,106,653,v106_s0653,0,0,False,0.0,
control,106,654,v106_s0654,0,0,False,0.0,
control,106,655,v106_s0655,0,0,False,0.0,
control,106,656,v106_s0656,0,0,False,0.0,
control,106,657,v106_s0657,0,0,False,0.0,
control,106,658,v106_s0658,0,0,False,0.0,
control,106,659,v106_s0659,0,0,False,0.0,
control,106,660,v106_s0660,0,0,False,0.0,
control,106,661,v106_s0661,0,0,False,0.0,
control,106,662,v106_s0662,0,0,False,0.0,
control,106,663,v106_s0663,0,0,False,0.0,
control,106,664,v106_s0664,0,0,False,0.0,
control,106,665,v106_s0665,0,0,False,0.0,
control,106,666,v106_s0666,0,0,False,0.0,
control,106,667,v106_s0667,0,0,False,0.0,
control,106,668,v106_s0668,0,0,False,0.0,
control,106,669,v106_s0669,0,0,False,0.0,
control,106,670,v106_s0670,0,0,False,0.0,
control,106,671,v106_s0671,0,0,False,0.0,
control,106,672,v106_s0672,0,0,False,0.0,
control,106,673,v106_s0673,0,0,False,0.0,
control,106,674,v106_s0674,0,0,False,0.0,
control,106,675,v106_s0675,0,0,False,0.0,
control,106,676,v106_s0676,0,0,False,0.0,
control,106,677,v106_s0677,0,0,False,0.0,
control,106,678,v106_s0678,0,0,False,0.0,
control,106,679,v106_s0679,0,0,False,0.0,
control,106,680,v106_s0680,0,0,False,0.0,
control,106,681,v106_s0681,0,0,False,0.0,
control,106,682,v106_s0682,0,0,False,0.0,
control,106,683,v106_s0683,0,0,False,0.0,
control,106,684,v106_s0684,0,0,False,0.0,
control,106,685,v106_s0685,0,0,False,0.0,
control,106,686,v106_s0686,0,0,False,0.0,
control,106,687,v106_s0687,0,0,False,0.0,
control,106,688,v106_s0688,0,0,False,0.0,
control,106,689,v106_s0689,0,0,False,0.0,
control,106,690,v106_s0690,0,0,False,0.0,
control,106,691,v106_s0691,0,0,False,0.0,
control,106,692,v106_s0692,0,0,False,0.0,
control,106,693,v106_s0693,0,0,False,0.0,
control,106,694,v106_s0694,0,0,False,0.0,
control,106,695,v106_s0695,0,0,False,0.0,
control,106,696,v106_s0696,0,0,False,0.0,
control,106,697,v106_s0697,0,0,False,0.0,
control,106,698,v106_s0698,0,0,False,0.0,
control,106,699,v106_s0699,0,0,False,0.0,
control,106,700,v106_s0700,0,0,False,0.0,
control,106,701,v106_s0701,0,0,False,0.0,
control,106,702,v106_s0702,0,0,False,0.0,
control,106,703,v106_s0703,0,0,False,0.0,
control,106,704,v106_s0704,0,0,False,0.0,
control,106,705,v106_s0705,0,0,False,0.0,
control,106,706,v106_s0706,0,0,False,0.0,
control,106,707,v106_s0707,0,0,False,0.0,
control,106,708,v106_s0708,0,0,False,0.0,
control,106,709,v106_s0709,0,0,False,0.0,
control,106,710,v106_s0710,0,0,False,0.0,
control,106,711,v106_s0711,0,0,False,0.0,
control,106,712,v106_s0712,0,0,False,0.0,
control,106,713,v106_s0713,0,0,False,0.0,
control,106,714,v106_s0714,0,0,False,0.0,
control,106,715,v106_s0715,0,0,False,0.0,
control,106,716,v106_s0716,0,0,False,0.0,
control,106,717,v106_s0717,0,0,False,0.0,
control,106,718,v106_s0718,0,0,False,0.0,
control,106,719,v106_s0719,0,0,False,0.0,
control,106,720,v106_s0720,0,0,False,0.0,
control,106,721,v106_s0721,0,0,False,0.0,
control,106,722,v106_s0722,0,0,False,0.0,
control,106,723,v106_s0723,0,0,False,0.0,
control,106,724,v106_s0724,0,0,False,0.0,
control,106,725,v106_s0725,0,0,False,0.0,
control,106,726,v106_s0726,0,0,False,0.0,
control,106,727,v106_s0727,0,0,False,0.0,
control,106,728,v106_s0728,0,0,False,0.0,
control,106,729,v106_s0729,0,0,False,0.0,
control,106,730,v106_s0730,0,0,False,0.0,
control,106,731,v106_s0731,0,0,False,0.0,
control,106,732,v106_s0732,0,0,False,0.0,
control,106,733,v106_s0733,0,0,False,0.0,
control,106,734,v106_s0734,0,0,False,0.0,
control,106,735,v106_s0735,0,0,False,0.0,
control,106,736,v106_s0736,0,0,False,0.0,
control,106,737,v106_s0737,0,0,False,0.0,
control,106,738,v106_s0738,0,0,False,0.0,
control,106,739,v106_s0739,0,0,False,0.0,
control,106,740,v106_s0740,0,0,False,0.0,
control,106,741,v106_s0741,0,0,False,0.0,
control,106,742,v106_s0742,0,0,False,0.0,
control,106,743,v106_s0743,0,0,False,0.0,
control,106,744,v106_s0744,0,0,False,0.0,
control,106,745,v106_s0745,0,0,False,0.0,
control,106,746,v106_s0746,0,0,False,0.0,
control,106,747,v106_s0747,0,0,False,0.0,
control,106,748,v106_s0748,0,0,False,0.0,
control,106,749,v106_s0749,0,0,False,0.0,
control,106,750,v106_s0750,0,0,False,0.0,
control,106,751,v106_s0751,0,0,False,0.0,
control,106,752,v106_s0752,0,0,False,0.0,
control,106,753,v106_s0753,0,0,False,0.0,
control,106,754,v106_s0754,0,0,False,0.0,
control,106,755,v106_s0755,0,0,False,0.0,
control,106,756,v106_s0756,0,0,False,0.0,
control,106,757,v106_s0757,0,0,False,0.0,
control,106,758,v106_s0758,0,0,False,0.0,
control,106,759,v106_s0759,0,0,False,0.0,
control,106,760,v106_s0760,0,0,False,0.0,
control,106,761,v106_s0761,0,0,False,0.0,
control,106,762,v106_s0762,0,0,False,0.0,
control,106,763,v106_s0763,0,0,False,0.0,
control,106,764,v106_s0764,0,0,False,0.0,
control,106,765,v106_s0765,0,0,False,0.0,
control,106,766,v106_s0766,0,0,False,0.0,
control,106,767,v106_s0767,0,0,False,0.0,
control,106,768,v106_s0768,0,0,False,0.0,
control,106,769,v106_s0769,0,0,False,0.0,
control,106,770,v106_s0770,0,0,False,0.0,
control,107,0,v107_s0000,0,0,False,0.0,
control,107,1,v107_s0001,0,0,False,0.0,
control,107,2,v107_s0002,0,0,False,0.0,
control,107,3,v107_s0003,0,0,False,0.0,
control,107,4,v107_s0004,0,0,False,0.0,
control,107,5,v107_s0005,0,0,False,0.0,
control,107,6,v107_s0006,0,0,False,0.0,
control,107,7,v107_s0007,0,0,False,0.0,
control,107,8,v107_s0008,0,0,False,0.0,
control,107,9,v107_s0009,0,0,False,0.0,
control,107,10,v107_s0010,0,0,False,0.0,
control,107,11,v107_s0011,0,0,False,0.0,
control,107,12,v107_s0012,0,0,False,0.0,
control,107,13,v107_s0013,0,0,False,0.0,
control,107,14,v107_s0014,0,0,False,0.0,
control,107,15,v107_s0015,0,0,False,0.0,
control,107,16,v107_s0016,0,0,False,0.0,
control,107,17,v107_s0017,0,0,False,0.0,
control,107,18,v107_s0018,0,0,False,0.0,
control,107,19,v107_s0019,0,0,False,0.0,
control,107,20,v107_s0020,0,0,False,0.0,
control,107,21,v107_s0021,0,0,False,0.0,
control,107,22,v107_s0022,0,0,False,0.0,
control,107,23,v107_s0023,0,0,False,0.0,
control,107,24,v107_s0024,0,0,False,0.0,
control,107,25,v107_s0025,0,0,False,0.0,
control,107,26,v107_s0026,0,0,False,0.0,
control,107,27,v107_s0027,0,0,False,0.0,
control,107,28,v107_s0028,0,0,False,0.0,
control,107,29,v107_s0029,0,0,False,0.0,
control,107,30,v107_s0030,0,0,False,0.0,
control,107,31,v107_s0031,0,0,False,0.0,
control,107,32,v107_s0032,0,0,False,0.0,
control,107,33,v107_s0033,0,0,False,0.0,
control,107,34,v107_s0034,0,0,False,0.0,
control,107,35,v107_s0035,0,0,False,0.0,
control,107,36,v107_s0036,0,0,False,0.0,
control,107,37,v107_s0037,0,0,False,0.0,
control,107,38,v107_s0038,0,0,False,0.0,
control,107,39,v107_s0039,0,0,False,0.0,
control,107,40,v107_s0040,0,0,False,0.0,
control,107,41,v107_s0041,0,0,False,0.0,
control,107,42,v107_s0042,0,0,False,0.0,
control,107,43,v107_s0043,0,0,False,0.0,
control,107,44,v107_s0044,0,0,False,0.0,
control,107,45,v107_s0045,0,0,False,0.0,
control,107,46,v107_s0046,0,0,False,0.0,
control,107,47,v107_s0047,0,0,False,0.0,
control,107,48,v107_s0048,0,0,False,0.0,
control,107,49,v107_s0049,0,0,False,0.0,
control,107,50,v107_s0050,0,0,False,0.0,
control,107,51,v107_s0051,0,0,False,0.0,
control,107,52,v107_s0052,0,0,False,0.0,
control,107,53,v107_s0053,0,0,False,0.0,
control,107,54,v107_s0054,0,0,False,0.0,
control,107,55,v107_s0055,0,0,False,0.0,
control,107,56,v107_s0056,0,0,False,0.0,
control,107,57,v107_s0057,0,0,False,0.0,
control,107,58,v107_s0058,0,0,False,0.0,
control,107,59,v107_s0059,0,0,False,0.0,
control,107,60,v107_s0060,0,0,False,0.0,
control,107,61,v107_s0061,0,0,False,0.0,
control,107,62,v107_s0062,0,0,False,0.0,
control,107,63,v107_s0063,0,0,False,0.0,
control,107,64,v107_s0064,0,0,False,0.0,
control,107,65,v107_s0065,0,0,False,0.0,
control,107,66,v107_s0066,0,0,False,0.0,
control,107,67,v107_s0067,0,0,False,0.0,
control,107,68,v107_s0068,0,0,False,0.0,
control,107,69,v107_s0069,0,0,False,0.0,
control,107,70,v107_s0070,0,0,False,0.0,
control,107,71,v107_s0071,0,0,False,0.0,
control,107,72,v107_s0072,0,0,False,0.0,
control,107,73,v107_s0073,0,0,False,0.0,
control,107,74,v107_s0074,0,0,False,0.0,
control,107,75,v107_s0075,0,0,False,0.0,
control,107,76,v107_s0076,0,0,False,0.0,
control,107,77,v107_s0077,0,0,False,0.0,
control,107,78,v107_s0078,0,0,False,0.0,
control,107,79,v107_s0079,0,0,False,0.0,
control,107,80,v107_s0080,0,0,False,0.0,
control,107,81,v107_s0081,0,0,False,0.0,
control,107,82,v107_s0082,0,0,False,0.0,
control,107,83,v107_s0083,0,0,False,0.0,
control,107,84,v107_s0084,0,0,False,0.0,
control,107,85,v107_s0085,0,0,False,0.0,
control,107,86,v107_s0086,0,0,False,0.0,
control,107,87,v107_s0087,0,0,False,0.0,
control,107,88,v107_s0088,0,0,False,0.0,
control,107,89,v107_s0089,0,0,False,0.0,
control,107,90,v107_s0090,0,0,False,0.0,
control,107,91,v107_s0091,0,0,False,0.0,
control,107,92,v107_s0092,0,0,False,0.0,
control,107,93,v107_s0093,0,0,False,0.0,
control,107,94,v107_s0094,0,0,False,0.0,
control,107,95,v107_s0095,0,0,False,0.0,
control,107,96,v107_s0096,0,0,False,0.0,
control,107,97,v107_s0097,0,0,False,0.0,
control,107,98,v107_s0098,0,0,False,0.0,
control,107,99,v107_s0099,0,0,False,0.0,
control,107,100,v107_s0100,0,0,False,0.0,
control,107,101,v107_s0101,0,0,False,0.0,
control,107,102,v107_s0102,0,0,False,0.0,
control,107,103,v107_s0103,0,0,False,0.0,
control,107,104,v107_s0104,0,0,False,0.0,
control,107,105,v107_s0105,0,0,False,0.0,
control,107,106,v107_s0106,0,0,False,0.0,
control,107,107,v107_s0107,0,0,False,0.0,
control,107,108,v107_s0108,0,0,False,0.0,
control,107,109,v107_s0109,0,0,False,0.0,
control,107,110,v107_s0110,0,0,False,0.0,
control,107,111,v107_s0111,0,0,False,0.0,
control,107,112,v107_s0112,0,0,False,0.0,
control,107,113,v107_s0113,0,0,False,0.0,
control,107,114,v107_s0114,0,0,False,0.0,
control,107,115,v107_s0115,0,0,False,0.0,
control,107,116,v107_s0116,0,0,False,0.0,
control,107,117,v107_s0117,0,0,False,0.0,
control,107,118,v107_s0118,0,0,False,0.0,
control,107,119,v107_s0119,0,0,False,0.0,
control,107,120,v107_s0120,0,0,False,0.0,
control,107,121,v107_s0121,0,0,False,0.0,
control,107,122,v107_s0122,0,0,False,0.0,
control,107,123,v107_s0123,0,0,False,0.0,
control,107,124,v107_s0124,0,0,False,0.0,
control,107,125,v107_s0125,0,0,False,0.0,
control,107,126,v107_s0126,0,0,False,0.0,
control,107,127,v107_s0127,0,0,False,0.0,
control,107,128,v107_s0128,0,0,False,0.0,
control,107,129,v107_s0129,0,0,False,0.0,
control,107,130,v107_s0130,0,0,False,0.0,
control,107,131,v107_s0131,0,0,False,0.0,
control,107,132,v107_s0132,0,0,False,0.0,
control,107,133,v107_s0133,0,0,False,0.0,
control,107,134,v107_s0134,0,0,False,0.0,
control,107,135,v107_s0135,0,0,False,0.0,
control,107,136,v107_s0136,0,0,False,0.0,
control,107,137,v107_s0137,0,0,False,0.0,
control,107,138,v107_s0138,0,0,False,0.0,
control,107,139,v107_s0139,0,0,False,0.0,
control,107,140,v107_s0140,0,0,False,0.0,
control,107,141,v107_s0141,0,0,False,0.0,
control,107,142,v107_s0142,0,0,False,0.0,
control,107,143,v107_s0143,0,0,False,0.0,
control,107,144,v107_s0144,0,0,False,0.0,
control,107,145,v107_s0145,0,0,False,0.0,
control,107,146,v107_s0146,0,0,False,0.0,
control,107,147,v107_s0147,0,0,False,0.0,
control,107,148,v107_s0148,0,0,False,0.0,
control,107,149,v107_s0149,0,0,False,0.0,
control,107,150,v107_s0150,0,0,False,0.0,
control,107,151,v107_s0151,0,0,False,0.0,
control,107,152,v107_s0152,0,0,False,0.0,
control,107,153,v107_s0153,0,0,False,0.0,
control,107,154,v107_s0154,0,0,False,0.0,
control,107,155,v107_s0155,0,0,False,0.0,
control,107,156,v107_s0156,0,0,False,0.0,
control,107,157,v107_s0157,0,0,False,0.0,
control,107,158,v107_s0158,0,0,False,0.0,
control,107,159,v107_s0159,0,0,False,0.0,
control,107,160,v107_s0160,0,0,False,0.0,
control,107,161,v107_s0161,0,0,False,0.0,
control,107,162,v107_s0162,0,0,False,0.0,
control,107,163,v107_s0163,0,0,False,0.0,
control,107,164,v107_s0164,0,0,False,0.0,
control,107,165,v107_s0165,0,0,False,0.0,
control,107,166,v107_s0166,0,0,False,0.0,
control,107,167,v107_s0167,0,0,False,0.0,
control,107,168,v107_s0168,0,0,False,0.0,
control,107,169,v107_s0169,0,0,False,0.0,
control,107,170,v107_s0170,0,0,False,0.0,
control,107,171,v107_s0171,0,0,False,0.0,
control,107,172,v107_s0172,0,0,False,0.0,
control,107,173,v107_s0173,0,0,False,0.0,
control,107,174,v107_s0174,0,0,False,0.0,
control,107,175,v107_s0175,0,0,False,0.0,
control,107,176,v107_s0176,0,0,False,0.0,
control,107,177,v107_s0177,0,0,False,0.0,
control,107,178,v107_s0178,0,0,False,0.0,
control,107,179,v107_s0179,0,0,False,0.0,
control,107,180,v107_s0180,0,0,False,0.0,
control,107,181,v107_s0181,0,0,False,0.0,
control,107,182,v107_s0182,0,0,False,0.0,
control,107,183,v107_s0183,0,0,False,0.0,
control,107,184,v107_s0184,0,0,False,0.0,
control,107,185,v107_s0185,0,0,False,0.0,
control,107,186,v107_s0186,0,0,False,0.0,
control,107,187,v107_s0187,0,0,False,0.0,
control,107,188,v107_s0188,0,0,False,0.0,
control,107,189,v107_s0189,0,0,False,0.0,
control,107,190,v107_s0190,0,0,False,0.0,
control,107,191,v107_s0191,0,0,False,0.0,
control,107,192,v107_s0192,0,0,False,0.0,
control,107,193,v107_s0193,0,0,False,0.0,
control,107,194,v107_s0194,0,0,False,0.0,
control,107,195,v107_s0195,0,0,False,0.0,
control,107,196,v107_s0196,0,0,False,0.0,
control,107,197,v107_s0197,0,0,False,0.0,
control,107,198,v107_s0198,0,0,False,0.0,
control,107,199,v107_s0199,0,0,False,0.0,
control,107,200,v107_s0200,0,0,False,0.0,
control,107,201,v107_s0201,0,0,False,0.0,
control,107,202,v107_s0202,0,0,False,0.0,
control,107,203,v107_s0203,0,0,False,0.0,
control,107,204,v107_s0204,0,0,False,0.0,
control,107,205,v107_s0205,0,0,False,0.0,
control,107,206,v107_s0206,0,0,False,0.0,
control,107,207,v107_s0207,0,0,False,0.0,
control,107,208,v107_s0208,0,0,False,0.0,
control,107,209,v107_s0209,0,0,False,0.0,
control,107,210,v107_s0210,0,0,False,0.0,
control,107,211,v107_s0211,0,0,False,0.0,
control,107,212,v107_s0212,0,0,False,0.0,
control,107,213,v107_s0213,0,0,False,0.0,
control,107,214,v107_s0214,0,0,False,0.0,
control,107,215,v107_s0215,0,0,False,0.0,
control,107,216,v107_s0216,0,0,False,0.0,
control,107,217,v107_s0217,0,0,False,0.0,
control,107,218,v107_s0218,0,0,False,0.0,
control,107,219,v107_s0219,0,0,False,0.0,
control,107,220,v107_s0220,0,0,False,0.0,
control,107,221,v107_s0221,0,0,False,0.0,
control,107,222,v107_s0222,0,0,False,0.0,
control,107,223,v107_s0223,0,0,False,0.0,
control,107,224,v107_s0224,0,0,False,0.0,
control,107,225,v107_s0225,0,0,False,0.0,
control,107,226,v107_s0226,0,0,False,0.0,
control,107,227,v107_s0227,0,0,False,0.0,
control,107,228,v107_s0228,0,0,False,0.0,
control,107,229,v107_s0229,0,0,False,0.0,
control,107,230,v107_s0230,0,0,False,0.0,
control,107,231,v107_s0231,0,0,False,0.0,
control,107,232,v107_s0232,0,0,False,0.0,
control,107,233,v107_s0233,0,0,False,0.0,
control,107,234,v107_s0234,0,0,False,0.0,
control,107,235,v107_s0235,0,0,False,0.0,
control,107,236,v107_s0236,0,0,False,0.0,
control,107,237,v107_s0237,0,0,False,0.0,
control,107,238,v107_s0238,0,0,False,0.0,
control,107,239,v107_s0239,0,0,False,0.0,
control,107,240,v107_s0240,0,0,False,0.0,
control,107,241,v107_s0241,0,0,False,0.0,
control,107,242,v107_s0242,0,0,False,0.0,
control,107,243,v107_s0243,0,0,False,0.0,
control,107,244,v107_s0244,0,0,False,0.0,
control,107,245,v107_s0245,0,0,False,0.0,
control,107,246,v107_s0246,0,0,False,0.0,
control,107,247,v107_s0247,0,0,False,0.0,
control,107,248,v107_s0248,0,0,False,0.0,
control,107,249,v107_s0249,0,0,False,0.0,
control,107,250,v107_s0250,0,0,False,0.0,
control,107,251,v107_s0251,0,0,False,0.0,
control,107,252,v107_s0252,0,0,False,0.0,
control,107,253,v107_s0253,0,0,False,0.0,
control,107,254,v107_s0254,0,0,False,0.0,
control,107,255,v107_s0255,0,0,False,0.0,
control,107,256,v107_s0256,0,0,False,0.0,
control,107,257,v107_s0257,0,0,False,0.0,
control,107,258,v107_s0258,0,0,False,0.0,
control,107,259,v107_s0259,0,0,False,0.0,
control,107,260,v107_s0260,0,0,False,0.0,
control,107,261,v107_s0261,0,0,False,0.0,
control,107,262,v107_s0262,0,0,False,0.0,
control,107,263,v107_s0263,0,0,False,0.0,
control,107,264,v107_s0264,0,0,False,0.0,
control,107,265,v107_s0265,0,0,False,0.0,
control,107,266,v107_s0266,0,0,False,0.0,
control,107,267,v107_s0267,0,0,False,0.0,
control,107,268,v107_s0268,8,0,False,0.0,0.0
control,107,269,v107_s0269,9,0,False,0.0,0.0
control,107,270,v107_s0270,12,0,False,0.0,0.0
control,107,271,v107_s0271,14,0,False,0.0,0.0
control,107,272,v107_s0272,20,0,False,0.0,0.0
control,107,273,v107_s0273,22,0,False,0.0,0.0
control,107,274,v107_s0274,23,0,False,0.0,0.0
control,107,275,v107_s0275,27,0,False,0.0,0.0
control,107,276,v107_s0276,30,0,False,0.0,0.0
control,107,277,v107_s0277,31,0,False,0.0,0.0
control,107,278,v107_s0278,19,0,False,0.0,0.0
control,107,279,v107_s0279,11,0,False,0.0,0.0
control,107,280,v107_s0280,5,0,False,0.0,0.0
control,107,281,v107_s0281,0,0,False,0.0,
control,107,282,v107_s0282,0,0,False,0.0,
control,107,283,v107_s0283,0,0,False,0.0,
control,107,284,v107_s0284,0,0,False,0.0,
control,107,285,v107_s0285,0,0,False,0.0,
control,107,286,v107_s0286,0,0,False,0.0,
control,107,287,v107_s0287,0,0,False,0.0,
control,107,288,v107_s0288,0,0,False,0.0,
control,107,289,v107_s0289,0,0,False,0.0,
control,107,290,v107_s0290,0,0,False,0.0,
control,107,291,v107_s0291,0,0,False,0.0,
control,107,292,v107_s0292,0,0,False,0.0,
control,107,293,v107_s0293,0,0,False,0.0,
control,107,294,v107_s0294,0,0,False,0.0,
control,107,295,v107_s0295,0,0,False,0.0,
control,107,296,v107_s0296,0,0,False,0.0,
control,107,297,v107_s0297,0,0,False,0.0,
control,107,298,v107_s0298,0,0,False,0.0,
control,107,299,v107_s0299,0,0,False,0.0,
control,107,300,v107_s0300,0,0,False,0.0,
control,107,301,v107_s0301,0,0,False,0.0,
control,107,302,v107_s0302,0,0,False,0.0,
control,107,303,v107_s0303,0,0,False,0.0,
control,107,304,v107_s0304,0,0,False,0.0,
control,107,305,v107_s0305,0,0,False,0.0,
control,107,306,v107_s0306,0,0,False,0.0,
control,107,307,v107_s0307,0,0,False,0.0,
control,107,308,v107_s0308,0,0,False,0.0,
control,107,309,v107_s0309,0,0,False,0.0,
control,107,310,v107_s0310,0,0,False,0.0,
control,107,311,v107_s0311,0,0,False,0.0,
control,107,312,v107_s0312,0,0,False,0.0,
control,107,313,v107_s0313,0,0,False,0.0,
control,107,314,v107_s0314,0,0,False,0.0,
control,107,315,v107_s0315,0,0,False,0.0,
control,107,316,v107_s0316,0,0,False,0.0,
control,107,317,v107_s0317,0,0,False,0.0,
control,107,318,v107_s0318,0,0,False,0.0,
control,107,319,v107_s0319,0,0,False,0.0,
control,107,320,v107_s0320,0,0,False,0.0,
control,107,321,v107_s0321,0,0,False,0.0,
control,107,322,v107_s0322,0,0,False,0.0,
control,107,323,v107_s0323,0,0,False,0.0,
control,107,324,v107_s0324,0,0,False,0.0,
control,107,325,v107_s0325,0,0,False,0.0,
control,107,326,v107_s0326,0,0,False,0.0,
control,107,327,v107_s0327,0,0,False,0.0,
control,107,328,v107_s0328,0,0,False,0.0,
control,107,329,v107_s0329,0,0,False,0.0,
control,107,330,v107_s0330,0,0,False,0.0,
control,107,331,v107_s0331,1,0,False,0.0,0.0
control,107,332,v107_s0332,1,0,False,0.0,0.0
control,107,333,v107_s0333,6,0,False,0.0,0.0
control,107,334,v107_s0334,7,0,False,0.0,0.0
control,107,335,v107_s0335,10,16,True,1.0,1.0
control,107,336,v107_s0336,14,19,True,1.0,1.0
control,107,337,v107_s0337,18,22,True,1.0,1.0
control,107,338,v107_s0338,22,25,True,1.0,1.0
control,107,339,v107_s0339,27,32,True,1.0,1.0
control,107,340,v107_s0340,33,35,True,1.0,1.0
control,107,341,v107_s0341,30,33,True,1.0,1.0
control,107,342,v107_s0342,21,28,True,1.0,1.0
control,107,343,v107_s0343,19,29,True,1.0,1.0
control,107,344,v107_s0344,15,27,True,1.0,1.0
control,107,345,v107_s0345,9,21,True,1.0,1.0
control,107,346,v107_s0346,8,14,True,1.0,1.0
control,107,347,v107_s0347,5,0,False,0.0,0.0
control,107,348,v107_s0348,4,0,False,0.0,0.0
control,107,349,v107_s0349,3,0,False,0.0,0.0
control,107,350,v107_s0350,2,0,False,0.0,0.0
control,107,351,v107_s0351,0,0,False,0.0,
control,107,352,v107_s0352,0,0,False,0.0,
control,107,353,v107_s0353,0,0,False,0.0,
control,107,354,v107_s0354,0,0,False,0.0,
control,107,355,v107_s0355,0,0,False,0.0,
control,107,356,v107_s0356,0,0,False,0.0,
control,107,357,v107_s0357,0,0,False,0.0,
control,107,358,v107_s0358,2,0,False,0.0,0.0
control,107,359,v107_s0359,2,0,False,0.0,0.0
control,107,360,v107_s0360,3,0,False,0.0,0.0
control,107,361,v107_s0361,5,0,False,0.0,0.0
control,107,362,v107_s0362,14,0,False,0.0,0.0
control,107,363,v107_s0363,17,0,False,0.0,0.0
control,107,364,v107_s0364,20,0,False,1.7881393432617188e-06,1.1324882507324219e-06
control,107,365,v107_s0365,20,14,True,1.0,1.0
control,107,366,v107_s0366,24,26,True,1.0,1.0
control,107,367,v107_s0367,32,23,True,1.0,1.0
control,107,368,v107_s0368,45,37,True,1.0,1.0
control,107,369,v107_s0369,40,0,False,0.40087890625,3.8564205169677734e-05
control,107,370,v107_s0370,42,9,True,1.0,1.0
control,107,371,v107_s0371,38,27,True,1.0,1.0
control,107,372,v107_s0372,42,36,True,1.0,1.0
control,107,373,v107_s0373,45,36,True,1.0,1.0
control,107,374,v107_s0374,46,37,True,1.0,1.0
control,107,375,v107_s0375,43,26,True,1.0,1.0
control,107,376,v107_s0376,44,23,True,1.0,1.0
control,107,377,v107_s0377,43,35,True,1.0,1.0
control,107,378,v107_s0378,45,0,False,5.960464477539062e-07,5.960464477539062e-07
control,107,379,v107_s0379,42,20,True,1.0,1.0
control,107,380,v107_s0380,48,19,True,1.0,1.0
control,107,381,v107_s0381,38,19,True,1.0,1.0
control,107,382,v107_s0382,33,22,True,1.0,1.0
control,107,383,v107_s0383,33,13,True,1.0,1.0
control,107,384,v107_s0384,28,0,False,0.0,0.0
control,107,385,v107_s0385,24,0,False,0.0,0.0
control,107,386,v107_s0386,24,0,False,0.0,0.0
control,107,387,v107_s0387,24,0,False,0.0,0.0
control,107,388,v107_s0388,21,0,False,0.0,0.0
control,107,389,v107_s0389,16,0,False,0.0,0.0
control,107,390,v107_s0390,12,0,False,0.0,0.0
control,107,391,v107_s0391,11,0,False,0.0,0.0
control,107,392,v107_s0392,7,0,False,0.0,0.0
control,107,393,v107_s0393,7,0,False,0.0063629150390625,0.0
control,107,394,v107_s0394,4,0,False,0.0,0.0
control,107,395,v107_s0395,3,0,False,0.0,0.0
control,107,396,v107_s0396,0,0,False,0.0,
control,107,397,v107_s0397,0,0,False,0.0,
control,107,398,v107_s0398,0,0,False,0.0,
control,107,399,v107_s0399,0,0,False,0.0,
control,107,400,v107_s0400,0,0,False,0.0,
control,107,401,v107_s0401,0,0,False,0.0,
control,107,402,v107_s0402,0,0,False,0.0,
control,107,403,v107_s0403,0,0,False,0.0,
control,107,404,v107_s0404,0,0,False,0.0,
control,107,405,v107_s0405,0,0,False,0.0,
control,107,406,v107_s0406,0,0,False,0.0,
control,107,407,v107_s0407,0,0,False,0.0,
control,107,408,v107_s0408,0,0,False,0.0,
control,107,409,v107_s0409,0,0,False,0.0,
control,107,410,v107_s0410,0,0,False,0.0,
control,107,411,v107_s0411,0,0,False,0.0,
control,107,412,v107_s0412,0,0,False,0.0,
control,107,413,v107_s0413,0,0,False,0.0,
control,107,414,v107_s0414,0,0,False,0.0,
control,107,415,v107_s0415,0,0,False,0.0,
control,107,416,v107_s0416,0,0,False,0.0,
control,107,417,v107_s0417,0,0,False,0.0,
control,107,418,v107_s0418,0,0,False,0.0,
control,107,419,v107_s0419,0,0,False,0.0,
control,107,420,v107_s0420,0,0,False,0.0,
control,107,421,v107_s0421,0,0,False,0.0,
control,107,422,v107_s0422,0,0,False,0.0,
control,107,423,v107_s0423,0,0,False,0.0,
control,107,424,v107_s0424,0,0,False,0.0,
control,107,425,v107_s0425,0,0,False,0.0,
control,107,426,v107_s0426,0,0,False,0.0,
control,107,427,v107_s0427,0,0,False,0.0,
control,107,428,v107_s0428,0,0,False,0.0,
control,107,429,v107_s0429,0,0,False,0.0,
control,107,430,v107_s0430,0,0,False,0.0,
control,107,431,v107_s0431,0,0,False,0.0,
control,107,432,v107_s0432,0,0,False,0.0,
control,107,433,v107_s0433,0,0,False,0.0,
control,107,434,v107_s0434,0,0,False,0.0,
control,107,435,v107_s0435,0,0,False,0.0,
control,107,436,v107_s0436,0,1,False,0.51611328125,
control,107,437,v107_s0437,0,0,False,0.0,
control,107,438,v107_s0438,0,2,False,0.64892578125,
control,107,439,v107_s0439,0,59,False,1.0,
control,107,440,v107_s0440,0,73,False,1.0,
control,107,441,v107_s0441,0,72,False,1.0,
control,107,442,v107_s0442,0,57,False,1.0,
control,107,443,v107_s0443,0,50,False,1.0,
control,107,444,v107_s0444,0,59,False,1.0,
control,107,445,v107_s0445,0,54,False,1.0,
control,107,446,v107_s0446,0,63,False,1.0,
control,107,447,v107_s0447,0,65,False,1.0,
control,107,448,v107_s0448,0,57,False,1.0,
control,107,449,v107_s0449,0,60,False,1.0,
control,107,450,v107_s0450,0,58,False,1.0,
control,107,451,v107_s0451,0,54,False,1.0,
control,107,452,v107_s0452,0,55,False,1.0,
control,107,453,v107_s0453,0,59,False,1.0,
control,107,454,v107_s0454,0,60,False,1.0,
control,107,455,v107_s0455,0,59,False,1.0,
control,107,456,v107_s0456,0,49,False,1.0,
control,107,457,v107_s0457,0,48,False,1.0,
control,107,458,v107_s0458,0,56,False,1.0,
control,107,459,v107_s0459,0,69,False,1.0,
control,107,460,v107_s0460,0,63,False,1.0,
control,107,461,v107_s0461,0,64,False,1.0,
control,107,462,v107_s0462,0,65,False,1.0,
control,107,463,v107_s0463,0,74,False,1.0,
control,107,464,v107_s0464,0,64,False,1.0,
control,107,465,v107_s0465,0,65,False,1.0,
control,107,466,v107_s0466,0,70,False,1.0,
control,107,467,v107_s0467,0,93,False,1.0,
control,107,468,v107_s0468,0,99,False,1.0,
control,107,469,v107_s0469,0,106,False,1.0,
control,107,470,v107_s0470,0,71,False,1.0,
control,107,471,v107_s0471,0,74,False,1.0,
control,107,472,v107_s0472,0,70,False,1.0,
control,107,473,v107_s0473,0,65,False,1.0,
control,107,474,v107_s0474,0,68,False,1.0,
control,107,475,v107_s0475,0,77,False,1.0,
control,107,476,v107_s0476,0,83,False,1.0,
control,107,477,v107_s0477,0,99,False,1.0,
control,107,478,v107_s0478,0,61,False,1.0,
control,107,479,v107_s0479,0,68,False,1.0,
control,107,480,v107_s0480,0,67,False,1.0,
control,107,481,v107_s0481,0,69,False,1.0,
control,107,482,v107_s0482,0,84,False,1.0,
control,107,483,v107_s0483,0,94,False,1.0,
control,107,484,v107_s0484,0,89,False,1.0,
control,107,485,v107_s0485,0,94,False,1.0,
control,107,486,v107_s0486,0,80,False,1.0,
control,107,487,v107_s0487,0,73,False,1.0,
control,107,488,v107_s0488,0,97,False,1.0,
control,107,489,v107_s0489,0,105,False,1.0,
control,107,490,v107_s0490,0,60,False,1.0,
control,107,491,v107_s0491,0,26,False,1.0,
control,107,492,v107_s0492,0,0,False,0.0,
control,107,493,v107_s0493,0,30,False,1.0,
control,107,494,v107_s0494,0,41,False,1.0,
control,107,495,v107_s0495,0,38,False,1.0,
control,107,496,v107_s0496,0,43,False,1.0,
control,107,497,v107_s0497,0,47,False,1.0,
control,107,498,v107_s0498,0,0,False,0.0,
control,107,499,v107_s0499,0,0,False,0.0,
control,107,500,v107_s0500,0,0,False,0.0,
control,107,501,v107_s0501,0,0,False,0.0,
control,107,502,v107_s0502,0,0,False,0.0,
control,107,503,v107_s0503,0,0,False,0.0,
control,107,504,v107_s0504,0,0,False,0.0,
control,107,505,v107_s0505,0,0,False,0.0,
control,107,506,v107_s0506,0,0,False,0.0,
control,107,507,v107_s0507,0,0,False,0.0,
control,107,508,v107_s0508,0,0,False,0.0,
control,107,509,v107_s0509,0,0,False,0.0,
control,107,510,v107_s0510,0,0,False,0.0,
control,107,511,v107_s0511,0,0,False,0.0,
control,107,512,v107_s0512,0,0,False,0.0,
control,107,513,v107_s0513,0,0,False,0.0,
control,107,514,v107_s0514,0,0,False,0.0,
control,107,515,v107_s0515,0,0,False,0.0,
control,107,516,v107_s0516,0,0,False,0.0,
control,107,517,v107_s0517,0,0,False,0.0,
control,107,518,v107_s0518,0,0,False,0.0,
control,107,519,v107_s0519,0,0,False,0.0,
control,107,520,v107_s0520,0,0,False,0.0,
control,107,521,v107_s0521,0,0,False,0.0,
control,107,522,v107_s0522,0,0,False,0.0,
control,107,523,v107_s0523,0,0,False,0.0,
control,107,524,v107_s0524,0,0,False,0.0,
control,107,525,v107_s0525,0,0,False,0.0,
control,107,526,v107_s0526,0,0,False,0.0,
control,107,527,v107_s0527,0,0,False,0.0,
control,107,528,v107_s0528,0,0,False,0.0,
control,107,529,v107_s0529,0,0,False,0.0,
control,107,530,v107_s0530,0,0,False,0.0,
control,107,531,v107_s0531,0,0,False,0.0,
control,107,532,v107_s0532,0,0,False,0.0,
control,107,533,v107_s0533,0,0,False,0.0,
control,107,534,v107_s0534,0,0,False,0.0,
control,107,535,v107_s0535,0,0,False,0.0,
control,107,536,v107_s0536,0,0,False,0.0,
control,107,537,v107_s0537,0,0,False,0.0,
control,107,538,v107_s0538,0,0,False,0.0,
control,107,539,v107_s0539,0,0,False,0.0,
control,107,540,v107_s0540,0,0,False,0.0,
control,107,541,v107_s0541,0,0,False,0.0,
control,107,542,v107_s0542,0,0,False,0.0,
control,107,543,v107_s0543,0,0,False,0.0,
control,107,544,v107_s0544,0,0,False,0.0,
control,107,545,v107_s0545,0,0,False,0.0,
control,107,546,v107_s0546,0,0,False,0.0,
control,107,547,v107_s0547,0,0,False,0.0,
control,107,548,v107_s0548,0,0,False,0.0,
control,107,549,v107_s0549,0,0,False,0.0,
control,107,550,v107_s0550,0,0,False,0.0,
control,107,551,v107_s0551,0,0,False,0.0,
control,107,552,v107_s0552,0,0,False,0.0,
control,107,553,v107_s0553,0,0,False,0.0,
control,107,554,v107_s0554,0,0,False,0.0,
control,107,555,v107_s0555,0,0,False,0.0,
control,107,556,v107_s0556,0,0,False,0.0,
control,107,557,v107_s0557,0,0,False,0.0,
control,107,558,v107_s0558,0,0,False,0.0,
control,107,559,v107_s0559,0,0,False,0.0,
control,107,560,v107_s0560,0,0,False,0.0,
control,107,561,v107_s0561,0,0,False,0.0,
control,107,562,v107_s0562,0,0,False,0.0,
control,107,563,v107_s0563,0,0,False,0.0,
control,107,564,v107_s0564,0,0,False,0.0,
control,107,565,v107_s0565,0,0,False,0.0,
control,107,566,v107_s0566,0,0,False,0.0,
control,107,567,v107_s0567,0,0,False,0.0,
control,107,568,v107_s0568,0,0,False,0.0,
control,107,569,v107_s0569,0,0,False,0.0,
control,107,570,v107_s0570,0,0,False,0.0,
control,107,571,v107_s0571,0,0,False,0.0,
control,107,572,v107_s0572,0,0,False,0.0,
control,107,573,v107_s0573,0,0,False,0.0,
control,107,574,v107_s0574,0,0,False,0.0,
control,107,575,v107_s0575,0,0,False,0.0,
control,107,576,v107_s0576,0,0,False,0.0,
control,107,577,v107_s0577,0,0,False,0.0,
control,107,578,v107_s0578,0,0,False,0.0,
control,107,579,v107_s0579,0,0,False,0.0,
control,107,580,v107_s0580,0,0,False,0.0,
control,107,581,v107_s0581,0,0,False,0.0,
control,107,582,v107_s0582,0,0,False,0.0,
control,107,583,v107_s0583,0,0,False,0.0,
control,107,584,v107_s0584,0,0,False,0.0,
control,107,585,v107_s0585,0,0,False,0.0,
control,107,586,v107_s0586,0,0,False,0.0,
control,107,587,v107_s0587,0,0,False,0.0,
control,107,588,v107_s0588,0,0,False,0.0,
control,107,589,v107_s0589,0,0,False,0.0,
control,107,590,v107_s0590,0,0,False,0.0,
control,107,591,v107_s0591,0,0,False,0.0,
control,107,592,v107_s0592,0,0,False,0.0,
control,107,593,v107_s0593,0,0,False,0.0,
control,107,594,v107_s0594,0,0,False,0.0,
control,107,595,v107_s0595,0,0,False,0.0,
control,107,596,v107_s0596,0,0,False,0.0,
control,107,597,v107_s0597,0,0,False,0.0,
control,107,598,v107_s0598,0,0,False,0.0,
control,107,599,v107_s0599,0,0,False,0.0,
control,107,600,v107_s0600,0,0,False,0.0,
control,107,601,v107_s0601,0,0,False,0.0,
control,107,602,v107_s0602,0,0,False,0.0,
control,107,603,v107_s0603,0,0,False,0.0,
control,107,604,v107_s0604,0,0,False,0.0,
control,107,605,v107_s0605,0,0,False,0.0,
control,107,606,v107_s0606,0,0,False,0.0,
control,107,607,v107_s0607,0,0,False,0.0,
control,107,608,v107_s0608,0,0,False,0.0,
control,107,609,v107_s0609,0,0,False,0.0,
control,107,610,v107_s0610,0,0,False,0.0,
control,107,611,v107_s0611,0,0,False,0.0,
control,107,612,v107_s0612,0,0,False,0.0,
control,107,613,v107_s0613,0,0,False,0.0,
control,107,614,v107_s0614,0,0,False,0.0,
control,107,615,v107_s0615,0,0,False,0.0,
control,107,616,v107_s0616,0,0,False,0.0,
control,107,617,v107_s0617,0,0,False,0.0,
control,107,618,v107_s0618,0,0,False,0.0,
control,107,619,v107_s0619,0,0,False,0.0,
control,107,620,v107_s0620,0,0,False,0.0,
control,107,621,v107_s0621,0,0,False,0.0,
control,107,622,v107_s0622,0,0,False,0.0,
control,107,623,v107_s0623,0,0,False,0.0,
control,107,624,v107_s0624,0,0,False,0.0,
control,107,625,v107_s0625,0,0,False,0.0,
control,107,626,v107_s0626,0,0,False,0.0,
control,107,627,v107_s0627,0,0,False,0.0,
control,107,628,v107_s0628,0,0,False,0.0,
control,107,629,v107_s0629,0,0,False,0.0,
control,107,630,v107_s0630,0,0,False,0.0,
control,107,631,v107_s0631,0,0,False,0.0,
control,107,632,v107_s0632,0,0,False,0.0,
control,107,633,v107_s0633,0,0,False,0.0,
control,107,634,v107_s0634,0,0,False,0.0,
control,107,635,v107_s0635,0,0,False,0.0,
control,107,636,v107_s0636,0,0,False,0.0,
control,107,637,v107_s0637,0,0,False,0.0,
control,107,638,v107_s0638,0,0,False,0.0,
control,107,639,v107_s0639,0,0,False,0.0,
control,107,640,v107_s0640,0,0,False,0.0,
control,107,641,v107_s0641,0,0,False,0.0,
control,107,642,v107_s0642,0,0,False,0.0,
control,107,643,v107_s0643,0,0,False,0.0,
control,107,644,v107_s0644,0,0,False,0.0,
control,107,645,v107_s0645,0,0,False,0.0,
control,107,646,v107_s0646,0,0,False,0.0,
control,107,647,v107_s0647,0,0,False,0.0,
control,107,648,v107_s0648,0,0,False,0.0,
control,107,649,v107_s0649,0,0,False,0.0,
control,107,650,v107_s0650,0,0,False,0.0,
control,107,651,v107_s0651,0,0,False,0.0,
control,107,652,v107_s0652,0,0,False,0.0,
control,107,653,v107_s0653,0,0,False,0.0,
control,107,654,v107_s0654,0,0,False,0.0,
control,107,655,v107_s0655,0,0,False,0.0,
control,107,656,v107_s0656,0,0,False,0.0,
control,107,657,v107_s0657,0,0,False,0.0,
control,107,658,v107_s0658,0,0,False,0.0,
control,107,659,v107_s0659,0,0,False,0.0,
control,107,660,v107_s0660,0,0,False,0.0,
control,107,661,v107_s0661,0,0,False,0.0,
control,107,662,v107_s0662,0,0,False,0.0,
control,107,663,v107_s0663,0,0,False,0.0,
control,107,664,v107_s0664,0,0,False,0.0,
control,107,665,v107_s0665,0,0,False,0.0,
control,107,666,v107_s0666,0,0,False,0.0,
control,107,667,v107_s0667,0,0,False,0.0,
control,107,668,v107_s0668,0,0,False,0.0,
control,107,669,v107_s0669,0,0,False,0.0,
control,107,670,v107_s0670,0,0,False,0.0,
control,107,671,v107_s0671,0,0,False,0.0,
control,107,672,v107_s0672,0,0,False,0.0,
control,107,673,v107_s0673,0,0,False,0.0,
control,107,674,v107_s0674,0,0,False,0.0,
control,107,675,v107_s0675,0,0,False,0.0,
control,107,676,v107_s0676,0,0,False,0.0,
control,107,677,v107_s0677,0,0,False,0.0,
control,107,678,v107_s0678,0,0,False,0.0,
control,107,679,v107_s0679,0,0,False,0.0,
control,107,680,v107_s0680,0,0,False,0.0,
control,107,681,v107_s0681,0,0,False,0.0,
control,107,682,v107_s0682,0,0,False,0.0,
control,107,683,v107_s0683,0,0,False,0.0,
control,107,684,v107_s0684,0,0,False,0.0,
control,107,685,v107_s0685,0,0,False,0.0,
control,107,686,v107_s0686,0,0,False,0.0,
control,107,687,v107_s0687,0,0,False,0.0,
control,107,688,v107_s0688,0,0,False,0.0,
control,107,689,v107_s0689,0,0,False,0.0,
control,107,690,v107_s0690,0,0,False,0.0,
control,107,691,v107_s0691,0,0,False,0.0,
control,107,692,v107_s0692,0,0,False,0.0,
control,107,693,v107_s0693,0,0,False,0.0,
control,107,694,v107_s0694,0,0,False,0.0,
control,107,695,v107_s0695,0,0,False,0.0,
control,107,696,v107_s0696,0,0,False,0.0,
control,107,697,v107_s0697,0,0,False,0.0,
control,107,698,v107_s0698,0,0,False,0.0,
control,107,699,v107_s0699,0,0,False,0.0,
control,107,700,v107_s0700,0,0,False,0.0,
control,107,701,v107_s0701,0,0,False,0.0,
control,107,702,v107_s0702,0,0,False,0.0,
control,107,703,v107_s0703,0,0,False,0.0,
control,107,704,v107_s0704,0,0,False,0.0,
control,107,705,v107_s0705,0,0,False,0.0,
control,107,706,v107_s0706,0,0,False,0.0,
control,107,707,v107_s0707,0,0,False,0.0,
control,107,708,v107_s0708,0,0,False,0.0,
control,107,709,v107_s0709,0,0,False,0.0,
control,107,710,v107_s0710,0,0,False,0.0,
control,107,711,v107_s0711,0,0,False,0.0,
control,107,712,v107_s0712,0,0,False,0.0,
control,107,713,v107_s0713,0,0,False,0.0,
control,107,714,v107_s0714,0,0,False,0.0,
control,107,715,v107_s0715,0,0,False,0.0,
control,107,716,v107_s0716,0,0,False,0.0,
control,107,717,v107_s0717,0,0,False,0.0,
control,107,718,v107_s0718,0,0,False,0.0,
control,107,719,v107_s0719,0,0,False,0.0,
control,107,720,v107_s0720,0,0,False,0.0,
control,107,721,v107_s0721,0,0,False,0.0,
control,107,722,v107_s0722,0,0,False,0.0,
control,107,723,v107_s0723,0,0,False,0.0,
control,107,724,v107_s0724,0,0,False,0.0,
control,107,725,v107_s0725,0,0,False,0.0,
control,107,726,v107_s0726,0,0,False,0.0,
control,107,727,v107_s0727,0,0,False,0.0,
control,107,728,v107_s0728,0,0,False,0.0,
control,107,729,v107_s0729,0,0,False,0.0,
control,107,730,v107_s0730,0,0,False,0.0,
control,107,731,v107_s0731,0,0,False,0.0,
control,107,732,v107_s0732,0,0,False,0.0,
control,107,733,v107_s0733,0,0,False,0.0,
control,107,734,v107_s0734,0,0,False,0.0,
control,107,735,v107_s0735,0,0,False,0.0,
control,107,736,v107_s0736,0,0,False,0.0,
control,107,737,v107_s0737,0,0,False,0.0,
control,107,738,v107_s0738,0,0,False,0.0,
control,107,739,v107_s0739,0,0,False,0.0,
control,107,740,v107_s0740,0,0,False,0.0,
control,107,741,v107_s0741,0,0,False,0.0,
control,107,742,v107_s0742,0,0,False,0.0,
control,107,743,v107_s0743,0,0,False,0.0,
control,107,744,v107_s0744,0,0,False,0.0,
control,107,745,v107_s0745,0,0,False,0.0,
control,107,746,v107_s0746,0,0,False,0.0,
control,107,747,v107_s0747,0,0,False,0.0,
control,107,748,v107_s0748,0,0,False,0.0,
control,107,749,v107_s0749,0,0,False,0.0,
control,107,750,v107_s0750,0,0,False,0.0,
control,107,751,v107_s0751,0,0,False,0.0,
control,107,752,v107_s0752,0,0,False,0.0,
control,107,753,v107_s0753,0,0,False,0.0,
control,107,754,v107_s0754,0,0,False,0.0,
control,107,755,v107_s0755,0,0,False,0.0,
control,107,756,v107_s0756,0,0,False,0.0,
control,107,757,v107_s0757,0,0,False,0.0,
control,107,758,v107_s0758,0,0,False,0.0,
control,107,759,v107_s0759,0,0,False,0.0,
control,107,760,v107_s0760,0,0,False,0.0,
control,107,761,v107_s0761,0,0,False,0.0,
control,107,762,v107_s0762,0,0,False,0.0,
control,107,763,v107_s0763,0,0,False,0.0,
control,107,764,v107_s0764,0,0,False,0.0,
control,107,765,v107_s0765,0,0,False,0.0,
control,107,766,v107_s0766,0,0,False,0.0,
control,107,767,v107_s0767,0,0,False,0.0,
control,107,768,v107_s0768,0,0,False,0.0,
control,107,769,v107_s0769,0,0,False,0.0,
control,107,770,v107_s0770,0,0,False,0.0,
control,108,0,v108_s0000,0,0,False,0.0,
control,108,1,v108_s0001,0,0,False,0.0,
control,108,2,v108_s0002,0,0,False,0.0,
control,108,3,v108_s0003,0,0,False,0.0,
control,108,4,v108_s0004,0,0,False,0.0,
control,108,5,v108_s0005,0,0,False,0.0,
control,108,6,v108_s0006,0,0,False,0.0,
control,108,7,v108_s0007,0,0,False,0.0,
control,108,8,v108_s0008,0,0,False,0.0,
control,108,9,v108_s0009,0,0,False,0.0,
control,108,10,v108_s0010,0,0,False,0.0,
control,108,11,v108_s0011,0,0,False,0.0,
control,108,12,v108_s0012,0,0,False,0.0,
control,108,13,v108_s0013,0,0,False,0.0,
control,108,14,v108_s0014,0,0,False,0.0,
control,108,15,v108_s0015,0,0,False,0.0,
control,108,16,v108_s0016,0,0,False,0.0,
control,108,17,v108_s0017,0,0,False,0.0,
control,108,18,v108_s0018,0,0,False,0.0,
control,108,19,v108_s0019,0,0,False,0.0,
control,108,20,v108_s0020,0,0,False,0.0,
control,108,21,v108_s0021,0,0,False,0.0,
control,108,22,v108_s0022,0,0,False,0.0,
control,108,23,v108_s0023,0,0,False,0.0,
control,108,24,v108_s0024,0,0,False,0.0,
control,108,25,v108_s0025,0,0,False,0.0,
control,108,26,v108_s0026,0,0,False,0.0,
control,108,27,v108_s0027,0,0,False,0.0,
control,108,28,v108_s0028,0,0,False,0.0,
control,108,29,v108_s0029,0,0,False,0.0,
control,108,30,v108_s0030,0,0,False,0.0,
control,108,31,v108_s0031,0,0,False,0.0,
control,108,32,v108_s0032,0,0,False,0.0,
control,108,33,v108_s0033,0,0,False,0.0,
control,108,34,v108_s0034,0,0,False,0.0,
control,108,35,v108_s0035,0,0,False,0.0,
control,108,36,v108_s0036,0,0,False,0.0,
control,108,37,v108_s0037,0,0,False,0.0,
control,108,38,v108_s0038,0,0,False,0.0,
control,108,39,v108_s0039,0,0,False,0.0,
control,108,40,v108_s0040,0,0,False,0.0,
control,108,41,v108_s0041,0,0,False,0.0,
control,108,42,v108_s0042,0,0,False,0.0,
control,108,43,v108_s0043,0,0,False,0.0,
control,108,44,v108_s0044,0,0,False,0.0,
control,108,45,v108_s0045,0,0,False,0.0,
control,108,46,v108_s0046,0,0,False,0.0,
control,108,47,v108_s0047,0,0,False,0.0,
control,108,48,v108_s0048,0,0,False,0.0,
control,108,49,v108_s0049,0,0,False,0.0,
control,108,50,v108_s0050,0,0,False,0.0,
control,108,51,v108_s0051,0,0,False,0.0,
control,108,52,v108_s0052,0,0,False,0.0,
control,108,53,v108_s0053,0,0,False,0.0,
control,108,54,v108_s0054,0,0,False,0.0,
control,108,55,v108_s0055,0,0,False,0.0,
control,108,56,v108_s0056,0,0,False,0.0,
control,108,57,v108_s0057,0,0,False,0.0,
control,108,58,v108_s0058,0,0,False,0.0,
control,108,59,v108_s0059,0,0,False,0.0,
control,108,60,v108_s0060,0,0,False,0.0,
control,108,61,v108_s0061,0,0,False,0.0,
control,108,62,v108_s0062,0,0,False,0.0,
control,108,63,v108_s0063,0,0,False,0.0,
control,108,64,v108_s0064,0,0,False,0.0,
control,108,65,v108_s0065,0,0,False,0.0,
control,108,66,v108_s0066,0,0,False,0.0,
control,108,67,v108_s0067,0,0,False,0.0,
control,108,68,v108_s0068,0,0,False,0.0,
control,108,69,v108_s0069,0,0,False,0.0,
control,108,70,v108_s0070,0,0,False,0.0,
control,108,71,v108_s0071,0,0,False,0.0,
control,108,72,v108_s0072,0,0,False,0.0,
control,108,73,v108_s0073,0,0,False,0.0,
control,108,74,v108_s0074,0,0,False,0.0,
control,108,75,v108_s0075,0,0,False,0.0,
control,108,76,v108_s0076,0,0,False,0.0,
control,108,77,v108_s0077,0,0,False,0.0,
control,108,78,v108_s0078,0,0,False,0.0,
control,108,79,v108_s0079,0,0,False,0.0,
control,108,80,v108_s0080,0,0,False,0.0,
control,108,81,v108_s0081,0,0,False,0.0,
control,108,82,v108_s0082,0,0,False,0.0,
control,108,83,v108_s0083,0,0,False,0.0,
control,108,84,v108_s0084,0,0,False,0.0,
control,108,85,v108_s0085,0,0,False,0.0,
control,108,86,v108_s0086,0,0,False,0.0,
control,108,87,v108_s0087,0,0,False,0.0,
control,108,88,v108_s0088,0,0,False,0.0,
control,108,89,v108_s0089,0,0,False,0.0,
control,108,90,v108_s0090,0,0,False,0.0,
control,108,91,v108_s0091,0,0,False,0.0,
control,108,92,v108_s0092,0,0,False,0.0,
control,108,93,v108_s0093,0,0,False,0.0,
control,108,94,v108_s0094,0,0,False,0.0,
control,108,95,v108_s0095,0,0,False,0.0,
control,108,96,v108_s0096,0,0,False,0.0,
control,108,97,v108_s0097,0,0,False,0.0,
control,108,98,v108_s0098,0,0,False,0.0,
control,108,99,v108_s0099,0,0,False,0.0,
control,108,100,v108_s0100,0,0,False,0.0,
control,108,101,v108_s0101,0,0,False,0.0,
control,108,102,v108_s0102,0,0,False,0.0,
control,108,103,v108_s0103,0,0,False,0.0,
control,108,104,v108_s0104,0,0,False,0.0,
control,108,105,v108_s0105,0,0,False,0.0,
control,108,106,v108_s0106,0,0,False,0.0,
control,108,107,v108_s0107,0,0,False,0.0,
control,108,108,v108_s0108,0,0,False,0.0,
control,108,109,v108_s0109,0,0,False,0.0,
control,108,110,v108_s0110,0,0,False,0.0,
control,108,111,v108_s0111,0,0,False,0.0,
control,108,112,v108_s0112,0,0,False,0.0,
control,108,113,v108_s0113,0,0,False,0.0,
control,108,114,v108_s0114,0,0,False,0.0,
control,108,115,v108_s0115,0,0,False,0.0,
control,108,116,v108_s0116,0,0,False,0.0,
control,108,117,v108_s0117,0,0,False,0.0,
control,108,118,v108_s0118,0,0,False,0.0,
control,108,119,v108_s0119,0,0,False,0.0,
control,108,120,v108_s0120,0,0,False,0.0,
control,108,121,v108_s0121,0,0,False,0.0,
control,108,122,v108_s0122,0,0,False,0.0,
control,108,123,v108_s0123,0,0,False,0.0,
control,108,124,v108_s0124,0,0,False,0.0,
control,108,125,v108_s0125,0,0,False,0.0,
control,108,126,v108_s0126,0,0,False,0.0,
control,108,127,v108_s0127,0,0,False,0.0,
control,108,128,v108_s0128,0,0,False,0.0,
control,108,129,v108_s0129,0,0,False,0.0,
control,108,130,v108_s0130,0,0,False,0.0,
control,108,131,v108_s0131,0,0,False,0.0,
control,108,132,v108_s0132,0,0,False,0.0,
control,108,133,v108_s0133,0,0,False,0.0,
control,108,134,v108_s0134,0,0,False,0.0,
control,108,135,v108_s0135,0,0,False,0.0,
control,108,136,v108_s0136,0,0,False,0.0,
control,108,137,v108_s0137,0,0,False,0.0,
control,108,138,v108_s0138,0,0,False,0.0,
control,108,139,v108_s0139,0,0,False,0.0,
control,108,140,v108_s0140,0,0,False,0.0,
control,108,141,v108_s0141,0,0,False,0.0,
control,108,142,v108_s0142,0,0,False,0.0,
control,108,143,v108_s0143,0,0,False,0.0,
control,108,144,v108_s0144,0,0,False,0.0,
control,108,145,v108_s0145,0,0,False,0.0,
control,108,146,v108_s0146,0,0,False,0.0,
control,108,147,v108_s0147,0,0,False,0.0,
control,108,148,v108_s0148,0,0,False,0.0,
control,108,149,v108_s0149,0,0,False,0.0,
control,108,150,v108_s0150,0,0,False,0.0,
control,108,151,v108_s0151,0,0,False,0.0,
control,108,152,v108_s0152,0,0,False,0.0,
control,108,153,v108_s0153,0,0,False,0.0,
control,108,154,v108_s0154,0,0,False,0.0,
control,108,155,v108_s0155,0,0,False,0.0,
control,108,156,v108_s0156,0,0,False,0.0,
control,108,157,v108_s0157,0,0,False,0.0,
control,108,158,v108_s0158,0,0,False,0.0,
control,108,159,v108_s0159,0,0,False,0.0,
control,108,160,v108_s0160,0,0,False,0.0,
control,108,161,v108_s0161,0,0,False,0.0,
control,108,162,v108_s0162,0,0,False,0.0,
control,108,163,v108_s0163,0,0,False,0.0,
control,108,164,v108_s0164,0,0,False,0.0,
control,108,165,v108_s0165,0,0,False,0.0,
control,108,166,v108_s0166,0,0,False,0.0,
control,108,167,v108_s0167,0,0,False,0.0,
control,108,168,v108_s0168,0,0,False,0.0,
control,108,169,v108_s0169,0,0,False,0.0,
control,108,170,v108_s0170,0,0,False,0.0,
control,108,171,v108_s0171,0,0,False,0.0,
control,108,172,v108_s0172,0,0,False,0.0,
control,108,173,v108_s0173,0,0,False,0.0,
control,108,174,v108_s0174,0,0,False,0.0,
control,108,175,v108_s0175,0,0,False,0.0,
control,108,176,v108_s0176,0,0,False,0.0,
control,108,177,v108_s0177,0,0,False,0.0,
control,108,178,v108_s0178,0,0,False,0.0,
control,108,179,v108_s0179,0,0,False,0.0,
control,108,180,v108_s0180,0,0,False,0.0,
control,108,181,v108_s0181,0,0,False,0.0,
control,108,182,v108_s0182,0,0,False,0.0,
control,108,183,v108_s0183,0,0,False,0.0,
control,108,184,v108_s0184,0,0,False,0.0,
control,108,185,v108_s0185,0,0,False,0.0,
control,108,186,v108_s0186,0,0,False,0.0,
control,108,187,v108_s0187,0,0,False,0.0,
control,108,188,v108_s0188,0,0,False,0.0,
control,108,189,v108_s0189,0,0,False,0.0,
control,108,190,v108_s0190,0,0,False,0.0,
control,108,191,v108_s0191,0,0,False,0.0,
control,108,192,v108_s0192,0,0,False,0.0,
control,108,193,v108_s0193,0,0,False,0.0,
control,108,194,v108_s0194,0,0,False,0.0,
control,108,195,v108_s0195,0,0,False,0.0,
control,108,196,v108_s0196,0,0,False,0.0,
control,108,197,v108_s0197,0,0,False,0.0,
control,108,198,v108_s0198,0,0,False,0.0,
control,108,199,v108_s0199,0,0,False,0.0,
control,108,200,v108_s0200,0,0,False,0.0,
control,108,201,v108_s0201,0,0,False,0.0,
control,108,202,v108_s0202,0,0,False,0.0,
control,108,203,v108_s0203,0,0,False,0.0,
control,108,204,v108_s0204,0,0,False,0.0,
control,108,205,v108_s0205,0,0,False,0.0,
control,108,206,v108_s0206,0,0,False,0.0,
control,108,207,v108_s0207,0,0,False,0.0,
control,108,208,v108_s0208,0,0,False,0.0,
control,108,209,v108_s0209,0,0,False,0.0,
control,108,210,v108_s0210,0,0,False,0.0,
control,108,211,v108_s0211,0,0,False,0.0,
control,108,212,v108_s0212,0,0,False,0.0,
control,108,213,v108_s0213,0,0,False,0.0,
control,108,214,v108_s0214,0,0,False,0.0,
control,108,215,v108_s0215,0,0,False,0.0,
control,108,216,v108_s0216,0,0,False,0.0,
control,108,217,v108_s0217,0,0,False,0.0,
control,108,218,v108_s0218,0,0,False,0.0,
control,108,219,v108_s0219,0,0,False,0.0,
control,108,220,v108_s0220,0,0,False,0.0,
control,108,221,v108_s0221,0,0,False,0.0,
control,108,222,v108_s0222,0,0,False,0.0,
control,108,223,v108_s0223,0,0,False,0.0,
control,108,224,v108_s0224,0,0,False,0.0,
control,108,225,v108_s0225,0,0,False,0.0,
control,108,226,v108_s0226,0,0,False,0.0,
control,108,227,v108_s0227,0,0,False,0.0,
control,108,228,v108_s0228,0,0,False,0.0,
control,108,229,v108_s0229,0,0,False,0.0,
control,108,230,v108_s0230,0,0,False,0.0,
control,108,231,v108_s0231,0,0,False,0.0,
control,108,232,v108_s0232,0,0,False,0.0,
control,108,233,v108_s0233,0,0,False,0.0,
control,108,234,v108_s0234,0,0,False,0.0,
control,108,235,v108_s0235,0,0,False,0.0,
control,108,236,v108_s0236,0,0,False,0.0,
control,108,237,v108_s0237,0,0,False,0.0,
control,108,238,v108_s0238,0,0,False,0.0,
control,108,239,v108_s0239,0,0,False,0.0,
control,108,240,v108_s0240,0,0,False,0.0,
control,108,241,v108_s0241,0,0,False,0.0,
control,108,242,v108_s0242,0,0,False,0.0,
control,108,243,v108_s0243,0,0,False,0.0,
control,108,244,v108_s0244,0,0,False,0.0,
control,108,245,v108_s0245,0,0,False,0.0,
control,108,246,v108_s0246,0,0,False,0.0,
control,108,247,v108_s0247,0,0,False,0.0,
control,108,248,v108_s0248,0,0,False,0.0,
control,108,249,v108_s0249,0,0,False,0.0,
control,108,250,v108_s0250,0,0,False,0.0,
control,108,251,v108_s0251,0,0,False,0.0,
control,108,252,v108_s0252,0,0,False,0.0,
control,108,253,v108_s0253,0,0,False,0.0,
control,108,254,v108_s0254,0,0,False,0.0,
control,108,255,v108_s0255,0,0,False,0.0,
control,108,256,v108_s0256,0,0,False,0.0,
control,108,257,v108_s0257,0,0,False,0.0,
control,108,258,v108_s0258,0,0,False,0.0,
control,108,259,v108_s0259,0,0,False,0.0,
control,108,260,v108_s0260,0,0,False,0.0,
control,108,261,v108_s0261,0,0,False,0.0,
control,108,262,v108_s0262,0,0,False,0.0,
control,108,263,v108_s0263,0,0,False,0.0,
control,108,264,v108_s0264,0,0,False,0.0,
control,108,265,v108_s0265,0,0,False,0.0,
control,108,266,v108_s0266,0,0,False,0.0,
control,108,267,v108_s0267,0,0,False,0.0,
control,108,268,v108_s0268,0,0,False,0.0,
control,108,269,v108_s0269,0,0,False,0.0,
control,108,270,v108_s0270,0,0,False,0.0,
control,108,271,v108_s0271,0,0,False,0.0,
control,108,272,v108_s0272,0,0,False,0.0,
control,108,273,v108_s0273,0,0,False,0.0,
control,108,274,v108_s0274,0,0,False,0.0,
control,108,275,v108_s0275,0,0,False,0.0,
control,108,276,v108_s0276,0,0,False,0.0,
control,108,277,v108_s0277,0,0,False,0.0,
control,108,278,v108_s0278,0,0,False,0.0,
control,108,279,v108_s0279,0,0,False,0.0,
control,108,280,v108_s0280,0,0,False,0.0,
control,108,281,v108_s0281,0,0,False,0.0,
control,108,282,v108_s0282,0,0,False,0.0,
control,108,283,v108_s0283,0,0,False,0.0,
control,108,284,v108_s0284,0,0,False,0.0,
control,108,285,v108_s0285,0,0,False,0.0,
control,108,286,v108_s0286,0,0,False,0.0,
control,108,287,v108_s0287,0,0,False,0.0,
control,108,288,v108_s0288,0,0,False,0.0,
control,108,289,v108_s0289,0,0,False,0.0,
control,108,290,v108_s0290,0,0,False,0.0,
control,108,291,v108_s0291,0,0,False,0.0,
control,108,292,v108_s0292,0,0,False,0.0,
control,108,293,v108_s0293,0,0,False,0.0,
control,108,294,v108_s0294,0,0,False,0.0,
control,108,295,v108_s0295,0,0,False,0.0,
control,108,296,v108_s0296,0,0,False,0.0,
control,108,297,v108_s0297,0,0,False,0.0,
control,108,298,v108_s0298,0,0,False,0.0,
control,108,299,v108_s0299,0,0,False,0.0,
control,108,300,v108_s0300,0,0,False,0.0,
control,108,301,v108_s0301,0,0,False,0.0,
control,108,302,v108_s0302,0,0,False,0.0,
control,108,303,v108_s0303,0,0,False,0.0,
control,108,304,v108_s0304,0,0,False,0.0,
control,108,305,v108_s0305,0,0,False,0.0,
control,108,306,v108_s0306,0,0,False,0.0,
control,108,307,v108_s0307,0,0,False,0.0,
control,108,308,v108_s0308,0,0,False,0.0,
control,108,309,v108_s0309,0,0,False,0.0,
control,108,310,v108_s0310,0,0,False,0.0,
control,108,311,v108_s0311,0,0,False,0.0,
control,108,312,v108_s0312,0,0,False,0.0,
control,108,313,v108_s0313,0,0,False,0.0,
control,108,314,v108_s0314,0,0,False,0.0,
control,108,315,v108_s0315,0,0,False,0.0,
control,108,316,v108_s0316,0,0,False,0.0,
control,108,317,v108_s0317,0,0,False,0.0,
control,108,318,v108_s0318,0,0,False,0.0,
control,108,319,v108_s0319,0,0,False,0.0,
control,108,320,v108_s0320,0,0,False,0.0,
control,108,321,v108_s0321,0,0,False,0.0,
control,108,322,v108_s0322,0,0,False,0.0,
control,108,323,v108_s0323,0,0,False,0.0,
control,108,324,v108_s0324,0,0,False,0.0,
control,108,325,v108_s0325,0,0,False,0.0,
control,108,326,v108_s0326,0,0,False,0.0,
control,108,327,v108_s0327,0,0,False,0.0,
control,108,328,v108_s0328,0,0,False,0.0,
control,108,329,v108_s0329,0,0,False,0.0,
control,108,330,v108_s0330,0,0,False,0.0,
control,108,331,v108_s0331,0,0,False,0.0,
control,108,332,v108_s0332,0,0,False,0.0,
control,108,333,v108_s0333,0,0,False,0.0,
control,108,334,v108_s0334,0,0,False,0.0,
control,108,335,v108_s0335,0,0,False,0.0,
control,108,336,v108_s0336,0,0,False,0.0,
control,108,337,v108_s0337,0,0,False,0.0,
control,108,338,v108_s0338,0,0,False,0.0,
control,108,339,v108_s0339,0,0,False,0.0,
control,108,340,v108_s0340,0,0,False,0.0,
control,108,341,v108_s0341,0,0,False,0.0,
control,108,342,v108_s0342,0,0,False,0.0,
control,108,343,v108_s0343,0,0,False,0.0,
control,108,344,v108_s0344,0,0,False,0.0,
control,108,345,v108_s0345,0,0,False,0.0,
control,108,346,v108_s0346,0,0,False,0.0,
control,108,347,v108_s0347,0,0,False,0.0,
control,108,348,v108_s0348,0,0,False,0.0,
control,108,349,v108_s0349,0,0,False,0.0,
control,108,350,v108_s0350,0,0,False,0.0,
control,108,351,v108_s0351,0,0,False,0.0,
control,108,352,v108_s0352,0,0,False,0.0,
control,108,353,v108_s0353,0,0,False,0.0,
control,108,354,v108_s0354,0,0,False,0.0,
control,108,355,v108_s0355,0,0,False,0.0,
control,108,356,v108_s0356,0,0,False,0.0,
control,108,357,v108_s0357,0,0,False,0.0,
control,108,358,v108_s0358,0,0,False,0.0,
control,108,359,v108_s0359,0,0,False,0.0,
control,108,360,v108_s0360,0,0,False,0.0,
control,108,361,v108_s0361,0,0,False,0.0,
control,108,362,v108_s0362,0,0,False,0.0,
control,108,363,v108_s0363,0,0,False,0.0,
control,108,364,v108_s0364,0,0,False,0.0,
control,108,365,v108_s0365,0,0,False,0.0,
control,108,366,v108_s0366,0,0,False,0.0,
control,108,367,v108_s0367,0,0,False,0.0,
control,108,368,v108_s0368,0,0,False,0.0,
control,108,369,v108_s0369,0,0,False,0.0,
control,108,370,v108_s0370,0,0,False,0.0,
control,108,371,v108_s0371,0,0,False,0.0,
control,108,372,v108_s0372,0,0,False,0.0,
control,108,373,v108_s0373,0,0,False,0.0,
control,108,374,v108_s0374,0,0,False,0.0,
control,108,375,v108_s0375,0,0,False,0.0,
control,108,376,v108_s0376,0,0,False,0.0,
control,108,377,v108_s0377,0,0,False,0.0,
control,108,378,v108_s0378,0,0,False,0.0,
control,108,379,v108_s0379,0,0,False,0.0,
control,108,380,v108_s0380,0,0,False,0.0,
control,108,381,v108_s0381,0,0,False,0.0,
control,108,382,v108_s0382,0,0,False,0.0,
control,108,383,v108_s0383,0,0,False,0.0,
control,108,384,v108_s0384,0,0,False,0.0,
control,108,385,v108_s0385,0,0,False,0.0,
control,108,386,v108_s0386,0,0,False,0.0,
control,108,387,v108_s0387,0,0,False,0.0,
control,108,388,v108_s0388,0,0,False,0.0,
control,108,389,v108_s0389,0,0,False,0.0,
control,108,390,v108_s0390,0,0,False,0.0,
control,108,391,v108_s0391,0,0,False,0.0,
control,108,392,v108_s0392,0,0,False,0.0,
control,108,393,v108_s0393,0,0,False,0.0,
control,108,394,v108_s0394,0,0,False,0.0,
control,108,395,v108_s0395,0,0,False,0.0,
control,108,396,v108_s0396,0,0,False,0.0,
control,108,397,v108_s0397,0,0,False,0.0,
control,108,398,v108_s0398,0,0,False,0.0,
control,108,399,v108_s0399,0,0,False,0.0,
control,108,400,v108_s0400,0,0,False,0.0,
control,108,401,v108_s0401,0,0,False,0.0,
control,108,402,v108_s0402,0,0,False,0.0,
control,108,403,v108_s0403,0,0,False,0.0,
control,108,404,v108_s0404,0,0,False,0.0,
control,108,405,v108_s0405,0,0,False,0.0,
control,108,406,v108_s0406,0,0,False,0.0,
control,108,407,v108_s0407,0,0,False,0.0,
control,108,408,v108_s0408,0,0,False,0.0,
control,108,409,v108_s0409,0,0,False,0.0,
control,108,410,v108_s0410,0,0,False,0.0,
control,108,411,v108_s0411,0,0,False,0.0,
control,108,412,v108_s0412,0,0,False,0.0,
control,108,413,v108_s0413,0,0,False,0.0,
control,108,414,v108_s0414,2,0,False,0.0,0.0
control,108,415,v108_s0415,17,0,False,0.0,0.0
control,108,416,v108_s0416,29,0,False,0.0,0.0
control,108,417,v108_s0417,53,0,False,0.0,0.0
control,108,418,v108_s0418,103,0,False,0.0,0.0
control,108,419,v108_s0419,131,0,False,0.0,0.0
control,108,420,v108_s0420,180,0,False,0.0,0.0
control,108,421,v108_s0421,237,0,False,0.0,0.0
control,108,422,v108_s0422,320,0,False,0.0,0.0
control,108,423,v108_s0423,405,0,False,0.0,0.0
control,108,424,v108_s0424,420,0,False,0.0,0.0
control,108,425,v108_s0425,447,0,False,0.0,0.0
control,108,426,v108_s0426,462,45,True,1.0,1.0
control,108,427,v108_s0427,504,17,True,1.0,1.0
control,108,428,v108_s0428,547,0,False,0.0,0.0
control,108,429,v108_s0429,603,48,True,1.0,1.0
control,108,430,v108_s0430,618,0,False,0.0,0.0
control,108,431,v108_s0431,638,0,False,0.0,0.0
control,108,432,v108_s0432,662,21,True,1.0,1.0
control,108,433,v108_s0433,712,64,True,1.0,1.0
control,108,434,v108_s0434,762,73,True,1.0,1.0
control,108,435,v108_s0435,840,34,True,1.0,1.0
control,108,436,v108_s0436,817,100,True,1.0,1.0
control,108,437,v108_s0437,817,111,True,1.0,1.0
control,108,438,v108_s0438,856,160,True,1.0,1.0
control,108,439,v108_s0439,938,383,True,1.0,1.0
control,108,440,v108_s0440,1012,572,True,1.0,1.0
control,108,441,v108_s0441,1006,655,True,1.0,1.0
control,108,442,v108_s0442,1022,632,True,1.0,1.0
control,108,443,v108_s0443,1027,691,True,1.0,1.0
control,108,444,v108_s0444,1109,669,True,1.0,1.0
control,108,445,v108_s0445,1170,620,True,1.0,1.0
control,108,446,v108_s0446,1192,473,True,1.0,1.0
control,108,447,v108_s0447,1260,336,True,1.0,1.0
control,108,448,v108_s0448,1531,352,True,1.0,1.0
control,108,449,v108_s0449,1631,544,True,1.0,1.0
control,108,450,v108_s0450,1732,741,True,1.0,1.0
control,108,451,v108_s0451,1900,773,True,1.0,1.0
control,108,452,v108_s0452,1959,789,True,1.0,1.0
control,108,453,v108_s0453,1866,839,True,1.0,1.0
control,108,454,v108_s0454,1970,894,True,1.0,1.0
control,108,455,v108_s0455,1953,928,True,1.0,1.0
control,108,456,v108_s0456,2066,943,True,1.0,1.0
control,108,457,v108_s0457,2128,938,True,1.0,1.0
control,108,458,v108_s0458,2205,1401,True,1.0,1.0
control,108,459,v108_s0459,2378,1653,True,1.0,1.0
control,108,460,v108_s0460,2250,1713,True,1.0,1.0
control,108,461,v108_s0461,2179,2164,True,1.0,1.0
control,108,462,v108_s0462,2156,2338,True,1.0,1.0
control,108,463,v108_s0463,2150,2357,True,1.0,1.0
control,108,464,v108_s0464,2154,2734,True,1.0,1.0
control,108,465,v108_s0465,2396,2705,True,1.0,1.0
control,108,466,v108_s0466,2265,2769,True,1.0,1.0
control,108,467,v108_s0467,2367,2813,True,1.0,1.0
control,108,468,v108_s0468,2373,2797,True,1.0,1.0
control,108,469,v108_s0469,2406,2909,True,1.0,1.0
control,108,470,v108_s0470,2499,2990,True,1.0,1.0
control,108,471,v108_s0471,2764,3041,True,1.0,1.0
control,108,472,v108_s0472,2634,3049,True,1.0,1.0
control,108,473,v108_s0473,2523,2786,True,1.0,1.0
control,108,474,v108_s0474,2449,2834,True,1.0,1.0
control,108,475,v108_s0475,2430,2614,True,1.0,1.0
control,108,476,v108_s0476,2314,2471,True,1.0,1.0
control,108,477,v108_s0477,2304,2273,True,1.0,1.0
control,108,478,v108_s0478,2261,2183,True,1.0,1.0
control,108,479,v108_s0479,2243,2123,True,1.0,1.0
control,108,480,v108_s0480,2248,1955,True,1.0,1.0
control,108,481,v108_s0481,2259,2121,True,1.0,1.0
control,108,482,v108_s0482,2343,2224,True,1.0,1.0
control,108,483,v108_s0483,2140,2078,True,1.0,1.0
control,108,484,v108_s0484,2043,1674,True,1.0,1.0
control,108,485,v108_s0485,2017,1593,True,1.0,1.0
control,108,486,v108_s0486,2009,1530,True,1.0,1.0
control,108,487,v108_s0487,1905,1472,True,1.0,1.0
control,108,488,v108_s0488,1922,1112,True,1.0,1.0
control,108,489,v108_s0489,1678,958,True,1.0,1.0
control,108,490,v108_s0490,1752,1122,True,1.0,1.0
control,108,491,v108_s0491,1585,1244,True,1.0,1.0
control,108,492,v108_s0492,1556,1199,True,1.0,1.0
control,108,493,v108_s0493,1611,1236,True,1.0,1.0
control,108,494,v108_s0494,1578,1218,True,1.0,1.0
control,108,495,v108_s0495,1477,1301,True,1.0,1.0
control,108,496,v108_s0496,1458,1385,True,1.0,1.0
control,108,497,v108_s0497,1551,1461,True,1.0,1.0
control,108,498,v108_s0498,1368,1378,True,1.0,1.0
control,108,499,v108_s0499,1501,1449,True,1.0,1.0
control,108,500,v108_s0500,1705,1570,True,1.0,1.0
control,108,501,v108_s0501,1686,1469,True,1.0,1.0
control,108,502,v108_s0502,1700,1378,True,1.0,1.0
control,108,503,v108_s0503,1766,1445,True,1.0,1.0
control,108,504,v108_s0504,1343,1479,True,1.0,1.0
control,108,505,v108_s0505,1496,1521,True,1.0,1.0
control,108,506,v108_s0506,1897,1402,True,1.0,1.0
control,108,507,v108_s0507,1628,1388,True,1.0,1.0
control,108,508,v108_s0508,1624,1355,True,1.0,1.0
control,108,509,v108_s0509,1609,1330,True,1.0,1.0
control,108,510,v108_s0510,1686,1688,True,1.0,1.0
control,108,511,v108_s0511,1820,1816,True,1.0,1.0
control,108,512,v108_s0512,2052,1739,True,1.0,1.0
control,108,513,v108_s0513,2428,1477,True,1.0,1.0
control,108,514,v108_s0514,2376,1561,True,1.0,1.0
control,108,515,v108_s0515,2702,1674,True,1.0,1.0
control,108,516,v108_s0516,2907,2014,True,1.0,1.0
control,108,517,v108_s0517,3009,2257,True,1.0,1.0
control,108,518,v108_s0518,2814,2329,True,1.0,1.0
control,108,519,v108_s0519,3120,2467,True,1.0,1.0
control,108,520,v108_s0520,3005,2660,True,1.0,1.0
control,108,521,v108_s0521,3088,2742,True,1.0,1.0
control,108,522,v108_s0522,2892,2628,True,1.0,1.0
control,108,523,v108_s0523,2926,2557,True,1.0,1.0
control,108,524,v108_s0524,2847,2482,True,1.0,1.0
control,108,525,v108_s0525,2758,2439,True,1.0,1.0
control,108,526,v108_s0526,2777,2389,True,1.0,1.0
control,108,527,v108_s0527,2809,2822,True,1.0,1.0
control,108,528,v108_s0528,3358,2969,True,1.0,1.0
control,108,529,v108_s0529,3224,3120,True,1.0,1.0
control,108,530,v108_s0530,3297,3216,True,1.0,1.0
control,108,531,v108_s0531,3422,3306,True,1.0,1.0
control,108,532,v108_s0532,3669,3272,True,1.0,1.0
control,108,533,v108_s0533,3610,3325,True,1.0,1.0
control,108,534,v108_s0534,3630,3227,True,1.0,1.0
control,108,535,v108_s0535,3784,2985,True,1.0,1.0
control,108,536,v108_s0536,3428,2590,True,1.0,1.0
control,108,537,v108_s0537,3370,2691,True,1.0,1.0
control,108,538,v108_s0538,3401,2906,True,1.0,1.0
control,108,539,v108_s0539,3243,2930,True,1.0,1.0
control,108,540,v108_s0540,3086,2839,True,1.0,1.0
control,108,541,v108_s0541,2993,2726,True,1.0,1.0
control,108,542,v108_s0542,3070,2524,True,1.0,1.0
control,108,543,v108_s0543,3363,2580,True,1.0,1.0
control,108,544,v108_s0544,3274,2601,True,1.0,1.0
control,108,545,v108_s0545,3052,2742,True,1.0,1.0
control,108,546,v108_s0546,2915,2500,True,1.0,1.0
control,108,547,v108_s0547,2866,2383,True,1.0,1.0
control,108,548,v108_s0548,2947,2423,True,1.0,1.0
control,108,549,v108_s0549,2790,2459,True,1.0,1.0
control,108,550,v108_s0550,3151,2635,True,1.0,1.0
control,108,551,v108_s0551,2812,2543,True,1.0,1.0
control,108,552,v108_s0552,2946,2456,True,1.0,1.0
control,108,553,v108_s0553,3233,2598,True,1.0,1.0
control,108,554,v108_s0554,2849,2647,True,1.0,1.0
control,108,555,v108_s0555,2813,2568,True,1.0,1.0
control,108,556,v108_s0556,2477,2652,True,1.0,1.0
control,108,557,v108_s0557,2489,2356,True,1.0,1.0
control,108,558,v108_s0558,2281,2508,True,1.0,1.0
control,108,559,v108_s0559,2379,2326,True,1.0,1.0
control,108,560,v108_s0560,2343,2167,True,1.0,1.0
control,108,561,v108_s0561,2516,2191,True,1.0,1.0
control,108,562,v108_s0562,2391,2111,True,1.0,1.0
control,108,563,v108_s0563,2182,2007,True,1.0,1.0
control,108,564,v108_s0564,2169,1999,True,1.0,1.0
control,108,565,v108_s0565,2100,2016,True,1.0,1.0
control,108,566,v108_s0566,2050,1858,True,1.0,1.0
control,108,567,v108_s0567,1977,1781,True,1.0,1.0
control,108,568,v108_s0568,2029,1653,True,1.0,1.0
control,108,569,v108_s0569,2195,1565,True,1.0,1.0
control,108,570,v108_s0570,2225,1544,True,1.0,1.0
control,108,571,v108_s0571,2020,1510,True,1.0,1.0
control,108,572,v108_s0572,1803,1527,True,1.0,1.0
control,108,573,v108_s0573,1656,1559,True,1.0,1.0
control,108,574,v108_s0574,1788,1544,True,1.0,1.0
control,108,575,v108_s0575,1892,1465,True,1.0,1.0
control,108,576,v108_s0576,1669,1254,True,1.0,1.0
control,108,577,v108_s0577,1660,1116,True,1.0,1.0
control,108,578,v108_s0578,1661,1042,True,1.0,1.0
control,108,579,v108_s0579,1640,1014,True,1.0,1.0
control,108,580,v108_s0580,1492,1220,True,1.0,1.0
control,108,581,v108_s0581,1608,1273,True,1.0,1.0
control,108,582,v108_s0582,1538,1293,True,1.0,1.0
control,108,583,v108_s0583,1374,1337,True,1.0,1.0
control,108,584,v108_s0584,1407,1370,True,1.0,1.0
control,108,585,v108_s0585,1562,1356,True,1.0,1.0
control,108,586,v108_s0586,1564,1280,True,1.0,1.0
control,108,587,v108_s0587,1443,1181,True,1.0,1.0
control,108,588,v108_s0588,1402,1083,True,1.0,1.0
control,108,589,v108_s0589,1451,1089,True,1.0,1.0
control,108,590,v108_s0590,1427,1195,True,1.0,1.0
control,108,591,v108_s0591,1274,1141,True,1.0,1.0
control,108,592,v108_s0592,1255,1057,True,1.0,1.0
control,108,593,v108_s0593,1198,921,True,1.0,1.0
control,108,594,v108_s0594,1145,891,True,1.0,1.0
control,108,595,v108_s0595,1179,863,True,1.0,1.0
control,108,596,v108_s0596,1084,757,True,1.0,1.0
control,108,597,v108_s0597,980,816,True,1.0,1.0
control,108,598,v108_s0598,963,876,True,1.0,1.0
control,108,599,v108_s0599,977,880,True,1.0,1.0
control,108,600,v108_s0600,861,902,True,1.0,1.0
control,108,601,v108_s0601,719,857,True,1.0,1.0
control,108,602,v108_s0602,656,858,True,1.0,1.0
control,108,603,v108_s0603,627,715,True,1.0,1.0
control,108,604,v108_s0604,612,604,True,1.0,1.0
control,108,605,v108_s0605,485,541,True,1.0,1.0
control,108,606,v108_s0606,474,554,True,1.0,1.0
control,108,607,v108_s0607,414,471,True,1.0,1.0
control,108,608,v108_s0608,329,330,True,1.0,1.0
control,108,609,v108_s0609,279,209,True,1.0,1.0
control,108,610,v108_s0610,280,115,True,1.0,1.0
control,108,611,v108_s0611,217,23,True,1.0,1.0
control,108,612,v108_s0612,160,0,False,0.0,0.0
control,108,613,v108_s0613,117,0,False,0.0,0.0
control,108,614,v108_s0614,88,0,False,0.0,0.0
control,108,615,v108_s0615,44,0,False,0.0,0.0
control,108,616,v108_s0616,0,0,False,0.0,
control,108,617,v108_s0617,0,0,False,0.0,
control,108,618,v108_s0618,0,0,False,0.0,
control,108,619,v108_s0619,0,0,False,0.0,
control,108,620,v108_s0620,0,0,False,0.0,
control,108,621,v108_s0621,0,0,False,0.0,
control,108,622,v108_s0622,0,0,False,0.0,
control,108,623,v108_s0623,0,0,False,0.0,
control,108,624,v108_s0624,0,0,False,0.0,
control,108,625,v108_s0625,0,0,False,0.0,
control,108,626,v108_s0626,0,0,False,0.0,
control,108,627,v108_s0627,0,0,False,0.0,
control,108,628,v108_s0628,0,0,False,0.0,
control,108,629,v108_s0629,0,0,False,0.0,
control,108,630,v108_s0630,0,0,False,0.0,
control,108,631,v108_s0631,0,0,False,0.0,
control,108,632,v108_s0632,0,0,False,0.0,
control,108,633,v108_s0633,0,0,False,0.0,
control,108,634,v108_s0634,0,0,False,0.0,
control,108,635,v108_s0635,0,0,False,0.0,
control,108,636,v108_s0636,0,0,False,0.0,
control,108,637,v108_s0637,0,0,False,0.0,
control,108,638,v108_s0638,0,0,False,0.0,
control,108,639,v108_s0639,0,0,False,0.0,
control,108,640,v108_s0640,0,0,False,0.0,
control,108,641,v108_s0641,0,0,False,0.0,
control,108,642,v108_s0642,0,0,False,0.0,
control,108,643,v108_s0643,0,0,False,0.0,
control,108,644,v108_s0644,0,0,False,0.0,
control,108,645,v108_s0645,0,0,False,0.0,
control,108,646,v108_s0646,0,0,False,0.0,
control,108,647,v108_s0647,0,0,False,0.0,
control,108,648,v108_s0648,0,0,False,0.0,
control,108,649,v108_s0649,0,0,False,0.0,
control,108,650,v108_s0650,0,0,False,0.0,
control,108,651,v108_s0651,0,0,False,0.0,
control,108,652,v108_s0652,0,0,False,0.0,
control,108,653,v108_s0653,0,0,False,0.0,
control,108,654,v108_s0654,0,0,False,0.0,
control,108,655,v108_s0655,0,0,False,0.0,
control,108,656,v108_s0656,0,0,False,0.0,
control,108,657,v108_s0657,0,0,False,0.0,
control,108,658,v108_s0658,0,0,False,0.0,
control,108,659,v108_s0659,0,0,False,0.0,
control,108,660,v108_s0660,0,0,False,0.0,
control,108,661,v108_s0661,0,0,False,0.0,
control,108,662,v108_s0662,0,0,False,0.0,
control,108,663,v108_s0663,0,0,False,0.0,
control,108,664,v108_s0664,0,0,False,0.0,
control,108,665,v108_s0665,0,0,False,0.0,
control,108,666,v108_s0666,0,0,False,0.0,
control,108,667,v108_s0667,0,0,False,0.0,
control,108,668,v108_s0668,0,0,False,0.0,
control,108,669,v108_s0669,0,0,False,0.0,
control,108,670,v108_s0670,0,0,False,0.0,
control,108,671,v108_s0671,0,0,False,0.0,
control,108,672,v108_s0672,0,0,False,0.0,
control,108,673,v108_s0673,0,0,False,0.0,
control,108,674,v108_s0674,0,0,False,0.0,
control,108,675,v108_s0675,0,0,False,0.0,
control,108,676,v108_s0676,0,0,False,0.0,
control,108,677,v108_s0677,0,0,False,0.0,
control,108,678,v108_s0678,0,0,False,0.0,
control,108,679,v108_s0679,0,0,False,0.0,
control,108,680,v108_s0680,0,0,False,0.0,
control,108,681,v108_s0681,0,0,False,0.0,
control,108,682,v108_s0682,0,0,False,0.0,
control,108,683,v108_s0683,0,0,False,0.0,
control,108,684,v108_s0684,0,0,False,0.0,
control,108,685,v108_s0685,0,0,False,0.0,
control,108,686,v108_s0686,0,0,False,0.0,
control,108,687,v108_s0687,0,0,False,0.0,
control,108,688,v108_s0688,0,0,False,0.0,
control,108,689,v108_s0689,0,0,False,0.0,
control,108,690,v108_s0690,0,0,False,0.0,
control,108,691,v108_s0691,0,0,False,0.0,
control,108,692,v108_s0692,0,0,False,0.0,
control,108,693,v108_s0693,0,0,False,0.0,
control,108,694,v108_s0694,0,0,False,0.0,
control,108,695,v108_s0695,0,0,False,0.0,
control,108,696,v108_s0696,0,0,False,0.0,
control,108,697,v108_s0697,0,0,False,0.0,
control,108,698,v108_s0698,0,0,False,0.0,
control,108,699,v108_s0699,0,0,False,0.0,
control,108,700,v108_s0700,0,0,False,0.0,
control,108,701,v108_s0701,0,0,False,0.0,
control,108,702,v108_s0702,0,0,False,0.0,
control,108,703,v108_s0703,0,0,False,0.0,
control,108,704,v108_s0704,0,0,False,0.0,
control,108,705,v108_s0705,0,0,False,0.0,
control,108,706,v108_s0706,0,0,False,0.0,
control,108,707,v108_s0707,0,0,False,0.0,
control,108,708,v108_s0708,0,0,False,0.0,
control,108,709,v108_s0709,0,0,False,0.0,
control,108,710,v108_s0710,0,0,False,0.0,
control,108,711,v108_s0711,0,0,False,0.0,
control,108,712,v108_s0712,0,0,False,0.0,
control,108,713,v108_s0713,0,0,False,0.0,
control,108,714,v108_s0714,0,0,False,0.0,
control,108,715,v108_s0715,0,0,False,0.0,
control,108,716,v108_s0716,0,0,False,0.0,
control,108,717,v108_s0717,0,0,False,0.0,
control,108,718,v108_s0718,0,0,False,0.0,
control,108,719,v108_s0719,0,0,False,0.0,
control,108,720,v108_s0720,0,0,False,0.0,
control,108,721,v108_s0721,0,0,False,0.0,
control,108,722,v108_s0722,0,0,False,0.0,
control,108,723,v108_s0723,0,0,False,0.0,
control,108,724,v108_s0724,0,0,False,0.0,
control,108,725,v108_s0725,0,0,False,0.0,
control,108,726,v108_s0726,0,0,False,0.0,
control,108,727,v108_s0727,0,0,False,0.0,
control,108,728,v108_s0728,0,0,False,0.0,
control,108,729,v108_s0729,0,0,False,0.0,
control,108,730,v108_s0730,0,0,False,0.0,
control,108,731,v108_s0731,0,0,False,0.0,
control,108,732,v108_s0732,0,0,False,0.0,
control,108,733,v108_s0733,0,0,False,0.0,
control,108,734,v108_s0734,0,0,False,0.0,
control,108,735,v108_s0735,0,0,False,0.0,
control,108,736,v108_s0736,0,0,False,0.0,
control,108,737,v108_s0737,0,0,False,0.0,
control,108,738,v108_s0738,0,0,False,0.0,
control,108,739,v108_s0739,0,0,False,0.0,
control,108,740,v108_s0740,0,0,False,0.0,
control,108,741,v108_s0741,0,0,False,0.0,
control,108,742,v108_s0742,0,0,False,0.0,
control,108,743,v108_s0743,0,0,False,0.0,
control,108,744,v108_s0744,0,0,False,0.0,
control,108,745,v108_s0745,0,0,False,0.0,
control,108,746,v108_s0746,0,0,False,0.0,
control,108,747,v108_s0747,0,0,False,0.0,
control,108,748,v108_s0748,0,0,False,0.0,
control,108,749,v108_s0749,0,0,False,0.0,
control,108,750,v108_s0750,0,0,False,0.0,
control,108,751,v108_s0751,0,0,False,0.0,
control,108,752,v108_s0752,0,0,False,0.0,
control,108,753,v108_s0753,0,0,False,0.0,
control,108,754,v108_s0754,0,0,False,0.0,
control,108,755,v108_s0755,0,0,False,0.0,
control,108,756,v108_s0756,0,0,False,0.0,
control,108,757,v108_s0757,0,0,False,0.0,
control,108,758,v108_s0758,0,0,False,0.0,
control,108,759,v108_s0759,0,0,False,0.0,
control,108,760,v108_s0760,0,0,False,0.0,
control,108,761,v108_s0761,0,0,False,0.0,
control,108,762,v108_s0762,0,0,False,0.0,
control,108,763,v108_s0763,0,0,False,0.0,
control,108,764,v108_s0764,0,0,False,0.0,
control,108,765,v108_s0765,0,0,False,0.0,
control,108,766,v108_s0766,0,0,False,0.0,
control,108,767,v108_s0767,0,0,False,0.0,
control,108,768,v108_s0768,0,0,False,0.0,
control,108,769,v108_s0769,0,0,False,0.0,
control,108,770,v108_s0770,0,0,False,0.0,
control,108,771,v108_s0771,0,0,False,0.0,
control,108,772,v108_s0772,0,0,False,0.0,
control,108,773,v108_s0773,0,0,False,0.0,
control,108,774,v108_s0774,0,0,False,0.0,
control,108,775,v108_s0775,0,0,False,0.0,
control,108,776,v108_s0776,0,0,False,0.0,
control,108,777,v108_s0777,0,0,False,0.0,
control,108,778,v108_s0778,0,0,False,0.0,
control,108,779,v108_s0779,0,0,False,0.0,
control,108,780,v108_s0780,0,0,False,0.0,
control,108,781,v108_s0781,0,0,False,0.0,
control,108,782,v108_s0782,0,0,False,0.0,
control,108,783,v108_s0783,0,0,False,0.0,
control,108,784,v108_s0784,0,0,False,0.0,
control,108,785,v108_s0785,0,0,False,0.0,
control,108,786,v108_s0786,0,0,False,0.0,
control,108,787,v108_s0787,0,0,False,0.0,
control,108,788,v108_s0788,0,0,False,0.0,
control,108,789,v108_s0789,0,0,False,0.0,
control,108,790,v108_s0790,0,0,False,0.0,
control,108,791,v108_s0791,0,0,False,0.0,
control,108,792,v108_s0792,0,0,False,0.0,
control,108,793,v108_s0793,0,0,False,0.0,
control,108,794,v108_s0794,0,0,False,0.0,
control,108,795,v108_s0795,0,0,False,0.0,
control,108,796,v108_s0796,0,0,False,0.0,
control,108,797,v108_s0797,0,0,False,0.0,
control,108,798,v108_s0798,0,0,False,0.0,
control,108,799,v108_s0799,0,0,False,0.0,
control,108,800,v108_s0800,0,0,False,0.0,
control,108,801,v108_s0801,0,0,False,0.0,
control,108,802,v108_s0802,0,0,False,0.0,
control,108,803,v108_s0803,0,0,False,0.0,
control,108,804,v108_s0804,0,0,False,0.0,
control,108,805,v108_s0805,0,0,False,0.0,
control,108,806,v108_s0806,0,0,False,0.0,
control,108,807,v108_s0807,0,0,False,0.0,
control,108,808,v108_s0808,0,0,False,0.0,
control,108,809,v108_s0809,0,0,False,0.0,
control,108,810,v108_s0810,0,0,False,0.0,
control,108,811,v108_s0811,0,0,False,0.0,
control,108,812,v108_s0812,0,0,False,0.0,
control,108,813,v108_s0813,0,0,False,0.0,
control,108,814,v108_s0814,0,0,False,0.0,
control,108,815,v108_s0815,0,0,False,0.0,
control,108,816,v108_s0816,0,0,False,0.0,
control,108,817,v108_s0817,0,0,False,0.0,
control,108,818,v108_s0818,0,0,False,0.0,
control,108,819,v108_s0819,0,0,False,0.0,
control,108,820,v108_s0820,0,0,False,0.0,
control,108,821,v108_s0821,0,0,False,0.0,
control,108,822,v108_s0822,0,0,False,0.0,
control,108,823,v108_s0823,0,0,False,0.0,
control,108,824,v108_s0824,0,0,False,0.0,
control,108,825,v108_s0825,0,0,False,0.0,
control,108,826,v108_s0826,0,0,False,0.0,
control,108,827,v108_s0827,0,0,False,0.0,
control,108,828,v108_s0828,0,0,False,0.0,
control,108,829,v108_s0829,0,0,False,0.0,
control,108,830,v108_s0830,0,0,False,0.0,
control,108,831,v108_s0831,0,0,False,0.0,
control,108,832,v108_s0832,0,0,False,0.0,
control,108,833,v108_s0833,0,0,False,0.0,
control,108,834,v108_s0834,0,0,False,0.0,
control,108,835,v108_s0835,0,0,False,0.0,
control,108,836,v108_s0836,0,0,False,0.0,
control,108,837,v108_s0837,0,0,False,0.0,
control,108,838,v108_s0838,0,0,False,0.0,
control,108,839,v108_s0839,0,0,False,0.0,
control,108,840,v108_s0840,0,0,False,0.0,
control,108,841,v108_s0841,0,0,False,0.0,
control,108,842,v108_s0842,0,0,False,0.0,
control,108,843,v108_s0843,0,0,False,0.0,
control,108,844,v108_s0844,0,0,False,0.0,
control,108,845,v108_s0845,0,0,False,0.0,
control,108,846,v108_s0846,0,0,False,0.0,
control,108,847,v108_s0847,0,0,False,0.0,
control,108,848,v108_s0848,0,0,False,0.0,
control,108,849,v108_s0849,0,0,False,0.0,
control,108,850,v108_s0850,0,0,False,0.0,
control,108,851,v108_s0851,0,0,False,0.0,
control,108,852,v108_s0852,0,0,False,0.0,
control,108,853,v108_s0853,0,0,False,0.0,
control,108,854,v108_s0854,0,0,False,0.0,
control,108,855,v108_s0855,0,0,False,0.0,
control,109,0,v109_s0000,0,0,False,0.0,
control,109,1,v109_s0001,0,0,False,0.0,
control,109,2,v109_s0002,0,0,False,0.0,
control,109,3,v109_s0003,0,0,False,0.0,
control,109,4,v109_s0004,0,0,False,0.0,
control,109,5,v109_s0005,0,0,False,0.0,
control,109,6,v109_s0006,0,0,False,0.0,
control,109,7,v109_s0007,0,0,False,0.0,
control,109,8,v109_s0008,0,0,False,0.0,
control,109,9,v109_s0009,0,0,False,0.0,
control,109,10,v109_s0010,0,0,False,0.0,
control,109,11,v109_s0011,0,0,False,0.0,
control,109,12,v109_s0012,0,0,False,0.0,
control,109,13,v109_s0013,0,0,False,0.0,
control,109,14,v109_s0014,0,0,False,0.0,
control,109,15,v109_s0015,0,0,False,0.0,
control,109,16,v109_s0016,0,0,False,0.0,
control,109,17,v109_s0017,0,0,False,0.0,
control,109,18,v109_s0018,0,0,False,0.0,
control,109,19,v109_s0019,0,0,False,0.0,
control,109,20,v109_s0020,0,0,False,0.0,
control,109,21,v109_s0021,0,0,False,0.0,
control,109,22,v109_s0022,0,0,False,0.0,
control,109,23,v109_s0023,0,0,False,0.0,
control,109,24,v109_s0024,0,0,False,0.0,
control,109,25,v109_s0025,0,0,False,0.0,
control,109,26,v109_s0026,0,0,False,0.0,
control,109,27,v109_s0027,0,0,False,0.0,
control,109,28,v109_s0028,0,0,False,0.0,
control,109,29,v109_s0029,0,0,False,0.0,
control,109,30,v109_s0030,0,0,False,0.0,
control,109,31,v109_s0031,0,0,False,0.0,
control,109,32,v109_s0032,0,0,False,0.0,
control,109,33,v109_s0033,0,0,False,0.0,
control,109,34,v109_s0034,0,0,False,0.0,
control,109,35,v109_s0035,0,0,False,0.0,
control,109,36,v109_s0036,0,0,False,0.0,
control,109,37,v109_s0037,0,0,False,0.0,
control,109,38,v109_s0038,0,0,False,0.0,
control,109,39,v109_s0039,0,0,False,0.0,
control,109,40,v109_s0040,0,0,False,0.0,
control,109,41,v109_s0041,0,0,False,0.0,
control,109,42,v109_s0042,0,0,False,0.0,
control,109,43,v109_s0043,0,0,False,0.0,
control,109,44,v109_s0044,0,0,False,0.0,
control,109,45,v109_s0045,0,0,False,0.0,
control,109,46,v109_s0046,0,0,False,0.0,
control,109,47,v109_s0047,0,0,False,0.0,
control,109,48,v109_s0048,0,0,False,0.0,
control,109,49,v109_s0049,0,0,False,0.0,
control,109,50,v109_s0050,0,0,False,0.0,
control,109,51,v109_s0051,0,0,False,0.0,
control,109,52,v109_s0052,0,0,False,0.0,
control,109,53,v109_s0053,0,0,False,0.0,
control,109,54,v109_s0054,0,0,False,0.0,
control,109,55,v109_s0055,0,0,False,0.0,
control,109,56,v109_s0056,0,0,False,0.0,
control,109,57,v109_s0057,0,0,False,0.0,
control,109,58,v109_s0058,0,0,False,0.0,
control,109,59,v109_s0059,0,0,False,0.0,
control,109,60,v109_s0060,0,0,False,0.0,
control,109,61,v109_s0061,0,0,False,0.0,
control,109,62,v109_s0062,0,0,False,0.0,
control,109,63,v109_s0063,0,0,False,0.0,
control,109,64,v109_s0064,0,0,False,0.0,
control,109,65,v109_s0065,0,0,False,0.0,
control,109,66,v109_s0066,0,0,False,0.0,
control,109,67,v109_s0067,0,0,False,0.0,
control,109,68,v109_s0068,0,0,False,0.0,
control,109,69,v109_s0069,0,0,False,0.0,
control,109,70,v109_s0070,0,0,False,0.0,
control,109,71,v109_s0071,0,0,False,0.0,
control,109,72,v109_s0072,0,0,False,0.0,
control,109,73,v109_s0073,0,0,False,0.0,
control,109,74,v109_s0074,0,0,False,0.0,
control,109,75,v109_s0075,0,0,False,0.0,
control,109,76,v109_s0076,0,0,False,0.0,
control,109,77,v109_s0077,0,0,False,0.0,
control,109,78,v109_s0078,0,0,False,0.0,
control,109,79,v109_s0079,0,0,False,0.0,
control,109,80,v109_s0080,0,0,False,0.0,
control,109,81,v109_s0081,0,0,False,0.0,
control,109,82,v109_s0082,0,0,False,0.0,
control,109,83,v109_s0083,0,0,False,0.0,
control,109,84,v109_s0084,0,0,False,0.0,
control,109,85,v109_s0085,0,0,False,0.0,
control,109,86,v109_s0086,0,0,False,0.0,
control,109,87,v109_s0087,0,0,False,0.0,
control,109,88,v109_s0088,0,0,False,0.0,
control,109,89,v109_s0089,0,0,False,0.0,
control,109,90,v109_s0090,0,0,False,0.0,
control,109,91,v109_s0091,0,0,False,0.0,
control,109,92,v109_s0092,0,0,False,0.0,
control,109,93,v109_s0093,0,0,False,0.0,
control,109,94,v109_s0094,0,0,False,0.0,
control,109,95,v109_s0095,0,0,False,0.0,
control,109,96,v109_s0096,0,0,False,0.0,
control,109,97,v109_s0097,0,0,False,0.0,
control,109,98,v109_s0098,0,0,False,0.0,
control,109,99,v109_s0099,0,0,False,0.0,
control,109,100,v109_s0100,0,0,False,0.0,
control,109,101,v109_s0101,0,0,False,0.0,
control,109,102,v109_s0102,0,0,False,0.0,
control,109,103,v109_s0103,0,0,False,0.0,
control,109,104,v109_s0104,0,0,False,0.0,
control,109,105,v109_s0105,0,0,False,0.0,
control,109,106,v109_s0106,0,0,False,0.0,
control,109,107,v109_s0107,0,0,False,0.0,
control,109,108,v109_s0108,0,0,False,0.0,
control,109,109,v109_s0109,0,0,False,0.0,
control,109,110,v109_s0110,0,0,False,0.0,
control,109,111,v109_s0111,0,0,False,0.0,
control,109,112,v109_s0112,0,0,False,0.0,
control,109,113,v109_s0113,0,0,False,0.0,
control,109,114,v109_s0114,0,0,False,0.0,
control,109,115,v109_s0115,0,0,False,0.0,
control,109,116,v109_s0116,0,0,False,0.0,
control,109,117,v109_s0117,0,0,False,0.0,
control,109,118,v109_s0118,0,0,False,0.0,
control,109,119,v109_s0119,0,0,False,0.0,
control,109,120,v109_s0120,0,0,False,0.0,
control,109,121,v109_s0121,0,0,False,0.0,
control,109,122,v109_s0122,0,0,False,0.0,
control,109,123,v109_s0123,0,0,False,0.0,
control,109,124,v109_s0124,0,0,False,0.0,
control,109,125,v109_s0125,0,0,False,0.0,
control,109,126,v109_s0126,0,0,False,0.0,
control,109,127,v109_s0127,0,0,False,0.0,
control,109,128,v109_s0128,0,0,False,0.0,
control,109,129,v109_s0129,0,0,False,0.0,
control,109,130,v109_s0130,0,0,False,0.0,
control,109,131,v109_s0131,0,0,False,0.0,
control,109,132,v109_s0132,0,0,False,0.0,
control,109,133,v109_s0133,0,0,False,0.0,
control,109,134,v109_s0134,0,0,False,0.0,
control,109,135,v109_s0135,0,0,False,0.0,
control,109,136,v109_s0136,0,0,False,0.0,
control,109,137,v109_s0137,0,0,False,0.0,
control,109,138,v109_s0138,0,0,False,0.0,
control,109,139,v109_s0139,0,0,False,0.0,
control,109,140,v109_s0140,0,0,False,0.0,
control,109,141,v109_s0141,0,0,False,0.0,
control,109,142,v109_s0142,0,0,False,0.0,
control,109,143,v109_s0143,0,0,False,0.0,
control,109,144,v109_s0144,0,0,False,0.0,
control,109,145,v109_s0145,0,0,False,0.0,
control,109,146,v109_s0146,0,0,False,0.0,
control,109,147,v109_s0147,0,0,False,0.0,
control,109,148,v109_s0148,0,0,False,0.0,
control,109,149,v109_s0149,0,0,False,0.0,
control,109,150,v109_s0150,0,0,False,0.0,
control,109,151,v109_s0151,0,0,False,0.0,
control,109,152,v109_s0152,0,0,False,0.0,
control,109,153,v109_s0153,0,0,False,0.0,
control,109,154,v109_s0154,0,0,False,0.0,
control,109,155,v109_s0155,0,0,False,0.0,
control,109,156,v109_s0156,0,0,False,0.0,
control,109,157,v109_s0157,0,0,False,0.0,
control,109,158,v109_s0158,0,0,False,0.0,
control,109,159,v109_s0159,0,0,False,0.0,
control,109,160,v109_s0160,0,0,False,0.0,
control,109,161,v109_s0161,0,0,False,0.0,
control,109,162,v109_s0162,0,0,False,0.0,
control,109,163,v109_s0163,0,0,False,0.0,
control,109,164,v109_s0164,0,0,False,0.0,
control,109,165,v109_s0165,0,0,False,0.0,
control,109,166,v109_s0166,0,0,False,0.0,
control,109,167,v109_s0167,0,0,False,0.0,
control,109,168,v109_s0168,0,0,False,0.0,
control,109,169,v109_s0169,0,0,False,0.0,
control,109,170,v109_s0170,0,0,False,0.0,
control,109,171,v109_s0171,0,0,False,0.0,
control,109,172,v109_s0172,0,0,False,0.0,
control,109,173,v109_s0173,0,0,False,0.0,
control,109,174,v109_s0174,0,0,False,0.0,
control,109,175,v109_s0175,0,0,False,0.0,
control,109,176,v109_s0176,0,0,False,0.0,
control,109,177,v109_s0177,0,0,False,0.0,
control,109,178,v109_s0178,0,0,False,0.0,
control,109,179,v109_s0179,0,0,False,0.0,
control,109,180,v109_s0180,0,0,False,0.0,
control,109,181,v109_s0181,0,0,False,0.0,
control,109,182,v109_s0182,0,0,False,0.0,
control,109,183,v109_s0183,0,0,False,0.0,
control,109,184,v109_s0184,0,0,False,0.0,
control,109,185,v109_s0185,0,0,False,0.0,
control,109,186,v109_s0186,0,0,False,0.0,
control,109,187,v109_s0187,0,0,False,0.0,
control,109,188,v109_s0188,0,0,False,0.0,
control,109,189,v109_s0189,0,0,False,0.0,
control,109,190,v109_s0190,0,0,False,0.0,
control,109,191,v109_s0191,0,0,False,0.0,
control,109,192,v109_s0192,0,0,False,0.0,
control,109,193,v109_s0193,0,0,False,0.0,
control,109,194,v109_s0194,0,0,False,0.0,
control,109,195,v109_s0195,0,0,False,0.0,
control,109,196,v109_s0196,0,0,False,0.0,
control,109,197,v109_s0197,0,0,False,0.0,
control,109,198,v109_s0198,0,0,False,0.0,
control,109,199,v109_s0199,0,0,False,0.0,
control,109,200,v109_s0200,0,0,False,0.0,
control,109,201,v109_s0201,0,0,False,0.0,
control,109,202,v109_s0202,0,0,False,0.0,
control,109,203,v109_s0203,0,0,False,0.0,
control,109,204,v109_s0204,0,0,False,0.0,
control,109,205,v109_s0205,0,0,False,0.0,
control,109,206,v109_s0206,0,0,False,0.0,
control,109,207,v109_s0207,0,0,False,0.0,
control,109,208,v109_s0208,0,0,False,0.0,
control,109,209,v109_s0209,0,0,False,0.0,
control,109,210,v109_s0210,0,0,False,0.0,
control,109,211,v109_s0211,0,0,False,0.0,
control,109,212,v109_s0212,0,0,False,0.0,
control,109,213,v109_s0213,0,0,False,0.0,
control,109,214,v109_s0214,0,0,False,0.0,
control,109,215,v109_s0215,0,0,False,0.0,
control,109,216,v109_s0216,0,0,False,0.0,
control,109,217,v109_s0217,0,0,False,0.0,
control,109,218,v109_s0218,0,0,False,0.0,
control,109,219,v109_s0219,0,0,False,0.0,
control,109,220,v109_s0220,0,0,False,0.0,
control,109,221,v109_s0221,0,0,False,0.0,
control,109,222,v109_s0222,0,0,False,0.0,
control,109,223,v109_s0223,0,0,False,0.0,
control,109,224,v109_s0224,0,0,False,0.0,
control,109,225,v109_s0225,0,0,False,0.0,
control,109,226,v109_s0226,0,0,False,0.0,
control,109,227,v109_s0227,0,0,False,0.0,
control,109,228,v109_s0228,0,0,False,0.0,
control,109,229,v109_s0229,0,0,False,0.0,
control,109,230,v109_s0230,0,0,False,0.0,
control,109,231,v109_s0231,0,0,False,0.0,
control,109,232,v109_s0232,0,0,False,0.0,
control,109,233,v109_s0233,0,0,False,0.0,
control,109,234,v109_s0234,0,0,False,0.0,
control,109,235,v109_s0235,0,0,False,0.0,
control,109,236,v109_s0236,0,0,False,0.0,
control,109,237,v109_s0237,0,0,False,0.0,
control,109,238,v109_s0238,0,0,False,0.0,
control,109,239,v109_s0239,0,0,False,0.0,
control,109,240,v109_s0240,0,0,False,0.0,
control,109,241,v109_s0241,0,0,False,0.0,
control,109,242,v109_s0242,0,0,False,0.0,
control,109,243,v109_s0243,0,0,False,0.0,
control,109,244,v109_s0244,0,0,False,0.0,
control,109,245,v109_s0245,0,0,False,0.0,
control,109,246,v109_s0246,0,0,False,0.0,
control,109,247,v109_s0247,0,0,False,0.0,
control,109,248,v109_s0248,0,0,False,0.0,
control,109,249,v109_s0249,0,0,False,0.0,
control,109,250,v109_s0250,0,0,False,0.0,
control,109,251,v109_s0251,0,0,False,0.0,
control,109,252,v109_s0252,0,0,False,0.0,
control,109,253,v109_s0253,0,0,False,0.0,
control,109,254,v109_s0254,0,0,False,0.0,
control,109,255,v109_s0255,0,0,False,0.0,
control,109,256,v109_s0256,0,0,False,0.0,
control,109,257,v109_s0257,0,0,False,0.0,
control,109,258,v109_s0258,0,0,False,0.0,
control,109,259,v109_s0259,0,0,False,0.0,
control,109,260,v109_s0260,0,0,False,0.0,
control,109,261,v109_s0261,0,0,False,0.0,
control,109,262,v109_s0262,0,0,False,0.0,
control,109,263,v109_s0263,0,0,False,0.0,
control,109,264,v109_s0264,0,0,False,0.0,
control,109,265,v109_s0265,0,0,False,0.0,
control,109,266,v109_s0266,0,0,False,0.0,
control,109,267,v109_s0267,0,0,False,0.0,
control,109,268,v109_s0268,0,0,False,0.0,
control,109,269,v109_s0269,0,0,False,0.0,
control,109,270,v109_s0270,0,0,False,0.0,
control,109,271,v109_s0271,0,0,False,0.0,
control,109,272,v109_s0272,0,0,False,0.0,
control,109,273,v109_s0273,0,0,False,0.0,
control,109,274,v109_s0274,0,0,False,0.0,
control,109,275,v109_s0275,0,0,False,0.0,
control,109,276,v109_s0276,0,0,False,0.0,
control,109,277,v109_s0277,0,0,False,0.0,
control,109,278,v109_s0278,0,0,False,0.0,
control,109,279,v109_s0279,0,0,False,0.0,
control,109,280,v109_s0280,0,0,False,0.0,
control,109,281,v109_s0281,0,0,False,0.0,
control,109,282,v109_s0282,0,0,False,0.0,
control,109,283,v109_s0283,0,0,False,0.0,
control,109,284,v109_s0284,0,0,False,0.0,
control,109,285,v109_s0285,0,0,False,0.0,
control,109,286,v109_s0286,0,0,False,0.0,
control,109,287,v109_s0287,0,0,False,0.0,
control,109,288,v109_s0288,0,0,False,0.0,
control,109,289,v109_s0289,0,0,False,0.0,
control,109,290,v109_s0290,0,0,False,0.0,
control,109,291,v109_s0291,0,0,False,0.0,
control,109,292,v109_s0292,0,0,False,0.0,
control,109,293,v109_s0293,0,0,False,0.0,
control,109,294,v109_s0294,0,0,False,0.0,
control,109,295,v109_s0295,0,0,False,0.0,
control,109,296,v109_s0296,0,0,False,0.0,
control,109,297,v109_s0297,0,0,False,0.0,
control,109,298,v109_s0298,0,0,False,0.0,
control,109,299,v109_s0299,0,0,False,0.0,
control,109,300,v109_s0300,0,0,False,0.0,
control,109,301,v109_s0301,0,0,False,0.0,
control,109,302,v109_s0302,0,0,False,0.0,
control,109,303,v109_s0303,0,0,False,0.0,
control,109,304,v109_s0304,0,0,False,0.0,
control,109,305,v109_s0305,0,0,False,0.0,
control,109,306,v109_s0306,0,0,False,0.0,
control,109,307,v109_s0307,0,0,False,0.0,
control,109,308,v109_s0308,0,0,False,0.0,
control,109,309,v109_s0309,0,0,False,0.0,
control,109,310,v109_s0310,7,0,False,0.0,0.0
control,109,311,v109_s0311,7,0,False,0.0,0.0
control,109,312,v109_s0312,7,0,False,0.0,0.0
control,109,313,v109_s0313,8,0,False,0.0,0.0
control,109,314,v109_s0314,11,22,True,1.0,1.0
control,109,315,v109_s0315,13,34,True,1.0,1.0
control,109,316,v109_s0316,13,36,True,1.0,1.0
control,109,317,v109_s0317,14,33,True,1.0,1.0
control,109,318,v109_s0318,16,34,True,1.0,1.0
control,109,319,v109_s0319,19,38,True,1.0,1.0
control,109,320,v109_s0320,21,34,True,1.0,1.0
control,109,321,v109_s0321,27,46,True,1.0,1.0
control,109,322,v109_s0322,52,46,True,1.0,1.0
control,109,323,v109_s0323,52,3,True,0.908203125,0.908203125
control,109,324,v109_s0324,51,31,True,1.0,1.0
control,109,325,v109_s0325,63,30,True,1.0,1.0
control,109,326,v109_s0326,54,22,True,1.0,1.0
control,109,327,v109_s0327,63,25,True,1.0,1.0
control,109,328,v109_s0328,56,42,True,1.0,1.0
control,109,329,v109_s0329,51,27,True,1.0,1.0
control,109,330,v109_s0330,54,76,True,1.0,1.0
control,109,331,v109_s0331,61,121,True,1.0,1.0
control,109,332,v109_s0332,50,37,False,1.0,0.0
control,109,333,v109_s0333,54,25,False,1.0,0.0
control,109,334,v109_s0334,58,0,False,0.0,0.0
control,109,335,v109_s0335,62,0,False,2.205371856689453e-06,0.0
control,109,336,v109_s0336,71,9,False,1.0,0.0
control,109,337,v109_s0337,73,70,True,1.0,1.0
control,109,338,v109_s0338,83,95,True,1.0,1.0
control,109,339,v109_s0339,89,218,True,1.0,1.0
control,109,340,v109_s0340,101,252,True,1.0,1.0
control,109,341,v109_s0341,117,226,True,1.0,1.0
control,109,342,v109_s0342,133,268,True,1.0,1.0
control,109,343,v109_s0343,159,299,True,1.0,1.0
control,109,344,v109_s0344,138,310,True,1.0,1.0
control,109,345,v109_s0345,121,331,True,1.0,1.0
control,109,346,v109_s0346,108,258,True,1.0,1.0
control,109,347,v109_s0347,96,216,True,1.0,1.0
control,109,348,v109_s0348,83,120,True,1.0,1.0
control,109,349,v109_s0349,77,103,True,1.0,1.0
control,109,350,v109_s0350,71,105,True,1.0,1.0
control,109,351,v109_s0351,13,121,True,1.0,0.99951171875
control,109,352,v109_s0352,0,12,False,1.0,
control,109,353,v109_s0353,0,0,False,0.0,
control,109,354,v109_s0354,0,0,False,0.0,
control,109,355,v109_s0355,0,0,False,0.0,
control,109,356,v109_s0356,0,0,False,0.0,
control,109,357,v109_s0357,0,0,False,0.0,
control,109,358,v109_s0358,17,0,False,0.00801849365234375,0.00801849365234375
control,109,359,v109_s0359,18,3,True,0.72314453125,0.72314453125
control,109,360,v109_s0360,27,33,True,1.0,1.0
control,109,361,v109_s0361,18,28,True,1.0,1.0
control,109,362,v109_s0362,18,14,False,1.0,0.0
control,109,363,v109_s0363,0,45,False,1.0,
control,109,364,v109_s0364,13,84,True,1.0,1.0
control,109,365,v109_s0365,12,105,True,1.0,1.0
control,109,366,v109_s0366,10,101,True,1.0,1.0
control,109,367,v109_s0367,15,86,True,1.0,1.0
control,109,368,v109_s0368,21,53,True,1.0,1.0
control,109,369,v109_s0369,18,55,True,1.0,1.0
control,109,370,v109_s0370,13,167,True,1.0,1.0
control,109,371,v109_s0371,11,132,True,1.0,1.0
control,109,372,v109_s0372,0,100,False,1.0,
control,109,373,v109_s0373,0,86,False,1.0,
control,109,374,v109_s0374,0,71,False,1.0,
control,109,375,v109_s0375,0,74,False,1.0,
control,109,376,v109_s0376,0,49,False,1.0,
control,109,377,v109_s0377,0,58,False,1.0,
control,109,378,v109_s0378,0,15,False,1.0,
control,109,379,v109_s0379,0,0,False,0.0,
control,109,380,v109_s0380,0,0,False,0.0,
control,109,381,v109_s0381,0,0,False,0.0,
control,109,382,v109_s0382,0,0,False,0.0,
control,109,383,v109_s0383,0,6,False,0.98095703125,
control,109,384,v109_s0384,0,18,False,1.0,
control,109,385,v109_s0385,0,22,False,1.0,
control,109,386,v109_s0386,0,19,False,1.0,
control,109,387,v109_s0387,0,0,False,0.0,
control,109,388,v109_s0388,0,0,False,0.0,
control,109,389,v109_s0389,31,0,False,0.0,0.0
control,109,390,v109_s0390,31,0,False,0.0,0.0
control,109,391,v109_s0391,37,0,False,0.0,0.0
control,109,392,v109_s0392,37,0,False,0.0,0.0
control,109,393,v109_s0393,42,9,False,0.9365234375,0.0
control,109,394,v109_s0394,46,49,True,1.0,1.0
control,109,395,v109_s0395,46,63,True,1.0,1.0
control,109,396,v109_s0396,45,64,True,1.0,1.0
control,109,397,v109_s0397,45,100,True,1.0,1.0
control,109,398,v109_s0398,48,106,True,1.0,1.0
control,109,399,v109_s0399,70,97,True,1.0,1.0
control,109,400,v109_s0400,69,84,True,1.0,1.0
control,109,401,v109_s0401,74,46,True,1.0,1.0
control,109,402,v109_s0402,78,67,True,1.0,1.0
control,109,403,v109_s0403,83,113,True,1.0,1.0
control,109,404,v109_s0404,90,129,True,1.0,1.0
control,109,405,v109_s0405,139,195,True,1.0,1.0
control,109,406,v109_s0406,148,85,True,1.0,1.0
control,109,407,v109_s0407,151,108,True,1.0,1.0
control,109,408,v109_s0408,180,121,True,1.0,1.0
control,109,409,v109_s0409,240,255,True,1.0,1.0
control,109,410,v109_s0410,282,302,True,1.0,1.0
control,109,411,v109_s0411,254,345,True,1.0,1.0
control,109,412,v109_s0412,281,351,True,1.0,1.0
control,109,413,v109_s0413,274,275,True,1.0,1.0
control,109,414,v109_s0414,273,335,True,1.0,1.0
control,109,415,v109_s0415,299,352,True,1.0,1.0
control,109,416,v109_s0416,284,288,True,1.0,1.0
control,109,417,v109_s0417,267,534,True,1.0,1.0
control,109,418,v109_s0418,311,369,True,1.0,1.0
control,109,419,v109_s0419,262,318,True,1.0,1.0
control,109,420,v109_s0420,217,251,True,1.0,1.0
control,109,421,v109_s0421,207,194,True,1.0,1.0
control,109,422,v109_s0422,238,338,True,1.0,1.0
control,109,423,v109_s0423,244,327,True,1.0,1.0
control,109,424,v109_s0424,184,422,True,1.0,1.0
control,109,425,v109_s0425,194,205,True,1.0,1.0
control,109,426,v109_s0426,187,271,True,1.0,1.0
control,109,427,v109_s0427,184,312,True,1.0,1.0
control,109,428,v109_s0428,236,238,True,1.0,1.0
control,109,429,v109_s0429,244,152,True,1.0,1.0
control,109,430,v109_s0430,274,221,True,1.0,1.0
control,109,431,v109_s0431,327,351,True,1.0,1.0
control,109,432,v109_s0432,277,395,True,1.0,1.0
control,109,433,v109_s0433,287,270,True,1.0,1.0
control,109,434,v109_s0434,269,219,True,1.0,1.0
control,109,435,v109_s0435,265,183,True,1.0,1.0
control,109,436,v109_s0436,318,206,True,1.0,1.0
control,109,437,v109_s0437,333,231,True,1.0,1.0
control,109,438,v109_s0438,380,146,True,1.0,1.0
control,109,439,v109_s0439,329,31,True,1.0,1.0
control,109,440,v109_s0440,353,86,True,1.0,1.0
control,109,441,v109_s0441,368,0,False,0.0,0.0
control,109,442,v109_s0442,405,103,True,1.0,1.0
control,109,443,v109_s0443,353,185,True,1.0,1.0
control,109,444,v109_s0444,370,115,True,1.0,1.0
control,109,445,v109_s0445,375,10,True,0.9970703125,0.9970703125
control,109,446,v109_s0446,369,0,False,0.0,0.0
control,109,447,v109_s0447,365,0,False,0.0,0.0
control,109,448,v109_s0448,369,26,True,1.0,1.0
control,109,449,v109_s0449,377,121,True,1.0,1.0
control,109,450,v109_s0450,417,205,True,1.0,1.0
control,109,451,v109_s0451,333,278,True,1.0,1.0
control,109,452,v109_s0452,301,381,True,1.0,1.0
control,109,453,v109_s0453,275,244,True,1.0,1.0
control,109,454,v109_s0454,240,211,True,1.0,1.0
control,109,455,v109_s0455,211,150,True,1.0,1.0
control,109,456,v109_s0456,169,113,True,1.0,1.0
control,109,457,v109_s0457,28,37,False,1.0,0.0
control,109,458,v109_s0458,24,0,False,0.0,0.0
control,109,459,v109_s0459,28,32,True,1.0,1.0
control,109,460,v109_s0460,26,0,False,0.0,0.0
control,109,461,v109_s0461,20,58,False,1.0,0.0
control,109,462,v109_s0462,14,9,False,1.0,0.0
control,109,463,v109_s0463,9,0,False,0.0,0.0
control,109,464,v109_s0464,2,41,False,1.0,0.0
control,109,465,v109_s0465,0,0,False,0.0,
control,109,466,v109_s0466,0,0,False,0.0,
control,109,467,v109_s0467,0,0,False,0.0,
control,109,468,v109_s0468,0,0,False,0.0,
control,109,469,v109_s0469,0,0,False,0.0,
control,109,470,v109_s0470,0,0,False,0.0,
control,109,471,v109_s0471,0,0,False,0.0,
control,109,472,v109_s0472,0,0,False,0.0,
control,109,473,v109_s0473,0,0,False,0.0,
control,109,474,v109_s0474,0,0,False,0.0,
control,109,475,v109_s0475,0,0,False,0.0,
control,109,476,v109_s0476,0,0,False,0.0,
control,109,477,v109_s0477,0,0,False,0.0,
control,109,478,v109_s0478,0,0,False,0.0,
control,109,479,v109_s0479,0,0,False,0.0,
control,109,480,v109_s0480,0,0,False,0.0,
control,109,481,v109_s0481,0,0,False,0.0,
control,109,482,v109_s0482,0,0,False,0.0,
control,109,483,v109_s0483,0,0,False,0.0,
control,109,484,v109_s0484,0,0,False,0.0,
control,109,485,v109_s0485,0,0,False,0.0,
control,109,486,v109_s0486,0,0,False,0.0,
control,109,487,v109_s0487,0,0,False,0.0,
control,109,488,v109_s0488,0,0,False,0.0,
control,109,489,v109_s0489,0,0,False,0.0,
control,109,490,v109_s0490,0,0,False,0.0,
control,109,491,v109_s0491,0,0,False,0.0,
control,109,492,v109_s0492,0,0,False,0.0,
control,109,493,v109_s0493,0,0,False,0.0,
control,109,494,v109_s0494,0,0,False,0.0,
control,109,495,v109_s0495,0,0,False,0.0,
control,109,496,v109_s0496,0,0,False,0.0,
control,109,497,v109_s0497,0,0,False,0.0,
control,109,498,v109_s0498,0,0,False,0.0,
control,109,499,v109_s0499,0,0,False,0.0,
control,109,500,v109_s0500,0,0,False,0.0,
control,109,501,v109_s0501,0,0,False,0.0,
control,109,502,v109_s0502,0,0,False,0.0,
control,109,503,v109_s0503,0,0,False,0.0,
control,109,504,v109_s0504,0,0,False,0.0,
control,109,505,v109_s0505,0,0,False,0.0,
control,109,506,v109_s0506,0,0,False,0.0,
control,109,507,v109_s0507,0,0,False,0.0,
control,109,508,v109_s0508,0,0,False,0.0,
control,109,509,v109_s0509,0,0,False,0.0,
control,109,510,v109_s0510,0,0,False,0.0,
control,109,511,v109_s0511,0,0,False,0.0,
control,109,512,v109_s0512,0,0,False,0.0,
control,109,513,v109_s0513,0,0,False,0.0,
control,109,514,v109_s0514,0,0,False,0.0,
control,109,515,v109_s0515,0,0,False,0.0,
control,109,516,v109_s0516,0,0,False,0.0,
control,109,517,v109_s0517,0,0,False,0.0,
control,109,518,v109_s0518,0,0,False,0.0,
control,109,519,v109_s0519,0,0,False,0.0,
control,109,520,v109_s0520,0,0,False,0.0,
control,109,521,v109_s0521,0,0,False,0.0,
control,109,522,v109_s0522,0,0,False,0.0,
control,109,523,v109_s0523,0,0,False,0.0,
control,109,524,v109_s0524,0,0,False,0.0,
control,109,525,v109_s0525,0,0,False,0.0158538818359375,
control,109,526,v109_s0526,0,0,False,0.0,
control,109,527,v109_s0527,0,0,False,0.0,
control,109,528,v109_s0528,0,0,False,0.0,
control,109,529,v109_s0529,0,0,False,0.0,
control,109,530,v109_s0530,0,0,False,0.0,
control,109,531,v109_s0531,0,0,False,0.0,
control,109,532,v109_s0532,0,0,False,0.0,
control,109,533,v109_s0533,0,0,False,0.0,
control,109,534,v109_s0534,0,0,False,0.0,
control,109,535,v109_s0535,0,0,False,0.0,
control,109,536,v109_s0536,0,0,False,0.0,
control,109,537,v109_s0537,0,0,False,0.0,
control,109,538,v109_s0538,0,0,False,0.0,
control,109,539,v109_s0539,0,0,False,0.0,
control,109,540,v109_s0540,0,0,False,0.0,
control,109,541,v109_s0541,0,0,False,0.0,
control,109,542,v109_s0542,0,0,False,0.0,
control,109,543,v109_s0543,0,0,False,0.0,
control,109,544,v109_s0544,0,0,False,0.0,
control,109,545,v109_s0545,0,0,False,0.0,
control,109,546,v109_s0546,0,0,False,0.0,
control,109,547,v109_s0547,0,0,False,0.0,
control,109,548,v109_s0548,0,0,False,0.0,
control,109,549,v109_s0549,0,0,False,0.0,
control,109,550,v109_s0550,0,0,False,0.0,
control,109,551,v109_s0551,0,0,False,0.0,
control,109,552,v109_s0552,0,0,False,0.0,
control,109,553,v109_s0553,0,0,False,0.0,
control,109,554,v109_s0554,0,0,False,0.0,
control,109,555,v109_s0555,0,0,False,0.0,
control,109,556,v109_s0556,0,0,False,0.0,
control,109,557,v109_s0557,0,0,False,0.0,
control,109,558,v109_s0558,0,0,False,0.0,
control,109,559,v109_s0559,0,0,False,0.0,
control,109,560,v109_s0560,0,0,False,0.0,
control,109,561,v109_s0561,0,0,False,0.0,
control,109,562,v109_s0562,0,0,False,0.0,
control,109,563,v109_s0563,0,0,False,0.0,
control,109,564,v109_s0564,0,0,False,0.0,
control,109,565,v109_s0565,0,0,False,0.0,
control,109,566,v109_s0566,0,0,False,0.0,
control,109,567,v109_s0567,0,0,False,0.0,
control,109,568,v109_s0568,0,0,False,0.0,
control,109,569,v109_s0569,0,0,False,0.0,
control,109,570,v109_s0570,0,0,False,0.0,
control,109,571,v109_s0571,0,0,False,0.0,
control,109,572,v109_s0572,0,0,False,0.0,
control,109,573,v109_s0573,0,0,False,0.0,
control,109,574,v109_s0574,0,0,False,0.0,
control,109,575,v109_s0575,0,0,False,0.0,
control,109,576,v109_s0576,0,0,False,0.0,
control,109,577,v109_s0577,0,0,False,0.0,
control,109,578,v109_s0578,0,0,False,0.0,
control,109,579,v109_s0579,0,0,False,0.0,
control,109,580,v109_s0580,0,0,False,0.0,
control,109,581,v109_s0581,0,0,False,0.0,
control,109,582,v109_s0582,0,0,False,0.0,
control,109,583,v109_s0583,0,0,False,0.0,
control,109,584,v109_s0584,0,0,False,0.0,
control,109,585,v109_s0585,0,0,False,0.0,
control,109,586,v109_s0586,0,0,False,0.0,
control,109,587,v109_s0587,0,0,False,0.0,
control,109,588,v109_s0588,0,0,False,0.0,
control,109,589,v109_s0589,0,0,False,0.0,
control,109,590,v109_s0590,0,0,False,0.0,
control,109,591,v109_s0591,0,0,False,0.0,
control,109,592,v109_s0592,0,0,False,0.0,
control,109,593,v109_s0593,0,0,False,0.0,
control,109,594,v109_s0594,0,0,False,0.0,
control,109,595,v109_s0595,0,0,False,0.0,
control,109,596,v109_s0596,0,0,False,0.0,
control,109,597,v109_s0597,0,0,False,0.0,
control,109,598,v109_s0598,0,0,False,0.0,
control,109,599,v109_s0599,0,0,False,0.0,
control,109,600,v109_s0600,0,0,False,0.0,
control,109,601,v109_s0601,0,0,False,0.0,
control,109,602,v109_s0602,0,0,False,0.0,
control,109,603,v109_s0603,0,0,False,0.0,
control,109,604,v109_s0604,0,0,False,0.0,
control,109,605,v109_s0605,0,0,False,0.0,
control,109,606,v109_s0606,0,0,False,0.0,
control,109,607,v109_s0607,0,0,False,0.0,
control,109,608,v109_s0608,0,0,False,0.0,
control,109,609,v109_s0609,0,0,False,0.0,
control,109,610,v109_s0610,0,0,False,0.0,
control,109,611,v109_s0611,0,0,False,0.0,
control,109,612,v109_s0612,0,0,False,0.0,
control,109,613,v109_s0613,0,0,False,0.0,
control,109,614,v109_s0614,0,0,False,0.0,
control,109,615,v109_s0615,0,0,False,0.0,
control,109,616,v109_s0616,0,0,False,0.0,
control,109,617,v109_s0617,0,0,False,0.0,
control,109,618,v109_s0618,0,0,False,0.0,
control,109,619,v109_s0619,0,0,False,0.0,
control,109,620,v109_s0620,0,0,False,0.0,
control,109,621,v109_s0621,0,0,False,0.0,
control,109,622,v109_s0622,0,0,False,0.0,
control,109,623,v109_s0623,0,0,False,0.0,
control,109,624,v109_s0624,0,0,False,0.0,
control,109,625,v109_s0625,0,0,False,0.0,
control,109,626,v109_s0626,0,0,False,0.0,
control,109,627,v109_s0627,0,0,False,0.0,
control,109,628,v109_s0628,0,0,False,0.0,
control,109,629,v109_s0629,0,0,False,0.0,
control,109,630,v109_s0630,0,0,False,0.0,
control,109,631,v109_s0631,0,0,False,0.0,
control,109,632,v109_s0632,0,0,False,0.0,
control,109,633,v109_s0633,0,0,False,0.0,
control,109,634,v109_s0634,0,0,False,0.0,
control,109,635,v109_s0635,0,0,False,0.0,
control,109,636,v109_s0636,0,0,False,0.0,
control,109,637,v109_s0637,0,0,False,0.0,
control,109,638,v109_s0638,0,0,False,0.0,
control,109,639,v109_s0639,0,0,False,0.0,
control,109,640,v109_s0640,0,0,False,0.0,
control,109,641,v109_s0641,0,0,False,0.0,
control,109,642,v109_s0642,0,0,False,0.0,
control,109,643,v109_s0643,0,0,False,0.0,
control,109,644,v109_s0644,0,0,False,0.0,
control,109,645,v109_s0645,0,0,False,0.0,
control,109,646,v109_s0646,0,0,False,0.0,
control,109,647,v109_s0647,0,0,False,0.0,
control,109,648,v109_s0648,0,0,False,0.0,
control,109,649,v109_s0649,0,0,False,0.0,
control,109,650,v109_s0650,0,0,False,0.0,
control,109,651,v109_s0651,0,0,False,0.0,
control,109,652,v109_s0652,0,0,False,0.0,
control,109,653,v109_s0653,0,0,False,0.0,
control,109,654,v109_s0654,0,0,False,0.0,
control,109,655,v109_s0655,0,0,False,0.0,
control,109,656,v109_s0656,0,0,False,0.0,
control,109,657,v109_s0657,0,0,False,0.0,
control,109,658,v109_s0658,0,0,False,0.0,
control,109,659,v109_s0659,0,0,False,0.0,
control,109,660,v109_s0660,0,0,False,0.0,
control,109,661,v109_s0661,0,0,False,0.0,
control,109,662,v109_s0662,0,0,False,0.0,
control,109,663,v109_s0663,0,0,False,0.0,
control,109,664,v109_s0664,0,0,False,0.0,
control,109,665,v109_s0665,0,0,False,0.0,
control,109,666,v109_s0666,0,0,False,0.0,
control,109,667,v109_s0667,0,0,False,0.0,
control,109,668,v109_s0668,0,0,False,0.0,
control,109,669,v109_s0669,0,0,False,0.0,
control,109,670,v109_s0670,0,0,False,0.0,
control,109,671,v109_s0671,0,0,False,0.0,
control,109,672,v109_s0672,0,0,False,0.0,
control,109,673,v109_s0673,0,0,False,0.0,
control,109,674,v109_s0674,0,0,False,0.0,
control,109,675,v109_s0675,0,0,False,0.0,
control,109,676,v109_s0676,0,0,False,0.0,
control,109,677,v109_s0677,0,0,False,0.0,
control,109,678,v109_s0678,0,0,False,0.0,
control,109,679,v109_s0679,0,0,False,0.0,
control,109,680,v109_s0680,0,0,False,0.0,
control,109,681,v109_s0681,0,0,False,0.0,
control,109,682,v109_s0682,0,0,False,0.0,
control,109,683,v109_s0683,0,0,False,0.0,
control,109,684,v109_s0684,0,0,False,0.0,
control,109,685,v109_s0685,0,0,False,0.0,
control,109,686,v109_s0686,0,0,False,0.0,
control,109,687,v109_s0687,0,0,False,0.0,
control,109,688,v109_s0688,0,0,False,0.0,
control,109,689,v109_s0689,0,0,False,0.0,
control,109,690,v109_s0690,0,0,False,0.0,
control,109,691,v109_s0691,0,0,False,0.0,
control,109,692,v109_s0692,0,0,False,0.0,
control,109,693,v109_s0693,0,0,False,0.0,
control,109,694,v109_s0694,0,0,False,0.0,
control,109,695,v109_s0695,0,0,False,0.0,
control,109,696,v109_s0696,0,0,False,0.0,
control,109,697,v109_s0697,0,0,False,0.0,
control,109,698,v109_s0698,0,0,False,0.0,
control,109,699,v109_s0699,0,0,False,0.0,
control,109,700,v109_s0700,0,0,False,0.0,
control,109,701,v109_s0701,0,0,False,0.0,
control,109,702,v109_s0702,0,0,False,0.0,
control,109,703,v109_s0703,0,0,False,0.0,
control,109,704,v109_s0704,0,0,False,0.0,
control,109,705,v109_s0705,0,0,False,0.0,
control,109,706,v109_s0706,0,0,False,0.0,
control,109,707,v109_s0707,0,0,False,0.0,
control,109,708,v109_s0708,0,0,False,0.0,
control,109,709,v109_s0709,0,0,False,0.0,
control,109,710,v109_s0710,0,0,False,0.0,
control,109,711,v109_s0711,0,0,False,0.0,
control,109,712,v109_s0712,0,0,False,0.0,
control,109,713,v109_s0713,0,0,False,0.0,
control,109,714,v109_s0714,0,0,False,0.0,
control,109,715,v109_s0715,0,0,False,0.0,
control,109,716,v109_s0716,0,0,False,0.0,
control,109,717,v109_s0717,0,0,False,0.0,
control,109,718,v109_s0718,0,0,False,0.0,
control,109,719,v109_s0719,0,0,False,0.0,
control,109,720,v109_s0720,0,0,False,0.0,
control,109,721,v109_s0721,0,0,False,0.0,
control,109,722,v109_s0722,0,0,False,0.0,
control,109,723,v109_s0723,0,0,False,0.0,
control,109,724,v109_s0724,0,0,False,0.0,
control,109,725,v109_s0725,0,0,False,0.0,
control,109,726,v109_s0726,0,0,False,0.0,
control,109,727,v109_s0727,0,0,False,0.0,
control,109,728,v109_s0728,0,0,False,0.0,
control,109,729,v109_s0729,0,0,False,0.0,
control,109,730,v109_s0730,0,0,False,0.0,
control,109,731,v109_s0731,0,0,False,0.0,
control,109,732,v109_s0732,0,0,False,0.0,
control,109,733,v109_s0733,0,0,False,0.0,
control,109,734,v109_s0734,0,0,False,0.0,
control,109,735,v109_s0735,0,0,False,0.0,
control,109,736,v109_s0736,0,0,False,0.0,
control,109,737,v109_s0737,0,0,False,0.0,
control,109,738,v109_s0738,0,0,False,0.0,
control,109,739,v109_s0739,0,0,False,0.0,
control,109,740,v109_s0740,0,0,False,0.0,
control,109,741,v109_s0741,0,0,False,0.0,
control,109,742,v109_s0742,0,0,False,0.0,
control,109,743,v109_s0743,0,0,False,0.0,
control,109,744,v109_s0744,0,0,False,0.0,
control,109,745,v109_s0745,0,0,False,0.0,
control,109,746,v109_s0746,0,0,False,0.0,
control,109,747,v109_s0747,0,0,False,0.0,
control,109,748,v109_s0748,0,0,False,0.0,
control,109,749,v109_s0749,0,0,False,0.0,
control,109,750,v109_s0750,0,0,False,0.0,
control,109,751,v109_s0751,0,0,False,0.0,
control,109,752,v109_s0752,0,0,False,0.0,
control,109,753,v109_s0753,0,0,False,0.0,
control,109,754,v109_s0754,0,0,False,0.0,
control,109,755,v109_s0755,0,0,False,0.0,
control,110,0,v110_s0000,0,0,False,0.0,
control,110,1,v110_s0001,0,0,False,0.0,
control,110,2,v110_s0002,0,0,False,0.0,
control,110,3,v110_s0003,0,0,False,0.0,
control,110,4,v110_s0004,0,0,False,0.0,
control,110,5,v110_s0005,0,0,False,0.0,
control,110,6,v110_s0006,0,0,False,0.0,
control,110,7,v110_s0007,0,0,False,0.0,
control,110,8,v110_s0008,0,0,False,0.0,
control,110,9,v110_s0009,0,0,False,0.0,
control,110,10,v110_s0010,0,0,False,0.0,
control,110,11,v110_s0011,0,0,False,0.0,
control,110,12,v110_s0012,0,0,False,0.0,
control,110,13,v110_s0013,0,0,False,0.0,
control,110,14,v110_s0014,0,0,False,0.0,
control,110,15,v110_s0015,0,0,False,0.0,
control,110,16,v110_s0016,0,0,False,0.0,
control,110,17,v110_s0017,0,0,False,0.0,
control,110,18,v110_s0018,0,0,False,0.0,
control,110,19,v110_s0019,0,0,False,0.0,
control,110,20,v110_s0020,0,0,False,0.0,
control,110,21,v110_s0021,0,0,False,0.0,
control,110,22,v110_s0022,0,0,False,0.0,
control,110,23,v110_s0023,0,0,False,0.0,
control,110,24,v110_s0024,0,0,False,0.0,
control,110,25,v110_s0025,0,0,False,0.0,
control,110,26,v110_s0026,0,0,False,0.0,
control,110,27,v110_s0027,0,0,False,0.0,
control,110,28,v110_s0028,0,0,False,0.0,
control,110,29,v110_s0029,0,0,False,0.0,
control,110,30,v110_s0030,0,0,False,0.0,
control,110,31,v110_s0031,0,0,False,0.0,
control,110,32,v110_s0032,0,0,False,0.0,
control,110,33,v110_s0033,0,0,False,0.0,
control,110,34,v110_s0034,0,0,False,0.0,
control,110,35,v110_s0035,0,0,False,0.0,
control,110,36,v110_s0036,0,0,False,0.0,
control,110,37,v110_s0037,0,0,False,0.0,
control,110,38,v110_s0038,0,0,False,0.0,
control,110,39,v110_s0039,0,0,False,0.0,
control,110,40,v110_s0040,0,0,False,0.0,
control,110,41,v110_s0041,0,0,False,0.0,
control,110,42,v110_s0042,0,0,False,0.0,
control,110,43,v110_s0043,0,0,False,0.0,
control,110,44,v110_s0044,0,0,False,0.0,
control,110,45,v110_s0045,0,0,False,0.0,
control,110,46,v110_s0046,0,0,False,0.0,
control,110,47,v110_s0047,0,0,False,0.0,
control,110,48,v110_s0048,0,0,False,0.0,
control,110,49,v110_s0049,0,0,False,0.0,
control,110,50,v110_s0050,0,0,False,0.0,
control,110,51,v110_s0051,0,0,False,0.0,
control,110,52,v110_s0052,0,0,False,0.0,
control,110,53,v110_s0053,0,0,False,0.0,
control,110,54,v110_s0054,0,0,False,0.0,
control,110,55,v110_s0055,0,0,False,0.0,
control,110,56,v110_s0056,0,0,False,0.0,
control,110,57,v110_s0057,0,0,False,0.0,
control,110,58,v110_s0058,0,0,False,0.0,
control,110,59,v110_s0059,0,0,False,0.0,
control,110,60,v110_s0060,0,0,False,0.0,
control,110,61,v110_s0061,0,0,False,0.0,
control,110,62,v110_s0062,0,0,False,0.0,
control,110,63,v110_s0063,0,0,False,0.0,
control,110,64,v110_s0064,0,0,False,0.0,
control,110,65,v110_s0065,0,0,False,0.0,
control,110,66,v110_s0066,0,0,False,0.0,
control,110,67,v110_s0067,0,0,False,0.0,
control,110,68,v110_s0068,0,0,False,0.0,
control,110,69,v110_s0069,0,0,False,0.0,
control,110,70,v110_s0070,0,0,False,0.0,
control,110,71,v110_s0071,0,0,False,0.0,
control,110,72,v110_s0072,0,0,False,0.0,
control,110,73,v110_s0073,0,0,False,0.0,
control,110,74,v110_s0074,0,0,False,0.0,
control,110,75,v110_s0075,0,0,False,0.0,
control,110,76,v110_s0076,0,0,False,0.0,
control,110,77,v110_s0077,0,0,False,0.0,
control,110,78,v110_s0078,0,0,False,0.0,
control,110,79,v110_s0079,0,0,False,0.0,
control,110,80,v110_s0080,0,0,False,0.0,
control,110,81,v110_s0081,0,0,False,0.0,
control,110,82,v110_s0082,0,0,False,0.0,
control,110,83,v110_s0083,0,0,False,0.0,
control,110,84,v110_s0084,0,0,False,0.0,
control,110,85,v110_s0085,0,0,False,0.0,
control,110,86,v110_s0086,0,0,False,0.0,
control,110,87,v110_s0087,0,0,False,0.0,
control,110,88,v110_s0088,0,0,False,0.0,
control,110,89,v110_s0089,0,0,False,0.0,
control,110,90,v110_s0090,0,0,False,0.0,
control,110,91,v110_s0091,0,0,False,0.0,
control,110,92,v110_s0092,0,0,False,0.0,
control,110,93,v110_s0093,0,0,False,0.0,
control,110,94,v110_s0094,0,0,False,0.0,
control,110,95,v110_s0095,0,0,False,0.0,
control,110,96,v110_s0096,0,0,False,0.0,
control,110,97,v110_s0097,0,0,False,0.0,
control,110,98,v110_s0098,0,0,False,0.0,
control,110,99,v110_s0099,0,0,False,0.0,
control,110,100,v110_s0100,0,0,False,0.0,
control,110,101,v110_s0101,0,0,False,0.0,
control,110,102,v110_s0102,0,0,False,0.0,
control,110,103,v110_s0103,0,0,False,0.0,
control,110,104,v110_s0104,0,0,False,0.0,
control,110,105,v110_s0105,0,0,False,0.0,
control,110,106,v110_s0106,0,0,False,0.0,
control,110,107,v110_s0107,0,0,False,0.0,
control,110,108,v110_s0108,0,0,False,0.0,
control,110,109,v110_s0109,0,0,False,0.0,
control,110,110,v110_s0110,0,0,False,0.0,
control,110,111,v110_s0111,0,0,False,0.0,
control,110,112,v110_s0112,0,0,False,0.0,
control,110,113,v110_s0113,0,0,False,0.0,
control,110,114,v110_s0114,0,0,False,0.0,
control,110,115,v110_s0115,0,0,False,0.0,
control,110,116,v110_s0116,0,0,False,0.0,
control,110,117,v110_s0117,0,0,False,0.0,
control,110,118,v110_s0118,0,0,False,0.0,
control,110,119,v110_s0119,0,0,False,0.0,
control,110,120,v110_s0120,0,0,False,0.0,
control,110,121,v110_s0121,0,0,False,0.0,
control,110,122,v110_s0122,0,0,False,0.0,
control,110,123,v110_s0123,0,0,False,0.0,
control,110,124,v110_s0124,0,0,False,0.0,
control,110,125,v110_s0125,0,0,False,0.0,
control,110,126,v110_s0126,0,0,False,0.0,
control,110,127,v110_s0127,0,0,False,0.0,
control,110,128,v110_s0128,0,0,False,0.0,
control,110,129,v110_s0129,0,0,False,0.0,
control,110,130,v110_s0130,0,0,False,0.0,
control,110,131,v110_s0131,0,0,False,0.0,
control,110,132,v110_s0132,0,0,False,0.0,
control,110,133,v110_s0133,0,0,False,0.0,
control,110,134,v110_s0134,0,0,False,0.0,
control,110,135,v110_s0135,0,0,False,0.0,
control,110,136,v110_s0136,0,0,False,0.0,
control,110,137,v110_s0137,0,0,False,0.0,
control,110,138,v110_s0138,0,0,False,0.0,
control,110,139,v110_s0139,0,0,False,0.0,
control,110,140,v110_s0140,0,0,False,0.0,
control,110,141,v110_s0141,0,0,False,0.0,
control,110,142,v110_s0142,0,0,False,0.0,
control,110,143,v110_s0143,0,0,False,0.0,
control,110,144,v110_s0144,0,0,False,0.0,
control,110,145,v110_s0145,0,0,False,0.0,
control,110,146,v110_s0146,0,0,False,0.0,
control,110,147,v110_s0147,0,0,False,0.0,
control,110,148,v110_s0148,0,0,False,0.0,
control,110,149,v110_s0149,0,0,False,0.0,
control,110,150,v110_s0150,0,0,False,0.0,
control,110,151,v110_s0151,0,0,False,0.0,
control,110,152,v110_s0152,0,0,False,0.0,
control,110,153,v110_s0153,0,0,False,0.0,
control,110,154,v110_s0154,0,0,False,0.0,
control,110,155,v110_s0155,0,0,False,0.0,
control,110,156,v110_s0156,0,0,False,0.0,
control,110,157,v110_s0157,0,0,False,0.0,
control,110,158,v110_s0158,0,0,False,0.0,
control,110,159,v110_s0159,0,0,False,0.0,
control,110,160,v110_s0160,0,0,False,0.0,
control,110,161,v110_s0161,0,0,False,0.0,
control,110,162,v110_s0162,0,0,False,0.0,
control,110,163,v110_s0163,0,0,False,0.0,
control,110,164,v110_s0164,0,0,False,0.0,
control,110,165,v110_s0165,0,0,False,0.0,
control,110,166,v110_s0166,0,0,False,0.0,
control,110,167,v110_s0167,0,0,False,0.0,
control,110,168,v110_s0168,0,0,False,0.0,
control,110,169,v110_s0169,0,0,False,0.0,
control,110,170,v110_s0170,0,0,False,0.0,
control,110,171,v110_s0171,0,0,False,0.0,
control,110,172,v110_s0172,0,0,False,0.0,
control,110,173,v110_s0173,0,0,False,0.0,
control,110,174,v110_s0174,0,0,False,0.0,
control,110,175,v110_s0175,0,0,False,0.0,
control,110,176,v110_s0176,0,0,False,0.0,
control,110,177,v110_s0177,0,0,False,0.0,
control,110,178,v110_s0178,0,0,False,0.0,
control,110,179,v110_s0179,0,0,False,0.0,
control,110,180,v110_s0180,0,0,False,0.0,
control,110,181,v110_s0181,0,0,False,0.0,
control,110,182,v110_s0182,0,0,False,0.0,
control,110,183,v110_s0183,0,0,False,0.0,
control,110,184,v110_s0184,0,0,False,0.0,
control,110,185,v110_s0185,0,0,False,0.0,
control,110,186,v110_s0186,0,0,False,0.0,
control,110,187,v110_s0187,0,0,False,0.0,
control,110,188,v110_s0188,0,0,False,0.0,
control,110,189,v110_s0189,0,0,False,0.0,
control,110,190,v110_s0190,0,0,False,0.0,
control,110,191,v110_s0191,0,0,False,0.0,
control,110,192,v110_s0192,0,0,False,0.0,
control,110,193,v110_s0193,0,0,False,0.0,
control,110,194,v110_s0194,0,0,False,0.0,
control,110,195,v110_s0195,0,0,False,0.0,
control,110,196,v110_s0196,0,0,False,0.0,
control,110,197,v110_s0197,0,0,False,0.0,
control,110,198,v110_s0198,0,0,False,0.0,
control,110,199,v110_s0199,0,0,False,0.0,
control,110,200,v110_s0200,0,0,False,0.0,
control,110,201,v110_s0201,0,0,False,0.0,
control,110,202,v110_s0202,0,0,False,0.0,
control,110,203,v110_s0203,0,0,False,0.0,
control,110,204,v110_s0204,0,0,False,0.0,
control,110,205,v110_s0205,0,0,False,0.0,
control,110,206,v110_s0206,0,0,False,0.0,
control,110,207,v110_s0207,0,0,False,0.0,
control,110,208,v110_s0208,0,0,False,0.0,
control,110,209,v110_s0209,0,0,False,0.0,
control,110,210,v110_s0210,0,0,False,0.0,
control,110,211,v110_s0211,0,0,False,0.0,
control,110,212,v110_s0212,0,0,False,0.0,
control,110,213,v110_s0213,0,0,False,0.0,
control,110,214,v110_s0214,0,0,False,0.0,
control,110,215,v110_s0215,0,0,False,0.0,
control,110,216,v110_s0216,0,0,False,0.0,
control,110,217,v110_s0217,0,0,False,0.0,
control,110,218,v110_s0218,0,0,False,0.0,
control,110,219,v110_s0219,0,0,False,0.0,
control,110,220,v110_s0220,0,0,False,0.0,
control,110,221,v110_s0221,0,0,False,0.0,
control,110,222,v110_s0222,0,0,False,0.0,
control,110,223,v110_s0223,0,0,False,0.0,
control,110,224,v110_s0224,0,0,False,0.0,
control,110,225,v110_s0225,0,0,False,0.0,
control,110,226,v110_s0226,0,0,False,0.0,
control,110,227,v110_s0227,0,0,False,0.0,
control,110,228,v110_s0228,0,0,False,0.0,
control,110,229,v110_s0229,0,0,False,0.0,
control,110,230,v110_s0230,0,0,False,0.0,
control,110,231,v110_s0231,0,0,False,0.0,
control,110,232,v110_s0232,0,0,False,0.0,
control,110,233,v110_s0233,0,0,False,0.0,
control,110,234,v110_s0234,0,0,False,0.0,
control,110,235,v110_s0235,0,0,False,0.0,
control,110,236,v110_s0236,0,0,False,0.0,
control,110,237,v110_s0237,0,0,False,0.0,
control,110,238,v110_s0238,0,0,False,0.0,
control,110,239,v110_s0239,0,0,False,0.0,
control,110,240,v110_s0240,0,0,False,0.0,
control,110,241,v110_s0241,0,0,False,0.0,
control,110,242,v110_s0242,0,0,False,0.0,
control,110,243,v110_s0243,0,0,False,0.0,
control,110,244,v110_s0244,0,0,False,0.0,
control,110,245,v110_s0245,0,0,False,0.0,
control,110,246,v110_s0246,0,0,False,0.0,
control,110,247,v110_s0247,0,0,False,0.0,
control,110,248,v110_s0248,0,0,False,0.0,
control,110,249,v110_s0249,0,0,False,0.0,
control,110,250,v110_s0250,0,0,False,0.0,
control,110,251,v110_s0251,0,0,False,0.0,
control,110,252,v110_s0252,0,0,False,0.0,
control,110,253,v110_s0253,0,0,False,0.0,
control,110,254,v110_s0254,0,0,False,0.0,
control,110,255,v110_s0255,0,0,False,0.0,
control,110,256,v110_s0256,0,0,False,0.0,
control,110,257,v110_s0257,0,0,False,0.0,
control,110,258,v110_s0258,0,0,False,0.0,
control,110,259,v110_s0259,0,0,False,0.0,
control,110,260,v110_s0260,0,0,False,0.0,
control,110,261,v110_s0261,0,0,False,0.0,
control,110,262,v110_s0262,0,0,False,0.0,
control,110,263,v110_s0263,0,0,False,0.0,
control,110,264,v110_s0264,0,0,False,0.0,
control,110,265,v110_s0265,0,0,False,0.0,
control,110,266,v110_s0266,0,0,False,0.0,
control,110,267,v110_s0267,0,0,False,0.0,
control,110,268,v110_s0268,0,0,False,0.0,
control,110,269,v110_s0269,0,0,False,0.0,
control,110,270,v110_s0270,0,0,False,0.0,
control,110,271,v110_s0271,0,0,False,0.0,
control,110,272,v110_s0272,0,0,False,0.0,
control,110,273,v110_s0273,0,0,False,0.0,
control,110,274,v110_s0274,0,0,False,0.0,
control,110,275,v110_s0275,0,0,False,0.0,
control,110,276,v110_s0276,0,0,False,0.0,
control,110,277,v110_s0277,0,0,False,0.0,
control,110,278,v110_s0278,0,0,False,0.0,
control,110,279,v110_s0279,0,0,False,0.0,
control,110,280,v110_s0280,0,0,False,0.0,
control,110,281,v110_s0281,0,0,False,0.0,
control,110,282,v110_s0282,0,0,False,0.0,
control,110,283,v110_s0283,0,0,False,0.0,
control,110,284,v110_s0284,0,0,False,0.0,
control,110,285,v110_s0285,0,0,False,0.0,
control,110,286,v110_s0286,0,0,False,0.0,
control,110,287,v110_s0287,0,0,False,0.0,
control,110,288,v110_s0288,0,0,False,0.0,
control,110,289,v110_s0289,0,0,False,0.0,
control,110,290,v110_s0290,0,0,False,0.0,
control,110,291,v110_s0291,0,0,False,0.0,
control,110,292,v110_s0292,0,0,False,0.0,
control,110,293,v110_s0293,0,0,False,0.0,
control,110,294,v110_s0294,0,0,False,0.0,
control,110,295,v110_s0295,0,0,False,0.0,
control,110,296,v110_s0296,0,0,False,0.0,
control,110,297,v110_s0297,0,0,False,0.0,
control,110,298,v110_s0298,0,0,False,0.0,
control,110,299,v110_s0299,0,0,False,0.0,
control,110,300,v110_s0300,0,0,False,0.0,
control,110,301,v110_s0301,0,0,False,0.0,
control,110,302,v110_s0302,0,0,False,0.0,
control,110,303,v110_s0303,0,0,False,0.0,
control,110,304,v110_s0304,0,0,False,0.0,
control,110,305,v110_s0305,0,0,False,0.0,
control,110,306,v110_s0306,0,0,False,0.0,
control,110,307,v110_s0307,0,0,False,0.0,
control,110,308,v110_s0308,0,0,False,0.0,
control,110,309,v110_s0309,0,0,False,0.0,
control,110,310,v110_s0310,0,0,False,0.0,
control,110,311,v110_s0311,0,0,False,0.0,
control,110,312,v110_s0312,0,0,False,0.0,
control,110,313,v110_s0313,0,0,False,0.0,
control,110,314,v110_s0314,0,0,False,0.0,
control,110,315,v110_s0315,0,0,False,0.0,
control,110,316,v110_s0316,0,0,False,0.0,
control,110,317,v110_s0317,0,0,False,0.0,
control,110,318,v110_s0318,0,0,False,0.0,
control,110,319,v110_s0319,0,0,False,0.0,
control,110,320,v110_s0320,0,0,False,0.0,
control,110,321,v110_s0321,0,0,False,0.0,
control,110,322,v110_s0322,0,0,False,0.0,
control,110,323,v110_s0323,0,0,False,0.0,
control,110,324,v110_s0324,0,0,False,0.0,
control,110,325,v110_s0325,0,0,False,0.0,
control,110,326,v110_s0326,0,0,False,0.0,
control,110,327,v110_s0327,0,0,False,0.0,
control,110,328,v110_s0328,0,0,False,0.0,
control,110,329,v110_s0329,0,0,False,0.0,
control,110,330,v110_s0330,0,0,False,0.0,
control,110,331,v110_s0331,0,0,False,0.0,
control,110,332,v110_s0332,0,0,False,0.0,
control,110,333,v110_s0333,0,0,False,0.0,
control,110,334,v110_s0334,0,0,False,0.0,
control,110,335,v110_s0335,0,0,False,0.0,
control,110,336,v110_s0336,0,0,False,0.0,
control,110,337,v110_s0337,0,0,False,0.0,
control,110,338,v110_s0338,0,0,False,0.0,
control,110,339,v110_s0339,0,0,False,0.0,
control,110,340,v110_s0340,0,0,False,0.0,
control,110,341,v110_s0341,0,0,False,0.0,
control,110,342,v110_s0342,0,0,False,0.0,
control,110,343,v110_s0343,0,0,False,0.0,
control,110,344,v110_s0344,0,0,False,0.0,
control,110,345,v110_s0345,0,0,False,0.0,
control,110,346,v110_s0346,0,0,False,0.0,
control,110,347,v110_s0347,0,0,False,0.0,
control,110,348,v110_s0348,0,0,False,0.0,
control,110,349,v110_s0349,0,0,False,0.0,
control,110,350,v110_s0350,0,0,False,0.0,
control,110,351,v110_s0351,0,0,False,0.0,
control,110,352,v110_s0352,0,0,False,0.0,
control,110,353,v110_s0353,0,0,False,0.0,
control,110,354,v110_s0354,0,0,False,0.0,
control,110,355,v110_s0355,0,0,False,0.0,
control,110,356,v110_s0356,0,0,False,0.0,
control,110,357,v110_s0357,0,0,False,0.0,
control,110,358,v110_s0358,0,0,False,0.0,
control,110,359,v110_s0359,0,0,False,0.0,
control,110,360,v110_s0360,0,0,False,0.0,
control,110,361,v110_s0361,0,0,False,0.0,
control,110,362,v110_s0362,0,0,False,0.0,
control,110,363,v110_s0363,0,0,False,0.0,
control,110,364,v110_s0364,0,0,False,0.0,
control,110,365,v110_s0365,0,0,False,0.0,
control,110,366,v110_s0366,0,0,False,0.0,
control,110,367,v110_s0367,0,0,False,0.0,
control,110,368,v110_s0368,0,0,False,0.0,
control,110,369,v110_s0369,0,0,False,0.0,
control,110,370,v110_s0370,0,0,False,0.0,
control,110,371,v110_s0371,0,0,False,0.0,
control,110,372,v110_s0372,0,0,False,0.0,
control,110,373,v110_s0373,0,0,False,0.0,
control,110,374,v110_s0374,0,0,False,0.0,
control,110,375,v110_s0375,0,0,False,0.0,
control,110,376,v110_s0376,0,0,False,0.0,
control,110,377,v110_s0377,0,0,False,0.0,
control,110,378,v110_s0378,0,0,False,0.0,
control,110,379,v110_s0379,0,0,False,0.0,
control,110,380,v110_s0380,0,0,False,0.0,
control,110,381,v110_s0381,0,0,False,0.0,
control,110,382,v110_s0382,0,0,False,0.0,
control,110,383,v110_s0383,0,0,False,0.0,
control,110,384,v110_s0384,0,8,False,0.9912109375,
control,110,385,v110_s0385,0,10,False,0.99658203125,
control,110,386,v110_s0386,0,0,False,4.32133674621582e-05,
control,110,387,v110_s0387,0,0,False,0.0,
control,110,388,v110_s0388,5,17,True,1.0,1.0
control,110,389,v110_s0389,8,17,True,1.0,1.0
control,110,390,v110_s0390,9,17,True,1.0,1.0
control,110,391,v110_s0391,15,16,True,1.0,1.0
control,110,392,v110_s0392,0,0,False,0.0,
control,110,393,v110_s0393,24,0,False,0.0,0.0
control,110,394,v110_s0394,36,0,False,0.0001093149185180664,0.0001093149185180664
control,110,395,v110_s0395,57,0,False,0.0,0.0
control,110,396,v110_s0396,80,0,False,0.0,0.0
control,110,397,v110_s0397,102,43,True,1.0,1.0
control,110,398,v110_s0398,159,148,True,1.0,1.0
control,110,399,v110_s0399,186,182,True,1.0,1.0
control,110,400,v110_s0400,233,176,True,1.0,1.0
control,110,401,v110_s0401,292,152,True,1.0,1.0
control,110,402,v110_s0402,305,133,True,1.0,1.0
control,110,403,v110_s0403,313,147,True,1.0,1.0
control,110,404,v110_s0404,332,159,True,1.0,1.0
control,110,405,v110_s0405,343,271,True,1.0,1.0
control,110,406,v110_s0406,378,295,True,1.0,1.0
control,110,407,v110_s0407,450,305,True,1.0,1.0
control,110,408,v110_s0408,429,331,True,1.0,1.0
control,110,409,v110_s0409,395,363,True,1.0,1.0
control,110,410,v110_s0410,354,395,True,1.0,1.0
control,110,411,v110_s0411,353,394,True,1.0,1.0
control,110,412,v110_s0412,322,370,True,1.0,1.0
control,110,413,v110_s0413,324,347,True,1.0,1.0
control,110,414,v110_s0414,287,274,True,1.0,1.0
control,110,415,v110_s0415,279,242,True,1.0,1.0
control,110,416,v110_s0416,223,206,True,1.0,1.0
control,110,417,v110_s0417,183,210,True,1.0,1.0
control,110,418,v110_s0418,162,132,True,1.0,1.0
control,110,419,v110_s0419,141,125,True,1.0,1.0
control,110,420,v110_s0420,126,114,True,1.0,1.0
control,110,421,v110_s0421,120,120,True,1.0,1.0
control,110,422,v110_s0422,95,94,True,1.0,1.0
control,110,423,v110_s0423,72,53,True,1.0,1.0
control,110,424,v110_s0424,57,0,False,0.0,0.0
control,110,425,v110_s0425,44,0,False,0.0,0.0
control,110,426,v110_s0426,30,0,False,0.0,0.0
control,110,427,v110_s0427,10,0,False,0.0,0.0
control,110,428,v110_s0428,14,0,False,0.0,0.0
control,110,429,v110_s0429,23,0,False,0.0,0.0
control,110,430,v110_s0430,26,0,False,8.398294448852539e-05,1.7881393432617188e-06
control,110,431,v110_s0431,34,0,False,3.0994415283203125e-06,0.0
control,110,432,v110_s0432,43,63,True,1.0,1.0
control,110,433,v110_s0433,49,58,True,1.0,1.0
control,110,434,v110_s0434,81,95,True,1.0,1.0
control,110,435,v110_s0435,104,119,True,1.0,1.0
control,110,436,v110_s0436,103,131,True,1.0,1.0
control,110,437,v110_s0437,110,131,True,1.0,1.0
control,110,438,v110_s0438,120,114,True,1.0,1.0
control,110,439,v110_s0439,133,110,True,1.0,1.0
control,110,440,v110_s0440,150,104,True,1.0,1.0
control,110,441,v110_s0441,152,127,True,1.0,1.0
control,110,442,v110_s0442,160,139,True,1.0,1.0
control,110,443,v110_s0443,173,120,True,1.0,1.0
control,110,444,v110_s0444,186,121,True,1.0,1.0
control,110,445,v110_s0445,217,174,True,1.0,1.0
control,110,446,v110_s0446,190,234,True,1.0,1.0
control,110,447,v110_s0447,195,246,True,1.0,1.0
control,110,448,v110_s0448,214,282,True,1.0,1.0
control,110,449,v110_s0449,221,261,True,1.0,1.0
control,110,450,v110_s0450,223,264,True,1.0,1.0
control,110,451,v110_s0451,233,279,True,1.0,1.0
control,110,452,v110_s0452,252,280,True,1.0,1.0
control,110,453,v110_s0453,264,263,True,1.0,1.0
control,110,454,v110_s0454,287,283,True,1.0,1.0
control,110,455,v110_s0455,319,339,True,1.0,1.0
control,110,456,v110_s0456,330,401,True,1.0,1.0
control,110,457,v110_s0457,338,483,True,1.0,1.0
control,110,458,v110_s0458,367,396,True,1.0,1.0
control,110,459,v110_s0459,377,351,True,1.0,1.0
control,110,460,v110_s0460,371,304,True,1.0,1.0
control,110,461,v110_s0461,360,311,True,1.0,1.0
control,110,462,v110_s0462,369,302,True,1.0,1.0
control,110,463,v110_s0463,432,284,True,1.0,1.0
control,110,464,v110_s0464,417,308,True,1.0,1.0
control,110,465,v110_s0465,413,311,True,1.0,1.0
control,110,466,v110_s0466,410,250,True,1.0,1.0
control,110,467,v110_s0467,423,213,True,1.0,1.0
control,110,468,v110_s0468,410,219,True,1.0,1.0
control,110,469,v110_s0469,422,194,True,1.0,1.0
control,110,470,v110_s0470,406,175,True,1.0,1.0
control,110,471,v110_s0471,385,98,True,1.0,1.0
control,110,472,v110_s0472,399,179,True,1.0,1.0
control,110,473,v110_s0473,399,207,True,1.0,1.0
control,110,474,v110_s0474,305,213,True,1.0,1.0
control,110,475,v110_s0475,257,188,True,1.0,1.0
control,110,476,v110_s0476,228,151,True,1.0,1.0
control,110,477,v110_s0477,187,132,True,1.0,1.0
control,110,478,v110_s0478,192,110,True,1.0,1.0
control,110,479,v110_s0479,222,151,True,1.0,1.0
control,110,480,v110_s0480,227,156,True,1.0,1.0
control,110,481,v110_s0481,272,176,True,1.0,1.0
control,110,482,v110_s0482,350,287,True,1.0,1.0
control,110,483,v110_s0483,450,317,True,1.0,1.0
control,110,484,v110_s0484,583,462,True,1.0,1.0
control,110,485,v110_s0485,580,529,True,1.0,1.0
control,110,486,v110_s0486,606,558,True,1.0,1.0
control,110,487,v110_s0487,613,594,True,1.0,1.0
control,110,488,v110_s0488,646,541,True,1.0,1.0
control,110,489,v110_s0489,563,717,True,1.0,1.0
control,110,490,v110_s0490,570,776,True,1.0,1.0
control,110,491,v110_s0491,581,263,True,1.0,1.0
control,110,492,v110_s0492,569,0,False,0.0008096694946289062,0.0008096694946289062
control,110,493,v110_s0493,581,228,True,1.0,1.0
control,110,494,v110_s0494,584,205,True,1.0,0.99951171875
control,110,495,v110_s0495,498,97,True,1.0,0.99462890625
control,110,496,v110_s0496,445,0,False,0.0,0.0
control,110,497,v110_s0497,299,0,False,0.0,0.0
control,110,498,v110_s0498,209,0,False,0.0160369873046875,0.0
control,110,499,v110_s0499,147,0,False,0.0,0.0
control,110,500,v110_s0500,100,0,False,0.0,0.0
control,110,501,v110_s0501,67,0,False,0.0,0.0
control,110,502,v110_s0502,41,0,False,0.0,0.0
control,110,503,v110_s0503,0,16,False,0.99951171875,
control,110,504,v110_s0504,0,31,False,1.0,
control,110,505,v110_s0505,0,0,False,0.0,
control,110,506,v110_s0506,0,0,False,0.0,
control,110,507,v110_s0507,0,0,False,0.0,
control,110,508,v110_s0508,0,0,False,0.0,
control,110,509,v110_s0509,42,141,True,1.0,1.0
control,110,510,v110_s0510,48,196,True,1.0,1.0
control,110,511,v110_s0511,69,216,True,1.0,1.0
control,110,512,v110_s0512,74,167,True,1.0,1.0
control,110,513,v110_s0513,94,188,True,1.0,1.0
control,110,514,v110_s0514,103,203,True,1.0,1.0
control,110,515,v110_s0515,148,223,True,1.0,1.0
control,110,516,v110_s0516,131,205,True,1.0,1.0
control,110,517,v110_s0517,133,195,True,1.0,1.0
control,110,518,v110_s0518,118,148,True,1.0,1.0
control,110,519,v110_s0519,128,140,True,1.0,1.0
control,110,520,v110_s0520,109,134,True,1.0,1.0
control,110,521,v110_s0521,111,98,True,1.0,1.0
control,110,522,v110_s0522,116,61,True,1.0,1.0
control,110,523,v110_s0523,59,0,False,2.980232238769531e-07,2.980232238769531e-07
control,110,524,v110_s0524,28,0,False,0.0,0.0
control,110,525,v110_s0525,0,0,False,0.0,
control,110,526,v110_s0526,0,0,False,0.0,
control,110,527,v110_s0527,0,0,False,0.0,
control,110,528,v110_s0528,0,0,False,0.0,
control,110,529,v110_s0529,0,93,False,1.0,
control,110,530,v110_s0530,0,192,False,1.0,
control,110,531,v110_s0531,0,0,False,0.0,
control,110,532,v110_s0532,0,0,False,0.0,
control,110,533,v110_s0533,0,0,False,0.0,
control,110,534,v110_s0534,0,0,False,0.0,
control,110,535,v110_s0535,0,0,False,0.0,
control,110,536,v110_s0536,0,0,False,0.0,
control,110,537,v110_s0537,0,0,False,0.0,
control,110,538,v110_s0538,0,0,False,0.0,
control,110,539,v110_s0539,0,0,False,0.0,
control,110,540,v110_s0540,0,0,False,0.0,
control,110,541,v110_s0541,0,0,False,0.0,
control,110,542,v110_s0542,0,0,False,0.0,
control,110,543,v110_s0543,0,0,False,0.0,
control,110,544,v110_s0544,0,0,False,0.0,
control,110,545,v110_s0545,0,0,False,0.0,
control,110,546,v110_s0546,0,0,False,0.0,
control,110,547,v110_s0547,0,0,False,0.0,
control,110,548,v110_s0548,0,0,False,0.0,
control,110,549,v110_s0549,0,0,False,0.0,
control,110,550,v110_s0550,0,0,False,0.0,
control,110,551,v110_s0551,0,0,False,0.0,
control,110,552,v110_s0552,0,0,False,0.0,
control,110,553,v110_s0553,0,0,False,0.0,
control,110,554,v110_s0554,0,0,False,0.0,
control,110,555,v110_s0555,0,0,False,0.0,
control,110,556,v110_s0556,0,0,False,0.0,
control,110,557,v110_s0557,0,0,False,0.0,
control,110,558,v110_s0558,0,0,False,0.0,
control,110,559,v110_s0559,0,0,False,0.0,
control,110,560,v110_s0560,0,0,False,0.0,
control,110,561,v110_s0561,0,0,False,0.0,
control,110,562,v110_s0562,0,0,False,0.0,
control,110,563,v110_s0563,0,0,False,0.0,
control,110,564,v110_s0564,0,0,False,0.0,
control,110,565,v110_s0565,0,0,False,0.0,
control,110,566,v110_s0566,0,0,False,0.0,
control,110,567,v110_s0567,0,0,False,0.0,
control,110,568,v110_s0568,0,0,False,0.0,
control,110,569,v110_s0569,0,0,False,0.0,
control,110,570,v110_s0570,0,0,False,0.0,
control,110,571,v110_s0571,0,0,False,0.0,
control,110,572,v110_s0572,0,0,False,0.0,
control,110,573,v110_s0573,0,0,False,0.0,
control,110,574,v110_s0574,0,0,False,0.0,
control,110,575,v110_s0575,0,0,False,0.0,
control,110,576,v110_s0576,0,0,False,0.0,
control,110,577,v110_s0577,0,0,False,0.0,
control,110,578,v110_s0578,0,0,False,0.0,
control,110,579,v110_s0579,0,0,False,0.0,
control,110,580,v110_s0580,0,0,False,0.0,
control,110,581,v110_s0581,0,0,False,0.0,
control,110,582,v110_s0582,0,0,False,0.0,
control,110,583,v110_s0583,0,0,False,0.0,
control,110,584,v110_s0584,0,0,False,0.0,
control,110,585,v110_s0585,0,0,False,0.0,
control,110,586,v110_s0586,0,0,False,0.0,
control,110,587,v110_s0587,0,0,False,0.0,
control,110,588,v110_s0588,0,0,False,0.0,
control,110,589,v110_s0589,0,0,False,0.0,
control,110,590,v110_s0590,0,0,False,0.0,
control,110,591,v110_s0591,0,0,False,0.0,
control,110,592,v110_s0592,0,0,False,0.0,
control,110,593,v110_s0593,0,0,False,0.0,
control,110,594,v110_s0594,0,0,False,0.0,
control,110,595,v110_s0595,0,0,False,0.0,
control,110,596,v110_s0596,0,0,False,0.0,
control,110,597,v110_s0597,0,0,False,0.0,
control,110,598,v110_s0598,0,0,False,0.0,
control,110,599,v110_s0599,0,0,False,0.0,
control,110,600,v110_s0600,0,0,False,0.0,
control,110,601,v110_s0601,0,0,False,0.0,
control,110,602,v110_s0602,0,0,False,0.0,
control,110,603,v110_s0603,0,0,False,0.0,
control,110,604,v110_s0604,0,0,False,0.0,
control,110,605,v110_s0605,0,0,False,0.0,
control,110,606,v110_s0606,0,0,False,0.0,
control,110,607,v110_s0607,0,0,False,0.0,
control,110,608,v110_s0608,0,0,False,0.0,
control,110,609,v110_s0609,0,0,False,0.0,
control,110,610,v110_s0610,0,0,False,0.0,
control,110,611,v110_s0611,0,0,False,0.0,
control,110,612,v110_s0612,0,0,False,0.0,
control,110,613,v110_s0613,0,0,False,0.0,
control,110,614,v110_s0614,0,0,False,0.0,
control,110,615,v110_s0615,0,0,False,0.0,
control,110,616,v110_s0616,0,0,False,0.0,
control,110,617,v110_s0617,0,0,False,0.0,
control,110,618,v110_s0618,0,0,False,0.0,
control,110,619,v110_s0619,0,0,False,0.0,
control,110,620,v110_s0620,0,0,False,0.0,
control,110,621,v110_s0621,0,0,False,0.0,
control,110,622,v110_s0622,0,0,False,0.0,
control,110,623,v110_s0623,0,0,False,0.0,
control,110,624,v110_s0624,0,0,False,0.0,
control,110,625,v110_s0625,0,0,False,0.0,
control,110,626,v110_s0626,0,0,False,0.0,
control,110,627,v110_s0627,0,0,False,0.0,
control,110,628,v110_s0628,0,0,False,0.0,
control,110,629,v110_s0629,0,0,False,0.0,
control,110,630,v110_s0630,0,0,False,0.0,
control,110,631,v110_s0631,0,0,False,0.0,
control,110,632,v110_s0632,0,0,False,0.0,
control,110,633,v110_s0633,0,0,False,0.0,
control,110,634,v110_s0634,0,0,False,0.0,
control,110,635,v110_s0635,0,0,False,0.0,
control,110,636,v110_s0636,0,0,False,0.0,
control,110,637,v110_s0637,0,0,False,0.0,
control,110,638,v110_s0638,0,0,False,0.0,
control,110,639,v110_s0639,0,0,False,0.0,
control,110,640,v110_s0640,0,0,False,0.0,
control,110,641,v110_s0641,0,0,False,0.0,
control,110,642,v110_s0642,0,0,False,0.0,
control,110,643,v110_s0643,0,0,False,0.0,
control,110,644,v110_s0644,0,0,False,0.0,
control,110,645,v110_s0645,0,0,False,0.0,
control,110,646,v110_s0646,0,0,False,0.0,
control,110,647,v110_s0647,0,0,False,0.0,
control,110,648,v110_s0648,0,0,False,0.0,
control,110,649,v110_s0649,0,0,False,0.0,
control,110,650,v110_s0650,0,0,False,0.0,
control,110,651,v110_s0651,0,0,False,0.0,
control,110,652,v110_s0652,0,0,False,0.0,
control,110,653,v110_s0653,0,0,False,0.0,
control,110,654,v110_s0654,0,0,False,0.0,
control,110,655,v110_s0655,0,0,False,0.0,
control,110,656,v110_s0656,0,0,False,0.0,
control,110,657,v110_s0657,0,0,False,0.0,
control,110,658,v110_s0658,0,0,False,0.0,
control,110,659,v110_s0659,0,0,False,0.0,
control,110,660,v110_s0660,0,0,False,0.0,
control,110,661,v110_s0661,0,0,False,0.0,
control,110,662,v110_s0662,0,0,False,0.0,
control,110,663,v110_s0663,0,0,False,0.0,
control,110,664,v110_s0664,0,0,False,0.0,
control,110,665,v110_s0665,0,0,False,0.0,
control,110,666,v110_s0666,0,0,False,0.0,
control,110,667,v110_s0667,0,0,False,0.0,
control,110,668,v110_s0668,0,0,False,0.0,
control,110,669,v110_s0669,0,0,False,0.0,
control,110,670,v110_s0670,0,0,False,0.0,
control,110,671,v110_s0671,0,0,False,0.0,
control,110,672,v110_s0672,0,0,False,0.0,
control,110,673,v110_s0673,0,0,False,0.0,
control,110,674,v110_s0674,0,0,False,0.0,
control,110,675,v110_s0675,0,0,False,0.0,
control,110,676,v110_s0676,0,0,False,0.0,
control,110,677,v110_s0677,0,0,False,0.0,
control,110,678,v110_s0678,0,0,False,0.0,
control,110,679,v110_s0679,0,0,False,0.0,
control,110,680,v110_s0680,0,0,False,0.0,
control,110,681,v110_s0681,0,0,False,0.0,
control,110,682,v110_s0682,0,0,False,0.0,
control,110,683,v110_s0683,0,0,False,0.0,
control,110,684,v110_s0684,0,0,False,0.0,
control,110,685,v110_s0685,0,0,False,0.0,
control,110,686,v110_s0686,0,0,False,0.0,
control,110,687,v110_s0687,0,0,False,0.0,
control,110,688,v110_s0688,0,0,False,0.0,
control,110,689,v110_s0689,0,0,False,0.0,
control,110,690,v110_s0690,0,0,False,0.0,
control,110,691,v110_s0691,0,0,False,0.0,
control,110,692,v110_s0692,0,0,False,0.0,
control,110,693,v110_s0693,0,0,False,0.0,
control,110,694,v110_s0694,0,0,False,0.0,
control,110,695,v110_s0695,0,0,False,0.0,
control,110,696,v110_s0696,0,0,False,0.0,
control,110,697,v110_s0697,0,0,False,0.0,
control,110,698,v110_s0698,0,0,False,0.0,
control,110,699,v110_s0699,0,0,False,0.0,
control,110,700,v110_s0700,0,0,False,0.0,
control,110,701,v110_s0701,0,0,False,0.0,
control,110,702,v110_s0702,0,0,False,0.0,
control,110,703,v110_s0703,0,0,False,0.0,
control,110,704,v110_s0704,0,0,False,0.0,
control,110,705,v110_s0705,0,0,False,0.0,
control,110,706,v110_s0706,0,0,False,0.0,
control,110,707,v110_s0707,0,0,False,0.0,
control,110,708,v110_s0708,0,0,False,0.0,
control,110,709,v110_s0709,0,0,False,0.0,
control,110,710,v110_s0710,0,0,False,0.0,
control,110,711,v110_s0711,0,0,False,0.0,
control,110,712,v110_s0712,0,0,False,0.0,
control,110,713,v110_s0713,0,0,False,0.0,
control,110,714,v110_s0714,0,0,False,0.0,
control,110,715,v110_s0715,0,0,False,0.0,
control,110,716,v110_s0716,0,0,False,0.0,
control,110,717,v110_s0717,0,0,False,0.0,
control,110,718,v110_s0718,0,0,False,0.0,
control,110,719,v110_s0719,0,0,False,0.0,
control,110,720,v110_s0720,0,0,False,0.0,
control,110,721,v110_s0721,0,0,False,0.0,
control,110,722,v110_s0722,0,0,False,0.0,
control,110,723,v110_s0723,0,0,False,0.0,
control,110,724,v110_s0724,0,0,False,0.0,
control,110,725,v110_s0725,0,0,False,0.0,
control,110,726,v110_s0726,0,0,False,0.0,
control,110,727,v110_s0727,0,0,False,0.0,
control,110,728,v110_s0728,0,0,False,0.0,
control,110,729,v110_s0729,0,0,False,0.0,
control,110,730,v110_s0730,0,0,False,0.0,
control,110,731,v110_s0731,0,0,False,0.0,
control,110,732,v110_s0732,0,0,False,0.0,
control,110,733,v110_s0733,0,0,False,0.0,
control,110,734,v110_s0734,0,0,False,0.0,
control,110,735,v110_s0735,0,0,False,0.0,
control,110,736,v110_s0736,0,0,False,0.0,
control,110,737,v110_s0737,0,0,False,0.0,
control,110,738,v110_s0738,0,0,False,0.0,
control,110,739,v110_s0739,0,0,False,0.0,
control,110,740,v110_s0740,0,0,False,0.0,
control,110,741,v110_s0741,0,0,False,0.0,
control,110,742,v110_s0742,0,0,False,0.0,
control,110,743,v110_s0743,0,0,False,0.0,
control,110,744,v110_s0744,0,0,False,0.0,
control,110,745,v110_s0745,0,0,False,0.0,
control,110,746,v110_s0746,0,0,False,0.0,
control,110,747,v110_s0747,0,0,False,0.0,
control,110,748,v110_s0748,0,0,False,0.0,
control,110,749,v110_s0749,0,0,False,0.0,
control,110,750,v110_s0750,0,0,False,0.0,
control,110,751,v110_s0751,0,0,False,0.0,
control,110,752,v110_s0752,0,0,False,0.0,
control,110,753,v110_s0753,0,0,False,0.0,
control,110,754,v110_s0754,0,0,False,0.0,
control,110,755,v110_s0755,0,0,False,0.0,
control,110,756,v110_s0756,0,0,False,0.0,
control,110,757,v110_s0757,0,0,False,0.0,
control,110,758,v110_s0758,0,0,False,0.0,
control,110,759,v110_s0759,0,0,False,0.0,
control,110,760,v110_s0760,0,0,False,0.0,
control,110,761,v110_s0761,0,0,False,0.0,
control,110,762,v110_s0762,0,0,False,0.0,
control,110,763,v110_s0763,0,0,False,0.0,
control,110,764,v110_s0764,0,0,False,0.0,
control,110,765,v110_s0765,0,0,False,0.0,
control,110,766,v110_s0766,0,0,False,0.0,
control,110,767,v110_s0767,0,0,False,0.0,
control,110,768,v110_s0768,0,0,False,0.0,
control,110,769,v110_s0769,0,0,False,0.0,
control,110,770,v110_s0770,0,0,False,0.0,
control,110,771,v110_s0771,0,0,False,0.0,
control,110,772,v110_s0772,0,0,False,0.0,
control,110,773,v110_s0773,0,0,False,0.0,
control,110,774,v110_s0774,0,0,False,0.0,
control,110,775,v110_s0775,0,0,False,0.0,
control,110,776,v110_s0776,0,0,False,0.0,
control,110,777,v110_s0777,0,0,False,0.0,
control,110,778,v110_s0778,0,0,False,0.0,
control,110,779,v110_s0779,0,0,False,0.0,
control,110,780,v110_s0780,0,0,False,0.0,
control,110,781,v110_s0781,0,0,False,0.0,
control,110,782,v110_s0782,0,0,False,0.0,
control,110,783,v110_s0783,0,0,False,0.0,
control,110,784,v110_s0784,0,0,False,0.0,
control,110,785,v110_s0785,0,0,False,0.0,
control,110,786,v110_s0786,0,0,False,0.0,
control,110,787,v110_s0787,0,0,False,0.0,
control,110,788,v110_s0788,0,0,False,0.0,
control,110,789,v110_s0789,0,0,False,0.0,
control,110,790,v110_s0790,0,0,False,0.0,
control,110,791,v110_s0791,0,0,False,0.0,
control,110,792,v110_s0792,0,0,False,0.0,
control,110,793,v110_s0793,0,0,False,0.0,
control,110,794,v110_s0794,0,0,False,0.0,
control,110,795,v110_s0795,0,0,False,0.0,
control,110,796,v110_s0796,0,0,False,0.0,
control,110,797,v110_s0797,0,0,False,0.0,
control,110,798,v110_s0798,0,0,False,0.0,
control,110,799,v110_s0799,0,0,False,0.0,
control,110,800,v110_s0800,0,0,False,0.0,
control,110,801,v110_s0801,0,0,False,0.0,
control,110,802,v110_s0802,0,0,False,0.0,
control,110,803,v110_s0803,0,0,False,0.0,
control,110,804,v110_s0804,0,0,False,0.0,
control,110,805,v110_s0805,0,0,False,0.0,
control,110,806,v110_s0806,0,0,False,0.0,
control,110,807,v110_s0807,0,0,False,0.0,
control,110,808,v110_s0808,0,0,False,0.0,
control,110,809,v110_s0809,0,0,False,0.0,
control,110,810,v110_s0810,0,0,False,0.0,
control,110,811,v110_s0811,0,0,False,0.0,
control,110,812,v110_s0812,0,0,False,0.0,
control,110,813,v110_s0813,0,0,False,0.0,
control,110,814,v110_s0814,0,0,False,0.0,
control,110,815,v110_s0815,0,0,False,0.0,
control,111,0,v111_s0000,0,0,False,0.0,
control,111,1,v111_s0001,0,0,False,0.0,
control,111,2,v111_s0002,0,0,False,0.0,
control,111,3,v111_s0003,0,0,False,0.0,
control,111,4,v111_s0004,0,0,False,0.0,
control,111,5,v111_s0005,0,0,False,0.0,
control,111,6,v111_s0006,0,0,False,0.0,
control,111,7,v111_s0007,0,0,False,0.0,
control,111,8,v111_s0008,0,0,False,0.0,
control,111,9,v111_s0009,0,0,False,0.0,
control,111,10,v111_s0010,0,0,False,0.0,
control,111,11,v111_s0011,0,0,False,0.0,
control,111,12,v111_s0012,0,0,False,0.0,
control,111,13,v111_s0013,0,0,False,0.0,
control,111,14,v111_s0014,0,0,False,0.0,
control,111,15,v111_s0015,0,0,False,0.0,
control,111,16,v111_s0016,0,0,False,0.0,
control,111,17,v111_s0017,0,0,False,0.0,
control,111,18,v111_s0018,0,0,False,0.0,
control,111,19,v111_s0019,0,0,False,0.0,
control,111,20,v111_s0020,0,0,False,0.0,
control,111,21,v111_s0021,0,0,False,0.0,
control,111,22,v111_s0022,0,0,False,0.0,
control,111,23,v111_s0023,0,0,False,0.0,
control,111,24,v111_s0024,0,0,False,0.0,
control,111,25,v111_s0025,0,0,False,0.0,
control,111,26,v111_s0026,0,0,False,0.0,
control,111,27,v111_s0027,0,0,False,0.0,
control,111,28,v111_s0028,0,0,False,0.0,
control,111,29,v111_s0029,0,0,False,0.0,
control,111,30,v111_s0030,0,0,False,0.0,
control,111,31,v111_s0031,0,0,False,0.0,
control,111,32,v111_s0032,0,0,False,0.0,
control,111,33,v111_s0033,0,0,False,0.0,
control,111,34,v111_s0034,0,0,False,0.0,
control,111,35,v111_s0035,0,0,False,0.0,
control,111,36,v111_s0036,0,0,False,0.0,
control,111,37,v111_s0037,0,0,False,0.0,
control,111,38,v111_s0038,0,0,False,0.0,
control,111,39,v111_s0039,0,0,False,0.0,
control,111,40,v111_s0040,0,0,False,0.0,
control,111,41,v111_s0041,0,0,False,0.0,
control,111,42,v111_s0042,0,0,False,0.0,
control,111,43,v111_s0043,0,0,False,0.0,
control,111,44,v111_s0044,0,0,False,0.0,
control,111,45,v111_s0045,0,0,False,0.0,
control,111,46,v111_s0046,0,0,False,0.0,
control,111,47,v111_s0047,0,0,False,0.0,
control,111,48,v111_s0048,0,0,False,0.0,
control,111,49,v111_s0049,0,0,False,0.0,
control,111,50,v111_s0050,0,0,False,0.0,
control,111,51,v111_s0051,0,0,False,0.0,
control,111,52,v111_s0052,0,0,False,0.0,
control,111,53,v111_s0053,0,0,False,0.0,
control,111,54,v111_s0054,0,0,False,0.0,
control,111,55,v111_s0055,0,0,False,0.0,
control,111,56,v111_s0056,0,0,False,0.0,
control,111,57,v111_s0057,0,0,False,0.0,
control,111,58,v111_s0058,0,0,False,0.0,
control,111,59,v111_s0059,0,0,False,0.0,
control,111,60,v111_s0060,0,0,False,0.0,
control,111,61,v111_s0061,0,0,False,0.0,
control,111,62,v111_s0062,0,0,False,0.0,
control,111,63,v111_s0063,0,0,False,0.0,
control,111,64,v111_s0064,0,0,False,0.0,
control,111,65,v111_s0065,0,0,False,0.0,
control,111,66,v111_s0066,0,0,False,0.0,
control,111,67,v111_s0067,0,0,False,0.0,
control,111,68,v111_s0068,0,0,False,0.0,
control,111,69,v111_s0069,0,0,False,0.0,
control,111,70,v111_s0070,0,0,False,0.0,
control,111,71,v111_s0071,0,0,False,0.0,
control,111,72,v111_s0072,0,0,False,0.0,
control,111,73,v111_s0073,0,0,False,0.0,
control,111,74,v111_s0074,0,0,False,0.0,
control,111,75,v111_s0075,0,0,False,0.0,
control,111,76,v111_s0076,0,0,False,0.0,
control,111,77,v111_s0077,0,0,False,0.0,
control,111,78,v111_s0078,0,0,False,0.0,
control,111,79,v111_s0079,0,0,False,0.0,
control,111,80,v111_s0080,0,0,False,0.0,
control,111,81,v111_s0081,0,0,False,0.0,
control,111,82,v111_s0082,0,0,False,0.0,
control,111,83,v111_s0083,0,0,False,2.384185791015625e-07,
control,111,84,v111_s0084,0,3,False,0.87646484375,
control,111,85,v111_s0085,0,46,False,1.0,
control,111,86,v111_s0086,0,37,False,0.99951171875,
control,111,87,v111_s0087,0,28,False,0.99951171875,
control,111,88,v111_s0088,0,86,False,1.0,
control,111,89,v111_s0089,0,256,False,1.0,
control,111,90,v111_s0090,0,129,False,1.0,
control,111,91,v111_s0091,0,63,False,1.0,
control,111,92,v111_s0092,0,96,False,0.9990234375,
control,111,93,v111_s0093,0,99,False,0.998046875,
control,111,94,v111_s0094,0,128,False,0.998046875,
control,111,95,v111_s0095,0,89,False,0.998046875,
control,111,96,v111_s0096,0,0,False,0.0,
control,111,97,v111_s0097,0,0,False,0.00019919872283935547,
control,111,98,v111_s0098,0,0,False,0.0,
control,111,99,v111_s0099,0,0,False,0.0,
control,111,100,v111_s0100,0,0,False,0.0,
control,111,101,v111_s0101,0,0,False,0.0,
control,111,102,v111_s0102,0,0,False,0.0,
control,111,103,v111_s0103,0,0,False,0.0,
control,111,104,v111_s0104,0,0,False,0.0,
control,111,105,v111_s0105,0,0,False,0.0,
control,111,106,v111_s0106,0,0,False,0.0,
control,111,107,v111_s0107,0,0,False,0.0,
control,111,108,v111_s0108,0,0,False,0.0,
control,111,109,v111_s0109,0,0,False,0.0,
control,111,110,v111_s0110,0,0,False,0.0,
control,111,111,v111_s0111,0,0,False,0.0,
control,111,112,v111_s0112,0,0,False,0.0,
control,111,113,v111_s0113,0,0,False,0.0,
control,111,114,v111_s0114,0,0,False,0.0,
control,111,115,v111_s0115,0,0,False,0.0,
control,111,116,v111_s0116,0,0,False,0.0,
control,111,117,v111_s0117,0,0,False,0.0,
control,111,118,v111_s0118,0,0,False,0.0,
control,111,119,v111_s0119,0,0,False,0.0,
control,111,120,v111_s0120,0,0,False,0.0,
control,111,121,v111_s0121,0,0,False,0.0,
control,111,122,v111_s0122,0,0,False,0.0,
control,111,123,v111_s0123,0,0,False,0.0,
control,111,124,v111_s0124,0,0,False,0.0,
control,111,125,v111_s0125,0,0,False,0.0,
control,111,126,v111_s0126,0,0,False,0.0,
control,111,127,v111_s0127,0,0,False,0.0,
control,111,128,v111_s0128,0,0,False,0.0,
control,111,129,v111_s0129,0,0,False,0.0,
control,111,130,v111_s0130,0,0,False,0.0,
control,111,131,v111_s0131,0,0,False,0.0,
control,111,132,v111_s0132,0,0,False,0.0,
control,111,133,v111_s0133,0,0,False,0.0,
control,111,134,v111_s0134,0,0,False,0.0,
control,111,135,v111_s0135,0,0,False,0.0,
control,111,136,v111_s0136,0,0,False,0.0,
control,111,137,v111_s0137,0,0,False,0.0,
control,111,138,v111_s0138,0,0,False,0.0,
control,111,139,v111_s0139,0,0,False,0.0,
control,111,140,v111_s0140,0,0,False,0.0,
control,111,141,v111_s0141,0,0,False,0.0,
control,111,142,v111_s0142,0,0,False,0.0,
control,111,143,v111_s0143,0,0,False,0.0,
control,111,144,v111_s0144,0,0,False,0.0,
control,111,145,v111_s0145,0,0,False,0.0,
control,111,146,v111_s0146,0,0,False,0.0,
control,111,147,v111_s0147,0,0,False,0.0,
control,111,148,v111_s0148,0,0,False,0.0,
control,111,149,v111_s0149,0,0,False,0.0,
control,111,150,v111_s0150,0,0,False,0.0,
control,111,151,v111_s0151,0,0,False,0.0,
control,111,152,v111_s0152,0,0,False,0.0,
control,111,153,v111_s0153,0,0,False,0.0,
control,111,154,v111_s0154,0,0,False,0.0,
control,111,155,v111_s0155,0,0,False,0.0,
control,111,156,v111_s0156,0,0,False,0.0,
control,111,157,v111_s0157,0,0,False,0.0,
control,111,158,v111_s0158,0,0,False,0.0,
control,111,159,v111_s0159,0,0,False,0.0,
control,111,160,v111_s0160,0,0,False,0.0,
control,111,161,v111_s0161,0,0,False,0.0,
control,111,162,v111_s0162,0,0,False,0.0,
control,111,163,v111_s0163,0,0,False,0.0,
control,111,164,v111_s0164,0,0,False,0.0,
control,111,165,v111_s0165,0,0,False,0.0,
control,111,166,v111_s0166,0,0,False,0.0,
control,111,167,v111_s0167,0,0,False,0.0,
control,111,168,v111_s0168,0,0,False,0.0,
control,111,169,v111_s0169,0,0,False,0.0,
control,111,170,v111_s0170,0,0,False,0.0,
control,111,171,v111_s0171,0,0,False,0.0,
control,111,172,v111_s0172,0,0,False,0.0,
control,111,173,v111_s0173,0,0,False,0.0,
control,111,174,v111_s0174,0,0,False,0.0,
control,111,175,v111_s0175,0,0,False,0.0,
control,111,176,v111_s0176,0,0,False,0.0,
control,111,177,v111_s0177,0,0,False,0.0,
control,111,178,v111_s0178,0,0,False,0.0,
control,111,179,v111_s0179,0,0,False,0.0,
control,111,180,v111_s0180,0,0,False,0.0,
control,111,181,v111_s0181,0,0,False,0.0,
control,111,182,v111_s0182,0,0,False,0.0,
control,111,183,v111_s0183,0,0,False,0.0,
control,111,184,v111_s0184,0,0,False,0.0,
control,111,185,v111_s0185,0,0,False,0.0,
control,111,186,v111_s0186,0,0,False,0.0,
control,111,187,v111_s0187,0,0,False,0.0,
control,111,188,v111_s0188,0,0,False,0.0,
control,111,189,v111_s0189,0,0,False,0.0,
control,111,190,v111_s0190,0,0,False,0.0,
control,111,191,v111_s0191,0,0,False,0.0,
control,111,192,v111_s0192,0,0,False,0.0,
control,111,193,v111_s0193,0,0,False,0.0,
control,111,194,v111_s0194,0,0,False,0.0,
control,111,195,v111_s0195,0,0,False,0.0,
control,111,196,v111_s0196,0,0,False,0.0,
control,111,197,v111_s0197,0,0,False,0.0,
control,111,198,v111_s0198,0,0,False,0.0,
control,111,199,v111_s0199,0,0,False,0.0,
control,111,200,v111_s0200,0,0,False,0.0,
control,111,201,v111_s0201,0,0,False,0.0,
control,111,202,v111_s0202,0,0,False,0.0,
control,111,203,v111_s0203,0,0,False,0.0,
control,111,204,v111_s0204,0,0,False,0.0,
control,111,205,v111_s0205,0,0,False,0.0,
control,111,206,v111_s0206,0,0,False,0.0,
control,111,207,v111_s0207,0,0,False,0.0,
control,111,208,v111_s0208,0,0,False,0.0,
control,111,209,v111_s0209,0,0,False,0.0,
control,111,210,v111_s0210,0,0,False,0.0,
control,111,211,v111_s0211,0,0,False,0.0,
control,111,212,v111_s0212,0,0,False,0.0,
control,111,213,v111_s0213,0,0,False,0.0,
control,111,214,v111_s0214,0,0,False,0.0,
control,111,215,v111_s0215,0,0,False,0.0,
control,111,216,v111_s0216,0,0,False,0.0,
control,111,217,v111_s0217,0,0,False,0.0,
control,111,218,v111_s0218,0,0,False,0.0,
control,111,219,v111_s0219,0,0,False,0.0,
control,111,220,v111_s0220,0,0,False,0.0,
control,111,221,v111_s0221,0,0,False,0.0,
control,111,222,v111_s0222,0,0,False,0.0,
control,111,223,v111_s0223,0,0,False,0.0,
control,111,224,v111_s0224,0,0,False,0.0,
control,111,225,v111_s0225,0,0,False,0.0,
control,111,226,v111_s0226,0,0,False,0.0,
control,111,227,v111_s0227,0,0,False,0.0,
control,111,228,v111_s0228,0,0,False,0.0,
control,111,229,v111_s0229,0,0,False,0.0,
control,111,230,v111_s0230,0,0,False,0.0,
control,111,231,v111_s0231,0,0,False,0.0,
control,111,232,v111_s0232,0,0,False,0.0,
control,111,233,v111_s0233,0,0,False,0.0,
control,111,234,v111_s0234,0,0,False,0.0,
control,111,235,v111_s0235,0,0,False,0.0,
control,111,236,v111_s0236,0,0,False,0.0,
control,111,237,v111_s0237,0,0,False,0.0,
control,111,238,v111_s0238,0,0,False,0.0,
control,111,239,v111_s0239,0,0,False,0.0,
control,111,240,v111_s0240,0,0,False,0.0,
control,111,241,v111_s0241,0,0,False,0.0,
control,111,242,v111_s0242,0,0,False,0.0,
control,111,243,v111_s0243,0,0,False,0.0,
control,111,244,v111_s0244,0,0,False,0.0,
control,111,245,v111_s0245,0,0,False,0.0,
control,111,246,v111_s0246,0,0,False,0.0,
control,111,247,v111_s0247,0,0,False,0.0,
control,111,248,v111_s0248,0,0,False,0.0,
control,111,249,v111_s0249,0,0,False,0.0,
control,111,250,v111_s0250,0,0,False,0.0,
control,111,251,v111_s0251,0,0,False,0.0,
control,111,252,v111_s0252,0,0,False,0.0,
control,111,253,v111_s0253,0,0,False,0.0,
control,111,254,v111_s0254,0,0,False,0.0,
control,111,255,v111_s0255,0,0,False,0.0,
control,111,256,v111_s0256,0,0,False,0.0,
control,111,257,v111_s0257,0,0,False,0.0,
control,111,258,v111_s0258,0,0,False,0.0,
control,111,259,v111_s0259,0,0,False,0.0,
control,111,260,v111_s0260,0,0,False,0.0,
control,111,261,v111_s0261,0,0,False,0.0,
control,111,262,v111_s0262,0,0,False,0.0,
control,111,263,v111_s0263,0,0,False,0.0,
control,111,264,v111_s0264,0,0,False,0.0,
control,111,265,v111_s0265,0,0,False,0.0,
control,111,266,v111_s0266,0,0,False,0.0,
control,111,267,v111_s0267,0,0,False,0.0,
control,111,268,v111_s0268,0,0,False,0.0,
control,111,269,v111_s0269,0,0,False,0.0,
control,111,270,v111_s0270,0,0,False,0.0,
control,111,271,v111_s0271,0,0,False,0.0,
control,111,272,v111_s0272,0,0,False,0.0,
control,111,273,v111_s0273,0,0,False,0.0,
control,111,274,v111_s0274,0,0,False,0.0,
control,111,275,v111_s0275,0,0,False,0.0,
control,111,276,v111_s0276,0,0,False,0.0,
control,111,277,v111_s0277,0,0,False,0.0,
control,111,278,v111_s0278,0,0,False,0.0,
control,111,279,v111_s0279,0,0,False,0.0,
control,111,280,v111_s0280,0,0,False,0.0,
control,111,281,v111_s0281,0,0,False,0.0,
control,111,282,v111_s0282,0,0,False,0.0,
control,111,283,v111_s0283,0,0,False,0.0,
control,111,284,v111_s0284,0,0,False,0.0,
control,111,285,v111_s0285,0,0,False,0.0,
control,111,286,v111_s0286,0,0,False,0.0,
control,111,287,v111_s0287,0,0,False,0.0,
control,111,288,v111_s0288,0,0,False,0.0,
control,111,289,v111_s0289,0,0,False,0.0,
control,111,290,v111_s0290,0,0,False,0.0,
control,111,291,v111_s0291,0,0,False,0.0,
control,111,292,v111_s0292,0,0,False,0.0,
control,111,293,v111_s0293,0,0,False,0.0,
control,111,294,v111_s0294,0,0,False,0.0,
control,111,295,v111_s0295,0,0,False,0.0,
control,111,296,v111_s0296,0,0,False,0.0,
control,111,297,v111_s0297,0,0,False,0.0,
control,111,298,v111_s0298,0,0,False,0.0,
control,111,299,v111_s0299,0,0,False,0.0,
control,111,300,v111_s0300,0,0,False,0.0,
control,111,301,v111_s0301,0,0,False,0.0,
control,111,302,v111_s0302,0,0,False,0.0,
control,111,303,v111_s0303,0,0,False,0.0,
control,111,304,v111_s0304,0,0,False,0.0,
control,111,305,v111_s0305,0,0,False,0.0,
control,111,306,v111_s0306,0,0,False,0.0,
control,111,307,v111_s0307,0,0,False,0.0,
control,111,308,v111_s0308,0,0,False,0.0,
control,111,309,v111_s0309,0,0,False,0.0,
control,111,310,v111_s0310,0,0,False,0.0,
control,111,311,v111_s0311,0,0,False,0.0,
control,111,312,v111_s0312,0,0,False,0.0,
control,111,313,v111_s0313,0,0,False,0.0,
control,111,314,v111_s0314,0,0,False,0.0,
control,111,315,v111_s0315,0,0,False,0.0,
control,111,316,v111_s0316,0,0,False,0.0,
control,111,317,v111_s0317,0,0,False,0.0,
control,111,318,v111_s0318,3,0,False,0.0,0.0
control,111,319,v111_s0319,12,0,False,0.0,0.0
control,111,320,v111_s0320,19,0,False,0.0,0.0
control,111,321,v111_s0321,20,0,False,0.0,0.0
control,111,322,v111_s0322,22,0,False,0.0,0.0
control,111,323,v111_s0323,26,0,False,0.0,0.0
control,111,324,v111_s0324,29,46,True,1.0,1.0
control,111,325,v111_s0325,23,63,True,1.0,1.0
control,111,326,v111_s0326,21,54,True,1.0,1.0
control,111,327,v111_s0327,22,43,True,1.0,1.0
control,111,328,v111_s0328,22,0,False,0.2442626953125,0.00647735595703125
control,111,329,v111_s0329,14,4,False,0.58203125,0.0034809112548828125
control,111,330,v111_s0330,10,0,False,0.0,0.0
control,111,331,v111_s0331,4,0,False,0.0,0.0
control,111,332,v111_s0332,0,0,False,0.0,
control,111,333,v111_s0333,0,0,False,0.0,
control,111,334,v111_s0334,1,0,False,0.0,0.0
control,111,335,v111_s0335,12,0,False,0.0,0.0
control,111,336,v111_s0336,12,0,False,0.0,0.0
control,111,337,v111_s0337,14,0,False,0.0,0.0
control,111,338,v111_s0338,18,0,False,0.0,0.0
control,111,339,v111_s0339,21,0,False,0.0,0.0
control,111,340,v111_s0340,29,26,True,1.0,1.0
control,111,341,v111_s0341,28,37,True,1.0,1.0
control,111,342,v111_s0342,29,41,True,1.0,1.0
control,111,343,v111_s0343,29,40,True,1.0,1.0
control,111,344,v111_s0344,33,38,True,1.0,1.0
control,111,345,v111_s0345,34,46,True,1.0,1.0
control,111,346,v111_s0346,34,56,True,1.0,1.0
control,111,347,v111_s0347,36,59,True,1.0,1.0
control,111,348,v111_s0348,29,69,True,1.0,1.0
control,111,349,v111_s0349,29,100,True,1.0,1.0
control,111,350,v111_s0350,48,103,True,1.0,1.0
control,111,351,v111_s0351,53,80,True,1.0,1.0
control,111,352,v111_s0352,36,74,True,1.0,1.0
control,111,353,v111_s0353,34,26,True,1.0,1.0
control,111,354,v111_s0354,19,27,True,1.0,1.0
control,111,355,v111_s0355,13,22,True,1.0,1.0
control,111,356,v111_s0356,6,12,True,1.0,1.0
control,111,357,v111_s0357,1,0,False,0.0,0.0
control,111,358,v111_s0358,1,0,False,0.0,0.0
control,111,359,v111_s0359,2,0,False,4.76837158203125e-07,0.0
control,111,360,v111_s0360,2,0,False,0.0,0.0
control,111,361,v111_s0361,5,0,False,0.0042572021484375,0.0008974075317382812
control,111,362,v111_s0362,7,25,True,1.0,1.0
control,111,363,v111_s0363,10,0,False,2.4437904357910156e-06,2.0265579223632812e-06
control,111,364,v111_s0364,14,0,False,0.31005859375,0.31005859375
control,111,365,v111_s0365,19,0,False,0.0,0.0
control,111,366,v111_s0366,21,0,False,0.0,0.0
control,111,367,v111_s0367,17,0,False,0.0,0.0
control,111,368,v111_s0368,19,0,False,0.0,0.0
control,111,369,v111_s0369,18,0,False,0.0,0.0
control,111,370,v111_s0370,16,0,False,0.0,0.0
control,111,371,v111_s0371,16,0,False,0.0,0.0
control,111,372,v111_s0372,17,0,False,0.36474609375,0.0
control,111,373,v111_s0373,19,0,False,0.0,0.0
control,111,374,v111_s0374,17,0,False,0.0,0.0
control,111,375,v111_s0375,14,0,False,0.0,0.0
control,111,376,v111_s0376,13,29,True,1.0,1.0
control,111,377,v111_s0377,9,0,False,0.0,0.0
control,111,378,v111_s0378,8,0,False,0.0,0.0
control,111,379,v111_s0379,5,0,False,0.00019490718841552734,0.0
control,111,380,v111_s0380,3,0,False,0.0,0.0
control,111,381,v111_s0381,2,0,False,0.0,0.0
control,111,382,v111_s0382,0,11,False,1.0,
control,111,383,v111_s0383,0,0,False,0.0,
control,111,384,v111_s0384,0,0,False,0.0,
control,111,385,v111_s0385,0,0,False,0.0,
control,111,386,v111_s0386,0,0,False,0.0035572052001953125,
control,111,387,v111_s0387,0,0,False,0.0009174346923828125,
control,111,388,v111_s0388,11,0,False,0.0,0.0
control,111,389,v111_s0389,11,0,False,0.0,0.0
control,111,390,v111_s0390,13,0,False,0.0,0.0
control,111,391,v111_s0391,14,0,False,0.0,0.0
control,111,392,v111_s0392,14,0,False,0.0,0.0
control,111,393,v111_s0393,18,61,True,1.0,1.0
control,111,394,v111_s0394,18,25,True,1.0,1.0
control,111,395,v111_s0395,19,29,True,1.0,1.0
control,111,396,v111_s0396,17,32,True,1.0,1.0
control,111,397,v111_s0397,26,39,True,1.0,1.0
control,111,398,v111_s0398,30,36,True,1.0,1.0
control,111,399,v111_s0399,19,38,True,1.0,1.0
control,111,400,v111_s0400,12,33,True,1.0,1.0
control,111,401,v111_s0401,10,24,True,1.0,1.0
control,111,402,v111_s0402,0,26,False,1.0,
control,111,403,v111_s0403,0,14,False,1.0,
control,111,404,v111_s0404,0,0,False,0.0,
control,111,405,v111_s0405,0,0,False,0.0,
control,111,406,v111_s0406,0,0,False,0.0,
control,111,407,v111_s0407,0,0,False,0.0,
control,111,408,v111_s0408,0,0,False,0.0,
control,111,409,v111_s0409,0,0,False,0.0,
control,111,410,v111_s0410,0,0,False,0.0,
control,111,411,v111_s0411,13,0,False,2.6226043701171875e-06,2.6226043701171875e-06
control,111,412,v111_s0412,16,71,True,1.0,1.0
control,111,413,v111_s0413,23,63,True,1.0,1.0
control,111,414,v111_s0414,29,68,True,1.0,1.0
control,111,415,v111_s0415,37,73,True,1.0,1.0
control,111,416,v111_s0416,51,75,True,1.0,1.0
control,111,417,v111_s0417,51,80,True,1.0,1.0
control,111,418,v111_s0418,44,90,True,1.0,1.0
control,111,419,v111_s0419,42,82,True,1.0,1.0
control,111,420,v111_s0420,37,67,True,1.0,1.0
control,111,421,v111_s0421,36,60,True,1.0,1.0
control,111,422,v111_s0422,32,43,True,1.0,1.0
control,111,423,v111_s0423,35,46,True,1.0,1.0
control,111,424,v111_s0424,15,48,True,1.0,1.0
control,111,425,v111_s0425,11,0,False,0.0,0.0
control,111,426,v111_s0426,7,0,False,0.0,0.0
control,111,427,v111_s0427,0,0,False,0.0,
control,111,428,v111_s0428,0,0,False,0.0,
control,111,429,v111_s0429,0,0,False,0.0,
control,111,430,v111_s0430,0,0,False,0.0,
control,111,431,v111_s0431,0,0,False,0.0,
control,111,432,v111_s0432,0,0,False,3.2782554626464844e-05,
control,111,433,v111_s0433,0,0,False,0.0,
control,111,434,v111_s0434,0,30,False,1.0,
control,111,435,v111_s0435,0,0,False,0.0,
control,111,436,v111_s0436,0,0,False,0.0,
control,111,437,v111_s0437,0,0,False,0.0025386810302734375,
control,111,438,v111_s0438,0,0,False,0.0,
control,111,439,v111_s0439,0,28,False,1.0,
control,111,440,v111_s0440,0,36,False,1.0,
control,111,441,v111_s0441,0,21,False,1.0,
control,111,442,v111_s0442,0,0,False,0.0,
control,111,443,v111_s0443,0,0,False,0.0,
control,111,444,v111_s0444,0,11,False,0.998046875,
control,111,445,v111_s0445,0,0,False,0.0013675689697265625,
control,111,446,v111_s0446,0,0,False,0.0,
control,111,447,v111_s0447,0,0,False,0.0,
control,111,448,v111_s0448,0,0,False,0.0,
control,111,449,v111_s0449,0,0,False,0.0,
control,111,450,v111_s0450,0,0,False,8.64267349243164e-06,
control,111,451,v111_s0451,0,0,False,0.0,
control,111,452,v111_s0452,0,0,False,0.0,
control,111,453,v111_s0453,0,0,False,0.0,
control,111,454,v111_s0454,0,32,False,1.0,
control,111,455,v111_s0455,0,24,False,0.9990234375,
control,111,456,v111_s0456,0,0,False,0.0,
control,111,457,v111_s0457,0,12,False,0.99853515625,
control,111,458,v111_s0458,0,0,False,0.00154876708984375,
control,111,459,v111_s0459,0,50,False,1.0,
control,111,460,v111_s0460,0,0,False,0.0,
control,111,461,v111_s0461,0,0,False,0.0,
control,111,462,v111_s0462,0,0,False,0.0,
control,111,463,v111_s0463,0,0,False,0.0,
control,111,464,v111_s0464,0,0,False,0.0,
control,111,465,v111_s0465,0,0,False,0.0,
control,111,466,v111_s0466,0,0,False,0.0,
control,111,467,v111_s0467,0,0,False,0.0,
control,111,468,v111_s0468,0,0,False,0.0,
control,111,469,v111_s0469,0,0,False,0.0,
control,111,470,v111_s0470,0,0,False,0.0,
control,111,471,v111_s0471,0,0,False,0.0,
control,111,472,v111_s0472,0,0,False,0.0,
control,111,473,v111_s0473,0,0,False,0.0,
control,111,474,v111_s0474,0,0,False,0.0,
control,111,475,v111_s0475,0,0,False,0.0,
control,111,476,v111_s0476,0,0,False,0.0,
control,111,477,v111_s0477,0,0,False,0.0,
control,111,478,v111_s0478,0,0,False,0.0,
control,111,479,v111_s0479,0,0,False,0.0,
control,111,480,v111_s0480,0,0,False,0.0,
control,111,481,v111_s0481,0,0,False,0.0,
control,111,482,v111_s0482,0,0,False,0.0,
control,111,483,v111_s0483,0,0,False,0.0,
control,111,484,v111_s0484,0,0,False,0.0,
control,111,485,v111_s0485,0,0,False,0.0,
control,111,486,v111_s0486,0,0,False,0.0,
control,111,487,v111_s0487,0,0,False,0.0,
control,111,488,v111_s0488,0,0,False,0.0,
control,111,489,v111_s0489,0,0,False,0.0,
control,111,490,v111_s0490,0,0,False,0.0,
control,111,491,v111_s0491,0,0,False,0.0,
control,111,492,v111_s0492,0,0,False,0.0,
control,111,493,v111_s0493,0,0,False,0.0,
control,111,494,v111_s0494,0,0,False,0.0,
control,111,495,v111_s0495,0,0,False,0.0,
control,111,496,v111_s0496,0,0,False,0.0,
control,111,497,v111_s0497,0,0,False,0.0,
control,111,498,v111_s0498,0,0,False,0.0,
control,111,499,v111_s0499,0,0,False,0.0,
control,111,500,v111_s0500,0,0,False,0.0,
control,111,501,v111_s0501,0,0,False,0.0,
control,111,502,v111_s0502,0,0,False,0.0,
control,111,503,v111_s0503,0,0,False,0.0,
control,111,504,v111_s0504,0,0,False,0.0,
control,111,505,v111_s0505,0,0,False,0.0,
control,111,506,v111_s0506,0,0,False,0.0,
control,111,507,v111_s0507,0,0,False,0.0,
control,111,508,v111_s0508,0,0,False,0.0,
control,111,509,v111_s0509,0,0,False,0.0,
control,111,510,v111_s0510,0,0,False,0.0,
control,111,511,v111_s0511,0,0,False,0.0,
control,111,512,v111_s0512,0,0,False,0.0,
control,111,513,v111_s0513,0,0,False,0.0,
control,111,514,v111_s0514,0,0,False,0.0,
control,111,515,v111_s0515,0,0,False,0.0,
control,111,516,v111_s0516,0,0,False,0.0,
control,111,517,v111_s0517,0,0,False,0.0,
control,111,518,v111_s0518,0,0,False,0.0,
control,111,519,v111_s0519,0,0,False,0.0,
control,111,520,v111_s0520,0,0,False,0.0,
control,111,521,v111_s0521,0,0,False,0.0,
control,111,522,v111_s0522,0,0,False,0.0,
control,111,523,v111_s0523,0,0,False,0.0,
control,111,524,v111_s0524,0,0,False,0.0,
control,111,525,v111_s0525,0,0,False,0.0,
control,111,526,v111_s0526,0,0,False,0.0,
control,111,527,v111_s0527,0,0,False,0.0,
control,111,528,v111_s0528,0,0,False,0.0,
control,111,529,v111_s0529,0,0,False,0.0,
control,111,530,v111_s0530,0,0,False,0.0,
control,111,531,v111_s0531,0,0,False,0.0,
control,111,532,v111_s0532,0,0,False,0.0,
control,111,533,v111_s0533,0,0,False,0.0,
control,111,534,v111_s0534,0,0,False,0.0,
control,111,535,v111_s0535,0,0,False,0.0,
control,111,536,v111_s0536,0,0,False,0.0,
control,111,537,v111_s0537,0,0,False,0.0,
control,111,538,v111_s0538,0,0,False,0.0,
control,111,539,v111_s0539,0,0,False,0.0,
control,111,540,v111_s0540,0,0,False,0.0,
control,111,541,v111_s0541,0,0,False,0.0,
control,111,542,v111_s0542,0,0,False,0.0,
control,111,543,v111_s0543,0,0,False,0.0,
control,111,544,v111_s0544,0,0,False,0.0,
control,111,545,v111_s0545,0,0,False,0.0,
control,111,546,v111_s0546,0,0,False,0.0,
control,111,547,v111_s0547,0,0,False,0.0,
control,111,548,v111_s0548,0,0,False,0.0,
control,111,549,v111_s0549,0,0,False,0.0,
control,111,550,v111_s0550,0,0,False,0.0,
control,111,551,v111_s0551,0,0,False,0.0,
control,111,552,v111_s0552,0,0,False,0.0,
control,111,553,v111_s0553,0,0,False,0.0,
control,111,554,v111_s0554,0,0,False,0.0,
control,111,555,v111_s0555,0,0,False,0.0,
control,111,556,v111_s0556,0,0,False,0.0,
control,111,557,v111_s0557,0,0,False,0.0,
control,111,558,v111_s0558,0,0,False,0.0,
control,111,559,v111_s0559,0,0,False,0.0,
control,111,560,v111_s0560,0,0,False,0.0,
control,111,561,v111_s0561,0,0,False,0.0,
control,111,562,v111_s0562,0,0,False,0.0,
control,111,563,v111_s0563,0,0,False,0.0,
control,111,564,v111_s0564,0,0,False,0.0,
control,111,565,v111_s0565,0,0,False,0.0,
control,111,566,v111_s0566,0,0,False,0.0,
control,111,567,v111_s0567,0,0,False,0.0,
control,111,568,v111_s0568,0,0,False,0.0,
control,111,569,v111_s0569,0,0,False,0.0,
control,111,570,v111_s0570,0,0,False,0.0,
control,111,571,v111_s0571,0,0,False,0.0,
control,111,572,v111_s0572,0,0,False,0.0,
control,111,573,v111_s0573,0,0,False,0.0,
control,111,574,v111_s0574,0,0,False,0.0,
control,111,575,v111_s0575,0,0,False,0.0,
control,111,576,v111_s0576,0,0,False,0.0,
control,111,577,v111_s0577,0,0,False,0.0,
control,111,578,v111_s0578,0,0,False,0.0,
control,111,579,v111_s0579,0,0,False,0.0,
control,111,580,v111_s0580,0,0,False,0.0,
control,111,581,v111_s0581,0,0,False,0.0,
control,111,582,v111_s0582,0,0,False,0.0,
control,111,583,v111_s0583,0,0,False,0.0,
control,111,584,v111_s0584,0,0,False,0.0,
control,111,585,v111_s0585,0,0,False,0.0,
control,111,586,v111_s0586,0,0,False,0.0,
control,111,587,v111_s0587,0,0,False,0.0,
control,111,588,v111_s0588,0,0,False,0.0,
control,111,589,v111_s0589,0,0,False,0.0,
control,111,590,v111_s0590,0,0,False,0.0,
control,111,591,v111_s0591,0,0,False,0.0,
control,111,592,v111_s0592,0,0,False,0.0,
control,111,593,v111_s0593,0,0,False,0.0,
control,111,594,v111_s0594,0,0,False,0.0,
control,111,595,v111_s0595,0,0,False,0.0,
control,111,596,v111_s0596,0,0,False,0.0,
control,111,597,v111_s0597,0,0,False,0.0,
control,111,598,v111_s0598,0,0,False,0.0,
control,111,599,v111_s0599,0,0,False,0.0,
control,111,600,v111_s0600,0,0,False,0.0,
control,111,601,v111_s0601,0,0,False,0.0,
control,111,602,v111_s0602,0,0,False,0.0,
control,111,603,v111_s0603,0,0,False,0.0,
control,111,604,v111_s0604,0,0,False,0.0,
control,111,605,v111_s0605,0,0,False,0.0,
control,111,606,v111_s0606,0,0,False,0.0,
control,111,607,v111_s0607,0,0,False,0.0,
control,111,608,v111_s0608,0,0,False,0.0,
control,111,609,v111_s0609,0,0,False,0.0,
control,111,610,v111_s0610,0,0,False,0.0,
control,111,611,v111_s0611,0,0,False,0.0,
control,111,612,v111_s0612,0,0,False,0.0,
control,111,613,v111_s0613,0,0,False,0.0,
control,111,614,v111_s0614,0,0,False,0.0,
control,111,615,v111_s0615,0,0,False,0.0,
control,111,616,v111_s0616,0,0,False,0.0,
control,111,617,v111_s0617,0,0,False,0.0,
control,111,618,v111_s0618,0,0,False,0.0,
control,111,619,v111_s0619,0,0,False,0.0,
control,111,620,v111_s0620,0,0,False,0.0,
control,111,621,v111_s0621,0,0,False,0.0,
control,111,622,v111_s0622,0,0,False,0.0,
control,111,623,v111_s0623,0,0,False,0.0,
control,111,624,v111_s0624,0,0,False,0.0,
control,111,625,v111_s0625,0,0,False,0.0,
control,111,626,v111_s0626,0,0,False,0.0,
control,111,627,v111_s0627,0,0,False,0.0,
control,111,628,v111_s0628,0,0,False,0.0,
control,111,629,v111_s0629,0,0,False,0.0,
control,111,630,v111_s0630,0,0,False,0.0,
control,111,631,v111_s0631,0,0,False,0.0,
control,111,632,v111_s0632,0,0,False,0.0,
control,111,633,v111_s0633,0,0,False,0.0,
control,111,634,v111_s0634,0,0,False,0.0,
control,111,635,v111_s0635,0,0,False,0.0,
control,111,636,v111_s0636,0,0,False,0.0,
control,111,637,v111_s0637,0,0,False,0.0,
control,111,638,v111_s0638,0,0,False,0.0,
control,111,639,v111_s0639,0,0,False,0.0,
control,111,640,v111_s0640,0,0,False,0.0,
control,111,641,v111_s0641,0,0,False,0.0,
control,111,642,v111_s0642,0,0,False,0.0,
control,111,643,v111_s0643,0,0,False,0.0,
control,111,644,v111_s0644,0,0,False,0.0,
control,111,645,v111_s0645,0,0,False,0.0,
control,111,646,v111_s0646,0,0,False,0.0,
control,111,647,v111_s0647,0,0,False,0.0,
control,111,648,v111_s0648,0,0,False,0.0,
control,111,649,v111_s0649,0,0,False,0.0,
control,111,650,v111_s0650,0,0,False,0.0,
control,111,651,v111_s0651,0,0,False,0.0,
control,111,652,v111_s0652,0,0,False,0.0,
control,111,653,v111_s0653,0,0,False,0.0,
control,111,654,v111_s0654,0,0,False,0.0,
control,111,655,v111_s0655,0,0,False,0.0,
control,111,656,v111_s0656,0,0,False,0.0,
control,111,657,v111_s0657,0,0,False,0.0,
control,111,658,v111_s0658,0,0,False,0.0,
control,111,659,v111_s0659,0,0,False,0.0,
control,111,660,v111_s0660,0,0,False,0.0,
control,111,661,v111_s0661,0,0,False,0.0,
control,111,662,v111_s0662,0,0,False,0.0,
control,111,663,v111_s0663,0,0,False,0.0,
control,111,664,v111_s0664,0,0,False,0.0,
control,111,665,v111_s0665,0,0,False,0.0,
control,111,666,v111_s0666,0,0,False,0.0,
control,111,667,v111_s0667,0,0,False,0.0,
control,111,668,v111_s0668,0,0,False,0.0,
control,111,669,v111_s0669,0,0,False,0.0,
control,111,670,v111_s0670,0,0,False,0.0,
control,111,671,v111_s0671,0,0,False,0.0,
control,111,672,v111_s0672,0,0,False,0.0,
control,111,673,v111_s0673,0,0,False,0.0,
control,111,674,v111_s0674,0,0,False,0.0,
control,111,675,v111_s0675,0,0,False,0.0,
control,111,676,v111_s0676,0,0,False,0.0,
control,111,677,v111_s0677,0,0,False,0.0,
control,111,678,v111_s0678,0,0,False,0.0,
control,111,679,v111_s0679,0,0,False,0.0,
control,111,680,v111_s0680,0,0,False,0.0,
control,111,681,v111_s0681,0,0,False,0.0,
control,111,682,v111_s0682,0,0,False,0.0,
control,111,683,v111_s0683,0,0,False,0.0,
control,111,684,v111_s0684,0,0,False,0.0,
control,111,685,v111_s0685,0,0,False,0.0,
control,111,686,v111_s0686,0,0,False,0.0,
control,111,687,v111_s0687,0,0,False,0.0,
control,111,688,v111_s0688,0,0,False,0.0,
control,111,689,v111_s0689,0,0,False,0.0,
control,111,690,v111_s0690,0,0,False,0.0,
control,111,691,v111_s0691,0,0,False,0.0,
control,111,692,v111_s0692,0,0,False,0.0,
control,111,693,v111_s0693,0,0,False,0.0,
control,111,694,v111_s0694,0,0,False,0.0,
control,111,695,v111_s0695,0,0,False,0.0,
control,111,696,v111_s0696,0,0,False,0.0,
control,111,697,v111_s0697,0,0,False,0.0,
control,111,698,v111_s0698,0,0,False,0.0,
control,111,699,v111_s0699,0,0,False,0.0,
control,111,700,v111_s0700,0,0,False,0.0,
control,111,701,v111_s0701,0,0,False,0.0,
control,111,702,v111_s0702,0,0,False,0.0,
control,111,703,v111_s0703,0,0,False,0.0,
control,111,704,v111_s0704,0,0,False,0.0,
control,111,705,v111_s0705,0,0,False,0.0,
control,111,706,v111_s0706,0,0,False,0.0,
control,111,707,v111_s0707,0,0,False,0.0,
control,111,708,v111_s0708,0,0,False,0.0,
control,111,709,v111_s0709,0,0,False,0.0,
control,111,710,v111_s0710,0,0,False,0.0,
control,111,711,v111_s0711,0,0,False,0.0,
control,111,712,v111_s0712,0,0,False,0.0,
control,111,713,v111_s0713,0,0,False,0.0,
control,111,714,v111_s0714,0,0,False,0.0,
control,111,715,v111_s0715,0,0,False,0.0,
control,111,716,v111_s0716,0,0,False,0.0,
control,111,717,v111_s0717,0,0,False,0.0,
control,111,718,v111_s0718,0,0,False,0.0,
control,111,719,v111_s0719,0,0,False,0.0,
control,111,720,v111_s0720,0,0,False,0.0,
control,111,721,v111_s0721,0,0,False,0.0,
control,111,722,v111_s0722,0,0,False,0.0,
control,111,723,v111_s0723,0,0,False,0.0,
control,111,724,v111_s0724,0,0,False,0.0,
control,111,725,v111_s0725,0,0,False,0.0,
control,111,726,v111_s0726,0,0,False,0.0,
control,111,727,v111_s0727,0,0,False,0.0,
control,111,728,v111_s0728,0,0,False,0.0,
control,111,729,v111_s0729,0,0,False,0.0,
control,111,730,v111_s0730,0,0,False,0.0,
control,111,731,v111_s0731,0,0,False,0.0,
control,111,732,v111_s0732,0,0,False,0.0,
control,111,733,v111_s0733,0,0,False,0.0,
control,111,734,v111_s0734,0,0,False,0.0,
control,111,735,v111_s0735,0,0,False,0.0,
control,111,736,v111_s0736,0,0,False,0.0,
control,111,737,v111_s0737,0,0,False,0.0,
control,111,738,v111_s0738,0,0,False,0.0,
control,111,739,v111_s0739,0,0,False,0.0,
control,111,740,v111_s0740,0,0,False,0.0,
control,111,741,v111_s0741,0,0,False,0.0,
control,111,742,v111_s0742,0,0,False,0.0,
control,111,743,v111_s0743,0,0,False,0.0,
control,111,744,v111_s0744,0,0,False,0.0,
control,111,745,v111_s0745,0,0,False,0.0,
control,111,746,v111_s0746,0,0,False,0.0,
control,111,747,v111_s0747,0,0,False,0.0,
control,111,748,v111_s0748,0,0,False,0.0,
control,111,749,v111_s0749,0,0,False,0.0,
control,111,750,v111_s0750,0,0,False,0.0,
control,111,751,v111_s0751,0,0,False,0.0,
control,111,752,v111_s0752,0,0,False,0.0,
control,111,753,v111_s0753,0,0,False,0.0,
control,111,754,v111_s0754,0,0,False,0.0,
control,111,755,v111_s0755,0,0,False,0.0,
control,111,756,v111_s0756,0,0,False,0.0,
control,111,757,v111_s0757,0,0,False,0.0,
control,111,758,v111_s0758,0,0,False,0.0,
control,111,759,v111_s0759,0,0,False,0.0,
control,111,760,v111_s0760,0,0,False,0.0,
control,112,0,v112_s0000,0,0,False,0.0,
control,112,1,v112_s0001,0,0,False,0.0,
control,112,2,v112_s0002,0,0,False,0.0,
control,112,3,v112_s0003,0,0,False,0.0,
control,112,4,v112_s0004,0,0,False,0.0,
control,112,5,v112_s0005,0,0,False,0.0,
control,112,6,v112_s0006,0,0,False,0.0,
control,112,7,v112_s0007,0,0,False,0.0,
control,112,8,v112_s0008,0,0,False,0.0,
control,112,9,v112_s0009,0,0,False,0.0,
control,112,10,v112_s0010,0,0,False,0.0,
control,112,11,v112_s0011,0,0,False,0.0,
control,112,12,v112_s0012,0,0,False,0.0,
control,112,13,v112_s0013,0,0,False,0.0,
control,112,14,v112_s0014,0,0,False,0.0,
control,112,15,v112_s0015,0,0,False,0.0,
control,112,16,v112_s0016,0,0,False,0.0,
control,112,17,v112_s0017,0,0,False,0.0,
control,112,18,v112_s0018,0,0,False,0.0,
control,112,19,v112_s0019,0,0,False,0.0,
control,112,20,v112_s0020,0,0,False,0.0,
control,112,21,v112_s0021,0,0,False,0.0,
control,112,22,v112_s0022,0,0,False,0.0,
control,112,23,v112_s0023,0,0,False,0.0,
control,112,24,v112_s0024,0,0,False,0.0,
control,112,25,v112_s0025,0,0,False,0.0,
control,112,26,v112_s0026,0,0,False,0.0,
control,112,27,v112_s0027,0,0,False,0.0,
control,112,28,v112_s0028,0,0,False,0.0,
control,112,29,v112_s0029,0,0,False,0.0,
control,112,30,v112_s0030,0,0,False,0.0,
control,112,31,v112_s0031,0,0,False,0.0,
control,112,32,v112_s0032,0,0,False,0.0,
control,112,33,v112_s0033,0,0,False,0.0,
control,112,34,v112_s0034,0,0,False,0.0,
control,112,35,v112_s0035,0,0,False,0.0,
control,112,36,v112_s0036,0,0,False,0.0,
control,112,37,v112_s0037,0,0,False,0.0,
control,112,38,v112_s0038,0,0,False,0.0,
control,112,39,v112_s0039,0,0,False,0.0,
control,112,40,v112_s0040,0,0,False,0.0,
control,112,41,v112_s0041,0,0,False,0.0,
control,112,42,v112_s0042,0,0,False,0.0,
control,112,43,v112_s0043,0,0,False,0.0,
control,112,44,v112_s0044,0,0,False,0.0,
control,112,45,v112_s0045,0,0,False,0.0,
control,112,46,v112_s0046,0,0,False,0.0,
control,112,47,v112_s0047,0,0,False,0.0,
control,112,48,v112_s0048,0,0,False,0.0,
control,112,49,v112_s0049,0,0,False,0.0,
control,112,50,v112_s0050,0,0,False,0.0,
control,112,51,v112_s0051,0,0,False,0.0,
control,112,52,v112_s0052,0,0,False,0.0,
control,112,53,v112_s0053,0,0,False,0.0,
control,112,54,v112_s0054,0,0,False,0.0,
control,112,55,v112_s0055,0,0,False,0.0,
control,112,56,v112_s0056,0,0,False,0.0,
control,112,57,v112_s0057,0,0,False,0.0,
control,112,58,v112_s0058,0,0,False,0.0,
control,112,59,v112_s0059,0,0,False,0.0,
control,112,60,v112_s0060,0,0,False,0.0,
control,112,61,v112_s0061,0,0,False,0.0,
control,112,62,v112_s0062,0,0,False,0.0,
control,112,63,v112_s0063,0,0,False,0.0,
control,112,64,v112_s0064,0,0,False,0.0,
control,112,65,v112_s0065,0,0,False,0.0,
control,112,66,v112_s0066,0,0,False,0.0,
control,112,67,v112_s0067,0,0,False,0.0,
control,112,68,v112_s0068,0,0,False,0.0,
control,112,69,v112_s0069,0,0,False,0.0,
control,112,70,v112_s0070,0,0,False,0.0,
control,112,71,v112_s0071,0,0,False,0.0,
control,112,72,v112_s0072,0,0,False,0.0,
control,112,73,v112_s0073,0,0,False,0.0,
control,112,74,v112_s0074,0,0,False,0.0,
control,112,75,v112_s0075,0,0,False,0.0,
control,112,76,v112_s0076,0,0,False,0.0,
control,112,77,v112_s0077,0,0,False,0.0,
control,112,78,v112_s0078,0,0,False,0.0,
control,112,79,v112_s0079,0,0,False,0.0,
control,112,80,v112_s0080,0,0,False,0.0,
control,112,81,v112_s0081,0,0,False,0.0,
control,112,82,v112_s0082,0,0,False,0.0,
control,112,83,v112_s0083,0,0,False,0.0,
control,112,84,v112_s0084,0,0,False,0.0,
control,112,85,v112_s0085,0,0,False,0.0,
control,112,86,v112_s0086,0,0,False,0.0,
control,112,87,v112_s0087,0,0,False,0.0,
control,112,88,v112_s0088,0,0,False,0.0,
control,112,89,v112_s0089,0,0,False,0.0,
control,112,90,v112_s0090,0,0,False,0.0,
control,112,91,v112_s0091,0,0,False,0.0,
control,112,92,v112_s0092,0,0,False,0.0,
control,112,93,v112_s0093,0,0,False,0.0,
control,112,94,v112_s0094,0,0,False,0.0,
control,112,95,v112_s0095,0,0,False,0.0,
control,112,96,v112_s0096,0,0,False,0.0,
control,112,97,v112_s0097,0,0,False,0.0,
control,112,98,v112_s0098,0,0,False,0.0,
control,112,99,v112_s0099,0,0,False,0.0,
control,112,100,v112_s0100,0,0,False,0.0,
control,112,101,v112_s0101,0,0,False,0.0,
control,112,102,v112_s0102,0,0,False,0.0,
control,112,103,v112_s0103,0,0,False,0.0,
control,112,104,v112_s0104,0,0,False,0.0,
control,112,105,v112_s0105,0,0,False,0.0,
control,112,106,v112_s0106,0,0,False,0.0,
control,112,107,v112_s0107,0,0,False,0.0,
control,112,108,v112_s0108,0,0,False,0.0,
control,112,109,v112_s0109,0,0,False,0.0,
control,112,110,v112_s0110,0,0,False,0.0,
control,112,111,v112_s0111,0,0,False,0.0,
control,112,112,v112_s0112,0,0,False,0.0,
control,112,113,v112_s0113,0,0,False,0.0,
control,112,114,v112_s0114,0,0,False,0.0,
control,112,115,v112_s0115,0,0,False,0.0,
control,112,116,v112_s0116,0,0,False,0.0,
control,112,117,v112_s0117,0,0,False,0.0,
control,112,118,v112_s0118,0,0,False,0.0,
control,112,119,v112_s0119,0,0,False,0.0,
control,112,120,v112_s0120,0,0,False,0.0,
control,112,121,v112_s0121,0,0,False,0.0,
control,112,122,v112_s0122,0,0,False,0.0,
control,112,123,v112_s0123,0,0,False,0.0,
control,112,124,v112_s0124,0,0,False,0.0,
control,112,125,v112_s0125,0,0,False,0.0,
control,112,126,v112_s0126,0,0,False,0.0,
control,112,127,v112_s0127,0,0,False,0.0,
control,112,128,v112_s0128,0,0,False,0.0,
control,112,129,v112_s0129,0,0,False,0.0,
control,112,130,v112_s0130,0,0,False,0.0,
control,112,131,v112_s0131,0,0,False,0.0,
control,112,132,v112_s0132,0,0,False,0.0,
control,112,133,v112_s0133,0,0,False,0.0,
control,112,134,v112_s0134,0,0,False,0.0,
control,112,135,v112_s0135,0,0,False,0.0,
control,112,136,v112_s0136,0,0,False,0.0,
control,112,137,v112_s0137,0,0,False,0.0,
control,112,138,v112_s0138,0,0,False,0.0,
control,112,139,v112_s0139,0,0,False,0.0,
control,112,140,v112_s0140,0,0,False,0.0,
control,112,141,v112_s0141,0,0,False,0.0,
control,112,142,v112_s0142,0,0,False,0.0,
control,112,143,v112_s0143,0,0,False,0.0,
control,112,144,v112_s0144,0,0,False,0.0,
control,112,145,v112_s0145,0,0,False,0.0,
control,112,146,v112_s0146,0,0,False,0.0,
control,112,147,v112_s0147,0,0,False,0.0,
control,112,148,v112_s0148,0,0,False,0.0,
control,112,149,v112_s0149,0,0,False,0.0,
control,112,150,v112_s0150,0,0,False,0.0,
control,112,151,v112_s0151,0,0,False,0.0,
control,112,152,v112_s0152,0,0,False,0.0,
control,112,153,v112_s0153,0,0,False,0.0,
control,112,154,v112_s0154,0,0,False,0.0,
control,112,155,v112_s0155,0,0,False,0.0,
control,112,156,v112_s0156,0,0,False,0.0,
control,112,157,v112_s0157,0,0,False,0.0,
control,112,158,v112_s0158,0,0,False,0.0,
control,112,159,v112_s0159,0,0,False,0.0,
control,112,160,v112_s0160,0,0,False,0.0,
control,112,161,v112_s0161,0,0,False,0.0,
control,112,162,v112_s0162,0,0,False,0.0,
control,112,163,v112_s0163,0,0,False,0.0,
control,112,164,v112_s0164,0,0,False,0.0,
control,112,165,v112_s0165,0,0,False,0.0,
control,112,166,v112_s0166,0,0,False,0.0,
control,112,167,v112_s0167,0,0,False,0.0,
control,112,168,v112_s0168,0,0,False,0.0,
control,112,169,v112_s0169,0,0,False,0.0,
control,112,170,v112_s0170,0,0,False,0.0,
control,112,171,v112_s0171,0,0,False,0.0,
control,112,172,v112_s0172,0,0,False,0.0,
control,112,173,v112_s0173,0,0,False,0.0,
control,112,174,v112_s0174,0,0,False,0.0,
control,112,175,v112_s0175,0,0,False,0.0,
control,112,176,v112_s0176,0,0,False,0.0,
control,112,177,v112_s0177,0,0,False,0.0,
control,112,178,v112_s0178,0,0,False,0.0,
control,112,179,v112_s0179,0,0,False,0.0,
control,112,180,v112_s0180,0,0,False,0.0,
control,112,181,v112_s0181,0,0,False,0.0,
control,112,182,v112_s0182,0,0,False,0.0,
control,112,183,v112_s0183,0,0,False,0.0,
control,112,184,v112_s0184,0,0,False,0.0,
control,112,185,v112_s0185,0,0,False,0.0,
control,112,186,v112_s0186,0,0,False,0.0,
control,112,187,v112_s0187,0,0,False,0.0,
control,112,188,v112_s0188,0,0,False,0.0,
control,112,189,v112_s0189,0,0,False,0.0,
control,112,190,v112_s0190,0,0,False,0.0,
control,112,191,v112_s0191,0,0,False,0.0,
control,112,192,v112_s0192,0,0,False,0.0,
control,112,193,v112_s0193,0,0,False,0.0,
control,112,194,v112_s0194,0,0,False,0.0,
control,112,195,v112_s0195,0,0,False,0.0,
control,112,196,v112_s0196,0,0,False,0.0,
control,112,197,v112_s0197,0,0,False,0.0,
control,112,198,v112_s0198,0,0,False,0.0,
control,112,199,v112_s0199,0,0,False,0.0,
control,112,200,v112_s0200,0,0,False,0.0,
control,112,201,v112_s0201,0,0,False,0.0,
control,112,202,v112_s0202,0,0,False,0.0,
control,112,203,v112_s0203,0,0,False,0.0,
control,112,204,v112_s0204,0,0,False,0.0,
control,112,205,v112_s0205,0,0,False,0.0,
control,112,206,v112_s0206,0,0,False,0.0,
control,112,207,v112_s0207,0,0,False,0.0,
control,112,208,v112_s0208,0,0,False,0.0,
control,112,209,v112_s0209,0,0,False,0.0,
control,112,210,v112_s0210,0,0,False,0.0,
control,112,211,v112_s0211,0,0,False,0.0,
control,112,212,v112_s0212,0,0,False,0.0,
control,112,213,v112_s0213,0,0,False,0.0,
control,112,214,v112_s0214,0,0,False,0.0,
control,112,215,v112_s0215,0,0,False,0.0,
control,112,216,v112_s0216,0,0,False,0.0,
control,112,217,v112_s0217,0,0,False,0.0,
control,112,218,v112_s0218,0,0,False,0.0,
control,112,219,v112_s0219,0,0,False,0.0,
control,112,220,v112_s0220,0,0,False,0.0,
control,112,221,v112_s0221,0,0,False,0.0,
control,112,222,v112_s0222,0,0,False,0.0,
control,112,223,v112_s0223,0,0,False,0.0,
control,112,224,v112_s0224,0,0,False,0.0,
control,112,225,v112_s0225,0,0,False,0.0,
control,112,226,v112_s0226,0,0,False,0.0,
control,112,227,v112_s0227,0,0,False,0.0,
control,112,228,v112_s0228,0,0,False,0.0,
control,112,229,v112_s0229,0,0,False,0.0,
control,112,230,v112_s0230,0,0,False,0.0,
control,112,231,v112_s0231,0,0,False,0.0,
control,112,232,v112_s0232,0,0,False,0.0,
control,112,233,v112_s0233,0,0,False,0.0,
control,112,234,v112_s0234,0,0,False,0.0,
control,112,235,v112_s0235,0,0,False,0.0,
control,112,236,v112_s0236,0,0,False,0.0,
control,112,237,v112_s0237,0,0,False,0.0,
control,112,238,v112_s0238,0,0,False,0.0,
control,112,239,v112_s0239,0,0,False,0.0,
control,112,240,v112_s0240,0,0,False,0.0,
control,112,241,v112_s0241,0,0,False,0.0,
control,112,242,v112_s0242,0,0,False,0.0,
control,112,243,v112_s0243,0,0,False,0.0,
control,112,244,v112_s0244,0,0,False,0.0,
control,112,245,v112_s0245,0,0,False,0.0,
control,112,246,v112_s0246,0,0,False,0.0,
control,112,247,v112_s0247,0,0,False,0.0,
control,112,248,v112_s0248,0,0,False,0.0,
control,112,249,v112_s0249,0,0,False,0.0,
control,112,250,v112_s0250,0,0,False,0.0,
control,112,251,v112_s0251,0,0,False,0.0,
control,112,252,v112_s0252,0,0,False,0.0,
control,112,253,v112_s0253,0,0,False,0.0,
control,112,254,v112_s0254,0,0,False,0.0,
control,112,255,v112_s0255,0,0,False,0.0,
control,112,256,v112_s0256,0,0,False,0.0,
control,112,257,v112_s0257,0,0,False,0.0,
control,112,258,v112_s0258,0,0,False,0.0,
control,112,259,v112_s0259,0,0,False,0.0,
control,112,260,v112_s0260,0,0,False,0.0,
control,112,261,v112_s0261,0,0,False,0.0,
control,112,262,v112_s0262,0,0,False,0.0,
control,112,263,v112_s0263,0,0,False,0.0,
control,112,264,v112_s0264,0,0,False,0.0,
control,112,265,v112_s0265,0,0,False,0.0,
control,112,266,v112_s0266,0,0,False,0.0,
control,112,267,v112_s0267,0,0,False,0.0,
control,112,268,v112_s0268,0,0,False,0.0,
control,112,269,v112_s0269,0,0,False,0.0,
control,112,270,v112_s0270,0,0,False,0.0,
control,112,271,v112_s0271,0,0,False,0.0,
control,112,272,v112_s0272,0,0,False,0.0,
control,112,273,v112_s0273,0,0,False,0.0,
control,112,274,v112_s0274,0,0,False,0.0,
control,112,275,v112_s0275,0,0,False,0.0,
control,112,276,v112_s0276,0,0,False,0.0,
control,112,277,v112_s0277,0,0,False,0.0,
control,112,278,v112_s0278,0,0,False,0.0,
control,112,279,v112_s0279,0,0,False,0.0,
control,112,280,v112_s0280,0,0,False,0.0,
control,112,281,v112_s0281,0,0,False,0.0,
control,112,282,v112_s0282,0,0,False,0.0,
control,112,283,v112_s0283,0,0,False,0.0,
control,112,284,v112_s0284,0,0,False,0.0,
control,112,285,v112_s0285,0,0,False,0.0,
control,112,286,v112_s0286,0,0,False,0.0,
control,112,287,v112_s0287,0,0,False,0.0,
control,112,288,v112_s0288,0,0,False,0.0,
control,112,289,v112_s0289,0,0,False,0.0,
control,112,290,v112_s0290,0,0,False,0.0,
control,112,291,v112_s0291,0,0,False,0.0,
control,112,292,v112_s0292,0,0,False,0.0,
control,112,293,v112_s0293,0,0,False,0.0,
control,112,294,v112_s0294,0,0,False,0.0,
control,112,295,v112_s0295,0,0,False,0.0,
control,112,296,v112_s0296,0,0,False,0.0,
control,112,297,v112_s0297,0,0,False,0.0,
control,112,298,v112_s0298,0,0,False,0.0,
control,112,299,v112_s0299,0,0,False,0.0,
control,112,300,v112_s0300,0,0,False,0.0,
control,112,301,v112_s0301,0,0,False,0.0,
control,112,302,v112_s0302,0,0,False,0.0,
control,112,303,v112_s0303,0,0,False,0.0,
control,112,304,v112_s0304,0,0,False,0.0,
control,112,305,v112_s0305,0,0,False,0.0,
control,112,306,v112_s0306,0,0,False,0.0,
control,112,307,v112_s0307,0,0,False,0.0,
control,112,308,v112_s0308,0,0,False,0.0,
control,112,309,v112_s0309,0,0,False,0.0,
control,112,310,v112_s0310,0,0,False,0.0,
control,112,311,v112_s0311,0,0,False,0.0,
control,112,312,v112_s0312,0,0,False,0.0,
control,112,313,v112_s0313,0,0,False,0.0,
control,112,314,v112_s0314,0,0,False,0.0,
control,112,315,v112_s0315,0,0,False,0.0,
control,112,316,v112_s0316,0,13,False,1.0,
control,112,317,v112_s0317,0,19,False,1.0,
control,112,318,v112_s0318,0,0,False,1.424551010131836e-05,
control,112,319,v112_s0319,0,3,False,0.90576171875,
control,112,320,v112_s0320,0,11,False,1.0,
control,112,321,v112_s0321,0,0,False,0.0,
control,112,322,v112_s0322,0,0,False,0.0,
control,112,323,v112_s0323,0,0,False,0.0,
control,112,324,v112_s0324,0,0,False,0.00010532140731811523,
control,112,325,v112_s0325,0,1,False,0.57177734375,
control,112,326,v112_s0326,0,0,False,0.0,
control,112,327,v112_s0327,0,0,False,0.0,
control,112,328,v112_s0328,0,0,False,0.0,
control,112,329,v112_s0329,0,0,False,0.0,
control,112,330,v112_s0330,0,0,False,0.0,
control,112,331,v112_s0331,0,0,False,0.0,
control,112,332,v112_s0332,0,0,False,0.0,
control,112,333,v112_s0333,0,0,False,0.0,
control,112,334,v112_s0334,0,0,False,0.0,
control,112,335,v112_s0335,0,0,False,0.0,
control,112,336,v112_s0336,0,0,False,0.0,
control,112,337,v112_s0337,0,0,False,0.0,
control,112,338,v112_s0338,0,0,False,0.0,
control,112,339,v112_s0339,0,0,False,0.0,
control,112,340,v112_s0340,0,0,False,0.0,
control,112,341,v112_s0341,0,0,False,0.0,
control,112,342,v112_s0342,0,0,False,0.0,
control,112,343,v112_s0343,0,0,False,0.0,
control,112,344,v112_s0344,0,0,False,0.0,
control,112,345,v112_s0345,0,0,False,0.0,
control,112,346,v112_s0346,0,0,False,0.0,
control,112,347,v112_s0347,0,0,False,0.0,
control,112,348,v112_s0348,0,0,False,0.0,
control,112,349,v112_s0349,0,0,False,0.0,
control,112,350,v112_s0350,0,0,False,0.0,
control,112,351,v112_s0351,0,0,False,0.0,
control,112,352,v112_s0352,0,0,False,0.0,
control,112,353,v112_s0353,0,0,False,0.0,
control,112,354,v112_s0354,0,0,False,0.0,
control,112,355,v112_s0355,0,0,False,0.0,
control,112,356,v112_s0356,0,0,False,0.0,
control,112,357,v112_s0357,0,0,False,0.0,
control,112,358,v112_s0358,0,0,False,0.0,
control,112,359,v112_s0359,0,0,False,0.0,
control,112,360,v112_s0360,0,0,False,0.0,
control,112,361,v112_s0361,0,0,False,0.0,
control,112,362,v112_s0362,0,0,False,0.0,
control,112,363,v112_s0363,0,0,False,0.0,
control,112,364,v112_s0364,0,0,False,0.0,
control,112,365,v112_s0365,9,0,False,0.0,0.0
control,112,366,v112_s0366,15,17,True,1.0,1.0
control,112,367,v112_s0367,16,20,True,1.0,1.0
control,112,368,v112_s0368,19,23,True,1.0,1.0
control,112,369,v112_s0369,21,24,True,1.0,1.0
control,112,370,v112_s0370,13,20,True,1.0,1.0
control,112,371,v112_s0371,12,15,True,1.0,1.0
control,112,372,v112_s0372,1,0,False,0.0,0.0
control,112,373,v112_s0373,0,0,False,0.0006322860717773438,
control,112,374,v112_s0374,0,0,False,0.0830078125,
control,112,375,v112_s0375,0,0,False,0.0,
control,112,376,v112_s0376,0,0,False,0.0,
control,112,377,v112_s0377,0,0,False,0.0,
control,112,378,v112_s0378,0,0,False,0.0,
control,112,379,v112_s0379,0,0,False,0.0,
control,112,380,v112_s0380,0,0,False,0.0,
control,112,381,v112_s0381,0,0,False,0.0,
control,112,382,v112_s0382,0,0,False,0.0,
control,112,383,v112_s0383,0,0,False,0.0,
control,112,384,v112_s0384,0,0,False,0.0,
control,112,385,v112_s0385,0,0,False,0.0,
control,112,386,v112_s0386,0,0,False,0.0,
control,112,387,v112_s0387,0,0,False,0.0,
control,112,388,v112_s0388,0,0,False,0.0,
control,112,389,v112_s0389,0,0,False,0.0,
control,112,390,v112_s0390,0,0,False,0.0,
control,112,391,v112_s0391,0,0,False,0.268310546875,
control,112,392,v112_s0392,0,4,False,0.71484375,
control,112,393,v112_s0393,0,10,False,0.99951171875,
control,112,394,v112_s0394,0,0,False,0.0,
control,112,395,v112_s0395,0,0,False,0.0,
control,112,396,v112_s0396,0,0,False,0.0,
control,112,397,v112_s0397,0,0,False,0.0,
control,112,398,v112_s0398,0,0,False,0.0,
control,112,399,v112_s0399,0,0,False,0.0,
control,112,400,v112_s0400,7,0,False,0.0,0.0
control,112,401,v112_s0401,7,0,False,0.0,0.0
control,112,402,v112_s0402,5,0,False,0.0,0.0
control,112,403,v112_s0403,8,0,False,0.0,0.0
control,112,404,v112_s0404,0,0,False,0.0,
control,112,405,v112_s0405,0,0,False,0.0,
control,112,406,v112_s0406,0,0,False,0.0,
control,112,407,v112_s0407,0,0,False,0.0,
control,112,408,v112_s0408,0,0,False,0.0,
control,112,409,v112_s0409,0,0,False,0.0,
control,112,410,v112_s0410,0,0,False,0.0,
control,112,411,v112_s0411,0,0,False,0.00830078125,
control,112,412,v112_s0412,0,0,False,0.0,
control,112,413,v112_s0413,0,0,False,0.0,
control,112,414,v112_s0414,0,0,False,0.0,
control,112,415,v112_s0415,0,0,False,0.0,
control,112,416,v112_s0416,9,12,False,1.0,0.0
control,112,417,v112_s0417,14,20,False,1.0,0.0
control,112,418,v112_s0418,21,0,False,0.0,0.0
control,112,419,v112_s0419,17,30,True,1.0,1.0
control,112,420,v112_s0420,21,41,True,1.0,1.0
control,112,421,v112_s0421,14,46,True,1.0,1.0
control,112,422,v112_s0422,12,23,True,1.0,1.0
control,112,423,v112_s0423,0,0,False,0.0,
control,112,424,v112_s0424,0,0,False,0.0,
control,112,425,v112_s0425,0,0,False,0.0,
control,112,426,v112_s0426,0,0,False,0.0,
control,112,427,v112_s0427,0,0,False,0.0,
control,112,428,v112_s0428,0,0,False,0.0,
control,112,429,v112_s0429,0,0,False,0.0,
control,112,430,v112_s0430,0,0,False,0.0,
control,112,431,v112_s0431,0,0,False,0.0,
control,112,432,v112_s0432,0,0,False,0.0,
control,112,433,v112_s0433,0,0,False,0.0,
control,112,434,v112_s0434,0,0,False,0.0,
control,112,435,v112_s0435,0,0,False,0.0,
control,112,436,v112_s0436,0,0,False,0.0,
control,112,437,v112_s0437,0,0,False,0.0,
control,112,438,v112_s0438,0,0,False,0.0,
control,112,439,v112_s0439,0,0,False,0.0,
control,112,440,v112_s0440,0,0,False,0.0,
control,112,441,v112_s0441,0,12,False,1.0,
control,112,442,v112_s0442,0,0,False,1.1920928955078125e-06,
control,112,443,v112_s0443,0,0,False,0.1988525390625,
control,112,444,v112_s0444,0,17,False,1.0,
control,112,445,v112_s0445,0,0,False,4.5299530029296875e-05,
control,112,446,v112_s0446,0,0,False,0.0,
control,112,447,v112_s0447,0,43,False,1.0,
control,112,448,v112_s0448,0,59,False,1.0,
control,112,449,v112_s0449,0,46,False,1.0,
control,112,450,v112_s0450,3,0,False,0.0,0.0
control,112,451,v112_s0451,8,0,False,0.0,0.0
control,112,452,v112_s0452,9,0,False,0.0,0.0
control,112,453,v112_s0453,11,37,False,1.0,0.0
control,112,454,v112_s0454,14,83,False,1.0,0.0
control,112,455,v112_s0455,6,59,False,1.0,0.0
control,112,456,v112_s0456,3,70,False,1.0,0.0
control,112,457,v112_s0457,0,32,False,1.0,
control,112,458,v112_s0458,0,26,False,1.0,
control,112,459,v112_s0459,0,40,False,1.0,
control,112,460,v112_s0460,0,83,False,1.0,
control,112,461,v112_s0461,0,87,False,1.0,
control,112,462,v112_s0462,0,102,False,1.0,
control,112,463,v112_s0463,0,104,False,1.0,
control,112,464,v112_s0464,0,86,False,1.0,
control,112,465,v112_s0465,0,98,False,1.0,
control,112,466,v112_s0466,0,117,False,1.0,
control,112,467,v112_s0467,0,103,False,1.0,
control,112,468,v112_s0468,0,80,False,1.0,
control,112,469,v112_s0469,0,39,False,1.0,
control,112,470,v112_s0470,0,50,False,1.0,
control,112,471,v112_s0471,0,48,False,1.0,
control,112,472,v112_s0472,0,0,False,0.0,
control,112,473,v112_s0473,0,0,False,0.0,
control,112,474,v112_s0474,0,0,False,0.0,
control,112,475,v112_s0475,0,0,False,0.0,
control,112,476,v112_s0476,0,0,False,0.0,
control,112,477,v112_s0477,0,0,False,0.0,
control,112,478,v112_s0478,0,0,False,0.0,
control,112,479,v112_s0479,0,0,False,0.0,
control,112,480,v112_s0480,0,0,False,0.0,
control,112,481,v112_s0481,0,0,False,0.0,
control,112,482,v112_s0482,0,0,False,0.0,
control,112,483,v112_s0483,0,0,False,0.0,
control,112,484,v112_s0484,0,0,False,0.0,
control,112,485,v112_s0485,0,0,False,0.0,
control,112,486,v112_s0486,0,0,False,0.0,
control,112,487,v112_s0487,0,0,False,0.0,
control,112,488,v112_s0488,0,0,False,0.0,
control,112,489,v112_s0489,0,0,False,0.0,
control,112,490,v112_s0490,0,0,False,0.0,
control,112,491,v112_s0491,0,0,False,0.0,
control,112,492,v112_s0492,0,0,False,0.0,
control,112,493,v112_s0493,0,0,False,0.0,
control,112,494,v112_s0494,0,0,False,0.0,
control,112,495,v112_s0495,0,0,False,0.0,
control,112,496,v112_s0496,0,0,False,0.0,
control,112,497,v112_s0497,0,0,False,0.0,
control,112,498,v112_s0498,0,0,False,0.0,
control,112,499,v112_s0499,0,0,False,0.0,
control,112,500,v112_s0500,0,0,False,0.0,
control,112,501,v112_s0501,0,0,False,0.0,
control,112,502,v112_s0502,0,0,False,0.0,
control,112,503,v112_s0503,0,0,False,0.0,
control,112,504,v112_s0504,0,0,False,0.0,
control,112,505,v112_s0505,0,0,False,0.0,
control,112,506,v112_s0506,0,0,False,0.0,
control,112,507,v112_s0507,0,0,False,0.0,
control,112,508,v112_s0508,0,0,False,0.0,
control,112,509,v112_s0509,0,0,False,0.0,
control,112,510,v112_s0510,0,0,False,0.0,
control,112,511,v112_s0511,0,0,False,0.0,
control,112,512,v112_s0512,0,0,False,0.0,
control,112,513,v112_s0513,0,0,False,0.0,
control,112,514,v112_s0514,0,0,False,0.0,
control,112,515,v112_s0515,0,0,False,0.0,
control,112,516,v112_s0516,0,0,False,0.0,
control,112,517,v112_s0517,0,0,False,0.0,
control,112,518,v112_s0518,0,0,False,0.0,
control,112,519,v112_s0519,0,0,False,0.0,
control,112,520,v112_s0520,0,0,False,0.0,
control,112,521,v112_s0521,0,0,False,0.0,
control,112,522,v112_s0522,0,0,False,0.0,
control,112,523,v112_s0523,0,0,False,0.0,
control,112,524,v112_s0524,0,0,False,0.0,
control,112,525,v112_s0525,0,0,False,0.0,
control,112,526,v112_s0526,0,0,False,0.0,
control,112,527,v112_s0527,0,0,False,0.0,
control,112,528,v112_s0528,0,0,False,0.0,
control,112,529,v112_s0529,0,0,False,0.0,
control,112,530,v112_s0530,0,0,False,0.0,
control,112,531,v112_s0531,0,0,False,0.0,
control,112,532,v112_s0532,0,0,False,0.0,
control,112,533,v112_s0533,0,0,False,0.0,
control,112,534,v112_s0534,0,0,False,0.0,
control,112,535,v112_s0535,0,0,False,0.0,
control,112,536,v112_s0536,0,0,False,0.0,
control,112,537,v112_s0537,0,0,False,0.0,
control,112,538,v112_s0538,0,0,False,0.0,
control,112,539,v112_s0539,0,0,False,0.0,
control,112,540,v112_s0540,0,0,False,0.0,
control,112,541,v112_s0541,0,0,False,0.0,
control,112,542,v112_s0542,0,0,False,0.0,
control,112,543,v112_s0543,0,0,False,0.0,
control,112,544,v112_s0544,0,0,False,0.0,
control,112,545,v112_s0545,0,0,False,0.0,
control,112,546,v112_s0546,0,0,False,0.0,
control,112,547,v112_s0547,0,0,False,0.0,
control,112,548,v112_s0548,0,0,False,0.0,
control,112,549,v112_s0549,0,0,False,0.0,
control,112,550,v112_s0550,0,0,False,0.0,
control,112,551,v112_s0551,0,0,False,0.0,
control,112,552,v112_s0552,0,0,False,0.0,
control,112,553,v112_s0553,0,0,False,0.0,
control,112,554,v112_s0554,0,0,False,0.0,
control,112,555,v112_s0555,0,0,False,0.0,
control,112,556,v112_s0556,0,0,False,0.0,
control,112,557,v112_s0557,0,0,False,0.0,
control,112,558,v112_s0558,0,0,False,0.0,
control,112,559,v112_s0559,0,0,False,0.0,
control,112,560,v112_s0560,0,0,False,0.0,
control,112,561,v112_s0561,0,0,False,0.0,
control,112,562,v112_s0562,0,0,False,0.0,
control,112,563,v112_s0563,0,0,False,0.0,
control,112,564,v112_s0564,0,0,False,0.0,
control,112,565,v112_s0565,0,0,False,0.0,
control,112,566,v112_s0566,0,0,False,0.0,
control,112,567,v112_s0567,0,0,False,0.0,
control,112,568,v112_s0568,0,0,False,0.0,
control,112,569,v112_s0569,0,0,False,0.0,
control,112,570,v112_s0570,0,0,False,0.0,
control,112,571,v112_s0571,0,0,False,0.0,
control,112,572,v112_s0572,0,0,False,0.0,
control,112,573,v112_s0573,0,0,False,0.0,
control,112,574,v112_s0574,0,0,False,0.0,
control,112,575,v112_s0575,0,0,False,0.0,
control,112,576,v112_s0576,0,0,False,0.0,
control,112,577,v112_s0577,0,0,False,0.0,
control,112,578,v112_s0578,0,0,False,0.0,
control,112,579,v112_s0579,0,0,False,0.0,
control,112,580,v112_s0580,0,0,False,0.0,
control,112,581,v112_s0581,0,0,False,0.0,
control,112,582,v112_s0582,0,0,False,0.0,
control,112,583,v112_s0583,0,0,False,0.0,
control,112,584,v112_s0584,0,0,False,0.0,
control,112,585,v112_s0585,0,0,False,0.0,
control,112,586,v112_s0586,0,0,False,0.0,
control,112,587,v112_s0587,0,0,False,0.0,
control,112,588,v112_s0588,0,0,False,0.0,
control,112,589,v112_s0589,0,0,False,0.0,
control,112,590,v112_s0590,0,0,False,0.0,
control,112,591,v112_s0591,0,0,False,0.0,
control,112,592,v112_s0592,0,0,False,0.0,
control,112,593,v112_s0593,0,0,False,0.0,
control,112,594,v112_s0594,0,0,False,0.0,
control,112,595,v112_s0595,0,0,False,0.0,
control,112,596,v112_s0596,0,0,False,0.0,
control,112,597,v112_s0597,0,0,False,0.0,
control,112,598,v112_s0598,0,0,False,0.0,
control,112,599,v112_s0599,0,0,False,0.0,
control,112,600,v112_s0600,0,0,False,0.0,
control,112,601,v112_s0601,0,0,False,0.0,
control,112,602,v112_s0602,0,0,False,0.0,
control,112,603,v112_s0603,0,0,False,0.0,
control,112,604,v112_s0604,0,0,False,0.0,
control,112,605,v112_s0605,0,0,False,0.0,
control,112,606,v112_s0606,0,0,False,0.0,
control,112,607,v112_s0607,0,0,False,0.0,
control,112,608,v112_s0608,0,0,False,0.0,
control,112,609,v112_s0609,0,0,False,0.0,
control,112,610,v112_s0610,0,0,False,0.0,
control,112,611,v112_s0611,0,0,False,0.0,
control,112,612,v112_s0612,0,0,False,0.0,
control,112,613,v112_s0613,0,0,False,0.0,
control,112,614,v112_s0614,0,0,False,0.0,
control,112,615,v112_s0615,0,0,False,0.0,
control,112,616,v112_s0616,0,0,False,0.0,
control,112,617,v112_s0617,0,0,False,0.0,
control,112,618,v112_s0618,0,0,False,0.0,
control,112,619,v112_s0619,0,0,False,0.0,
control,112,620,v112_s0620,0,0,False,0.0,
control,112,621,v112_s0621,0,0,False,0.0,
control,112,622,v112_s0622,0,0,False,0.0,
control,112,623,v112_s0623,0,0,False,0.0,
control,112,624,v112_s0624,0,0,False,0.0,
control,112,625,v112_s0625,0,0,False,0.0,
control,112,626,v112_s0626,0,0,False,0.0,
control,112,627,v112_s0627,0,0,False,0.0,
control,112,628,v112_s0628,0,0,False,0.0,
control,112,629,v112_s0629,0,0,False,0.0,
control,112,630,v112_s0630,0,0,False,0.0,
control,112,631,v112_s0631,0,0,False,0.0,
control,112,632,v112_s0632,0,0,False,0.0,
control,112,633,v112_s0633,0,0,False,0.0,
control,112,634,v112_s0634,0,0,False,0.0,
control,112,635,v112_s0635,0,0,False,0.0,
control,112,636,v112_s0636,0,0,False,0.0,
control,112,637,v112_s0637,0,0,False,0.0,
control,112,638,v112_s0638,0,0,False,0.0,
control,112,639,v112_s0639,0,0,False,0.0,
control,112,640,v112_s0640,0,0,False,0.0,
control,112,641,v112_s0641,0,0,False,0.0,
control,112,642,v112_s0642,0,0,False,0.0,
control,112,643,v112_s0643,0,0,False,0.0,
control,112,644,v112_s0644,0,0,False,0.0,
control,112,645,v112_s0645,0,0,False,0.0,
control,112,646,v112_s0646,0,0,False,0.0,
control,112,647,v112_s0647,0,0,False,0.0,
control,112,648,v112_s0648,0,0,False,0.0,
control,112,649,v112_s0649,0,0,False,0.0,
control,112,650,v112_s0650,0,0,False,0.0,
control,112,651,v112_s0651,0,0,False,0.0,
control,112,652,v112_s0652,0,0,False,0.0,
control,112,653,v112_s0653,0,0,False,0.0,
control,112,654,v112_s0654,0,0,False,0.0,
control,112,655,v112_s0655,0,0,False,0.0,
control,112,656,v112_s0656,0,0,False,0.0,
control,112,657,v112_s0657,0,0,False,0.0,
control,112,658,v112_s0658,0,0,False,0.0,
control,112,659,v112_s0659,0,0,False,0.0,
control,112,660,v112_s0660,0,0,False,0.0,
control,112,661,v112_s0661,0,0,False,0.0,
control,112,662,v112_s0662,0,0,False,0.0,
control,112,663,v112_s0663,0,0,False,0.0,
control,112,664,v112_s0664,0,0,False,0.0,
control,112,665,v112_s0665,0,0,False,0.0,
control,112,666,v112_s0666,0,0,False,0.0,
control,112,667,v112_s0667,0,0,False,0.0,
control,112,668,v112_s0668,0,0,False,0.0,
control,112,669,v112_s0669,0,0,False,0.0,
control,112,670,v112_s0670,0,0,False,0.0,
control,112,671,v112_s0671,0,0,False,0.0,
control,112,672,v112_s0672,0,0,False,0.0,
control,112,673,v112_s0673,0,0,False,0.0,
control,112,674,v112_s0674,0,0,False,0.0,
control,112,675,v112_s0675,0,0,False,0.0,
control,112,676,v112_s0676,0,0,False,0.0,
control,112,677,v112_s0677,0,0,False,0.0,
control,112,678,v112_s0678,0,0,False,0.0,
control,112,679,v112_s0679,0,0,False,0.0,
control,112,680,v112_s0680,0,0,False,0.0,
control,112,681,v112_s0681,0,0,False,0.0,
control,112,682,v112_s0682,0,0,False,0.0,
control,112,683,v112_s0683,0,0,False,0.0,
control,112,684,v112_s0684,0,0,False,0.0,
control,112,685,v112_s0685,0,0,False,0.0,
control,112,686,v112_s0686,0,0,False,0.0,
control,112,687,v112_s0687,0,0,False,0.0,
control,112,688,v112_s0688,0,0,False,0.0,
control,112,689,v112_s0689,0,0,False,0.0,
control,112,690,v112_s0690,0,0,False,0.0,
control,112,691,v112_s0691,0,0,False,0.0,
control,112,692,v112_s0692,0,0,False,0.0,
control,112,693,v112_s0693,0,0,False,0.0,
control,112,694,v112_s0694,0,0,False,0.0,
control,112,695,v112_s0695,0,0,False,0.0,
control,112,696,v112_s0696,0,0,False,0.0,
control,112,697,v112_s0697,0,0,False,0.0,
control,112,698,v112_s0698,0,0,False,0.0,
control,112,699,v112_s0699,0,0,False,0.0,
control,112,700,v112_s0700,0,0,False,0.0,
control,112,701,v112_s0701,0,0,False,0.0,
control,112,702,v112_s0702,0,0,False,0.0,
control,112,703,v112_s0703,0,0,False,0.0,
control,112,704,v112_s0704,0,0,False,0.0,
control,112,705,v112_s0705,0,0,False,0.0,
control,112,706,v112_s0706,0,0,False,0.0,
control,112,707,v112_s0707,0,0,False,0.0,
control,112,708,v112_s0708,0,0,False,0.0,
control,112,709,v112_s0709,0,0,False,0.0,
control,112,710,v112_s0710,0,0,False,0.0,
control,112,711,v112_s0711,0,0,False,0.0,
control,112,712,v112_s0712,0,0,False,0.0,
control,112,713,v112_s0713,0,0,False,0.0,
control,112,714,v112_s0714,0,0,False,0.0,
control,112,715,v112_s0715,0,0,False,0.0,
control,112,716,v112_s0716,0,0,False,0.0,
control,112,717,v112_s0717,0,0,False,0.0,
control,112,718,v112_s0718,0,0,False,0.0,
control,112,719,v112_s0719,0,0,False,0.0,
control,112,720,v112_s0720,0,0,False,0.0,
control,112,721,v112_s0721,0,0,False,0.0,
control,112,722,v112_s0722,0,0,False,0.0,
control,112,723,v112_s0723,0,0,False,0.0,
control,112,724,v112_s0724,0,0,False,0.0,
control,112,725,v112_s0725,0,0,False,0.0,
control,112,726,v112_s0726,0,0,False,0.0,
control,112,727,v112_s0727,0,0,False,0.0,
control,112,728,v112_s0728,0,0,False,0.0,
control,112,729,v112_s0729,0,0,False,0.0,
control,112,730,v112_s0730,0,0,False,0.0,
control,112,731,v112_s0731,0,0,False,0.0,
control,112,732,v112_s0732,0,0,False,0.0,
control,112,733,v112_s0733,0,0,False,0.0,
control,112,734,v112_s0734,0,0,False,0.0,
control,112,735,v112_s0735,0,0,False,0.0,
control,112,736,v112_s0736,0,0,False,0.0,
control,112,737,v112_s0737,0,0,False,0.0,
control,112,738,v112_s0738,0,0,False,0.0,
control,112,739,v112_s0739,0,0,False,0.0,
control,112,740,v112_s0740,0,0,False,0.0,
control,112,741,v112_s0741,0,0,False,0.0,
control,112,742,v112_s0742,0,0,False,0.0,
control,112,743,v112_s0743,0,0,False,0.0,
control,112,744,v112_s0744,0,0,False,0.0,
control,112,745,v112_s0745,0,0,False,0.0,
control,112,746,v112_s0746,0,0,False,0.0,
control,112,747,v112_s0747,0,0,False,0.0,
control,112,748,v112_s0748,0,0,False,0.0,
control,112,749,v112_s0749,0,0,False,0.0,
control,112,750,v112_s0750,0,0,False,0.0,
control,113,0,v113_s0000,0,0,False,0.0,
control,113,1,v113_s0001,0,0,False,0.0,
control,113,2,v113_s0002,0,0,False,0.0,
control,113,3,v113_s0003,0,0,False,0.0,
control,113,4,v113_s0004,0,0,False,0.0,
control,113,5,v113_s0005,0,0,False,0.0,
control,113,6,v113_s0006,0,0,False,0.0,
control,113,7,v113_s0007,0,0,False,0.0,
control,113,8,v113_s0008,0,24,False,1.0,
control,113,9,v113_s0009,0,0,False,0.0,
control,113,10,v113_s0010,0,50,False,1.0,
control,113,11,v113_s0011,0,87,False,1.0,
control,113,12,v113_s0012,0,64,False,1.0,
control,113,13,v113_s0013,0,0,False,0.0,
control,113,14,v113_s0014,0,0,False,0.0,
control,113,15,v113_s0015,0,0,False,0.0,
control,113,16,v113_s0016,0,0,False,0.0,
control,113,17,v113_s0017,0,0,False,0.0,
control,113,18,v113_s0018,0,0,False,0.0,
control,113,19,v113_s0019,0,0,False,0.0,
control,113,20,v113_s0020,0,0,False,0.0,
control,113,21,v113_s0021,0,0,False,0.0,
control,113,22,v113_s0022,0,0,False,0.0,
control,113,23,v113_s0023,0,0,False,0.0,
control,113,24,v113_s0024,0,0,False,0.0,
control,113,25,v113_s0025,0,0,False,0.0,
control,113,26,v113_s0026,0,0,False,0.0,
control,113,27,v113_s0027,0,0,False,0.0,
control,113,28,v113_s0028,0,0,False,0.0,
control,113,29,v113_s0029,0,0,False,0.0,
control,113,30,v113_s0030,0,0,False,0.0,
control,113,31,v113_s0031,0,0,False,0.0,
control,113,32,v113_s0032,0,0,False,0.0,
control,113,33,v113_s0033,0,0,False,0.0,
control,113,34,v113_s0034,0,0,False,0.0,
control,113,35,v113_s0035,0,0,False,0.0,
control,113,36,v113_s0036,0,0,False,0.0,
control,113,37,v113_s0037,0,0,False,0.0,
control,113,38,v113_s0038,0,0,False,0.0,
control,113,39,v113_s0039,0,0,False,0.0,
control,113,40,v113_s0040,0,0,False,0.0,
control,113,41,v113_s0041,0,0,False,0.0,
control,113,42,v113_s0042,0,0,False,0.0,
control,113,43,v113_s0043,0,0,False,0.0,
control,113,44,v113_s0044,0,0,False,0.0,
control,113,45,v113_s0045,0,0,False,0.0,
control,113,46,v113_s0046,0,0,False,0.0,
control,113,47,v113_s0047,0,0,False,0.0,
control,113,48,v113_s0048,0,0,False,0.0,
control,113,49,v113_s0049,0,0,False,0.0,
control,113,50,v113_s0050,0,0,False,0.0,
control,113,51,v113_s0051,0,0,False,0.0,
control,113,52,v113_s0052,0,0,False,0.0,
control,113,53,v113_s0053,0,0,False,0.0,
control,113,54,v113_s0054,0,0,False,0.0,
control,113,55,v113_s0055,0,0,False,0.0,
control,113,56,v113_s0056,0,0,False,0.0,
control,113,57,v113_s0057,0,0,False,0.0,
control,113,58,v113_s0058,0,0,False,0.0,
control,113,59,v113_s0059,0,0,False,0.0,
control,113,60,v113_s0060,0,0,False,0.0,
control,113,61,v113_s0061,0,0,False,0.0,
control,113,62,v113_s0062,0,0,False,0.0,
control,113,63,v113_s0063,0,0,False,0.0,
control,113,64,v113_s0064,0,0,False,0.0,
control,113,65,v113_s0065,0,0,False,0.0,
control,113,66,v113_s0066,0,0,False,0.0,
control,113,67,v113_s0067,0,0,False,0.0,
control,113,68,v113_s0068,0,0,False,0.0,
control,113,69,v113_s0069,0,0,False,0.0,
control,113,70,v113_s0070,0,0,False,0.0,
control,113,71,v113_s0071,0,0,False,0.0,
control,113,72,v113_s0072,0,0,False,0.0,
control,113,73,v113_s0073,0,0,False,0.0,
control,113,74,v113_s0074,0,0,False,0.0,
control,113,75,v113_s0075,0,0,False,0.0,
control,113,76,v113_s0076,0,0,False,0.0,
control,113,77,v113_s0077,0,0,False,0.0,
control,113,78,v113_s0078,0,0,False,0.0,
control,113,79,v113_s0079,0,0,False,0.0,
control,113,80,v113_s0080,0,0,False,0.0,
control,113,81,v113_s0081,0,0,False,0.0,
control,113,82,v113_s0082,0,0,False,0.0,
control,113,83,v113_s0083,0,0,False,0.0,
control,113,84,v113_s0084,0,0,False,0.0,
control,113,85,v113_s0085,0,0,False,0.0,
control,113,86,v113_s0086,0,0,False,0.0,
control,113,87,v113_s0087,0,0,False,0.0,
control,113,88,v113_s0088,0,0,False,0.0,
control,113,89,v113_s0089,0,0,False,0.0,
control,113,90,v113_s0090,0,0,False,0.0,
control,113,91,v113_s0091,0,0,False,0.0,
control,113,92,v113_s0092,0,0,False,0.0,
control,113,93,v113_s0093,0,0,False,0.0,
control,113,94,v113_s0094,0,0,False,0.0,
control,113,95,v113_s0095,0,0,False,0.0,
control,113,96,v113_s0096,0,0,False,0.0,
control,113,97,v113_s0097,0,0,False,0.0,
control,113,98,v113_s0098,0,0,False,0.0,
control,113,99,v113_s0099,0,0,False,0.0,
control,113,100,v113_s0100,0,0,False,0.0,
control,113,101,v113_s0101,0,0,False,0.0,
control,113,102,v113_s0102,0,0,False,0.0,
control,113,103,v113_s0103,0,0,False,0.0,
control,113,104,v113_s0104,0,0,False,0.0,
control,113,105,v113_s0105,0,0,False,0.0,
control,113,106,v113_s0106,0,0,False,0.0,
control,113,107,v113_s0107,0,0,False,0.0,
control,113,108,v113_s0108,0,0,False,0.0,
control,113,109,v113_s0109,0,0,False,0.0,
control,113,110,v113_s0110,0,0,False,0.0,
control,113,111,v113_s0111,0,0,False,0.0,
control,113,112,v113_s0112,0,0,False,0.0,
control,113,113,v113_s0113,0,0,False,0.0,
control,113,114,v113_s0114,0,0,False,0.0,
control,113,115,v113_s0115,0,0,False,0.0,
control,113,116,v113_s0116,0,0,False,0.0,
control,113,117,v113_s0117,0,0,False,0.0,
control,113,118,v113_s0118,0,0,False,0.0,
control,113,119,v113_s0119,0,0,False,0.0,
control,113,120,v113_s0120,0,0,False,0.0,
control,113,121,v113_s0121,0,0,False,0.0,
control,113,122,v113_s0122,0,0,False,0.0,
control,113,123,v113_s0123,0,0,False,0.0,
control,113,124,v113_s0124,0,0,False,0.0,
control,113,125,v113_s0125,0,0,False,0.0,
control,113,126,v113_s0126,0,0,False,0.0,
control,113,127,v113_s0127,0,0,False,0.0,
control,113,128,v113_s0128,0,0,False,0.0,
control,113,129,v113_s0129,0,0,False,0.0,
control,113,130,v113_s0130,0,0,False,0.0,
control,113,131,v113_s0131,0,0,False,0.0,
control,113,132,v113_s0132,0,0,False,0.0,
control,113,133,v113_s0133,0,0,False,0.0,
control,113,134,v113_s0134,0,0,False,0.0,
control,113,135,v113_s0135,0,0,False,0.0,
control,113,136,v113_s0136,0,0,False,0.0,
control,113,137,v113_s0137,0,0,False,0.0,
control,113,138,v113_s0138,0,0,False,0.0,
control,113,139,v113_s0139,0,0,False,0.0,
control,113,140,v113_s0140,0,0,False,0.0,
control,113,141,v113_s0141,0,0,False,0.0,
control,113,142,v113_s0142,0,0,False,0.0,
control,113,143,v113_s0143,0,0,False,0.0,
control,113,144,v113_s0144,0,0,False,0.0,
control,113,145,v113_s0145,0,0,False,0.0,
control,113,146,v113_s0146,0,0,False,0.0,
control,113,147,v113_s0147,0,0,False,0.0,
control,113,148,v113_s0148,0,0,False,0.0,
control,113,149,v113_s0149,0,0,False,0.0,
control,113,150,v113_s0150,0,0,False,0.0,
control,113,151,v113_s0151,0,0,False,0.0,
control,113,152,v113_s0152,0,0,False,0.0,
control,113,153,v113_s0153,0,0,False,0.0,
control,113,154,v113_s0154,0,0,False,0.0,
control,113,155,v113_s0155,0,0,False,0.0,
control,113,156,v113_s0156,0,0,False,0.0,
control,113,157,v113_s0157,0,0,False,0.0,
control,113,158,v113_s0158,0,0,False,0.0,
control,113,159,v113_s0159,0,0,False,0.0,
control,113,160,v113_s0160,0,0,False,0.0,
control,113,161,v113_s0161,0,0,False,0.0,
control,113,162,v113_s0162,0,0,False,0.0,
control,113,163,v113_s0163,0,0,False,0.0,
control,113,164,v113_s0164,0,0,False,0.0,
control,113,165,v113_s0165,0,0,False,0.0,
control,113,166,v113_s0166,0,0,False,0.0,
control,113,167,v113_s0167,0,0,False,0.0,
control,113,168,v113_s0168,0,0,False,0.0,
control,113,169,v113_s0169,0,0,False,0.0,
control,113,170,v113_s0170,0,0,False,0.0,
control,113,171,v113_s0171,0,0,False,0.0,
control,113,172,v113_s0172,0,0,False,0.0,
control,113,173,v113_s0173,0,0,False,0.0,
control,113,174,v113_s0174,0,0,False,0.0,
control,113,175,v113_s0175,0,0,False,0.0,
control,113,176,v113_s0176,0,0,False,0.0,
control,113,177,v113_s0177,0,0,False,0.0,
control,113,178,v113_s0178,0,0,False,0.0,
control,113,179,v113_s0179,0,0,False,0.0,
control,113,180,v113_s0180,0,0,False,0.0,
control,113,181,v113_s0181,0,0,False,0.0,
control,113,182,v113_s0182,0,0,False,0.0,
control,113,183,v113_s0183,0,0,False,0.0,
control,113,184,v113_s0184,0,0,False,0.0,
control,113,185,v113_s0185,0,0,False,0.0,
control,113,186,v113_s0186,0,0,False,0.0,
control,113,187,v113_s0187,0,0,False,0.0,
control,113,188,v113_s0188,0,0,False,0.0,
control,113,189,v113_s0189,0,54,False,1.0,
control,113,190,v113_s0190,0,0,False,0.0,
control,113,191,v113_s0191,0,0,False,0.0,
control,113,192,v113_s0192,0,0,False,0.0,
control,113,193,v113_s0193,0,0,False,0.0,
control,113,194,v113_s0194,0,0,False,0.0,
control,113,195,v113_s0195,0,0,False,0.0,
control,113,196,v113_s0196,0,0,False,0.0,
control,113,197,v113_s0197,0,0,False,0.0,
control,113,198,v113_s0198,0,0,False,0.0,
control,113,199,v113_s0199,0,0,False,0.0,
control,113,200,v113_s0200,0,0,False,0.0,
control,113,201,v113_s0201,0,0,False,0.0,
control,113,202,v113_s0202,0,0,False,0.0,
control,113,203,v113_s0203,0,0,False,0.0,
control,113,204,v113_s0204,0,0,False,0.0,
control,113,205,v113_s0205,0,0,False,0.0,
control,113,206,v113_s0206,0,0,False,0.0,
control,113,207,v113_s0207,0,0,False,0.0,
control,113,208,v113_s0208,0,0,False,0.0,
control,113,209,v113_s0209,0,0,False,0.0,
control,113,210,v113_s0210,0,0,False,0.0,
control,113,211,v113_s0211,0,0,False,0.0,
control,113,212,v113_s0212,0,0,False,0.0,
control,113,213,v113_s0213,0,0,False,0.0,
control,113,214,v113_s0214,0,0,False,0.0,
control,113,215,v113_s0215,0,0,False,0.0,
control,113,216,v113_s0216,0,0,False,0.0,
control,113,217,v113_s0217,0,0,False,0.0,
control,113,218,v113_s0218,0,0,False,0.0,
control,113,219,v113_s0219,0,0,False,0.0,
control,113,220,v113_s0220,0,0,False,0.0,
control,113,221,v113_s0221,0,0,False,0.0,
control,113,222,v113_s0222,0,0,False,0.0,
control,113,223,v113_s0223,0,0,False,0.0,
control,113,224,v113_s0224,0,0,False,0.0,
control,113,225,v113_s0225,0,0,False,0.0,
control,113,226,v113_s0226,0,0,False,0.0,
control,113,227,v113_s0227,0,0,False,0.0,
control,113,228,v113_s0228,0,0,False,0.0,
control,113,229,v113_s0229,0,0,False,0.0,
control,113,230,v113_s0230,0,0,False,0.0,
control,113,231,v113_s0231,0,0,False,0.0,
control,113,232,v113_s0232,0,0,False,0.0,
control,113,233,v113_s0233,0,0,False,0.0,
control,113,234,v113_s0234,0,0,False,0.0,
control,113,235,v113_s0235,0,0,False,0.0,
control,113,236,v113_s0236,0,0,False,0.0,
control,113,237,v113_s0237,0,0,False,0.0,
control,113,238,v113_s0238,0,0,False,0.0,
control,113,239,v113_s0239,0,0,False,0.0,
control,113,240,v113_s0240,0,0,False,0.0,
control,113,241,v113_s0241,0,0,False,0.0,
control,113,242,v113_s0242,0,0,False,0.0,
control,113,243,v113_s0243,0,0,False,0.0,
control,113,244,v113_s0244,0,0,False,0.0,
control,113,245,v113_s0245,0,0,False,0.0,
control,113,246,v113_s0246,0,0,False,0.0,
control,113,247,v113_s0247,0,0,False,0.0,
control,113,248,v113_s0248,0,0,False,0.0,
control,113,249,v113_s0249,0,0,False,0.0,
control,113,250,v113_s0250,0,0,False,0.0,
control,113,251,v113_s0251,0,0,False,0.0,
control,113,252,v113_s0252,0,0,False,0.0,
control,113,253,v113_s0253,0,0,False,0.0,
control,113,254,v113_s0254,0,0,False,0.0,
control,113,255,v113_s0255,0,0,False,0.0,
control,113,256,v113_s0256,0,0,False,0.0,
control,113,257,v113_s0257,0,0,False,0.0,
control,113,258,v113_s0258,0,0,False,0.0,
control,113,259,v113_s0259,0,0,False,0.0,
control,113,260,v113_s0260,0,0,False,0.0,
control,113,261,v113_s0261,0,0,False,0.0,
control,113,262,v113_s0262,0,0,False,0.0,
control,113,263,v113_s0263,0,0,False,0.0,
control,113,264,v113_s0264,0,0,False,0.0,
control,113,265,v113_s0265,0,0,False,0.0,
control,113,266,v113_s0266,0,0,False,0.0,
control,113,267,v113_s0267,0,0,False,0.0,
control,113,268,v113_s0268,0,0,False,0.0,
control,113,269,v113_s0269,0,0,False,0.0,
control,113,270,v113_s0270,0,0,False,0.0,
control,113,271,v113_s0271,0,0,False,0.0,
control,113,272,v113_s0272,0,0,False,0.0,
control,113,273,v113_s0273,0,0,False,0.0,
control,113,274,v113_s0274,0,0,False,0.0,
control,113,275,v113_s0275,0,0,False,0.0,
control,113,276,v113_s0276,0,0,False,0.0,
control,113,277,v113_s0277,0,0,False,0.0,
control,113,278,v113_s0278,0,0,False,0.0,
control,113,279,v113_s0279,0,0,False,0.0,
control,113,280,v113_s0280,0,0,False,0.0,
control,113,281,v113_s0281,0,0,False,0.0,
control,113,282,v113_s0282,0,0,False,0.0,
control,113,283,v113_s0283,0,0,False,0.0,
control,113,284,v113_s0284,0,0,False,0.0,
control,113,285,v113_s0285,0,0,False,0.0,
control,113,286,v113_s0286,0,0,False,0.0,
control,113,287,v113_s0287,0,0,False,0.0,
control,113,288,v113_s0288,0,0,False,0.0,
control,113,289,v113_s0289,0,0,False,0.0,
control,113,290,v113_s0290,0,0,False,0.0,
control,113,291,v113_s0291,0,0,False,0.0,
control,113,292,v113_s0292,0,0,False,0.0,
control,113,293,v113_s0293,0,0,False,0.0,
control,113,294,v113_s0294,0,0,False,0.0,
control,113,295,v113_s0295,0,0,False,0.0,
control,113,296,v113_s0296,0,0,False,0.0,
control,113,297,v113_s0297,0,0,False,0.0,
control,113,298,v113_s0298,0,0,False,0.0,
control,113,299,v113_s0299,0,0,False,0.0,
control,113,300,v113_s0300,0,0,False,0.0,
control,113,301,v113_s0301,0,0,False,0.0,
control,113,302,v113_s0302,0,0,False,0.0,
control,113,303,v113_s0303,0,0,False,0.0,
control,113,304,v113_s0304,0,0,False,0.0,
control,113,305,v113_s0305,0,0,False,0.0,
control,113,306,v113_s0306,0,0,False,0.0,
control,113,307,v113_s0307,0,0,False,0.0,
control,113,308,v113_s0308,0,0,False,0.0,
control,113,309,v113_s0309,0,0,False,0.0,
control,113,310,v113_s0310,0,0,False,0.0,
control,113,311,v113_s0311,0,0,False,0.0,
control,113,312,v113_s0312,0,0,False,0.0,
control,113,313,v113_s0313,0,0,False,0.0,
control,113,314,v113_s0314,0,0,False,0.0,
control,113,315,v113_s0315,0,0,False,0.0,
control,113,316,v113_s0316,0,0,False,0.0,
control,113,317,v113_s0317,0,0,False,0.0,
control,113,318,v113_s0318,0,0,False,0.0,
control,113,319,v113_s0319,0,0,False,0.0,
control,113,320,v113_s0320,0,0,False,0.0,
control,113,321,v113_s0321,0,0,False,0.0,
control,113,322,v113_s0322,0,0,False,0.0,
control,113,323,v113_s0323,0,0,False,0.0,
control,113,324,v113_s0324,0,0,False,0.0,
control,113,325,v113_s0325,0,0,False,0.0,
control,113,326,v113_s0326,0,0,False,0.0,
control,113,327,v113_s0327,0,0,False,0.0,
control,113,328,v113_s0328,0,0,False,0.0,
control,113,329,v113_s0329,0,0,False,0.0,
control,113,330,v113_s0330,0,0,False,0.0,
control,113,331,v113_s0331,0,0,False,0.0,
control,113,332,v113_s0332,0,0,False,0.0,
control,113,333,v113_s0333,0,0,False,0.0,
control,113,334,v113_s0334,0,0,False,0.0,
control,113,335,v113_s0335,0,0,False,0.0,
control,113,336,v113_s0336,0,0,False,0.0,
control,113,337,v113_s0337,0,0,False,0.0,
control,113,338,v113_s0338,0,0,False,0.0,
control,113,339,v113_s0339,0,0,False,0.0,
control,113,340,v113_s0340,0,0,False,0.0,
control,113,341,v113_s0341,0,0,False,0.0,
control,113,342,v113_s0342,0,0,False,0.0,
control,113,343,v113_s0343,0,0,False,0.0,
control,113,344,v113_s0344,0,0,False,0.0,
control,113,345,v113_s0345,0,0,False,0.0,
control,113,346,v113_s0346,0,0,False,0.0,
control,113,347,v113_s0347,0,0,False,0.0,
control,113,348,v113_s0348,0,0,False,0.0,
control,113,349,v113_s0349,0,0,False,0.0,
control,113,350,v113_s0350,0,0,False,0.0,
control,113,351,v113_s0351,0,0,False,0.0,
control,113,352,v113_s0352,0,0,False,0.0,
control,113,353,v113_s0353,0,0,False,0.0,
control,113,354,v113_s0354,0,0,False,0.0,
control,113,355,v113_s0355,0,0,False,0.0,
control,113,356,v113_s0356,0,0,False,0.0,
control,113,357,v113_s0357,0,0,False,0.0,
control,113,358,v113_s0358,0,0,False,0.0,
control,113,359,v113_s0359,0,0,False,0.0,
control,113,360,v113_s0360,0,0,False,0.0,
control,113,361,v113_s0361,0,0,False,0.0,
control,113,362,v113_s0362,0,0,False,0.0,
control,113,363,v113_s0363,0,0,False,0.0,
control,113,364,v113_s0364,0,0,False,0.0,
control,113,365,v113_s0365,0,0,False,0.0,
control,113,366,v113_s0366,0,0,False,0.0,
control,113,367,v113_s0367,0,0,False,0.0,
control,113,368,v113_s0368,0,0,False,0.0,
control,113,369,v113_s0369,0,0,False,0.0,
control,113,370,v113_s0370,0,0,False,0.0,
control,113,371,v113_s0371,0,0,False,0.0,
control,113,372,v113_s0372,0,0,False,0.0,
control,113,373,v113_s0373,0,0,False,0.0,
control,113,374,v113_s0374,0,0,False,0.0,
control,113,375,v113_s0375,0,0,False,0.0,
control,113,376,v113_s0376,0,0,False,0.0,
control,113,377,v113_s0377,0,0,False,0.0,
control,113,378,v113_s0378,0,0,False,0.0,
control,113,379,v113_s0379,0,0,False,0.0,
control,113,380,v113_s0380,0,0,False,0.0,
control,113,381,v113_s0381,0,0,False,0.0,
control,113,382,v113_s0382,0,0,False,0.0,
control,113,383,v113_s0383,0,0,False,0.0,
control,113,384,v113_s0384,0,0,False,0.0,
control,113,385,v113_s0385,0,0,False,0.0,
control,113,386,v113_s0386,0,0,False,0.0,
control,113,387,v113_s0387,0,0,False,0.0,
control,113,388,v113_s0388,0,0,False,0.0,
control,113,389,v113_s0389,0,0,False,0.0,
control,113,390,v113_s0390,0,0,False,0.0,
control,113,391,v113_s0391,0,0,False,0.0,
control,113,392,v113_s0392,0,0,False,0.0,
control,113,393,v113_s0393,0,0,False,0.0,
control,113,394,v113_s0394,0,0,False,0.0,
control,113,395,v113_s0395,0,0,False,0.0,
control,113,396,v113_s0396,0,0,False,0.0,
control,113,397,v113_s0397,0,0,False,0.0,
control,113,398,v113_s0398,0,0,False,0.0,
control,113,399,v113_s0399,0,0,False,0.0,
control,113,400,v113_s0400,0,0,False,0.0,
control,113,401,v113_s0401,0,0,False,0.0,
control,113,402,v113_s0402,0,0,False,0.0,
control,113,403,v113_s0403,0,0,False,0.0,
control,113,404,v113_s0404,0,0,False,0.0,
control,113,405,v113_s0405,0,0,False,0.0,
control,113,406,v113_s0406,0,0,False,0.0,
control,113,407,v113_s0407,0,0,False,0.0,
control,113,408,v113_s0408,0,0,False,0.0,
control,113,409,v113_s0409,0,0,False,0.0,
control,113,410,v113_s0410,0,0,False,0.0,
control,113,411,v113_s0411,0,0,False,0.0,
control,113,412,v113_s0412,0,0,False,0.0,
control,113,413,v113_s0413,0,0,False,0.0,
control,113,414,v113_s0414,0,0,False,0.0,
control,113,415,v113_s0415,1,0,False,0.0,0.0
control,113,416,v113_s0416,1,0,False,0.0,0.0
control,113,417,v113_s0417,0,0,False,0.0,
control,113,418,v113_s0418,0,0,False,0.0,
control,113,419,v113_s0419,4,0,False,0.0,0.0
control,113,420,v113_s0420,54,0,False,0.0,0.0
control,113,421,v113_s0421,55,24,True,1.0,1.0
control,113,422,v113_s0422,70,56,True,1.0,1.0
control,113,423,v113_s0423,91,55,True,1.0,1.0
control,113,424,v113_s0424,110,88,True,1.0,1.0
control,113,425,v113_s0425,151,104,True,1.0,1.0
control,113,426,v113_s0426,164,53,True,1.0,1.0
control,113,427,v113_s0427,199,68,True,1.0,1.0
control,113,428,v113_s0428,186,80,True,1.0,1.0
control,113,429,v113_s0429,203,93,True,1.0,1.0
control,113,430,v113_s0430,198,157,True,1.0,1.0
control,113,431,v113_s0431,213,164,True,1.0,1.0
control,113,432,v113_s0432,216,156,True,1.0,1.0
control,113,433,v113_s0433,243,160,True,1.0,1.0
control,113,434,v113_s0434,239,161,True,1.0,1.0
control,113,435,v113_s0435,257,150,True,1.0,1.0
control,113,436,v113_s0436,277,153,True,1.0,1.0
control,113,437,v113_s0437,299,118,True,1.0,1.0
control,113,438,v113_s0438,293,111,True,1.0,1.0
control,113,439,v113_s0439,292,178,True,1.0,1.0
control,113,440,v113_s0440,297,165,True,1.0,1.0
control,113,441,v113_s0441,271,126,True,1.0,1.0
control,113,442,v113_s0442,260,60,True,1.0,1.0
control,113,443,v113_s0443,260,86,True,1.0,1.0
control,113,444,v113_s0444,213,179,True,1.0,1.0
control,113,445,v113_s0445,212,175,True,1.0,1.0
control,113,446,v113_s0446,204,157,True,1.0,1.0
control,113,447,v113_s0447,163,154,True,1.0,1.0
control,113,448,v113_s0448,139,128,True,1.0,1.0
control,113,449,v113_s0449,121,122,True,1.0,1.0
control,113,450,v113_s0450,111,109,True,1.0,1.0
control,113,451,v113_s0451,99,85,True,1.0,1.0
control,113,452,v113_s0452,96,66,True,1.0,1.0
control,113,453,v113_s0453,99,18,True,1.0,1.0
control,113,454,v113_s0454,112,22,True,0.99853515625,0.984375
control,113,455,v113_s0455,85,0,False,0.0,0.0
control,113,456,v113_s0456,90,0,False,0.0,0.0
control,113,457,v113_s0457,104,0,False,0.0,0.0
control,113,458,v113_s0458,110,0,False,1.2040138244628906e-05,1.2040138244628906e-05
control,113,459,v113_s0459,124,0,False,0.0004074573516845703,0.0004074573516845703
control,113,460,v113_s0460,122,0,False,0.0,0.0
control,113,461,v113_s0461,124,0,False,0.0,0.0
control,113,462,v113_s0462,124,0,False,5.960464477539063e-08,5.960464477539063e-08
control,113,463,v113_s0463,127,34,True,1.0,1.0
control,113,464,v113_s0464,137,25,True,1.0,1.0
control,113,465,v113_s0465,150,76,True,1.0,0.98876953125
control,113,466,v113_s0466,168,86,True,1.0,0.99951171875
control,113,467,v113_s0467,185,77,True,1.0,0.87744140625
control,113,468,v113_s0468,204,19,False,1.0,1.6093254089355469e-06
control,113,469,v113_s0469,206,73,True,1.0,1.0
control,113,470,v113_s0470,152,196,True,1.0,1.0
control,113,471,v113_s0471,178,195,True,1.0,1.0
control,113,472,v113_s0472,214,123,True,1.0,1.0
control,113,473,v113_s0473,271,97,True,1.0,1.0
control,113,474,v113_s0474,211,110,True,1.0,1.0
control,113,475,v113_s0475,196,83,True,1.0,1.0
control,113,476,v113_s0476,180,76,True,1.0,0.99951171875
control,113,477,v113_s0477,164,0,False,0.0,0.0
control,113,478,v113_s0478,156,0,False,0.0,0.0
control,113,479,v113_s0479,134,18,True,1.0,1.0
control,113,480,v113_s0480,114,56,True,1.0,1.0
control,113,481,v113_s0481,83,67,True,1.0,1.0
control,113,482,v113_s0482,60,78,True,1.0,1.0
control,113,483,v113_s0483,48,38,True,1.0,0.99951171875
control,113,484,v113_s0484,25,0,False,0.0,0.0
control,113,485,v113_s0485,24,45,True,1.0,1.0
control,113,486,v113_s0486,25,10,True,0.96484375,0.96484375
control,113,487,v113_s0487,20,0,False,0.00010889768600463867,0.00010889768600463867
control,113,488,v113_s0488,20,25,True,1.0,1.0
control,113,489,v113_s0489,18,85,True,1.0,1.0
control,113,490,v113_s0490,15,74,True,1.0,1.0
control,113,491,v113_s0491,13,88,True,1.0,1.0
control,113,492,v113_s0492,13,85,True,1.0,1.0
control,113,493,v113_s0493,0,89,False,1.0,
control,113,494,v113_s0494,0,54,False,1.0,
control,113,495,v113_s0495,0,24,False,1.0,
control,113,496,v113_s0496,0,46,False,1.0,
control,113,497,v113_s0497,0,92,False,1.0,
control,113,498,v113_s0498,0,107,False,1.0,
control,113,499,v113_s0499,0,181,False,1.0,
control,113,500,v113_s0500,2,229,False,1.0,0.0
control,113,501,v113_s0501,45,332,False,1.0,0.0
control,113,502,v113_s0502,50,354,False,1.0,0.0
control,113,503,v113_s0503,64,359,True,1.0,1.0
control,113,504,v113_s0504,80,319,True,1.0,1.0
control,113,505,v113_s0505,90,268,True,1.0,1.0
control,113,506,v113_s0506,135,222,True,1.0,1.0
control,113,507,v113_s0507,211,223,True,1.0,1.0
control,113,508,v113_s0508,234,450,True,1.0,1.0
control,113,509,v113_s0509,266,619,True,1.0,1.0
control,113,510,v113_s0510,317,614,True,1.0,1.0
control,113,511,v113_s0511,308,514,True,1.0,1.0
control,113,512,v113_s0512,318,449,True,1.0,1.0
control,113,513,v113_s0513,332,555,True,1.0,1.0
control,113,514,v113_s0514,330,503,True,1.0,1.0
control,113,515,v113_s0515,343,511,True,1.0,1.0
control,113,516,v113_s0516,359,512,True,1.0,1.0
control,113,517,v113_s0517,343,518,True,1.0,1.0
control,113,518,v113_s0518,333,609,True,1.0,1.0
control,113,519,v113_s0519,328,703,True,1.0,1.0
control,113,520,v113_s0520,335,631,True,1.0,1.0
control,113,521,v113_s0521,331,675,True,1.0,1.0
control,113,522,v113_s0522,290,755,True,1.0,1.0
control,113,523,v113_s0523,262,734,True,1.0,1.0
control,113,524,v113_s0524,243,774,True,1.0,1.0
control,113,525,v113_s0525,226,676,True,1.0,1.0
control,113,526,v113_s0526,216,524,True,1.0,1.0
control,113,527,v113_s0527,178,411,True,1.0,1.0
control,113,528,v113_s0528,159,332,True,1.0,1.0
control,113,529,v113_s0529,144,266,True,1.0,1.0
control,113,530,v113_s0530,134,301,True,1.0,1.0
control,113,531,v113_s0531,161,356,True,1.0,1.0
control,113,532,v113_s0532,180,365,True,1.0,1.0
control,113,533,v113_s0533,183,323,True,1.0,1.0
control,113,534,v113_s0534,207,289,True,1.0,1.0
control,113,535,v113_s0535,238,291,True,1.0,1.0
control,113,536,v113_s0536,238,331,True,1.0,1.0
control,113,537,v113_s0537,220,326,True,1.0,1.0
control,113,538,v113_s0538,199,324,True,1.0,1.0
control,113,539,v113_s0539,204,327,True,1.0,1.0
control,113,540,v113_s0540,202,294,True,1.0,1.0
control,113,541,v113_s0541,189,213,True,1.0,1.0
control,113,542,v113_s0542,174,172,True,1.0,1.0
control,113,543,v113_s0543,190,309,True,1.0,1.0
control,113,544,v113_s0544,133,288,True,1.0,1.0
control,113,545,v113_s0545,105,214,True,1.0,1.0
control,113,546,v113_s0546,86,111,True,1.0,1.0
control,113,547,v113_s0547,72,42,True,1.0,1.0
control,113,548,v113_s0548,59,0,False,5.960464477539063e-08,0.0
control,113,549,v113_s0549,0,0,False,0.0,
control,113,550,v113_s0550,0,0,False,5.960464477539063e-08,
control,113,551,v113_s0551,0,0,False,0.00728607177734375,
control,113,552,v113_s0552,0,0,False,0.0,
control,113,553,v113_s0553,0,0,False,0.0,
control,113,554,v113_s0554,0,0,False,0.0,
control,113,555,v113_s0555,0,0,False,0.0,
control,113,556,v113_s0556,0,0,False,0.0001819133758544922,
control,113,557,v113_s0557,0,32,False,1.0,
control,113,558,v113_s0558,21,37,True,1.0,1.0
control,113,559,v113_s0559,21,42,True,1.0,1.0
control,113,560,v113_s0560,18,47,True,1.0,1.0
control,113,561,v113_s0561,19,43,True,1.0,1.0
control,113,562,v113_s0562,17,0,False,0.0,0.0
control,113,563,v113_s0563,15,0,False,0.0,0.0
control,113,564,v113_s0564,17,0,False,0.0,0.0
control,113,565,v113_s0565,14,0,False,0.0,0.0
control,113,566,v113_s0566,12,0,False,0.0,0.0
control,113,567,v113_s0567,9,0,False,0.0,0.0
control,113,568,v113_s0568,0,0,False,0.0,
control,113,569,v113_s0569,0,0,False,0.0,
control,113,570,v113_s0570,0,0,False,0.0,
control,113,571,v113_s0571,0,0,False,0.0,
control,113,572,v113_s0572,0,0,False,0.0,
control,113,573,v113_s0573,0,0,False,0.0,
control,113,574,v113_s0574,0,0,False,0.0,
control,113,575,v113_s0575,0,0,False,0.0,
control,113,576,v113_s0576,0,0,False,0.0,
control,113,577,v113_s0577,0,0,False,0.0,
control,113,578,v113_s0578,0,0,False,0.0,
control,113,579,v113_s0579,0,0,False,0.0,
control,113,580,v113_s0580,0,0,False,0.0,
control,113,581,v113_s0581,0,0,False,0.0,
control,113,582,v113_s0582,0,0,False,0.0,
control,113,583,v113_s0583,0,0,False,0.0,
control,113,584,v113_s0584,0,0,False,0.0,
control,113,585,v113_s0585,0,0,False,0.0,
control,113,586,v113_s0586,0,0,False,0.0,
control,113,587,v113_s0587,0,0,False,0.0,
control,113,588,v113_s0588,0,0,False,0.0,
control,113,589,v113_s0589,0,0,False,0.0,
control,113,590,v113_s0590,0,0,False,0.0,
control,113,591,v113_s0591,0,0,False,0.0,
control,113,592,v113_s0592,0,0,False,0.0,
control,113,593,v113_s0593,0,0,False,0.0,
control,113,594,v113_s0594,0,0,False,0.0,
control,113,595,v113_s0595,0,0,False,0.0,
control,113,596,v113_s0596,0,0,False,0.0,
control,113,597,v113_s0597,0,0,False,0.0,
control,113,598,v113_s0598,0,0,False,0.0,
control,113,599,v113_s0599,0,0,False,0.0,
control,113,600,v113_s0600,0,0,False,0.0,
control,113,601,v113_s0601,0,0,False,0.0,
control,113,602,v113_s0602,0,0,False,0.0,
control,113,603,v113_s0603,0,0,False,0.0,
control,113,604,v113_s0604,0,0,False,0.0,
control,113,605,v113_s0605,0,0,False,0.0,
control,113,606,v113_s0606,0,0,False,0.0,
control,113,607,v113_s0607,0,0,False,0.0,
control,113,608,v113_s0608,0,0,False,0.0,
control,113,609,v113_s0609,0,0,False,0.0,
control,113,610,v113_s0610,0,0,False,0.0,
control,113,611,v113_s0611,0,0,False,0.0,
control,113,612,v113_s0612,0,0,False,0.0,
control,113,613,v113_s0613,0,0,False,0.0,
control,113,614,v113_s0614,0,0,False,0.0,
control,113,615,v113_s0615,0,0,False,0.0,
control,113,616,v113_s0616,0,0,False,0.0,
control,113,617,v113_s0617,0,0,False,0.0,
control,113,618,v113_s0618,0,0,False,0.0,
control,113,619,v113_s0619,0,0,False,0.0,
control,113,620,v113_s0620,0,0,False,0.0,
control,113,621,v113_s0621,0,0,False,0.0,
control,113,622,v113_s0622,0,0,False,0.0,
control,113,623,v113_s0623,0,0,False,0.0,
control,113,624,v113_s0624,0,0,False,0.0,
control,113,625,v113_s0625,0,0,False,0.0,
control,113,626,v113_s0626,0,0,False,0.0,
control,113,627,v113_s0627,0,0,False,0.0,
control,113,628,v113_s0628,0,0,False,0.0,
control,113,629,v113_s0629,0,0,False,0.0,
control,113,630,v113_s0630,0,0,False,0.0,
control,113,631,v113_s0631,0,0,False,0.0,
control,113,632,v113_s0632,0,0,False,0.0,
control,113,633,v113_s0633,0,0,False,0.0,
control,113,634,v113_s0634,0,0,False,0.0,
control,113,635,v113_s0635,0,0,False,0.0,
control,113,636,v113_s0636,0,0,False,0.0,
control,113,637,v113_s0637,0,0,False,0.0,
control,113,638,v113_s0638,0,0,False,0.0,
control,113,639,v113_s0639,0,0,False,0.0,
control,113,640,v113_s0640,0,0,False,0.0,
control,113,641,v113_s0641,0,0,False,0.0,
control,113,642,v113_s0642,0,0,False,0.0,
control,113,643,v113_s0643,0,0,False,0.0,
control,113,644,v113_s0644,0,0,False,0.0,
control,113,645,v113_s0645,0,0,False,0.0,
control,113,646,v113_s0646,0,0,False,0.0,
control,113,647,v113_s0647,0,0,False,0.0,
control,113,648,v113_s0648,0,0,False,0.0,
control,113,649,v113_s0649,0,0,False,0.0,
control,113,650,v113_s0650,0,0,False,0.0,
control,113,651,v113_s0651,0,0,False,0.0,
control,113,652,v113_s0652,0,0,False,0.0,
control,113,653,v113_s0653,0,0,False,0.0,
control,113,654,v113_s0654,0,0,False,0.0,
control,113,655,v113_s0655,0,0,False,0.0,
control,113,656,v113_s0656,0,0,False,0.0,
control,113,657,v113_s0657,0,0,False,0.0,
control,113,658,v113_s0658,0,0,False,0.0,
control,113,659,v113_s0659,0,0,False,0.0,
control,113,660,v113_s0660,0,0,False,0.0,
control,113,661,v113_s0661,0,0,False,0.0,
control,113,662,v113_s0662,0,0,False,0.0,
control,113,663,v113_s0663,0,0,False,0.0,
control,113,664,v113_s0664,0,0,False,0.0,
control,113,665,v113_s0665,0,0,False,0.0,
control,113,666,v113_s0666,0,0,False,0.0,
control,113,667,v113_s0667,0,0,False,0.0,
control,113,668,v113_s0668,0,0,False,0.0,
control,113,669,v113_s0669,0,0,False,0.0,
control,113,670,v113_s0670,0,0,False,0.0,
control,113,671,v113_s0671,0,0,False,0.0,
control,113,672,v113_s0672,0,0,False,0.0,
control,113,673,v113_s0673,0,0,False,0.0,
control,113,674,v113_s0674,0,0,False,0.0,
control,113,675,v113_s0675,0,0,False,0.0,
control,113,676,v113_s0676,0,0,False,0.0,
control,113,677,v113_s0677,0,0,False,0.0,
control,113,678,v113_s0678,0,0,False,0.0,
control,113,679,v113_s0679,0,0,False,0.0,
control,113,680,v113_s0680,0,0,False,0.0,
control,113,681,v113_s0681,0,0,False,0.0,
control,113,682,v113_s0682,0,0,False,0.0,
control,113,683,v113_s0683,0,0,False,0.0,
control,113,684,v113_s0684,0,0,False,0.0,
control,113,685,v113_s0685,0,0,False,0.0,
control,113,686,v113_s0686,0,0,False,0.0,
control,113,687,v113_s0687,0,0,False,0.0,
control,113,688,v113_s0688,0,0,False,0.0,
control,113,689,v113_s0689,0,0,False,0.0,
control,113,690,v113_s0690,0,0,False,0.0,
control,113,691,v113_s0691,0,0,False,0.0,
control,113,692,v113_s0692,0,0,False,0.0,
control,113,693,v113_s0693,0,0,False,0.0,
control,113,694,v113_s0694,0,0,False,0.0,
control,113,695,v113_s0695,0,0,False,0.0,
control,113,696,v113_s0696,0,0,False,0.0,
control,113,697,v113_s0697,0,0,False,0.0,
control,113,698,v113_s0698,0,0,False,0.0,
control,113,699,v113_s0699,0,0,False,0.0,
control,113,700,v113_s0700,0,0,False,0.0,
control,113,701,v113_s0701,0,0,False,0.0,
control,113,702,v113_s0702,0,0,False,0.0,
control,113,703,v113_s0703,0,0,False,0.0,
control,113,704,v113_s0704,0,0,False,0.0,
control,113,705,v113_s0705,0,0,False,0.0,
control,113,706,v113_s0706,0,0,False,0.0,
control,113,707,v113_s0707,0,0,False,0.0,
control,113,708,v113_s0708,0,0,False,0.0,
control,113,709,v113_s0709,0,0,False,0.0,
control,113,710,v113_s0710,0,0,False,0.0,
control,113,711,v113_s0711,0,0,False,0.0,
control,113,712,v113_s0712,0,0,False,0.0,
control,113,713,v113_s0713,0,0,False,0.0,
control,113,714,v113_s0714,0,0,False,0.0,
control,113,715,v113_s0715,0,0,False,0.0,
control,113,716,v113_s0716,0,0,False,0.0,
control,113,717,v113_s0717,0,0,False,0.0,
control,113,718,v113_s0718,0,0,False,0.0,
control,113,719,v113_s0719,0,0,False,0.0,
control,113,720,v113_s0720,0,0,False,0.0,
control,113,721,v113_s0721,0,0,False,0.0,
control,113,722,v113_s0722,0,0,False,0.0,
control,113,723,v113_s0723,0,0,False,0.0,
control,113,724,v113_s0724,0,0,False,0.0,
control,113,725,v113_s0725,0,0,False,0.0,
control,113,726,v113_s0726,0,0,False,0.0,
control,113,727,v113_s0727,0,0,False,0.0,
control,113,728,v113_s0728,0,0,False,0.0,
control,113,729,v113_s0729,0,0,False,0.0,
control,113,730,v113_s0730,0,0,False,0.0,
control,113,731,v113_s0731,0,0,False,0.0,
control,113,732,v113_s0732,0,0,False,0.0,
control,113,733,v113_s0733,0,0,False,0.0,
control,113,734,v113_s0734,0,0,False,0.0,
control,113,735,v113_s0735,0,0,False,0.0,
control,113,736,v113_s0736,0,0,False,0.0,
control,113,737,v113_s0737,0,0,False,0.0,
control,113,738,v113_s0738,0,0,False,0.0,
control,113,739,v113_s0739,0,0,False,0.0,
control,113,740,v113_s0740,0,0,False,0.0,
control,113,741,v113_s0741,0,0,False,0.0,
control,113,742,v113_s0742,0,0,False,0.0,
control,113,743,v113_s0743,0,0,False,0.0,
control,113,744,v113_s0744,0,0,False,0.0,
control,113,745,v113_s0745,0,0,False,0.0,
control,113,746,v113_s0746,0,0,False,0.0,
control,113,747,v113_s0747,0,0,False,0.0,
control,113,748,v113_s0748,0,0,False,0.0,
control,113,749,v113_s0749,0,0,False,0.0,
control,113,750,v113_s0750,0,0,False,0.0,
control,113,751,v113_s0751,0,0,False,0.0,
control,113,752,v113_s0752,0,0,False,0.0,
control,113,753,v113_s0753,0,0,False,0.0,
control,113,754,v113_s0754,0,0,False,0.0,
control,113,755,v113_s0755,0,0,False,0.0,
control,113,756,v113_s0756,0,0,False,0.0,
control,113,757,v113_s0757,0,0,False,0.0,
control,113,758,v113_s0758,0,0,False,0.0,
control,113,759,v113_s0759,0,0,False,0.0,
control,113,760,v113_s0760,0,0,False,0.0,
control,113,761,v113_s0761,0,0,False,0.0,
control,113,762,v113_s0762,0,0,False,0.0,
control,113,763,v113_s0763,0,0,False,0.0,
control,113,764,v113_s0764,0,0,False,0.0,
control,113,765,v113_s0765,0,0,False,0.0,
control,113,766,v113_s0766,0,0,False,0.0,
control,113,767,v113_s0767,0,0,False,0.0,
control,113,768,v113_s0768,0,0,False,0.0,
control,113,769,v113_s0769,0,0,False,0.0,
control,113,770,v113_s0770,0,0,False,0.0,
control,113,771,v113_s0771,0,0,False,0.0,
control,113,772,v113_s0772,0,0,False,0.0,
control,113,773,v113_s0773,0,0,False,0.0,
control,113,774,v113_s0774,0,0,False,0.0,
control,113,775,v113_s0775,0,0,False,0.0,
control,113,776,v113_s0776,0,0,False,0.0,
control,113,777,v113_s0777,0,0,False,0.0,
control,113,778,v113_s0778,0,0,False,0.0,
control,113,779,v113_s0779,0,0,False,0.0,
control,113,780,v113_s0780,0,0,False,0.0,
control,113,781,v113_s0781,0,0,False,0.0,
control,113,782,v113_s0782,0,0,False,0.0,
control,113,783,v113_s0783,0,0,False,0.0,
control,113,784,v113_s0784,0,0,False,0.0,
control,113,785,v113_s0785,0,0,False,0.0,
control,113,786,v113_s0786,0,0,False,0.0,
control,113,787,v113_s0787,0,0,False,0.0,
control,113,788,v113_s0788,0,0,False,0.0,
control,113,789,v113_s0789,0,0,False,0.0,
control,113,790,v113_s0790,0,0,False,0.0,
control,113,791,v113_s0791,0,0,False,0.0,
control,113,792,v113_s0792,0,0,False,0.0,
control,113,793,v113_s0793,0,0,False,0.0,
control,113,794,v113_s0794,0,0,False,0.0,
control,113,795,v113_s0795,0,0,False,0.0,
control,113,796,v113_s0796,0,0,False,0.0,
control,113,797,v113_s0797,0,0,False,0.0,
control,113,798,v113_s0798,0,0,False,0.0,
control,113,799,v113_s0799,0,0,False,0.0,
control,113,800,v113_s0800,0,0,False,0.0,
control,113,801,v113_s0801,0,0,False,0.0,
control,113,802,v113_s0802,0,0,False,0.0,
control,113,803,v113_s0803,0,0,False,0.0,
control,113,804,v113_s0804,0,0,False,0.0,
control,113,805,v113_s0805,0,0,False,0.0,
control,113,806,v113_s0806,0,0,False,0.0,
control,113,807,v113_s0807,0,0,False,0.0,
control,113,808,v113_s0808,0,0,False,0.0,
control,113,809,v113_s0809,0,0,False,0.0,
control,113,810,v113_s0810,0,0,False,0.0,
control,113,811,v113_s0811,0,0,False,0.0,
control,113,812,v113_s0812,0,0,False,0.0,
control,113,813,v113_s0813,0,0,False,0.0,
control,113,814,v113_s0814,0,0,False,0.0,
control,113,815,v113_s0815,0,0,False,0.0,
control,113,816,v113_s0816,0,0,False,0.0,
control,113,817,v113_s0817,0,0,False,0.0,
control,113,818,v113_s0818,0,0,False,0.0,
control,113,819,v113_s0819,0,0,False,0.0,
control,113,820,v113_s0820,0,0,False,0.0,
control,113,821,v113_s0821,0,0,False,0.0,
control,113,822,v113_s0822,0,0,False,0.0,
control,113,823,v113_s0823,0,0,False,0.0,
control,113,824,v113_s0824,0,0,False,0.0,
control,113,825,v113_s0825,0,0,False,0.0,
control,113,826,v113_s0826,0,0,False,0.0,
control,113,827,v113_s0827,0,0,False,0.0,
control,113,828,v113_s0828,0,0,False,0.0,
control,113,829,v113_s0829,0,0,False,0.0,
control,113,830,v113_s0830,0,0,False,0.0,
control,113,831,v113_s0831,0,0,False,0.0,
control,113,832,v113_s0832,0,0,False,0.0,
control,113,833,v113_s0833,0,0,False,0.0,
control,113,834,v113_s0834,0,0,False,0.0,
control,113,835,v113_s0835,0,0,False,0.0,
control,114,0,v114_s0000,0,0,False,0.0,
control,114,1,v114_s0001,0,0,False,0.0,
control,114,2,v114_s0002,0,0,False,0.0,
control,114,3,v114_s0003,0,0,False,0.0,
control,114,4,v114_s0004,0,0,False,0.0,
control,114,5,v114_s0005,0,0,False,0.0,
control,114,6,v114_s0006,0,0,False,0.0,
control,114,7,v114_s0007,0,0,False,0.0,
control,114,8,v114_s0008,0,0,False,0.0,
control,114,9,v114_s0009,0,0,False,0.0,
control,114,10,v114_s0010,0,0,False,0.0,
control,114,11,v114_s0011,0,0,False,0.0,
control,114,12,v114_s0012,0,0,False,0.0,
control,114,13,v114_s0013,0,0,False,0.0,
control,114,14,v114_s0014,0,0,False,0.0,
control,114,15,v114_s0015,0,0,False,0.0,
control,114,16,v114_s0016,0,0,False,0.0,
control,114,17,v114_s0017,0,0,False,0.0,
control,114,18,v114_s0018,0,0,False,0.0,
control,114,19,v114_s0019,0,0,False,0.0,
control,114,20,v114_s0020,0,0,False,0.0,
control,114,21,v114_s0021,0,0,False,0.0,
control,114,22,v114_s0022,0,0,False,0.0,
control,114,23,v114_s0023,0,0,False,0.0,
control,114,24,v114_s0024,0,0,False,0.0,
control,114,25,v114_s0025,0,0,False,0.0,
control,114,26,v114_s0026,0,0,False,0.0,
control,114,27,v114_s0027,0,0,False,0.0,
control,114,28,v114_s0028,0,0,False,0.0,
control,114,29,v114_s0029,0,0,False,0.0,
control,114,30,v114_s0030,0,0,False,0.0,
control,114,31,v114_s0031,0,0,False,0.0,
control,114,32,v114_s0032,0,0,False,0.0,
control,114,33,v114_s0033,0,0,False,0.0,
control,114,34,v114_s0034,0,0,False,0.0,
control,114,35,v114_s0035,0,0,False,0.0,
control,114,36,v114_s0036,0,0,False,0.0,
control,114,37,v114_s0037,0,0,False,0.0,
control,114,38,v114_s0038,0,0,False,0.0,
control,114,39,v114_s0039,0,0,False,0.0,
control,114,40,v114_s0040,0,0,False,0.0,
control,114,41,v114_s0041,0,0,False,0.0,
control,114,42,v114_s0042,0,0,False,0.0,
control,114,43,v114_s0043,0,0,False,0.0,
control,114,44,v114_s0044,0,0,False,0.0,
control,114,45,v114_s0045,0,0,False,0.0,
control,114,46,v114_s0046,0,0,False,0.0,
control,114,47,v114_s0047,0,0,False,0.0,
control,114,48,v114_s0048,0,0,False,0.0,
control,114,49,v114_s0049,0,0,False,0.0,
control,114,50,v114_s0050,0,0,False,0.0,
control,114,51,v114_s0051,0,0,False,0.0,
control,114,52,v114_s0052,0,0,False,0.0,
control,114,53,v114_s0053,0,0,False,0.0,
control,114,54,v114_s0054,0,0,False,0.0,
control,114,55,v114_s0055,0,0,False,0.0,
control,114,56,v114_s0056,0,0,False,0.0,
control,114,57,v114_s0057,0,0,False,0.0,
control,114,58,v114_s0058,0,0,False,0.0,
control,114,59,v114_s0059,0,0,False,0.0,
control,114,60,v114_s0060,0,0,False,0.0,
control,114,61,v114_s0061,0,0,False,0.0,
control,114,62,v114_s0062,0,0,False,0.0,
control,114,63,v114_s0063,0,0,False,0.0,
control,114,64,v114_s0064,0,0,False,0.0,
control,114,65,v114_s0065,0,0,False,0.0,
control,114,66,v114_s0066,0,0,False,0.0,
control,114,67,v114_s0067,0,0,False,0.0,
control,114,68,v114_s0068,0,0,False,0.0,
control,114,69,v114_s0069,0,0,False,0.0,
control,114,70,v114_s0070,0,0,False,0.0,
control,114,71,v114_s0071,0,0,False,0.0,
control,114,72,v114_s0072,0,0,False,0.0,
control,114,73,v114_s0073,0,0,False,0.0,
control,114,74,v114_s0074,0,0,False,0.0,
control,114,75,v114_s0075,0,0,False,0.0,
control,114,76,v114_s0076,0,0,False,0.0,
control,114,77,v114_s0077,0,0,False,0.0,
control,114,78,v114_s0078,0,0,False,0.0,
control,114,79,v114_s0079,0,0,False,0.0,
control,114,80,v114_s0080,0,0,False,0.0,
control,114,81,v114_s0081,0,0,False,0.0,
control,114,82,v114_s0082,0,0,False,0.0,
control,114,83,v114_s0083,0,0,False,0.0,
control,114,84,v114_s0084,0,0,False,0.0,
control,114,85,v114_s0085,0,0,False,0.0,
control,114,86,v114_s0086,0,0,False,0.0,
control,114,87,v114_s0087,0,0,False,0.0,
control,114,88,v114_s0088,0,0,False,0.0,
control,114,89,v114_s0089,0,0,False,0.0,
control,114,90,v114_s0090,0,0,False,0.0,
control,114,91,v114_s0091,0,0,False,0.0,
control,114,92,v114_s0092,0,0,False,0.0,
control,114,93,v114_s0093,0,0,False,0.0,
control,114,94,v114_s0094,0,0,False,0.0,
control,114,95,v114_s0095,0,0,False,0.0,
control,114,96,v114_s0096,0,0,False,0.0,
control,114,97,v114_s0097,0,0,False,0.0,
control,114,98,v114_s0098,0,0,False,0.0,
control,114,99,v114_s0099,0,0,False,0.0,
control,114,100,v114_s0100,0,0,False,0.0,
control,114,101,v114_s0101,0,0,False,0.0,
control,114,102,v114_s0102,0,0,False,0.0,
control,114,103,v114_s0103,0,0,False,0.0,
control,114,104,v114_s0104,0,0,False,0.0,
control,114,105,v114_s0105,0,0,False,0.0,
control,114,106,v114_s0106,0,0,False,0.0,
control,114,107,v114_s0107,0,0,False,0.0,
control,114,108,v114_s0108,0,0,False,0.0,
control,114,109,v114_s0109,0,0,False,0.0,
control,114,110,v114_s0110,0,0,False,0.0,
control,114,111,v114_s0111,0,0,False,0.0,
control,114,112,v114_s0112,0,0,False,0.0,
control,114,113,v114_s0113,0,0,False,0.0,
control,114,114,v114_s0114,0,0,False,0.0,
control,114,115,v114_s0115,0,0,False,0.0,
control,114,116,v114_s0116,0,0,False,0.0,
control,114,117,v114_s0117,0,0,False,0.0,
control,114,118,v114_s0118,0,0,False,0.0,
control,114,119,v114_s0119,0,0,False,0.0,
control,114,120,v114_s0120,0,0,False,0.0,
control,114,121,v114_s0121,0,0,False,0.0,
control,114,122,v114_s0122,0,0,False,0.0,
control,114,123,v114_s0123,0,0,False,0.0,
control,114,124,v114_s0124,0,0,False,0.0,
control,114,125,v114_s0125,0,0,False,0.0,
control,114,126,v114_s0126,0,0,False,0.0,
control,114,127,v114_s0127,0,0,False,0.0,
control,114,128,v114_s0128,0,0,False,0.0,
control,114,129,v114_s0129,0,0,False,0.0,
control,114,130,v114_s0130,0,0,False,0.0,
control,114,131,v114_s0131,0,0,False,0.0,
control,114,132,v114_s0132,0,0,False,0.0,
control,114,133,v114_s0133,0,0,False,0.0,
control,114,134,v114_s0134,0,0,False,0.0,
control,114,135,v114_s0135,0,0,False,0.0,
control,114,136,v114_s0136,0,0,False,0.0,
control,114,137,v114_s0137,0,0,False,0.0,
control,114,138,v114_s0138,0,0,False,0.0,
control,114,139,v114_s0139,0,0,False,0.0,
control,114,140,v114_s0140,0,0,False,0.0,
control,114,141,v114_s0141,0,0,False,0.0,
control,114,142,v114_s0142,0,0,False,0.0,
control,114,143,v114_s0143,0,0,False,0.0,
control,114,144,v114_s0144,0,0,False,0.0,
control,114,145,v114_s0145,0,0,False,0.0,
control,114,146,v114_s0146,0,0,False,0.0,
control,114,147,v114_s0147,0,0,False,0.0,
control,114,148,v114_s0148,0,0,False,0.0,
control,114,149,v114_s0149,0,0,False,0.0,
control,114,150,v114_s0150,0,0,False,0.0,
control,114,151,v114_s0151,0,0,False,0.0,
control,114,152,v114_s0152,0,0,False,0.0,
control,114,153,v114_s0153,0,0,False,0.0,
control,114,154,v114_s0154,0,0,False,0.0,
control,114,155,v114_s0155,0,0,False,0.0,
control,114,156,v114_s0156,0,0,False,0.0,
control,114,157,v114_s0157,0,0,False,0.0,
control,114,158,v114_s0158,0,0,False,0.0,
control,114,159,v114_s0159,0,0,False,0.0,
control,114,160,v114_s0160,0,0,False,0.0,
control,114,161,v114_s0161,0,0,False,0.0,
control,114,162,v114_s0162,0,0,False,0.0,
control,114,163,v114_s0163,0,0,False,0.0,
control,114,164,v114_s0164,0,0,False,0.0,
control,114,165,v114_s0165,0,0,False,0.0,
control,114,166,v114_s0166,0,0,False,0.0,
control,114,167,v114_s0167,0,0,False,0.0,
control,114,168,v114_s0168,0,0,False,0.0,
control,114,169,v114_s0169,0,0,False,0.0,
control,114,170,v114_s0170,0,0,False,0.0,
control,114,171,v114_s0171,0,0,False,0.0,
control,114,172,v114_s0172,0,0,False,0.0,
control,114,173,v114_s0173,0,0,False,0.0,
control,114,174,v114_s0174,0,0,False,0.0,
control,114,175,v114_s0175,0,0,False,0.0,
control,114,176,v114_s0176,0,0,False,0.0,
control,114,177,v114_s0177,0,0,False,0.0,
control,114,178,v114_s0178,0,0,False,0.0,
control,114,179,v114_s0179,0,0,False,0.0,
control,114,180,v114_s0180,0,0,False,0.0,
control,114,181,v114_s0181,0,0,False,0.0,
control,114,182,v114_s0182,0,0,False,0.0,
control,114,183,v114_s0183,0,0,False,0.0,
control,114,184,v114_s0184,0,0,False,0.0,
control,114,185,v114_s0185,0,0,False,0.0,
control,114,186,v114_s0186,0,0,False,0.0,
control,114,187,v114_s0187,0,0,False,0.0,
control,114,188,v114_s0188,0,0,False,0.0,
control,114,189,v114_s0189,0,0,False,0.0,
control,114,190,v114_s0190,0,0,False,0.0,
control,114,191,v114_s0191,0,0,False,0.0,
control,114,192,v114_s0192,0,0,False,0.0,
control,114,193,v114_s0193,0,0,False,0.0,
control,114,194,v114_s0194,0,0,False,0.0,
control,114,195,v114_s0195,0,0,False,0.0,
control,114,196,v114_s0196,0,0,False,0.0,
control,114,197,v114_s0197,0,0,False,0.0,
control,114,198,v114_s0198,0,0,False,0.0,
control,114,199,v114_s0199,0,0,False,0.0,
control,114,200,v114_s0200,0,0,False,0.0,
control,114,201,v114_s0201,0,0,False,0.0,
control,114,202,v114_s0202,0,0,False,0.0,
control,114,203,v114_s0203,0,0,False,0.0,
control,114,204,v114_s0204,0,0,False,0.0,
control,114,205,v114_s0205,0,0,False,0.0,
control,114,206,v114_s0206,0,0,False,0.0,
control,114,207,v114_s0207,0,0,False,0.0,
control,114,208,v114_s0208,0,0,False,0.0,
control,114,209,v114_s0209,0,0,False,0.0,
control,114,210,v114_s0210,0,0,False,0.0,
control,114,211,v114_s0211,0,0,False,0.0,
control,114,212,v114_s0212,0,0,False,0.0,
control,114,213,v114_s0213,0,0,False,0.0,
control,114,214,v114_s0214,0,0,False,0.0,
control,114,215,v114_s0215,0,0,False,0.0,
control,114,216,v114_s0216,0,0,False,0.0,
control,114,217,v114_s0217,0,0,False,0.0,
control,114,218,v114_s0218,0,0,False,0.0,
control,114,219,v114_s0219,0,0,False,0.0,
control,114,220,v114_s0220,0,0,False,0.0,
control,114,221,v114_s0221,0,0,False,0.0,
control,114,222,v114_s0222,0,0,False,0.0,
control,114,223,v114_s0223,0,0,False,0.0,
control,114,224,v114_s0224,0,0,False,0.0,
control,114,225,v114_s0225,0,0,False,0.0,
control,114,226,v114_s0226,0,0,False,0.0,
control,114,227,v114_s0227,0,0,False,0.0,
control,114,228,v114_s0228,0,0,False,0.0,
control,114,229,v114_s0229,0,0,False,0.0,
control,114,230,v114_s0230,0,0,False,0.0,
control,114,231,v114_s0231,0,0,False,0.0,
control,114,232,v114_s0232,0,0,False,0.0,
control,114,233,v114_s0233,0,0,False,0.0,
control,114,234,v114_s0234,0,0,False,0.0,
control,114,235,v114_s0235,0,0,False,0.0,
control,114,236,v114_s0236,0,0,False,0.0,
control,114,237,v114_s0237,0,0,False,0.0,
control,114,238,v114_s0238,0,0,False,0.0,
control,114,239,v114_s0239,0,0,False,0.0,
control,114,240,v114_s0240,0,0,False,0.0,
control,114,241,v114_s0241,0,0,False,0.0,
control,114,242,v114_s0242,0,0,False,0.0,
control,114,243,v114_s0243,0,0,False,0.0,
control,114,244,v114_s0244,0,0,False,0.0,
control,114,245,v114_s0245,0,0,False,0.0,
control,114,246,v114_s0246,0,0,False,0.0,
control,114,247,v114_s0247,0,0,False,0.0,
control,114,248,v114_s0248,0,0,False,0.0,
control,114,249,v114_s0249,0,0,False,0.0,
control,114,250,v114_s0250,0,0,False,0.0,
control,114,251,v114_s0251,0,0,False,0.0,
control,114,252,v114_s0252,0,0,False,0.0,
control,114,253,v114_s0253,0,0,False,0.0,
control,114,254,v114_s0254,0,0,False,0.0,
control,114,255,v114_s0255,0,0,False,0.0,
control,114,256,v114_s0256,0,0,False,0.0,
control,114,257,v114_s0257,0,0,False,0.0,
control,114,258,v114_s0258,0,0,False,0.0,
control,114,259,v114_s0259,0,0,False,0.0,
control,114,260,v114_s0260,0,0,False,0.0,
control,114,261,v114_s0261,0,0,False,0.0,
control,114,262,v114_s0262,0,0,False,0.0,
control,114,263,v114_s0263,0,0,False,0.0,
control,114,264,v114_s0264,0,0,False,0.0,
control,114,265,v114_s0265,0,0,False,0.0,
control,114,266,v114_s0266,0,0,False,0.0,
control,114,267,v114_s0267,0,0,False,0.0,
control,114,268,v114_s0268,0,0,False,0.0,
control,114,269,v114_s0269,0,0,False,0.0,
control,114,270,v114_s0270,0,0,False,0.0,
control,114,271,v114_s0271,0,0,False,0.0,
control,114,272,v114_s0272,0,0,False,0.0,
control,114,273,v114_s0273,0,0,False,0.0,
control,114,274,v114_s0274,0,0,False,0.0,
control,114,275,v114_s0275,0,0,False,0.0,
control,114,276,v114_s0276,0,0,False,0.0,
control,114,277,v114_s0277,0,0,False,0.0,
control,114,278,v114_s0278,0,0,False,0.0,
control,114,279,v114_s0279,0,0,False,0.0,
control,114,280,v114_s0280,0,0,False,0.0,
control,114,281,v114_s0281,0,0,False,0.0,
control,114,282,v114_s0282,0,0,False,0.0,
control,114,283,v114_s0283,0,0,False,0.0,
control,114,284,v114_s0284,0,0,False,0.0,
control,114,285,v114_s0285,0,0,False,0.0,
control,114,286,v114_s0286,0,0,False,0.0,
control,114,287,v114_s0287,0,0,False,0.0,
control,114,288,v114_s0288,0,0,False,0.0,
control,114,289,v114_s0289,0,0,False,0.0,
control,114,290,v114_s0290,0,0,False,0.0,
control,114,291,v114_s0291,0,0,False,0.0,
control,114,292,v114_s0292,0,0,False,0.0,
control,114,293,v114_s0293,0,0,False,0.0,
control,114,294,v114_s0294,0,0,False,0.0,
control,114,295,v114_s0295,0,0,False,0.0,
control,114,296,v114_s0296,0,0,False,0.0,
control,114,297,v114_s0297,0,0,False,0.0,
control,114,298,v114_s0298,0,0,False,0.0,
control,114,299,v114_s0299,0,0,False,0.0,
control,114,300,v114_s0300,0,0,False,0.0,
control,114,301,v114_s0301,0,0,False,0.0,
control,114,302,v114_s0302,0,0,False,0.0,
control,114,303,v114_s0303,0,0,False,0.0,
control,114,304,v114_s0304,0,0,False,0.0,
control,114,305,v114_s0305,0,0,False,0.0,
control,114,306,v114_s0306,0,0,False,0.0,
control,114,307,v114_s0307,0,0,False,0.0,
control,114,308,v114_s0308,0,0,False,0.0,
control,114,309,v114_s0309,0,0,False,0.0,
control,114,310,v114_s0310,0,0,False,0.0,
control,114,311,v114_s0311,0,0,False,0.0,
control,114,312,v114_s0312,0,0,False,0.0,
control,114,313,v114_s0313,0,0,False,0.0,
control,114,314,v114_s0314,0,0,False,0.0,
control,114,315,v114_s0315,0,0,False,0.0,
control,114,316,v114_s0316,0,0,False,0.0,
control,114,317,v114_s0317,0,0,False,0.0,
control,114,318,v114_s0318,0,0,False,0.0,
control,114,319,v114_s0319,0,0,False,0.0,
control,114,320,v114_s0320,0,0,False,0.0,
control,114,321,v114_s0321,0,0,False,0.0,
control,114,322,v114_s0322,0,0,False,0.0,
control,114,323,v114_s0323,0,0,False,0.0,
control,114,324,v114_s0324,0,0,False,0.0,
control,114,325,v114_s0325,0,0,False,0.0,
control,114,326,v114_s0326,0,0,False,0.0,
control,114,327,v114_s0327,0,0,False,0.0,
control,114,328,v114_s0328,0,0,False,0.0,
control,114,329,v114_s0329,0,0,False,0.0,
control,114,330,v114_s0330,0,0,False,0.0,
control,114,331,v114_s0331,0,0,False,0.0,
control,114,332,v114_s0332,0,0,False,0.0,
control,114,333,v114_s0333,0,0,False,0.0,
control,114,334,v114_s0334,0,0,False,0.0,
control,114,335,v114_s0335,0,0,False,0.0,
control,114,336,v114_s0336,0,0,False,0.0,
control,114,337,v114_s0337,0,0,False,0.0,
control,114,338,v114_s0338,0,0,False,0.0,
control,114,339,v114_s0339,0,0,False,0.0,
control,114,340,v114_s0340,0,0,False,0.0,
control,114,341,v114_s0341,0,0,False,0.0,
control,114,342,v114_s0342,0,0,False,0.0,
control,114,343,v114_s0343,0,0,False,0.0,
control,114,344,v114_s0344,0,0,False,0.0,
control,114,345,v114_s0345,0,0,False,0.0,
control,114,346,v114_s0346,0,0,False,0.0,
control,114,347,v114_s0347,0,0,False,0.0,
control,114,348,v114_s0348,0,0,False,0.0,
control,114,349,v114_s0349,0,0,False,0.0,
control,114,350,v114_s0350,0,0,False,0.0,
control,114,351,v114_s0351,0,0,False,0.0,
control,114,352,v114_s0352,0,0,False,0.0,
control,114,353,v114_s0353,0,0,False,0.0,
control,114,354,v114_s0354,0,0,False,0.0,
control,114,355,v114_s0355,0,0,False,0.0,
control,114,356,v114_s0356,0,0,False,0.0,
control,114,357,v114_s0357,0,0,False,0.0,
control,114,358,v114_s0358,0,0,False,0.0,
control,114,359,v114_s0359,0,0,False,0.0,
control,114,360,v114_s0360,0,0,False,0.0,
control,114,361,v114_s0361,0,0,False,0.0,
control,114,362,v114_s0362,0,0,False,0.0,
control,114,363,v114_s0363,0,0,False,0.0,
control,114,364,v114_s0364,0,0,False,0.0,
control,114,365,v114_s0365,0,0,False,0.0,
control,114,366,v114_s0366,0,0,False,0.0,
control,114,367,v114_s0367,0,0,False,0.0,
control,114,368,v114_s0368,0,0,False,0.0,
control,114,369,v114_s0369,0,0,False,0.0,
control,114,370,v114_s0370,0,0,False,0.0,
control,114,371,v114_s0371,0,0,False,0.0,
control,114,372,v114_s0372,0,0,False,0.0,
control,114,373,v114_s0373,0,0,False,0.0,
control,114,374,v114_s0374,0,0,False,0.0,
control,114,375,v114_s0375,0,0,False,0.0,
control,114,376,v114_s0376,0,0,False,0.0,
control,114,377,v114_s0377,0,0,False,0.0,
control,114,378,v114_s0378,0,0,False,0.0,
control,114,379,v114_s0379,0,0,False,0.0,
control,114,380,v114_s0380,0,0,False,0.0,
control,114,381,v114_s0381,0,0,False,0.0,
control,114,382,v114_s0382,0,0,False,0.0,
control,114,383,v114_s0383,0,0,False,0.0,
control,114,384,v114_s0384,0,0,False,0.0,
control,114,385,v114_s0385,0,0,False,0.0,
control,114,386,v114_s0386,0,0,False,0.0,
control,114,387,v114_s0387,0,0,False,0.0,
control,114,388,v114_s0388,0,0,False,0.0,
control,114,389,v114_s0389,0,0,False,0.0,
control,114,390,v114_s0390,0,0,False,0.0,
control,114,391,v114_s0391,0,0,False,0.0,
control,114,392,v114_s0392,0,0,False,0.0,
control,114,393,v114_s0393,0,0,False,0.0,
control,114,394,v114_s0394,0,0,False,0.0,
control,114,395,v114_s0395,0,0,False,0.0,
control,114,396,v114_s0396,0,0,False,0.0,
control,114,397,v114_s0397,0,0,False,0.0,
control,114,398,v114_s0398,0,0,False,0.0,
control,114,399,v114_s0399,0,0,False,0.0,
control,114,400,v114_s0400,0,0,False,0.0,
control,114,401,v114_s0401,0,0,False,0.0,
control,114,402,v114_s0402,0,0,False,0.0,
control,114,403,v114_s0403,0,0,False,0.0,
control,114,404,v114_s0404,0,0,False,0.0,
control,114,405,v114_s0405,0,0,False,0.0,
control,114,406,v114_s0406,0,0,False,0.0,
control,114,407,v114_s0407,0,0,False,0.0,
control,114,408,v114_s0408,0,0,False,0.0,
control,114,409,v114_s0409,0,0,False,0.0,
control,114,410,v114_s0410,0,0,False,0.0,
control,114,411,v114_s0411,0,0,False,0.0,
control,114,412,v114_s0412,0,0,False,0.0,
control,114,413,v114_s0413,0,0,False,0.0,
control,114,414,v114_s0414,0,0,False,0.0,
control,114,415,v114_s0415,0,0,False,0.0,
control,114,416,v114_s0416,0,0,False,0.0,
control,114,417,v114_s0417,0,0,False,0.0,
control,114,418,v114_s0418,0,0,False,0.0,
control,114,419,v114_s0419,0,0,False,0.0,
control,114,420,v114_s0420,0,0,False,0.0,
control,114,421,v114_s0421,0,0,False,0.0,
control,114,422,v114_s0422,0,0,False,0.0,
control,114,423,v114_s0423,0,0,False,0.0,
control,114,424,v114_s0424,0,0,False,0.0,
control,114,425,v114_s0425,0,0,False,0.0,
control,114,426,v114_s0426,0,0,False,0.0,
control,114,427,v114_s0427,0,0,False,0.0,
control,114,428,v114_s0428,0,0,False,0.0,
control,114,429,v114_s0429,0,0,False,0.0,
control,114,430,v114_s0430,0,0,False,0.0,
control,114,431,v114_s0431,0,0,False,0.0,
control,114,432,v114_s0432,0,0,False,0.0,
control,114,433,v114_s0433,0,0,False,0.0,
control,114,434,v114_s0434,0,0,False,0.0,
control,114,435,v114_s0435,0,0,False,0.0,
control,114,436,v114_s0436,0,0,False,0.0,
control,114,437,v114_s0437,0,0,False,0.0,
control,114,438,v114_s0438,0,0,False,0.0,
control,114,439,v114_s0439,0,0,False,0.0,
control,114,440,v114_s0440,0,0,False,0.0,
control,114,441,v114_s0441,0,0,False,1.1920928955078125e-07,
control,114,442,v114_s0442,0,18,False,1.0,
control,114,443,v114_s0443,0,0,False,0.0,
control,114,444,v114_s0444,0,0,False,0.0,
control,114,445,v114_s0445,0,0,False,0.0,
control,114,446,v114_s0446,0,0,False,0.0,
control,114,447,v114_s0447,0,0,False,0.0,
control,114,448,v114_s0448,0,0,False,0.0,
control,114,449,v114_s0449,0,0,False,0.0,
control,114,450,v114_s0450,0,0,False,0.0,
control,114,451,v114_s0451,0,0,False,0.0,
control,114,452,v114_s0452,0,0,False,0.0,
control,114,453,v114_s0453,0,0,False,0.0,
control,114,454,v114_s0454,0,0,False,0.0,
control,114,455,v114_s0455,0,0,False,0.0,
control,114,456,v114_s0456,0,0,False,0.0,
control,114,457,v114_s0457,0,0,False,0.0,
control,114,458,v114_s0458,0,0,False,0.0,
control,114,459,v114_s0459,0,0,False,0.0,
control,114,460,v114_s0460,0,0,False,0.0,
control,114,461,v114_s0461,0,0,False,0.01386260986328125,
control,114,462,v114_s0462,0,88,False,1.0,
control,114,463,v114_s0463,0,95,False,1.0,
control,114,464,v114_s0464,0,89,False,1.0,
control,114,465,v114_s0465,0,29,False,1.0,
control,114,466,v114_s0466,0,104,False,1.0,
control,114,467,v114_s0467,0,81,False,1.0,
control,114,468,v114_s0468,0,0,False,0.0,
control,114,469,v114_s0469,0,0,False,0.0,
control,114,470,v114_s0470,0,0,False,0.0,
control,114,471,v114_s0471,0,0,False,0.0,
control,114,472,v114_s0472,0,0,False,0.0,
control,114,473,v114_s0473,0,0,False,0.0,
control,114,474,v114_s0474,0,0,False,0.0,
control,114,475,v114_s0475,0,0,False,0.0,
control,114,476,v114_s0476,0,0,False,0.0,
control,114,477,v114_s0477,0,0,False,0.0,
control,114,478,v114_s0478,0,0,False,0.0,
control,114,479,v114_s0479,0,0,False,0.0,
control,114,480,v114_s0480,0,0,False,0.0,
control,114,481,v114_s0481,0,0,False,0.0,
control,114,482,v114_s0482,0,0,False,0.0,
control,114,483,v114_s0483,0,0,False,0.0,
control,114,484,v114_s0484,0,0,False,0.0,
control,114,485,v114_s0485,0,0,False,0.0,
control,114,486,v114_s0486,0,0,False,0.0,
control,114,487,v114_s0487,0,0,False,0.0,
control,114,488,v114_s0488,0,0,False,0.0,
control,114,489,v114_s0489,0,14,False,0.99951171875,
control,114,490,v114_s0490,0,0,False,0.0,
control,114,491,v114_s0491,0,0,False,0.0,
control,114,492,v114_s0492,0,0,False,0.0,
control,114,493,v114_s0493,0,24,False,1.0,
control,114,494,v114_s0494,0,0,False,0.0,
control,114,495,v114_s0495,0,0,False,0.0,
control,114,496,v114_s0496,0,0,False,0.0,
control,114,497,v114_s0497,0,0,False,0.0,
control,114,498,v114_s0498,0,0,False,0.0,
control,114,499,v114_s0499,0,0,False,0.0,
control,114,500,v114_s0500,0,0,False,0.0,
control,114,501,v114_s0501,0,0,False,0.0,
control,114,502,v114_s0502,0,0,False,0.0,
control,114,503,v114_s0503,0,0,False,0.0,
control,114,504,v114_s0504,0,0,False,0.0,
control,114,505,v114_s0505,0,0,False,0.0,
control,114,506,v114_s0506,0,0,False,0.0,
control,114,507,v114_s0507,0,0,False,0.0,
control,114,508,v114_s0508,0,0,False,0.0,
control,114,509,v114_s0509,0,0,False,0.0,
control,114,510,v114_s0510,0,0,False,0.0,
control,114,511,v114_s0511,0,0,False,0.0,
control,114,512,v114_s0512,0,0,False,0.0,
control,114,513,v114_s0513,0,0,False,0.0,
control,114,514,v114_s0514,0,0,False,0.0,
control,114,515,v114_s0515,0,0,False,0.0,
control,114,516,v114_s0516,0,0,False,0.0,
control,114,517,v114_s0517,0,0,False,0.0,
control,114,518,v114_s0518,0,0,False,0.0,
control,114,519,v114_s0519,0,0,False,0.0,
control,114,520,v114_s0520,0,0,False,0.0,
control,114,521,v114_s0521,0,0,False,0.0,
control,114,522,v114_s0522,0,0,False,0.0,
control,114,523,v114_s0523,0,0,False,0.0,
control,114,524,v114_s0524,0,0,False,0.0,
control,114,525,v114_s0525,0,0,False,1.1920928955078125e-06,
control,114,526,v114_s0526,0,0,False,0.0,
control,114,527,v114_s0527,0,0,False,0.0,
control,114,528,v114_s0528,0,0,False,0.0,
control,114,529,v114_s0529,0,0,False,0.0,
control,114,530,v114_s0530,0,0,False,0.0,
control,114,531,v114_s0531,0,0,False,0.0,
control,114,532,v114_s0532,0,0,False,0.0,
control,114,533,v114_s0533,0,0,False,0.0,
control,114,534,v114_s0534,0,0,False,0.0,
control,114,535,v114_s0535,0,0,False,0.0,
control,114,536,v114_s0536,0,0,False,0.0,
control,114,537,v114_s0537,0,0,False,0.0,
control,114,538,v114_s0538,0,0,False,0.0,
control,114,539,v114_s0539,0,0,False,0.0,
control,114,540,v114_s0540,0,0,False,0.0,
control,114,541,v114_s0541,0,0,False,0.0,
control,114,542,v114_s0542,0,0,False,0.0,
control,114,543,v114_s0543,0,0,False,0.0,
control,114,544,v114_s0544,0,0,False,0.0,
control,114,545,v114_s0545,0,0,False,0.0,
control,114,546,v114_s0546,0,0,False,0.0,
control,114,547,v114_s0547,0,0,False,0.0,
control,114,548,v114_s0548,0,0,False,0.0,
control,114,549,v114_s0549,0,0,False,0.0,
control,114,550,v114_s0550,0,0,False,0.0,
control,114,551,v114_s0551,0,0,False,0.0,
control,114,552,v114_s0552,0,0,False,0.0,
control,114,553,v114_s0553,0,0,False,0.0,
control,114,554,v114_s0554,0,0,False,0.0,
control,114,555,v114_s0555,0,0,False,0.0,
control,114,556,v114_s0556,0,0,False,0.0,
control,114,557,v114_s0557,0,0,False,0.0,
control,114,558,v114_s0558,0,0,False,0.0,
control,114,559,v114_s0559,0,0,False,0.0,
control,114,560,v114_s0560,0,0,False,0.0,
control,114,561,v114_s0561,0,0,False,0.0,
control,114,562,v114_s0562,0,0,False,0.0,
control,114,563,v114_s0563,0,0,False,0.0,
control,114,564,v114_s0564,0,0,False,0.0,
control,114,565,v114_s0565,0,0,False,0.0,
control,114,566,v114_s0566,0,0,False,0.0,
control,114,567,v114_s0567,0,0,False,0.0,
control,114,568,v114_s0568,0,0,False,0.0,
control,114,569,v114_s0569,0,0,False,0.0,
control,114,570,v114_s0570,0,0,False,0.0,
control,114,571,v114_s0571,0,0,False,0.0,
control,114,572,v114_s0572,0,0,False,0.0,
control,114,573,v114_s0573,0,0,False,0.0,
control,114,574,v114_s0574,0,0,False,0.0,
control,114,575,v114_s0575,0,0,False,0.0,
control,114,576,v114_s0576,0,0,False,0.0,
control,114,577,v114_s0577,0,0,False,0.0,
control,114,578,v114_s0578,0,0,False,0.0,
control,114,579,v114_s0579,0,0,False,0.0,
control,114,580,v114_s0580,0,0,False,0.0,
control,114,581,v114_s0581,0,0,False,0.0,
control,114,582,v114_s0582,0,0,False,0.0,
control,114,583,v114_s0583,0,0,False,0.0,
control,114,584,v114_s0584,0,0,False,0.0,
control,114,585,v114_s0585,0,0,False,0.0,
control,114,586,v114_s0586,0,0,False,0.0,
control,114,587,v114_s0587,0,0,False,0.0,
control,114,588,v114_s0588,0,0,False,0.0,
control,114,589,v114_s0589,0,0,False,0.0,
control,114,590,v114_s0590,0,0,False,0.0,
control,114,591,v114_s0591,0,0,False,0.0,
control,114,592,v114_s0592,0,0,False,0.0,
control,114,593,v114_s0593,0,0,False,0.0,
control,114,594,v114_s0594,0,0,False,0.0,
control,114,595,v114_s0595,0,0,False,0.0,
control,114,596,v114_s0596,0,0,False,0.0,
control,114,597,v114_s0597,0,0,False,0.0,
control,114,598,v114_s0598,0,0,False,0.0,
control,114,599,v114_s0599,0,0,False,0.0,
control,114,600,v114_s0600,0,0,False,0.0,
control,114,601,v114_s0601,0,0,False,0.0,
control,114,602,v114_s0602,0,0,False,0.0,
control,114,603,v114_s0603,0,0,False,0.0,
control,114,604,v114_s0604,0,0,False,0.0,
control,114,605,v114_s0605,0,0,False,0.0,
control,114,606,v114_s0606,0,0,False,0.0,
control,114,607,v114_s0607,0,0,False,0.0,
control,114,608,v114_s0608,0,0,False,0.0,
control,114,609,v114_s0609,0,0,False,0.0,
control,114,610,v114_s0610,0,0,False,0.0,
control,114,611,v114_s0611,0,0,False,0.0,
control,114,612,v114_s0612,0,0,False,0.0,
control,114,613,v114_s0613,0,0,False,0.0,
control,114,614,v114_s0614,0,0,False,0.0,
control,114,615,v114_s0615,0,0,False,0.0,
control,114,616,v114_s0616,0,0,False,0.0,
control,114,617,v114_s0617,0,0,False,0.0,
control,114,618,v114_s0618,0,0,False,0.0,
control,114,619,v114_s0619,0,0,False,0.0,
control,114,620,v114_s0620,0,0,False,0.0,
control,114,621,v114_s0621,0,0,False,0.0,
control,114,622,v114_s0622,0,0,False,0.0,
control,114,623,v114_s0623,0,0,False,0.0,
control,114,624,v114_s0624,0,0,False,0.0,
control,114,625,v114_s0625,0,0,False,0.0,
control,114,626,v114_s0626,0,0,False,0.0,
control,114,627,v114_s0627,0,0,False,0.0,
control,114,628,v114_s0628,0,0,False,0.0,
control,114,629,v114_s0629,0,0,False,0.0,
control,114,630,v114_s0630,0,0,False,0.0,
control,114,631,v114_s0631,0,0,False,0.0,
control,114,632,v114_s0632,0,0,False,0.0,
control,114,633,v114_s0633,0,0,False,0.0,
control,114,634,v114_s0634,0,0,False,0.0,
control,114,635,v114_s0635,0,0,False,0.0,
control,114,636,v114_s0636,0,0,False,0.0,
control,114,637,v114_s0637,0,0,False,0.0,
control,114,638,v114_s0638,0,0,False,0.0,
control,114,639,v114_s0639,0,0,False,0.0,
control,114,640,v114_s0640,0,0,False,0.0,
control,114,641,v114_s0641,0,0,False,0.0,
control,114,642,v114_s0642,0,0,False,0.0,
control,114,643,v114_s0643,0,0,False,0.0,
control,114,644,v114_s0644,0,0,False,0.0,
control,114,645,v114_s0645,0,0,False,0.0,
control,114,646,v114_s0646,0,0,False,0.0,
control,114,647,v114_s0647,0,0,False,0.0,
control,114,648,v114_s0648,0,0,False,0.0,
control,114,649,v114_s0649,0,0,False,0.0,
control,114,650,v114_s0650,0,0,False,0.0,
control,114,651,v114_s0651,0,0,False,0.0,
control,114,652,v114_s0652,0,0,False,0.0,
control,114,653,v114_s0653,0,0,False,0.0,
control,114,654,v114_s0654,0,0,False,0.0,
control,114,655,v114_s0655,0,0,False,0.0,
control,114,656,v114_s0656,0,0,False,0.0,
control,114,657,v114_s0657,0,0,False,0.0,
control,114,658,v114_s0658,0,0,False,0.0,
control,114,659,v114_s0659,0,0,False,0.0,
control,114,660,v114_s0660,0,0,False,0.0,
control,114,661,v114_s0661,0,0,False,0.0,
control,114,662,v114_s0662,0,0,False,0.0,
control,114,663,v114_s0663,0,0,False,0.0,
control,114,664,v114_s0664,0,0,False,0.0,
control,114,665,v114_s0665,0,0,False,0.0,
control,114,666,v114_s0666,0,0,False,0.0,
control,114,667,v114_s0667,0,0,False,0.0,
control,114,668,v114_s0668,0,0,False,0.0,
control,114,669,v114_s0669,0,0,False,0.0,
control,114,670,v114_s0670,0,0,False,0.0,
control,114,671,v114_s0671,0,0,False,0.0,
control,114,672,v114_s0672,0,0,False,0.0,
control,114,673,v114_s0673,0,0,False,0.0,
control,114,674,v114_s0674,0,0,False,0.0,
control,114,675,v114_s0675,0,0,False,0.0,
control,114,676,v114_s0676,0,0,False,0.0,
control,114,677,v114_s0677,0,0,False,0.0,
control,114,678,v114_s0678,0,0,False,0.0,
control,114,679,v114_s0679,0,0,False,0.0,
control,114,680,v114_s0680,0,0,False,0.0,
control,114,681,v114_s0681,0,0,False,0.0,
control,114,682,v114_s0682,0,0,False,0.0,
control,114,683,v114_s0683,0,0,False,0.0,
control,114,684,v114_s0684,0,0,False,0.0,
control,114,685,v114_s0685,0,0,False,0.0,
control,114,686,v114_s0686,0,0,False,0.0,
control,114,687,v114_s0687,0,0,False,0.0,
control,114,688,v114_s0688,0,0,False,0.0,
control,114,689,v114_s0689,0,0,False,0.0,
control,114,690,v114_s0690,0,0,False,0.0,
control,114,691,v114_s0691,0,0,False,0.0,
control,114,692,v114_s0692,0,0,False,0.0,
control,114,693,v114_s0693,0,0,False,0.0,
control,114,694,v114_s0694,0,0,False,0.0,
control,114,695,v114_s0695,0,0,False,0.0,
control,114,696,v114_s0696,0,0,False,0.0,
control,114,697,v114_s0697,0,0,False,0.0,
control,114,698,v114_s0698,0,0,False,0.0,
control,114,699,v114_s0699,0,0,False,0.0,
control,114,700,v114_s0700,0,0,False,0.0,
control,114,701,v114_s0701,0,0,False,0.0,
control,114,702,v114_s0702,0,0,False,0.0,
control,114,703,v114_s0703,0,0,False,0.0,
control,114,704,v114_s0704,0,0,False,0.0,
control,114,705,v114_s0705,0,0,False,0.0,
control,114,706,v114_s0706,0,0,False,0.0,
control,114,707,v114_s0707,0,0,False,0.0,
control,114,708,v114_s0708,0,0,False,0.0,
control,114,709,v114_s0709,0,0,False,0.0,
control,114,710,v114_s0710,0,0,False,0.0,
control,114,711,v114_s0711,0,0,False,0.0,
control,114,712,v114_s0712,0,0,False,0.0,
control,114,713,v114_s0713,0,0,False,0.0,
control,114,714,v114_s0714,0,0,False,0.0,
control,114,715,v114_s0715,0,0,False,0.0,
control,114,716,v114_s0716,0,0,False,0.0,
control,114,717,v114_s0717,0,0,False,0.0,
control,114,718,v114_s0718,0,0,False,0.0,
control,114,719,v114_s0719,0,0,False,0.0,
control,114,720,v114_s0720,0,0,False,0.0,
control,114,721,v114_s0721,0,0,False,0.0,
control,114,722,v114_s0722,0,0,False,0.0,
control,114,723,v114_s0723,0,0,False,0.0,
control,114,724,v114_s0724,0,0,False,0.0,
control,114,725,v114_s0725,0,0,False,0.0,
control,114,726,v114_s0726,0,0,False,0.0,
control,114,727,v114_s0727,0,0,False,0.0,
control,114,728,v114_s0728,0,0,False,0.0,
control,114,729,v114_s0729,0,0,False,0.0,
control,114,730,v114_s0730,0,0,False,0.0,
control,114,731,v114_s0731,0,0,False,0.0,
control,114,732,v114_s0732,0,0,False,0.0,
control,114,733,v114_s0733,0,0,False,0.0,
control,114,734,v114_s0734,0,0,False,0.0,
control,114,735,v114_s0735,0,0,False,0.0,
control,114,736,v114_s0736,0,0,False,0.0,
control,114,737,v114_s0737,0,0,False,0.0,
control,114,738,v114_s0738,0,0,False,0.0,
control,114,739,v114_s0739,0,0,False,0.0,
control,114,740,v114_s0740,0,0,False,0.0,
control,114,741,v114_s0741,0,0,False,0.0,
control,114,742,v114_s0742,0,0,False,0.0,
control,114,743,v114_s0743,0,0,False,0.0,
control,114,744,v114_s0744,0,0,False,0.0,
control,114,745,v114_s0745,0,0,False,0.0,
control,114,746,v114_s0746,0,0,False,0.0,
control,114,747,v114_s0747,0,0,False,0.0,
control,114,748,v114_s0748,0,0,False,0.0,
control,114,749,v114_s0749,0,0,False,0.0,
control,114,750,v114_s0750,0,0,False,0.0,
control,114,751,v114_s0751,0,0,False,0.0,
control,114,752,v114_s0752,0,0,False,0.0,
control,114,753,v114_s0753,0,0,False,0.0,
control,114,754,v114_s0754,0,0,False,0.0,
control,114,755,v114_s0755,0,0,False,0.0,
control,114,756,v114_s0756,0,0,False,0.0,
control,114,757,v114_s0757,0,0,False,0.0,
control,114,758,v114_s0758,0,0,False,0.0,
control,114,759,v114_s0759,0,0,False,0.0,
control,114,760,v114_s0760,0,0,False,0.0,
control,114,761,v114_s0761,0,0,False,0.0,
control,114,762,v114_s0762,0,0,False,0.0,
control,114,763,v114_s0763,0,0,False,0.0,
control,114,764,v114_s0764,0,0,False,0.0,
control,114,765,v114_s0765,0,0,False,0.0,
control,114,766,v114_s0766,0,0,False,0.0,
control,114,767,v114_s0767,0,0,False,0.0,
control,114,768,v114_s0768,0,0,False,0.0,
control,114,769,v114_s0769,0,0,False,0.0,
control,114,770,v114_s0770,0,0,False,0.0,
control,114,771,v114_s0771,0,0,False,0.0,
control,114,772,v114_s0772,0,0,False,0.0,
control,114,773,v114_s0773,0,0,False,0.0,
control,114,774,v114_s0774,0,0,False,0.0,
control,114,775,v114_s0775,0,0,False,0.0,
control,114,776,v114_s0776,0,0,False,0.0,
control,114,777,v114_s0777,0,0,False,0.0,
control,114,778,v114_s0778,0,0,False,0.0,
control,114,779,v114_s0779,0,0,False,0.0,
control,114,780,v114_s0780,0,0,False,0.0,
control,114,781,v114_s0781,0,0,False,0.0,
control,114,782,v114_s0782,0,0,False,0.0,
control,114,783,v114_s0783,0,0,False,0.0,
control,114,784,v114_s0784,0,0,False,0.0,
control,114,785,v114_s0785,0,0,False,0.0,
control,114,786,v114_s0786,0,0,False,0.0,
control,114,787,v114_s0787,0,0,False,0.0,
control,114,788,v114_s0788,0,0,False,0.0,
control,114,789,v114_s0789,0,0,False,0.0,
control,114,790,v114_s0790,0,0,False,0.0,
control,114,791,v114_s0791,0,0,False,0.0,
control,114,792,v114_s0792,0,0,False,0.0,
control,114,793,v114_s0793,0,0,False,0.0,
control,114,794,v114_s0794,0,0,False,0.0,
control,114,795,v114_s0795,0,0,False,0.0,
control,114,796,v114_s0796,0,0,False,0.0,
control,114,797,v114_s0797,0,0,False,0.0,
control,114,798,v114_s0798,0,0,False,0.0,
control,114,799,v114_s0799,0,0,False,0.0,
control,114,800,v114_s0800,0,0,False,0.0,
control,114,801,v114_s0801,0,0,False,0.0,
control,114,802,v114_s0802,0,0,False,0.0,
control,114,803,v114_s0803,0,0,False,0.0,
control,114,804,v114_s0804,0,0,False,0.0,
control,114,805,v114_s0805,0,0,False,0.0,
control,114,806,v114_s0806,0,0,False,0.0,
control,114,807,v114_s0807,0,0,False,0.0,
control,114,808,v114_s0808,0,0,False,0.0,
control,114,809,v114_s0809,0,0,False,0.0,
control,114,810,v114_s0810,0,0,False,0.0,
control,114,811,v114_s0811,0,0,False,0.0,
control,114,812,v114_s0812,0,0,False,0.0,
control,114,813,v114_s0813,0,0,False,0.0,
control,114,814,v114_s0814,0,0,False,0.0,
control,114,815,v114_s0815,0,0,False,0.0,
control,114,816,v114_s0816,0,0,False,0.0,
control,114,817,v114_s0817,0,0,False,0.0,
control,114,818,v114_s0818,0,0,False,0.0,
control,114,819,v114_s0819,0,0,False,0.0,
control,114,820,v114_s0820,0,0,False,0.0,
control,114,821,v114_s0821,0,0,False,0.0,
control,114,822,v114_s0822,0,0,False,0.0,
control,114,823,v114_s0823,0,0,False,0.0,
control,114,824,v114_s0824,0,0,False,0.0,
control,114,825,v114_s0825,0,0,False,0.0,
control,114,826,v114_s0826,0,0,False,0.0,
control,114,827,v114_s0827,0,0,False,0.0,
control,114,828,v114_s0828,0,0,False,0.0,
control,114,829,v114_s0829,0,0,False,0.0,
control,114,830,v114_s0830,0,0,False,0.0,
control,114,831,v114_s0831,0,0,False,0.0,
control,114,832,v114_s0832,0,0,False,0.0,
control,114,833,v114_s0833,0,0,False,0.0,
control,114,834,v114_s0834,0,0,False,0.0,
control,114,835,v114_s0835,0,0,False,0.0,
control,114,836,v114_s0836,0,0,False,0.0,
control,114,837,v114_s0837,0,0,False,0.0,
control,114,838,v114_s0838,0,0,False,0.0,
control,114,839,v114_s0839,0,0,False,0.0,
control,114,840,v114_s0840,0,0,False,0.0,
control,114,841,v114_s0841,0,0,False,0.0,
control,114,842,v114_s0842,0,0,False,0.0,
control,114,843,v114_s0843,0,0,False,0.0,
control,114,844,v114_s0844,0,0,False,0.0,
control,114,845,v114_s0845,0,0,False,0.0,
control,115,0,v115_s0000,0,0,False,0.0,
control,115,1,v115_s0001,0,0,False,0.0,
control,115,2,v115_s0002,0,0,False,0.0,
control,115,3,v115_s0003,0,0,False,0.0,
control,115,4,v115_s0004,0,0,False,0.0,
control,115,5,v115_s0005,0,0,False,0.0,
control,115,6,v115_s0006,0,0,False,0.0,
control,115,7,v115_s0007,0,0,False,0.0,
control,115,8,v115_s0008,0,0,False,0.0,
control,115,9,v115_s0009,0,0,False,0.0,
control,115,10,v115_s0010,0,0,False,0.0,
control,115,11,v115_s0011,0,0,False,0.0,
control,115,12,v115_s0012,0,0,False,0.0,
control,115,13,v115_s0013,0,0,False,0.0,
control,115,14,v115_s0014,0,0,False,0.0,
control,115,15,v115_s0015,0,0,False,0.0,
control,115,16,v115_s0016,0,0,False,0.0,
control,115,17,v115_s0017,0,0,False,0.0,
control,115,18,v115_s0018,0,0,False,0.0,
control,115,19,v115_s0019,0,0,False,0.0,
control,115,20,v115_s0020,0,0,False,0.0,
control,115,21,v115_s0021,0,0,False,0.0,
control,115,22,v115_s0022,0,0,False,0.0,
control,115,23,v115_s0023,0,0,False,0.0,
control,115,24,v115_s0024,0,0,False,0.0,
control,115,25,v115_s0025,0,0,False,0.0,
control,115,26,v115_s0026,0,0,False,0.0,
control,115,27,v115_s0027,0,0,False,0.0,
control,115,28,v115_s0028,0,0,False,0.0,
control,115,29,v115_s0029,0,0,False,0.0,
control,115,30,v115_s0030,0,0,False,0.0,
control,115,31,v115_s0031,0,0,False,0.0,
control,115,32,v115_s0032,0,0,False,0.0,
control,115,33,v115_s0033,0,0,False,0.0,
control,115,34,v115_s0034,0,0,False,0.0,
control,115,35,v115_s0035,0,0,False,0.0,
control,115,36,v115_s0036,0,0,False,0.0,
control,115,37,v115_s0037,0,0,False,0.0,
control,115,38,v115_s0038,0,0,False,0.0,
control,115,39,v115_s0039,0,0,False,0.0,
control,115,40,v115_s0040,0,0,False,0.0,
control,115,41,v115_s0041,0,0,False,0.0,
control,115,42,v115_s0042,0,0,False,0.0,
control,115,43,v115_s0043,0,0,False,0.0,
control,115,44,v115_s0044,0,0,False,0.0,
control,115,45,v115_s0045,0,0,False,0.0,
control,115,46,v115_s0046,0,0,False,0.0,
control,115,47,v115_s0047,0,0,False,0.0,
control,115,48,v115_s0048,0,0,False,0.0,
control,115,49,v115_s0049,0,0,False,0.0,
control,115,50,v115_s0050,0,0,False,0.0,
control,115,51,v115_s0051,0,0,False,0.0,
control,115,52,v115_s0052,0,0,False,0.0,
control,115,53,v115_s0053,0,0,False,0.0,
control,115,54,v115_s0054,0,0,False,0.0,
control,115,55,v115_s0055,0,0,False,0.0,
control,115,56,v115_s0056,0,0,False,0.0,
control,115,57,v115_s0057,0,0,False,0.0,
control,115,58,v115_s0058,0,0,False,0.0,
control,115,59,v115_s0059,0,0,False,0.0,
control,115,60,v115_s0060,0,0,False,0.0,
control,115,61,v115_s0061,0,0,False,0.0,
control,115,62,v115_s0062,0,0,False,0.0,
control,115,63,v115_s0063,0,0,False,0.0,
control,115,64,v115_s0064,0,0,False,0.0,
control,115,65,v115_s0065,0,0,False,0.0,
control,115,66,v115_s0066,0,0,False,0.0,
control,115,67,v115_s0067,0,0,False,0.0,
control,115,68,v115_s0068,0,0,False,0.0,
control,115,69,v115_s0069,0,0,False,0.0,
control,115,70,v115_s0070,0,0,False,0.0,
control,115,71,v115_s0071,0,0,False,0.0,
control,115,72,v115_s0072,0,0,False,0.0,
control,115,73,v115_s0073,0,0,False,0.0,
control,115,74,v115_s0074,0,0,False,0.0,
control,115,75,v115_s0075,0,0,False,0.0,
control,115,76,v115_s0076,0,0,False,0.0,
control,115,77,v115_s0077,0,0,False,0.0,
control,115,78,v115_s0078,0,0,False,0.0,
control,115,79,v115_s0079,0,0,False,0.0,
control,115,80,v115_s0080,0,0,False,0.0,
control,115,81,v115_s0081,0,0,False,0.0,
control,115,82,v115_s0082,0,0,False,0.0,
control,115,83,v115_s0083,0,0,False,0.0,
control,115,84,v115_s0084,0,0,False,0.0,
control,115,85,v115_s0085,0,0,False,0.0,
control,115,86,v115_s0086,0,0,False,0.0,
control,115,87,v115_s0087,0,0,False,0.0,
control,115,88,v115_s0088,0,0,False,0.0,
control,115,89,v115_s0089,0,0,False,0.0,
control,115,90,v115_s0090,0,0,False,0.0,
control,115,91,v115_s0091,0,0,False,0.0,
control,115,92,v115_s0092,0,0,False,0.0,
control,115,93,v115_s0093,0,0,False,0.0,
control,115,94,v115_s0094,0,0,False,0.0,
control,115,95,v115_s0095,0,0,False,0.0,
control,115,96,v115_s0096,0,0,False,0.0,
control,115,97,v115_s0097,0,0,False,0.0,
control,115,98,v115_s0098,0,0,False,0.0,
control,115,99,v115_s0099,0,0,False,0.0,
control,115,100,v115_s0100,0,0,False,0.0,
control,115,101,v115_s0101,0,0,False,0.0,
control,115,102,v115_s0102,0,0,False,0.0,
control,115,103,v115_s0103,0,0,False,0.0,
control,115,104,v115_s0104,0,0,False,0.0,
control,115,105,v115_s0105,0,0,False,0.0,
control,115,106,v115_s0106,0,0,False,0.0,
control,115,107,v115_s0107,0,0,False,0.0,
control,115,108,v115_s0108,0,0,False,0.0,
control,115,109,v115_s0109,0,0,False,0.0,
control,115,110,v115_s0110,0,0,False,0.0,
control,115,111,v115_s0111,0,0,False,0.0,
control,115,112,v115_s0112,0,0,False,0.0,
control,115,113,v115_s0113,0,0,False,0.0,
control,115,114,v115_s0114,0,0,False,0.0,
control,115,115,v115_s0115,0,0,False,0.0,
control,115,116,v115_s0116,0,0,False,0.0,
control,115,117,v115_s0117,0,0,False,0.0,
control,115,118,v115_s0118,0,0,False,0.0,
control,115,119,v115_s0119,0,0,False,0.0,
control,115,120,v115_s0120,0,0,False,0.0,
control,115,121,v115_s0121,0,0,False,0.0,
control,115,122,v115_s0122,0,0,False,0.0,
control,115,123,v115_s0123,0,0,False,0.0,
control,115,124,v115_s0124,0,0,False,0.0,
control,115,125,v115_s0125,0,0,False,0.0,
control,115,126,v115_s0126,0,0,False,0.0,
control,115,127,v115_s0127,0,0,False,0.0,
control,115,128,v115_s0128,0,0,False,0.0,
control,115,129,v115_s0129,0,0,False,0.0,
control,115,130,v115_s0130,0,0,False,0.0,
control,115,131,v115_s0131,0,0,False,0.0,
control,115,132,v115_s0132,0,0,False,0.0,
control,115,133,v115_s0133,0,0,False,0.0,
control,115,134,v115_s0134,0,0,False,0.0,
control,115,135,v115_s0135,0,0,False,0.0,
control,115,136,v115_s0136,0,0,False,0.0,
control,115,137,v115_s0137,0,0,False,0.0,
control,115,138,v115_s0138,0,0,False,0.0,
control,115,139,v115_s0139,0,0,False,0.0,
control,115,140,v115_s0140,0,0,False,0.0,
control,115,141,v115_s0141,0,0,False,0.0,
control,115,142,v115_s0142,0,0,False,0.0,
control,115,143,v115_s0143,0,0,False,0.0,
control,115,144,v115_s0144,0,0,False,0.0,
control,115,145,v115_s0145,0,0,False,0.0,
control,115,146,v115_s0146,0,0,False,0.0,
control,115,147,v115_s0147,0,0,False,0.0,
control,115,148,v115_s0148,0,0,False,0.0,
control,115,149,v115_s0149,0,0,False,0.0,
control,115,150,v115_s0150,0,0,False,0.0,
control,115,151,v115_s0151,0,0,False,0.0,
control,115,152,v115_s0152,0,0,False,0.0,
control,115,153,v115_s0153,0,0,False,0.0,
control,115,154,v115_s0154,0,0,False,0.0,
control,115,155,v115_s0155,0,0,False,0.0,
control,115,156,v115_s0156,0,0,False,0.0,
control,115,157,v115_s0157,0,0,False,0.0,
control,115,158,v115_s0158,0,0,False,0.0,
control,115,159,v115_s0159,0,0,False,0.0,
control,115,160,v115_s0160,0,0,False,0.0,
control,115,161,v115_s0161,0,0,False,0.0,
control,115,162,v115_s0162,0,0,False,0.0,
control,115,163,v115_s0163,0,0,False,0.0,
control,115,164,v115_s0164,0,0,False,0.0,
control,115,165,v115_s0165,0,0,False,0.0,
control,115,166,v115_s0166,0,0,False,0.0,
control,115,167,v115_s0167,0,0,False,0.0,
control,115,168,v115_s0168,0,0,False,0.0,
control,115,169,v115_s0169,0,0,False,0.0,
control,115,170,v115_s0170,0,0,False,0.0,
control,115,171,v115_s0171,0,0,False,0.0,
control,115,172,v115_s0172,0,0,False,0.0,
control,115,173,v115_s0173,0,0,False,0.0,
control,115,174,v115_s0174,0,0,False,0.0,
control,115,175,v115_s0175,0,0,False,0.0,
control,115,176,v115_s0176,0,0,False,0.0,
control,115,177,v115_s0177,0,0,False,0.0,
control,115,178,v115_s0178,0,0,False,0.0,
control,115,179,v115_s0179,0,0,False,0.0,
control,115,180,v115_s0180,0,0,False,0.0,
control,115,181,v115_s0181,0,0,False,0.0,
control,115,182,v115_s0182,0,0,False,0.0,
control,115,183,v115_s0183,0,0,False,0.0,
control,115,184,v115_s0184,0,0,False,0.0,
control,115,185,v115_s0185,0,0,False,0.0,
control,115,186,v115_s0186,0,0,False,0.0,
control,115,187,v115_s0187,0,0,False,0.0,
control,115,188,v115_s0188,0,0,False,0.0,
control,115,189,v115_s0189,0,0,False,0.0,
control,115,190,v115_s0190,0,0,False,0.0,
control,115,191,v115_s0191,0,0,False,0.0,
control,115,192,v115_s0192,0,0,False,0.0,
control,115,193,v115_s0193,0,0,False,0.0,
control,115,194,v115_s0194,0,0,False,0.0,
control,115,195,v115_s0195,0,0,False,0.0,
control,115,196,v115_s0196,0,0,False,0.0,
control,115,197,v115_s0197,0,0,False,0.0,
control,115,198,v115_s0198,0,0,False,0.0,
control,115,199,v115_s0199,0,0,False,0.0,
control,115,200,v115_s0200,0,0,False,0.0,
control,115,201,v115_s0201,0,0,False,0.0,
control,115,202,v115_s0202,0,0,False,0.0,
control,115,203,v115_s0203,0,0,False,0.0,
control,115,204,v115_s0204,0,0,False,0.0,
control,115,205,v115_s0205,0,0,False,0.0,
control,115,206,v115_s0206,0,0,False,0.0,
control,115,207,v115_s0207,0,0,False,0.0,
control,115,208,v115_s0208,0,0,False,0.0,
control,115,209,v115_s0209,0,0,False,0.0,
control,115,210,v115_s0210,0,0,False,0.0,
control,115,211,v115_s0211,0,0,False,0.0,
control,115,212,v115_s0212,0,0,False,0.0,
control,115,213,v115_s0213,0,0,False,0.0,
control,115,214,v115_s0214,0,0,False,0.0,
control,115,215,v115_s0215,0,0,False,0.0,
control,115,216,v115_s0216,0,0,False,0.0,
control,115,217,v115_s0217,0,0,False,0.0,
control,115,218,v115_s0218,0,0,False,0.0,
control,115,219,v115_s0219,0,0,False,0.0,
control,115,220,v115_s0220,0,0,False,0.0,
control,115,221,v115_s0221,0,0,False,0.0,
control,115,222,v115_s0222,0,0,False,0.0,
control,115,223,v115_s0223,0,0,False,0.0,
control,115,224,v115_s0224,0,0,False,0.0,
control,115,225,v115_s0225,0,0,False,0.0,
control,115,226,v115_s0226,0,0,False,0.0,
control,115,227,v115_s0227,0,0,False,0.0,
control,115,228,v115_s0228,0,0,False,0.0,
control,115,229,v115_s0229,0,0,False,0.0,
control,115,230,v115_s0230,0,0,False,0.0,
control,115,231,v115_s0231,0,0,False,0.0,
control,115,232,v115_s0232,0,0,False,0.0,
control,115,233,v115_s0233,0,0,False,0.0,
control,115,234,v115_s0234,0,0,False,0.0,
control,115,235,v115_s0235,0,0,False,0.0,
control,115,236,v115_s0236,0,0,False,0.0,
control,115,237,v115_s0237,0,0,False,0.0,
control,115,238,v115_s0238,0,0,False,0.0,
control,115,239,v115_s0239,0,0,False,0.0,
control,115,240,v115_s0240,0,0,False,0.0,
control,115,241,v115_s0241,0,0,False,0.0,
control,115,242,v115_s0242,0,0,False,0.0,
control,115,243,v115_s0243,0,0,False,0.0,
control,115,244,v115_s0244,0,0,False,0.0,
control,115,245,v115_s0245,0,0,False,0.0,
control,115,246,v115_s0246,0,0,False,0.0,
control,115,247,v115_s0247,0,0,False,0.0,
control,115,248,v115_s0248,0,0,False,0.0,
control,115,249,v115_s0249,0,0,False,0.0,
control,115,250,v115_s0250,0,0,False,0.0,
control,115,251,v115_s0251,0,0,False,0.0,
control,115,252,v115_s0252,0,0,False,0.0,
control,115,253,v115_s0253,0,0,False,0.0,
control,115,254,v115_s0254,0,0,False,0.0,
control,115,255,v115_s0255,0,0,False,0.0,
control,115,256,v115_s0256,0,0,False,0.0,
control,115,257,v115_s0257,0,0,False,0.0,
control,115,258,v115_s0258,0,0,False,0.0,
control,115,259,v115_s0259,0,0,False,0.0,
control,115,260,v115_s0260,0,0,False,0.0,
control,115,261,v115_s0261,0,0,False,0.0,
control,115,262,v115_s0262,0,0,False,0.0,
control,115,263,v115_s0263,0,0,False,0.0,
control,115,264,v115_s0264,0,0,False,0.0,
control,115,265,v115_s0265,0,0,False,0.0,
control,115,266,v115_s0266,0,0,False,0.0,
control,115,267,v115_s0267,0,0,False,0.0,
control,115,268,v115_s0268,0,0,False,0.0,
control,115,269,v115_s0269,0,0,False,0.0,
control,115,270,v115_s0270,0,0,False,0.0,
control,115,271,v115_s0271,0,0,False,0.0,
control,115,272,v115_s0272,0,0,False,0.0,
control,115,273,v115_s0273,0,0,False,0.0,
control,115,274,v115_s0274,0,0,False,0.0,
control,115,275,v115_s0275,0,0,False,0.0,
control,115,276,v115_s0276,0,0,False,0.0,
control,115,277,v115_s0277,0,0,False,0.0,
control,115,278,v115_s0278,0,0,False,0.0,
control,115,279,v115_s0279,0,0,False,0.0,
control,115,280,v115_s0280,0,0,False,0.0,
control,115,281,v115_s0281,0,0,False,0.0,
control,115,282,v115_s0282,0,0,False,0.0,
control,115,283,v115_s0283,0,0,False,0.0,
control,115,284,v115_s0284,0,0,False,0.0,
control,115,285,v115_s0285,0,0,False,0.0,
control,115,286,v115_s0286,0,0,False,0.0,
control,115,287,v115_s0287,0,0,False,0.0,
control,115,288,v115_s0288,0,0,False,0.0,
control,115,289,v115_s0289,0,0,False,0.0,
control,115,290,v115_s0290,0,0,False,0.0,
control,115,291,v115_s0291,0,0,False,0.0,
control,115,292,v115_s0292,0,0,False,0.0,
control,115,293,v115_s0293,0,0,False,0.0,
control,115,294,v115_s0294,0,0,False,0.0,
control,115,295,v115_s0295,0,0,False,0.0,
control,115,296,v115_s0296,0,0,False,0.0,
control,115,297,v115_s0297,0,0,False,0.0,
control,115,298,v115_s0298,0,0,False,0.0,
control,115,299,v115_s0299,0,0,False,0.0,
control,115,300,v115_s0300,0,0,False,0.0,
control,115,301,v115_s0301,0,0,False,0.0,
control,115,302,v115_s0302,0,0,False,0.0,
control,115,303,v115_s0303,0,0,False,0.0,
control,115,304,v115_s0304,0,0,False,0.0,
control,115,305,v115_s0305,0,0,False,0.0,
control,115,306,v115_s0306,0,0,False,0.0,
control,115,307,v115_s0307,0,0,False,0.0,
control,115,308,v115_s0308,0,0,False,0.0,
control,115,309,v115_s0309,0,0,False,0.0,
control,115,310,v115_s0310,0,0,False,0.0,
control,115,311,v115_s0311,0,0,False,0.0,
control,115,312,v115_s0312,0,0,False,0.0,
control,115,313,v115_s0313,0,0,False,0.0,
control,115,314,v115_s0314,0,0,False,0.0,
control,115,315,v115_s0315,0,0,False,0.0,
control,115,316,v115_s0316,0,0,False,0.0,
control,115,317,v115_s0317,0,0,False,0.0,
control,115,318,v115_s0318,0,0,False,0.0,
control,115,319,v115_s0319,0,0,False,0.0,
control,115,320,v115_s0320,0,0,False,0.0,
control,115,321,v115_s0321,0,0,False,0.0,
control,115,322,v115_s0322,0,0,False,0.0,
control,115,323,v115_s0323,0,0,False,0.0,
control,115,324,v115_s0324,0,0,False,0.0,
control,115,325,v115_s0325,0,0,False,0.0,
control,115,326,v115_s0326,0,0,False,0.0,
control,115,327,v115_s0327,0,0,False,0.0,
control,115,328,v115_s0328,0,0,False,0.0,
control,115,329,v115_s0329,0,0,False,0.0,
control,115,330,v115_s0330,0,0,False,0.0,
control,115,331,v115_s0331,0,0,False,0.0,
control,115,332,v115_s0332,0,0,False,0.0,
control,115,333,v115_s0333,0,0,False,0.0,
control,115,334,v115_s0334,0,0,False,0.0,
control,115,335,v115_s0335,0,0,False,0.0,
control,115,336,v115_s0336,0,0,False,0.0,
control,115,337,v115_s0337,0,0,False,0.0,
control,115,338,v115_s0338,0,0,False,0.0,
control,115,339,v115_s0339,0,0,False,0.0,
control,115,340,v115_s0340,0,0,False,0.0,
control,115,341,v115_s0341,0,0,False,0.0,
control,115,342,v115_s0342,0,0,False,0.0,
control,115,343,v115_s0343,0,0,False,0.0,
control,115,344,v115_s0344,0,0,False,0.0,
control,115,345,v115_s0345,0,0,False,0.0,
control,115,346,v115_s0346,0,0,False,0.0,
control,115,347,v115_s0347,0,0,False,0.0,
control,115,348,v115_s0348,0,0,False,0.0,
control,115,349,v115_s0349,0,0,False,0.0,
control,115,350,v115_s0350,0,0,False,0.0,
control,115,351,v115_s0351,0,0,False,0.0,
control,115,352,v115_s0352,0,0,False,0.0,
control,115,353,v115_s0353,0,0,False,0.0,
control,115,354,v115_s0354,0,0,False,0.0,
control,115,355,v115_s0355,0,0,False,0.0,
control,115,356,v115_s0356,0,0,False,0.0,
control,115,357,v115_s0357,0,0,False,0.0,
control,115,358,v115_s0358,0,0,False,0.0,
control,115,359,v115_s0359,0,0,False,0.0,
control,115,360,v115_s0360,0,0,False,0.0,
control,115,361,v115_s0361,0,0,False,0.0,
control,115,362,v115_s0362,0,0,False,0.0,
control,115,363,v115_s0363,0,0,False,0.0,
control,115,364,v115_s0364,0,0,False,0.0,
control,115,365,v115_s0365,0,0,False,0.0,
control,115,366,v115_s0366,0,0,False,0.0,
control,115,367,v115_s0367,0,0,False,0.0,
control,115,368,v115_s0368,0,0,False,0.0,
control,115,369,v115_s0369,0,0,False,0.0,
control,115,370,v115_s0370,0,0,False,0.0,
control,115,371,v115_s0371,0,0,False,0.0,
control,115,372,v115_s0372,0,0,False,0.0,
control,115,373,v115_s0373,0,0,False,0.0,
control,115,374,v115_s0374,0,0,False,0.0,
control,115,375,v115_s0375,0,0,False,0.0,
control,115,376,v115_s0376,0,0,False,0.0,
control,115,377,v115_s0377,0,0,False,0.0,
control,115,378,v115_s0378,0,0,False,0.0,
control,115,379,v115_s0379,0,0,False,0.0,
control,115,380,v115_s0380,0,0,False,0.0,
control,115,381,v115_s0381,0,0,False,0.0,
control,115,382,v115_s0382,0,0,False,0.0,
control,115,383,v115_s0383,0,0,False,0.0,
control,115,384,v115_s0384,0,0,False,0.0,
control,115,385,v115_s0385,0,0,False,0.0,
control,115,386,v115_s0386,0,0,False,0.0,
control,115,387,v115_s0387,0,0,False,0.0,
control,115,388,v115_s0388,0,0,False,0.0,
control,115,389,v115_s0389,0,0,False,0.0,
control,115,390,v115_s0390,0,0,False,0.0,
control,115,391,v115_s0391,0,0,False,0.0,
control,115,392,v115_s0392,0,0,False,0.0,
control,115,393,v115_s0393,0,0,False,0.0,
control,115,394,v115_s0394,0,0,False,0.0,
control,115,395,v115_s0395,0,0,False,0.0,
control,115,396,v115_s0396,0,0,False,0.0,
control,115,397,v115_s0397,0,0,False,0.0,
control,115,398,v115_s0398,0,0,False,0.0,
control,115,399,v115_s0399,0,0,False,0.0,
control,115,400,v115_s0400,0,0,False,0.0,
control,115,401,v115_s0401,0,0,False,0.0,
control,115,402,v115_s0402,0,0,False,0.0,
control,115,403,v115_s0403,0,0,False,0.0,
control,115,404,v115_s0404,0,0,False,0.0,
control,115,405,v115_s0405,0,0,False,0.0,
control,115,406,v115_s0406,0,0,False,0.0,
control,115,407,v115_s0407,0,0,False,0.0,
control,115,408,v115_s0408,0,0,False,0.0,
control,115,409,v115_s0409,0,0,False,0.0,
control,115,410,v115_s0410,0,0,False,0.0,
control,115,411,v115_s0411,0,0,False,0.0,
control,115,412,v115_s0412,0,0,False,0.0,
control,115,413,v115_s0413,0,0,False,0.0,
control,115,414,v115_s0414,0,0,False,0.0,
control,115,415,v115_s0415,0,0,False,0.0,
control,115,416,v115_s0416,0,0,False,0.0,
control,115,417,v115_s0417,0,0,False,0.0,
control,115,418,v115_s0418,0,0,False,0.0,
control,115,419,v115_s0419,0,0,False,0.0,
control,115,420,v115_s0420,0,0,False,0.0,
control,115,421,v115_s0421,0,0,False,0.0,
control,115,422,v115_s0422,0,0,False,0.0,
control,115,423,v115_s0423,0,0,False,0.0,
control,115,424,v115_s0424,0,0,False,0.0,
control,115,425,v115_s0425,0,0,False,0.0,
control,115,426,v115_s0426,0,0,False,0.0,
control,115,427,v115_s0427,0,0,False,0.0,
control,115,428,v115_s0428,0,0,False,0.0,
control,115,429,v115_s0429,0,0,False,0.0,
control,115,430,v115_s0430,0,0,False,0.0,
control,115,431,v115_s0431,0,0,False,0.0,
control,115,432,v115_s0432,0,0,False,0.0,
control,115,433,v115_s0433,0,0,False,0.0,
control,115,434,v115_s0434,0,0,False,0.0,
control,115,435,v115_s0435,0,0,False,0.0,
control,115,436,v115_s0436,0,0,False,0.0,
control,115,437,v115_s0437,0,0,False,0.0,
control,115,438,v115_s0438,0,0,False,0.0,
control,115,439,v115_s0439,0,0,False,0.0,
control,115,440,v115_s0440,0,0,False,0.0,
control,115,441,v115_s0441,0,0,False,0.0,
control,115,442,v115_s0442,0,0,False,0.0,
control,115,443,v115_s0443,0,0,False,0.0,
control,115,444,v115_s0444,0,0,False,0.0,
control,115,445,v115_s0445,0,0,False,0.0,
control,115,446,v115_s0446,0,0,False,0.0,
control,115,447,v115_s0447,0,0,False,0.0,
control,115,448,v115_s0448,0,0,False,0.0,
control,115,449,v115_s0449,0,5,False,0.9931640625,
control,115,450,v115_s0450,0,16,False,1.0,
control,115,451,v115_s0451,0,14,False,1.0,
control,115,452,v115_s0452,0,12,False,1.0,
control,115,453,v115_s0453,0,13,False,1.0,
control,115,454,v115_s0454,0,12,False,1.0,
control,115,455,v115_s0455,0,0,False,0.0994873046875,
control,115,456,v115_s0456,0,0,False,0.327880859375,
control,115,457,v115_s0457,0,9,False,1.0,
control,115,458,v115_s0458,0,10,False,0.99951171875,
control,115,459,v115_s0459,0,9,False,1.0,
control,115,460,v115_s0460,0,0,False,0.0016145706176757812,
control,115,461,v115_s0461,0,0,False,0.0,
control,115,462,v115_s0462,0,10,False,1.0,
control,115,463,v115_s0463,0,25,False,1.0,
control,115,464,v115_s0464,0,41,False,1.0,
control,115,465,v115_s0465,0,30,False,1.0,
control,115,466,v115_s0466,0,23,False,1.0,
control,115,467,v115_s0467,0,22,False,1.0,
control,115,468,v115_s0468,0,21,False,1.0,
control,115,469,v115_s0469,0,28,False,1.0,
control,115,470,v115_s0470,0,10,False,1.0,
control,115,471,v115_s0471,0,0,False,5.960464477539063e-08,
control,115,472,v115_s0472,0,0,False,0.0,
control,115,473,v115_s0473,0,0,False,0.00720977783203125,
control,115,474,v115_s0474,0,0,False,0.00298309326171875,
control,115,475,v115_s0475,0,7,False,0.9970703125,
control,115,476,v115_s0476,0,12,False,1.0,
control,115,477,v115_s0477,0,11,False,1.0,
control,115,478,v115_s0478,0,11,False,0.99853515625,
control,115,479,v115_s0479,0,8,False,0.99853515625,
control,115,480,v115_s0480,0,10,False,1.0,
control,115,481,v115_s0481,0,9,False,1.0,
control,115,482,v115_s0482,0,8,False,1.0,
control,115,483,v115_s0483,0,10,False,1.0,
control,115,484,v115_s0484,0,9,False,1.0,
control,115,485,v115_s0485,0,0,False,0.12646484375,
control,115,486,v115_s0486,0,0,False,0.0,
control,115,487,v115_s0487,0,0,False,0.0,
control,115,488,v115_s0488,0,120,False,1.0,
control,115,489,v115_s0489,0,137,False,1.0,
control,115,490,v115_s0490,0,130,False,1.0,
control,115,491,v115_s0491,0,132,False,1.0,
control,115,492,v115_s0492,0,0,False,0.00435638427734375,
control,115,493,v115_s0493,0,0,False,0.00351715087890625,
control,115,494,v115_s0494,0,0,False,0.0,
control,115,495,v115_s0495,0,0,False,0.0,
control,115,496,v115_s0496,0,35,False,1.0,
control,115,497,v115_s0497,0,31,False,1.0,
control,115,498,v115_s0498,0,21,False,1.0,
control,115,499,v115_s0499,0,34,False,1.0,
control,115,500,v115_s0500,0,22,False,1.0,
control,115,501,v115_s0501,0,0,False,0.0,
control,115,502,v115_s0502,0,21,False,1.0,
control,115,503,v115_s0503,0,26,False,1.0,
control,115,504,v115_s0504,0,44,False,1.0,
control,115,505,v115_s0505,0,23,False,1.0,
control,115,506,v115_s0506,0,33,False,1.0,
control,115,507,v115_s0507,0,28,False,1.0,
control,115,508,v115_s0508,0,17,False,1.0,
control,115,509,v115_s0509,0,19,False,1.0,
control,115,510,v115_s0510,0,20,False,1.0,
control,115,511,v115_s0511,0,35,False,1.0,
control,115,512,v115_s0512,0,14,False,1.0,
control,115,513,v115_s0513,0,0,False,0.0,
control,115,514,v115_s0514,0,0,False,0.0,
control,115,515,v115_s0515,0,0,False,0.0,
control,115,516,v115_s0516,0,75,False,1.0,
control,115,517,v115_s0517,0,79,False,1.0,
control,115,518,v115_s0518,0,124,False,1.0,
control,115,519,v115_s0519,0,146,False,1.0,
control,115,520,v115_s0520,0,35,False,1.0,
control,115,521,v115_s0521,0,47,False,1.0,
control,115,522,v115_s0522,0,64,False,1.0,
control,115,523,v115_s0523,0,58,False,1.0,
control,115,524,v115_s0524,0,40,False,1.0,
control,115,525,v115_s0525,0,29,False,1.0,
control,115,526,v115_s0526,0,0,False,0.1861572265625,
control,115,527,v115_s0527,0,36,False,1.0,
control,115,528,v115_s0528,0,31,False,1.0,
control,115,529,v115_s0529,0,18,False,1.0,
control,115,530,v115_s0530,0,10,False,1.0,
control,115,531,v115_s0531,0,17,False,1.0,
control,115,532,v115_s0532,0,0,False,2.866983413696289e-05,
control,115,533,v115_s0533,0,0,False,0.0,
control,115,534,v115_s0534,0,9,False,0.9951171875,
control,115,535,v115_s0535,0,0,False,0.0,
control,115,536,v115_s0536,0,4,False,0.85400390625,
control,115,537,v115_s0537,0,41,False,1.0,
control,115,538,v115_s0538,0,44,False,1.0,
control,115,539,v115_s0539,0,80,False,1.0,
control,115,540,v115_s0540,0,80,False,1.0,
control,115,541,v115_s0541,0,81,False,1.0,
control,115,542,v115_s0542,0,77,False,1.0,
control,115,543,v115_s0543,0,47,False,1.0,
control,115,544,v115_s0544,0,64,False,1.0,
control,115,545,v115_s0545,0,77,False,1.0,
control,115,546,v115_s0546,0,79,False,1.0,
control,115,547,v115_s0547,0,77,False,1.0,
control,115,548,v115_s0548,0,143,False,1.0,
control,115,549,v115_s0549,0,83,False,1.0,
control,115,550,v115_s0550,0,121,False,1.0,
control,115,551,v115_s0551,0,125,False,1.0,
control,115,552,v115_s0552,0,45,False,1.0,
control,115,553,v115_s0553,0,70,False,1.0,
control,115,554,v115_s0554,0,35,False,1.0,
control,115,555,v115_s0555,0,38,False,1.0,
control,115,556,v115_s0556,0,69,False,1.0,
control,115,557,v115_s0557,0,83,False,1.0,
control,115,558,v115_s0558,0,56,False,1.0,
control,115,559,v115_s0559,0,0,False,0.34326171875,
control,115,560,v115_s0560,0,0,False,9.5367431640625e-07,
control,115,561,v115_s0561,0,0,False,0.036834716796875,
control,115,562,v115_s0562,0,6,False,0.990234375,
control,115,563,v115_s0563,0,0,False,0.00904083251953125,
control,115,564,v115_s0564,0,0,False,0.0,
control,115,565,v115_s0565,0,0,False,0.0,
control,115,566,v115_s0566,0,0,False,0.0,
control,115,567,v115_s0567,0,0,False,2.980232238769531e-07,
control,115,568,v115_s0568,0,12,False,1.0,
control,115,569,v115_s0569,0,28,False,1.0,
control,115,570,v115_s0570,0,31,False,1.0,
control,115,571,v115_s0571,0,22,False,1.0,
control,115,572,v115_s0572,0,30,False,1.0,
control,115,573,v115_s0573,0,0,False,7.516145706176758e-05,
control,115,574,v115_s0574,0,0,False,0.0,
control,115,575,v115_s0575,0,29,False,1.0,
control,115,576,v115_s0576,0,29,False,1.0,
control,115,577,v115_s0577,0,0,False,0.0,
control,115,578,v115_s0578,0,0,False,0.0,
control,115,579,v115_s0579,0,0,False,0.0,
control,115,580,v115_s0580,0,0,False,0.0,
control,115,581,v115_s0581,0,0,False,0.0,
control,115,582,v115_s0582,0,0,False,0.0,
control,115,583,v115_s0583,0,0,False,0.0,
control,115,584,v115_s0584,0,0,False,0.0,
control,115,585,v115_s0585,0,0,False,0.0,
control,115,586,v115_s0586,0,0,False,0.0,
control,115,587,v115_s0587,0,0,False,0.0,
control,115,588,v115_s0588,0,0,False,0.0,
control,115,589,v115_s0589,0,0,False,0.0,
control,115,590,v115_s0590,0,0,False,0.0,
control,115,591,v115_s0591,0,0,False,0.0,
control,115,592,v115_s0592,0,0,False,0.0,
control,115,593,v115_s0593,0,0,False,0.0,
control,115,594,v115_s0594,0,0,False,0.0,
control,115,595,v115_s0595,0,0,False,0.0,
control,115,596,v115_s0596,0,0,False,0.0,
control,115,597,v115_s0597,0,0,False,0.0,
control,115,598,v115_s0598,0,0,False,0.0,
control,115,599,v115_s0599,0,0,False,0.0,
control,115,600,v115_s0600,0,0,False,0.0,
control,115,601,v115_s0601,0,0,False,0.0,
control,115,602,v115_s0602,0,0,False,0.0,
control,115,603,v115_s0603,0,0,False,0.0,
control,115,604,v115_s0604,0,0,False,0.0,
control,115,605,v115_s0605,0,0,False,0.0,
control,115,606,v115_s0606,0,0,False,0.0,
control,115,607,v115_s0607,0,0,False,0.0,
control,115,608,v115_s0608,0,0,False,0.0,
control,115,609,v115_s0609,0,0,False,0.0,
control,115,610,v115_s0610,0,0,False,0.0,
control,115,611,v115_s0611,0,0,False,0.0,
control,115,612,v115_s0612,0,0,False,0.0,
control,115,613,v115_s0613,0,0,False,0.0,
control,115,614,v115_s0614,0,0,False,0.0,
control,115,615,v115_s0615,0,0,False,0.0,
control,115,616,v115_s0616,0,0,False,0.0,
control,115,617,v115_s0617,0,0,False,0.0,
control,115,618,v115_s0618,0,0,False,0.0,
control,115,619,v115_s0619,0,0,False,0.0,
control,115,620,v115_s0620,0,0,False,0.0,
control,115,621,v115_s0621,0,0,False,0.0,
control,115,622,v115_s0622,0,0,False,0.0,
control,115,623,v115_s0623,0,0,False,0.0,
control,115,624,v115_s0624,0,0,False,0.0,
control,115,625,v115_s0625,0,0,False,0.0,
control,115,626,v115_s0626,0,0,False,0.0,
control,115,627,v115_s0627,0,0,False,0.0,
control,115,628,v115_s0628,0,0,False,0.0,
control,115,629,v115_s0629,0,0,False,0.0,
control,115,630,v115_s0630,0,0,False,0.0,
control,115,631,v115_s0631,0,0,False,0.0,
control,115,632,v115_s0632,0,0,False,0.0,
control,115,633,v115_s0633,0,0,False,0.0,
control,115,634,v115_s0634,0,0,False,0.0,
control,115,635,v115_s0635,0,0,False,0.0,
control,115,636,v115_s0636,0,0,False,0.0,
control,115,637,v115_s0637,0,0,False,0.0,
control,115,638,v115_s0638,0,0,False,0.0,
control,115,639,v115_s0639,0,0,False,0.0,
control,115,640,v115_s0640,0,0,False,0.0,
control,115,641,v115_s0641,0,0,False,0.0,
control,115,642,v115_s0642,0,0,False,0.0,
control,115,643,v115_s0643,0,0,False,0.0,
control,115,644,v115_s0644,0,0,False,0.0,
control,115,645,v115_s0645,0,0,False,0.0,
control,115,646,v115_s0646,0,0,False,0.0,
control,115,647,v115_s0647,0,0,False,0.0,
control,115,648,v115_s0648,0,0,False,0.0,
control,115,649,v115_s0649,0,0,False,0.0,
control,115,650,v115_s0650,0,0,False,0.0,
control,115,651,v115_s0651,0,0,False,0.0,
control,115,652,v115_s0652,0,0,False,0.0,
control,115,653,v115_s0653,0,0,False,0.0,
control,115,654,v115_s0654,0,0,False,0.0,
control,115,655,v115_s0655,0,0,False,0.0,
control,115,656,v115_s0656,0,0,False,0.0,
control,115,657,v115_s0657,0,0,False,0.0,
control,115,658,v115_s0658,0,0,False,0.0,
control,115,659,v115_s0659,0,0,False,0.0,
control,115,660,v115_s0660,0,0,False,0.0,
control,115,661,v115_s0661,0,0,False,0.0,
control,115,662,v115_s0662,0,0,False,0.0,
control,115,663,v115_s0663,0,0,False,0.0,
control,115,664,v115_s0664,0,0,False,0.0,
control,115,665,v115_s0665,0,0,False,0.0,
control,115,666,v115_s0666,0,0,False,0.0,
control,115,667,v115_s0667,0,0,False,0.0,
control,115,668,v115_s0668,0,0,False,0.0,
control,115,669,v115_s0669,0,0,False,0.0,
control,115,670,v115_s0670,0,0,False,0.0,
control,115,671,v115_s0671,0,0,False,0.0,
control,115,672,v115_s0672,0,0,False,0.0,
control,115,673,v115_s0673,0,0,False,0.0,
control,115,674,v115_s0674,0,0,False,0.0,
control,115,675,v115_s0675,0,0,False,0.0,
control,115,676,v115_s0676,0,0,False,0.0,
control,115,677,v115_s0677,0,0,False,0.0,
control,115,678,v115_s0678,0,0,False,0.0,
control,115,679,v115_s0679,0,0,False,0.0,
control,115,680,v115_s0680,0,0,False,0.0,
control,115,681,v115_s0681,0,0,False,0.0,
control,115,682,v115_s0682,0,0,False,0.0,
control,115,683,v115_s0683,0,0,False,0.0,
control,115,684,v115_s0684,0,0,False,0.0,
control,115,685,v115_s0685,0,0,False,0.0,
control,115,686,v115_s0686,0,0,False,0.0,
control,115,687,v115_s0687,0,0,False,0.0,
control,115,688,v115_s0688,0,0,False,0.0,
control,115,689,v115_s0689,0,0,False,0.0,
control,115,690,v115_s0690,0,0,False,0.0,
control,115,691,v115_s0691,0,0,False,0.0,
control,115,692,v115_s0692,0,0,False,0.0,
control,115,693,v115_s0693,0,0,False,0.0,
control,115,694,v115_s0694,0,0,False,0.0,
control,115,695,v115_s0695,0,0,False,0.0,
control,115,696,v115_s0696,0,0,False,0.0,
control,115,697,v115_s0697,0,0,False,0.0,
control,115,698,v115_s0698,0,0,False,0.0,
control,115,699,v115_s0699,0,0,False,0.0,
control,115,700,v115_s0700,0,0,False,0.0,
control,115,701,v115_s0701,0,0,False,0.0,
control,115,702,v115_s0702,0,0,False,0.0,
control,115,703,v115_s0703,0,0,False,0.0,
control,115,704,v115_s0704,0,0,False,0.0,
control,115,705,v115_s0705,0,0,False,0.0,
control,115,706,v115_s0706,0,0,False,0.0,
control,115,707,v115_s0707,0,0,False,0.0,
control,115,708,v115_s0708,0,0,False,0.0,
control,115,709,v115_s0709,0,0,False,0.0,
control,115,710,v115_s0710,0,0,False,0.0,
control,115,711,v115_s0711,0,0,False,0.0,
control,115,712,v115_s0712,0,0,False,0.0,
control,115,713,v115_s0713,0,0,False,0.0,
control,115,714,v115_s0714,0,0,False,0.0,
control,115,715,v115_s0715,0,0,False,0.0,
control,115,716,v115_s0716,0,0,False,0.0,
control,115,717,v115_s0717,0,0,False,0.0,
control,115,718,v115_s0718,0,0,False,0.0,
control,115,719,v115_s0719,0,0,False,0.0,
control,115,720,v115_s0720,0,0,False,0.0,
control,115,721,v115_s0721,0,0,False,0.0,
control,115,722,v115_s0722,0,0,False,0.0,
control,115,723,v115_s0723,0,0,False,0.0,
control,115,724,v115_s0724,0,0,False,0.0,
control,115,725,v115_s0725,0,0,False,0.0,
control,115,726,v115_s0726,0,0,False,0.0,
control,115,727,v115_s0727,0,0,False,0.0,
control,115,728,v115_s0728,0,0,False,0.0,
control,115,729,v115_s0729,0,0,False,0.0,
control,115,730,v115_s0730,0,0,False,0.0,
control,115,731,v115_s0731,0,0,False,0.0,
control,115,732,v115_s0732,0,0,False,0.0,
control,115,733,v115_s0733,0,0,False,0.0,
control,115,734,v115_s0734,0,0,False,0.0,
control,115,735,v115_s0735,0,0,False,0.0,
control,115,736,v115_s0736,0,0,False,0.0,
control,115,737,v115_s0737,0,0,False,0.0,
control,115,738,v115_s0738,0,0,False,0.0,
control,115,739,v115_s0739,0,0,False,0.0,
control,115,740,v115_s0740,0,0,False,0.0,
control,115,741,v115_s0741,0,0,False,0.0,
control,115,742,v115_s0742,0,0,False,0.0,
control,115,743,v115_s0743,0,0,False,0.0,
control,115,744,v115_s0744,0,0,False,0.0,
control,115,745,v115_s0745,0,0,False,0.0,
control,115,746,v115_s0746,0,0,False,0.0,
control,115,747,v115_s0747,0,0,False,0.0,
control,115,748,v115_s0748,0,0,False,0.0,
control,115,749,v115_s0749,0,0,False,0.0,
control,115,750,v115_s0750,0,0,False,0.0,
control,115,751,v115_s0751,0,0,False,0.0,
control,115,752,v115_s0752,0,0,False,0.0,
control,115,753,v115_s0753,0,0,False,0.0,
control,115,754,v115_s0754,0,0,False,0.0,
control,115,755,v115_s0755,0,0,False,0.0,
control,115,756,v115_s0756,0,0,False,0.0,
control,115,757,v115_s0757,0,0,False,0.0,
control,115,758,v115_s0758,0,0,False,0.0,
control,115,759,v115_s0759,0,0,False,0.0,
control,115,760,v115_s0760,0,0,False,0.0,
control,115,761,v115_s0761,0,0,False,0.0,
control,115,762,v115_s0762,0,0,False,0.0,
control,115,763,v115_s0763,0,0,False,0.0,
control,115,764,v115_s0764,0,0,False,0.0,
control,115,765,v115_s0765,0,0,False,0.0,
control,115,766,v115_s0766,0,0,False,0.0,
control,115,767,v115_s0767,0,0,False,0.0,
control,115,768,v115_s0768,0,0,False,0.0,
control,115,769,v115_s0769,0,0,False,0.0,
control,115,770,v115_s0770,0,0,False,0.0,
control,115,771,v115_s0771,0,0,False,0.0,
control,115,772,v115_s0772,0,0,False,0.0,
control,115,773,v115_s0773,0,0,False,0.0,
control,115,774,v115_s0774,0,0,False,0.0,
control,115,775,v115_s0775,0,0,False,0.0,
control,115,776,v115_s0776,0,0,False,0.0,
control,115,777,v115_s0777,0,0,False,0.0,
control,115,778,v115_s0778,0,0,False,0.0,
control,115,779,v115_s0779,0,0,False,0.0,
control,115,780,v115_s0780,0,0,False,0.0,
control,115,781,v115_s0781,0,0,False,0.0,
control,115,782,v115_s0782,0,0,False,0.0,
control,115,783,v115_s0783,0,0,False,0.0,
control,115,784,v115_s0784,0,0,False,0.0,
control,115,785,v115_s0785,0,0,False,0.0,
control,115,786,v115_s0786,0,0,False,0.0,
control,115,787,v115_s0787,0,0,False,0.0,
control,115,788,v115_s0788,0,0,False,0.0,
control,115,789,v115_s0789,0,0,False,0.0,
control,115,790,v115_s0790,0,0,False,0.0,
control,115,791,v115_s0791,0,0,False,0.0,
control,115,792,v115_s0792,0,0,False,0.0,
control,115,793,v115_s0793,0,0,False,0.0,
control,115,794,v115_s0794,0,0,False,0.0,
control,115,795,v115_s0795,0,0,False,0.0,
control,115,796,v115_s0796,0,0,False,0.0,
control,115,797,v115_s0797,0,0,False,0.0,
control,115,798,v115_s0798,0,0,False,0.0,
control,115,799,v115_s0799,0,0,False,0.0,
control,115,800,v115_s0800,0,0,False,0.0,
control,115,801,v115_s0801,0,0,False,0.0,
control,115,802,v115_s0802,0,0,False,0.0,
control,115,803,v115_s0803,0,0,False,0.0,
control,115,804,v115_s0804,0,0,False,0.0,
control,115,805,v115_s0805,0,0,False,0.0,
control,115,806,v115_s0806,0,0,False,0.0,
control,115,807,v115_s0807,0,0,False,0.0,
control,115,808,v115_s0808,0,0,False,0.0,
control,115,809,v115_s0809,0,0,False,0.0,
control,115,810,v115_s0810,0,0,False,0.0,
control,115,811,v115_s0811,0,0,False,0.0,
control,115,812,v115_s0812,0,0,False,0.0,
control,115,813,v115_s0813,0,0,False,0.0,
control,115,814,v115_s0814,0,0,False,0.0,
control,115,815,v115_s0815,0,0,False,0.0,
control,115,816,v115_s0816,0,0,False,0.0,
control,115,817,v115_s0817,0,0,False,0.0,
control,115,818,v115_s0818,0,0,False,0.0,
control,115,819,v115_s0819,0,0,False,0.0,
control,115,820,v115_s0820,0,0,False,0.0,
control,115,821,v115_s0821,0,0,False,0.0,
control,115,822,v115_s0822,0,0,False,0.0,
control,115,823,v115_s0823,0,0,False,0.0,
control,115,824,v115_s0824,0,0,False,0.0,
control,115,825,v115_s0825,0,0,False,0.0,
control,115,826,v115_s0826,0,0,False,0.0,
control,115,827,v115_s0827,0,0,False,0.0,
control,115,828,v115_s0828,0,0,False,0.0,
control,115,829,v115_s0829,0,0,False,0.0,
control,115,830,v115_s0830,0,0,False,0.0,
control,115,831,v115_s0831,0,0,False,0.0,
control,115,832,v115_s0832,0,0,False,0.0,
control,115,833,v115_s0833,0,0,False,0.0,
control,115,834,v115_s0834,0,0,False,0.0,
control,115,835,v115_s0835,0,0,False,0.0,
control,115,836,v115_s0836,0,0,False,0.0,
control,115,837,v115_s0837,0,0,False,0.0,
control,115,838,v115_s0838,0,0,False,0.0,
control,115,839,v115_s0839,0,0,False,0.0,
control,115,840,v115_s0840,0,0,False,0.0,
control,115,841,v115_s0841,0,0,False,0.0,
control,115,842,v115_s0842,0,0,False,0.0,
control,115,843,v115_s0843,0,0,False,0.0,
control,115,844,v115_s0844,0,0,False,0.0,
control,115,845,v115_s0845,0,0,False,0.0,
control,116,0,v116_s0000,0,0,False,0.0,
control,116,1,v116_s0001,0,0,False,0.0,
control,116,2,v116_s0002,0,0,False,0.0,
control,116,3,v116_s0003,0,0,False,0.0,
control,116,4,v116_s0004,0,0,False,0.0,
control,116,5,v116_s0005,0,0,False,0.0,
control,116,6,v116_s0006,0,0,False,0.0,
control,116,7,v116_s0007,0,0,False,0.0,
control,116,8,v116_s0008,0,0,False,0.0,
control,116,9,v116_s0009,0,0,False,0.0,
control,116,10,v116_s0010,0,0,False,0.0,
control,116,11,v116_s0011,0,0,False,0.0,
control,116,12,v116_s0012,0,0,False,0.0,
control,116,13,v116_s0013,0,0,False,0.0,
control,116,14,v116_s0014,0,0,False,0.0,
control,116,15,v116_s0015,0,0,False,0.0,
control,116,16,v116_s0016,0,0,False,0.0,
control,116,17,v116_s0017,0,0,False,0.0,
control,116,18,v116_s0018,0,0,False,0.0,
control,116,19,v116_s0019,0,0,False,0.0,
control,116,20,v116_s0020,0,0,False,0.0,
control,116,21,v116_s0021,0,0,False,0.0,
control,116,22,v116_s0022,0,0,False,0.0,
control,116,23,v116_s0023,0,0,False,0.0,
control,116,24,v116_s0024,0,0,False,0.0,
control,116,25,v116_s0025,0,0,False,0.0,
control,116,26,v116_s0026,0,0,False,0.0,
control,116,27,v116_s0027,0,0,False,0.0,
control,116,28,v116_s0028,0,0,False,0.0,
control,116,29,v116_s0029,0,0,False,5.960464477539063e-08,
control,116,30,v116_s0030,0,0,False,0.0,
control,116,31,v116_s0031,0,0,False,0.0,
control,116,32,v116_s0032,0,0,False,0.0,
control,116,33,v116_s0033,0,0,False,0.0,
control,116,34,v116_s0034,0,0,False,0.0,
control,116,35,v116_s0035,0,0,False,0.0,
control,116,36,v116_s0036,0,0,False,0.0,
control,116,37,v116_s0037,0,0,False,0.0,
control,116,38,v116_s0038,0,0,False,0.0,
control,116,39,v116_s0039,0,0,False,0.0,
control,116,40,v116_s0040,0,0,False,0.0,
control,116,41,v116_s0041,0,0,False,0.002552032470703125,
control,116,42,v116_s0042,0,0,False,0.0,
control,116,43,v116_s0043,0,0,False,0.0,
control,116,44,v116_s0044,0,0,False,0.0,
control,116,45,v116_s0045,0,0,False,0.0,
control,116,46,v116_s0046,0,0,False,0.0,
control,116,47,v116_s0047,0,0,False,0.0,
control,116,48,v116_s0048,0,0,False,0.0,
control,116,49,v116_s0049,0,0,False,0.0,
control,116,50,v116_s0050,0,0,False,0.0,
control,116,51,v116_s0051,0,0,False,0.0,
control,116,52,v116_s0052,0,0,False,0.0,
control,116,53,v116_s0053,0,0,False,0.0,
control,116,54,v116_s0054,0,0,False,0.0,
control,116,55,v116_s0055,0,0,False,0.0,
control,116,56,v116_s0056,0,0,False,0.0,
control,116,57,v116_s0057,0,0,False,0.0,
control,116,58,v116_s0058,0,0,False,0.0,
control,116,59,v116_s0059,0,0,False,0.0,
control,116,60,v116_s0060,0,0,False,0.0,
control,116,61,v116_s0061,0,0,False,0.0,
control,116,62,v116_s0062,0,0,False,0.0,
control,116,63,v116_s0063,0,0,False,0.0,
control,116,64,v116_s0064,0,0,False,0.0,
control,116,65,v116_s0065,0,0,False,0.0,
control,116,66,v116_s0066,0,0,False,0.0,
control,116,67,v116_s0067,0,0,False,0.0,
control,116,68,v116_s0068,0,0,False,0.0,
control,116,69,v116_s0069,0,0,False,0.0,
control,116,70,v116_s0070,0,0,False,0.0,
control,116,71,v116_s0071,0,0,False,2.980232238769531e-07,
control,116,72,v116_s0072,0,175,False,1.0,
control,116,73,v116_s0073,0,128,False,1.0,
control,116,74,v116_s0074,0,0,False,0.09979248046875,
control,116,75,v116_s0075,0,0,False,0.0,
control,116,76,v116_s0076,0,62,False,1.0,
control,116,77,v116_s0077,0,0,False,0.0,
control,116,78,v116_s0078,0,0,False,0.0,
control,116,79,v116_s0079,0,0,False,0.0,
control,116,80,v116_s0080,0,0,False,0.0,
control,116,81,v116_s0081,0,0,False,0.0,
control,116,82,v116_s0082,0,0,False,0.0,
control,116,83,v116_s0083,0,0,False,0.0,
control,116,84,v116_s0084,0,0,False,0.0,
control,116,85,v116_s0085,0,0,False,0.0,
control,116,86,v116_s0086,0,0,False,0.0,
control,116,87,v116_s0087,0,0,False,0.0,
control,116,88,v116_s0088,0,0,False,0.0,
control,116,89,v116_s0089,0,0,False,0.0,
control,116,90,v116_s0090,0,0,False,0.0,
control,116,91,v116_s0091,0,0,False,0.0,
control,116,92,v116_s0092,0,0,False,0.0,
control,116,93,v116_s0093,0,0,False,0.0,
control,116,94,v116_s0094,0,0,False,0.0,
control,116,95,v116_s0095,0,0,False,0.0,
control,116,96,v116_s0096,0,0,False,0.0,
control,116,97,v116_s0097,0,0,False,0.0,
control,116,98,v116_s0098,0,0,False,0.0,
control,116,99,v116_s0099,0,0,False,0.0,
control,116,100,v116_s0100,0,0,False,0.0,
control,116,101,v116_s0101,0,0,False,0.0,
control,116,102,v116_s0102,0,0,False,0.0,
control,116,103,v116_s0103,0,0,False,0.0,
control,116,104,v116_s0104,0,0,False,0.0,
control,116,105,v116_s0105,0,0,False,0.0,
control,116,106,v116_s0106,0,0,False,0.0,
control,116,107,v116_s0107,0,0,False,0.0,
control,116,108,v116_s0108,0,0,False,0.0,
control,116,109,v116_s0109,0,0,False,0.0,
control,116,110,v116_s0110,0,0,False,0.0,
control,116,111,v116_s0111,0,0,False,0.0,
control,116,112,v116_s0112,0,0,False,0.0,
control,116,113,v116_s0113,0,0,False,0.0,
control,116,114,v116_s0114,0,0,False,0.0,
control,116,115,v116_s0115,0,0,False,0.0,
control,116,116,v116_s0116,0,0,False,0.0,
control,116,117,v116_s0117,0,0,False,0.0,
control,116,118,v116_s0118,0,0,False,0.0,
control,116,119,v116_s0119,0,0,False,0.0,
control,116,120,v116_s0120,0,0,False,0.0,
control,116,121,v116_s0121,0,0,False,0.0,
control,116,122,v116_s0122,0,0,False,0.0,
control,116,123,v116_s0123,0,0,False,0.0,
control,116,124,v116_s0124,0,0,False,0.0,
control,116,125,v116_s0125,0,0,False,0.0,
control,116,126,v116_s0126,0,0,False,0.0,
control,116,127,v116_s0127,0,0,False,0.0,
control,116,128,v116_s0128,0,0,False,0.0,
control,116,129,v116_s0129,0,0,False,0.0,
control,116,130,v116_s0130,0,0,False,0.0,
control,116,131,v116_s0131,0,0,False,0.0,
control,116,132,v116_s0132,0,0,False,0.0,
control,116,133,v116_s0133,0,0,False,0.0,
control,116,134,v116_s0134,0,0,False,0.0,
control,116,135,v116_s0135,0,0,False,0.0,
control,116,136,v116_s0136,0,0,False,0.0,
control,116,137,v116_s0137,0,0,False,0.0,
control,116,138,v116_s0138,0,0,False,0.0,
control,116,139,v116_s0139,0,0,False,0.0,
control,116,140,v116_s0140,0,0,False,0.0,
control,116,141,v116_s0141,0,0,False,0.0,
control,116,142,v116_s0142,0,0,False,0.0,
control,116,143,v116_s0143,0,0,False,0.0,
control,116,144,v116_s0144,0,0,False,0.0,
control,116,145,v116_s0145,0,0,False,0.0,
control,116,146,v116_s0146,0,0,False,0.0,
control,116,147,v116_s0147,0,0,False,0.0,
control,116,148,v116_s0148,0,0,False,0.0,
control,116,149,v116_s0149,0,0,False,0.0,
control,116,150,v116_s0150,0,0,False,0.0,
control,116,151,v116_s0151,0,0,False,0.0,
control,116,152,v116_s0152,0,0,False,0.0,
control,116,153,v116_s0153,0,0,False,0.0,
control,116,154,v116_s0154,0,0,False,0.0,
control,116,155,v116_s0155,0,0,False,0.0,
control,116,156,v116_s0156,0,0,False,0.0,
control,116,157,v116_s0157,0,0,False,0.0,
control,116,158,v116_s0158,0,0,False,0.0,
control,116,159,v116_s0159,0,0,False,0.0,
control,116,160,v116_s0160,0,0,False,0.0,
control,116,161,v116_s0161,0,0,False,0.0,
control,116,162,v116_s0162,0,0,False,0.0,
control,116,163,v116_s0163,0,0,False,0.0,
control,116,164,v116_s0164,0,0,False,0.0,
control,116,165,v116_s0165,0,0,False,0.0,
control,116,166,v116_s0166,0,0,False,0.0,
control,116,167,v116_s0167,0,0,False,0.0,
control,116,168,v116_s0168,0,0,False,0.0,
control,116,169,v116_s0169,0,0,False,0.0,
control,116,170,v116_s0170,0,0,False,0.0,
control,116,171,v116_s0171,0,0,False,0.0,
control,116,172,v116_s0172,0,0,False,0.0,
control,116,173,v116_s0173,0,0,False,0.0,
control,116,174,v116_s0174,0,0,False,0.0,
control,116,175,v116_s0175,0,0,False,0.0,
control,116,176,v116_s0176,0,0,False,0.0,
control,116,177,v116_s0177,0,0,False,0.0,
control,116,178,v116_s0178,0,0,False,0.0,
control,116,179,v116_s0179,0,0,False,0.0,
control,116,180,v116_s0180,0,0,False,0.0,
control,116,181,v116_s0181,0,0,False,0.0,
control,116,182,v116_s0182,0,0,False,0.0,
control,116,183,v116_s0183,0,0,False,0.0,
control,116,184,v116_s0184,0,0,False,0.0,
control,116,185,v116_s0185,0,0,False,0.0,
control,116,186,v116_s0186,0,0,False,0.0,
control,116,187,v116_s0187,0,0,False,0.0,
control,116,188,v116_s0188,0,0,False,0.0,
control,116,189,v116_s0189,0,0,False,0.0,
control,116,190,v116_s0190,0,0,False,0.0,
control,116,191,v116_s0191,0,0,False,0.0,
control,116,192,v116_s0192,0,0,False,0.0,
control,116,193,v116_s0193,0,0,False,0.0,
control,116,194,v116_s0194,0,0,False,0.0,
control,116,195,v116_s0195,0,0,False,0.0,
control,116,196,v116_s0196,0,0,False,0.0,
control,116,197,v116_s0197,0,0,False,0.0,
control,116,198,v116_s0198,0,0,False,0.0,
control,116,199,v116_s0199,0,0,False,0.0,
control,116,200,v116_s0200,0,0,False,0.0,
control,116,201,v116_s0201,0,0,False,0.0,
control,116,202,v116_s0202,0,0,False,0.0,
control,116,203,v116_s0203,0,0,False,0.0,
control,116,204,v116_s0204,0,0,False,0.0,
control,116,205,v116_s0205,0,0,False,0.0,
control,116,206,v116_s0206,0,0,False,0.0,
control,116,207,v116_s0207,0,0,False,0.0,
control,116,208,v116_s0208,0,0,False,0.0,
control,116,209,v116_s0209,0,0,False,0.0,
control,116,210,v116_s0210,0,0,False,0.0,
control,116,211,v116_s0211,0,0,False,0.0,
control,116,212,v116_s0212,0,0,False,0.0,
control,116,213,v116_s0213,0,0,False,0.0,
control,116,214,v116_s0214,0,0,False,0.0,
control,116,215,v116_s0215,0,0,False,0.0,
control,116,216,v116_s0216,0,0,False,0.0,
control,116,217,v116_s0217,0,0,False,0.0,
control,116,218,v116_s0218,0,0,False,0.0,
control,116,219,v116_s0219,0,0,False,0.0,
control,116,220,v116_s0220,0,0,False,0.0,
control,116,221,v116_s0221,0,0,False,0.0,
control,116,222,v116_s0222,0,0,False,0.0,
control,116,223,v116_s0223,0,0,False,0.0,
control,116,224,v116_s0224,0,0,False,0.0,
control,116,225,v116_s0225,0,0,False,0.0,
control,116,226,v116_s0226,0,0,False,0.0,
control,116,227,v116_s0227,0,0,False,0.0,
control,116,228,v116_s0228,0,0,False,0.0,
control,116,229,v116_s0229,0,0,False,0.0,
control,116,230,v116_s0230,0,0,False,0.0,
control,116,231,v116_s0231,0,0,False,0.0,
control,116,232,v116_s0232,0,0,False,0.0,
control,116,233,v116_s0233,0,0,False,0.0,
control,116,234,v116_s0234,0,0,False,0.0,
control,116,235,v116_s0235,0,0,False,0.0,
control,116,236,v116_s0236,0,0,False,0.0,
control,116,237,v116_s0237,0,0,False,0.0,
control,116,238,v116_s0238,0,0,False,0.0,
control,116,239,v116_s0239,0,0,False,0.0,
control,116,240,v116_s0240,0,0,False,0.0,
control,116,241,v116_s0241,0,0,False,0.0,
control,116,242,v116_s0242,0,0,False,0.0,
control,116,243,v116_s0243,0,0,False,0.0,
control,116,244,v116_s0244,0,0,False,0.0,
control,116,245,v116_s0245,0,0,False,0.0,
control,116,246,v116_s0246,0,0,False,0.0,
control,116,247,v116_s0247,0,0,False,0.0,
control,116,248,v116_s0248,0,0,False,0.0,
control,116,249,v116_s0249,0,0,False,0.0,
control,116,250,v116_s0250,0,0,False,0.0,
control,116,251,v116_s0251,0,0,False,0.0,
control,116,252,v116_s0252,0,0,False,0.0,
control,116,253,v116_s0253,0,0,False,0.0,
control,116,254,v116_s0254,0,0,False,0.0,
control,116,255,v116_s0255,0,0,False,0.0,
control,116,256,v116_s0256,0,0,False,0.0,
control,116,257,v116_s0257,0,0,False,0.0,
control,116,258,v116_s0258,0,0,False,0.0,
control,116,259,v116_s0259,0,0,False,0.0,
control,116,260,v116_s0260,0,0,False,0.0,
control,116,261,v116_s0261,0,0,False,0.0,
control,116,262,v116_s0262,0,0,False,0.0,
control,116,263,v116_s0263,0,0,False,0.0,
control,116,264,v116_s0264,0,0,False,0.0,
control,116,265,v116_s0265,0,0,False,0.0,
control,116,266,v116_s0266,0,0,False,0.0,
control,116,267,v116_s0267,0,0,False,0.0,
control,116,268,v116_s0268,0,0,False,0.0,
control,116,269,v116_s0269,0,0,False,0.0,
control,116,270,v116_s0270,0,0,False,0.0,
control,116,271,v116_s0271,0,0,False,0.0,
control,116,272,v116_s0272,0,0,False,0.0,
control,116,273,v116_s0273,0,0,False,0.0,
control,116,274,v116_s0274,0,0,False,0.0,
control,116,275,v116_s0275,0,0,False,0.0,
control,116,276,v116_s0276,0,0,False,0.0,
control,116,277,v116_s0277,0,0,False,0.0,
control,116,278,v116_s0278,0,0,False,0.0,
control,116,279,v116_s0279,0,0,False,0.0,
control,116,280,v116_s0280,0,0,False,0.0,
control,116,281,v116_s0281,0,0,False,0.0,
control,116,282,v116_s0282,0,0,False,0.0,
control,116,283,v116_s0283,0,0,False,0.0,
control,116,284,v116_s0284,0,0,False,0.0,
control,116,285,v116_s0285,0,0,False,0.0,
control,116,286,v116_s0286,0,0,False,0.0,
control,116,287,v116_s0287,0,0,False,0.0,
control,116,288,v116_s0288,0,0,False,0.0,
control,116,289,v116_s0289,0,0,False,0.0,
control,116,290,v116_s0290,0,0,False,0.0,
control,116,291,v116_s0291,0,0,False,0.0,
control,116,292,v116_s0292,0,0,False,0.0,
control,116,293,v116_s0293,0,0,False,0.0,
control,116,294,v116_s0294,0,0,False,0.0,
control,116,295,v116_s0295,0,0,False,0.0,
control,116,296,v116_s0296,0,0,False,0.0,
control,116,297,v116_s0297,0,0,False,0.0,
control,116,298,v116_s0298,0,0,False,0.0,
control,116,299,v116_s0299,0,0,False,0.0,
control,116,300,v116_s0300,0,0,False,0.0,
control,116,301,v116_s0301,0,0,False,0.0,
control,116,302,v116_s0302,0,0,False,0.0,
control,116,303,v116_s0303,0,0,False,0.0,
control,116,304,v116_s0304,0,0,False,0.0,
control,116,305,v116_s0305,0,0,False,0.0,
control,116,306,v116_s0306,0,0,False,0.0,
control,116,307,v116_s0307,0,0,False,0.0,
control,116,308,v116_s0308,0,0,False,0.0,
control,116,309,v116_s0309,0,0,False,0.0,
control,116,310,v116_s0310,0,0,False,0.0,
control,116,311,v116_s0311,0,0,False,0.0,
control,116,312,v116_s0312,0,0,False,0.0,
control,116,313,v116_s0313,0,0,False,0.0,
control,116,314,v116_s0314,0,0,False,0.0,
control,116,315,v116_s0315,0,0,False,0.0,
control,116,316,v116_s0316,0,0,False,0.0,
control,116,317,v116_s0317,0,0,False,0.0,
control,116,318,v116_s0318,0,0,False,0.0,
control,116,319,v116_s0319,0,0,False,0.0,
control,116,320,v116_s0320,0,0,False,0.0,
control,116,321,v116_s0321,0,0,False,0.0,
control,116,322,v116_s0322,0,0,False,0.0,
control,116,323,v116_s0323,0,0,False,0.0,
control,116,324,v116_s0324,0,0,False,0.0,
control,116,325,v116_s0325,0,0,False,0.0,
control,116,326,v116_s0326,0,0,False,0.0,
control,116,327,v116_s0327,0,0,False,0.0,
control,116,328,v116_s0328,0,0,False,0.0,
control,116,329,v116_s0329,0,0,False,0.0,
control,116,330,v116_s0330,0,0,False,0.0,
control,116,331,v116_s0331,0,0,False,0.0,
control,116,332,v116_s0332,0,0,False,0.0,
control,116,333,v116_s0333,0,0,False,0.0,
control,116,334,v116_s0334,0,0,False,0.0,
control,116,335,v116_s0335,0,0,False,0.0,
control,116,336,v116_s0336,0,0,False,0.0,
control,116,337,v116_s0337,0,0,False,0.0,
control,116,338,v116_s0338,0,0,False,0.0,
control,116,339,v116_s0339,0,0,False,0.0,
control,116,340,v116_s0340,0,0,False,0.0,
control,116,341,v116_s0341,0,0,False,0.0,
control,116,342,v116_s0342,0,0,False,0.0,
control,116,343,v116_s0343,0,0,False,0.0,
control,116,344,v116_s0344,0,0,False,0.0,
control,116,345,v116_s0345,0,0,False,0.0,
control,116,346,v116_s0346,0,0,False,0.0,
control,116,347,v116_s0347,0,0,False,0.0,
control,116,348,v116_s0348,0,0,False,0.0,
control,116,349,v116_s0349,0,0,False,0.0,
control,116,350,v116_s0350,0,0,False,0.0,
control,116,351,v116_s0351,0,0,False,0.0,
control,116,352,v116_s0352,0,0,False,0.0,
control,116,353,v116_s0353,0,0,False,0.0,
control,116,354,v116_s0354,0,0,False,0.0,
control,116,355,v116_s0355,0,0,False,0.0,
control,116,356,v116_s0356,0,0,False,0.0,
control,116,357,v116_s0357,0,0,False,0.0,
control,116,358,v116_s0358,0,0,False,0.0,
control,116,359,v116_s0359,0,0,False,0.0,
control,116,360,v116_s0360,0,0,False,0.0,
control,116,361,v116_s0361,0,0,False,0.0,
control,116,362,v116_s0362,0,0,False,0.0,
control,116,363,v116_s0363,0,0,False,0.0,
control,116,364,v116_s0364,0,0,False,0.0,
control,116,365,v116_s0365,0,0,False,0.0,
control,116,366,v116_s0366,0,0,False,0.0,
control,116,367,v116_s0367,0,0,False,0.0,
control,116,368,v116_s0368,0,0,False,0.0,
control,116,369,v116_s0369,0,0,False,0.0,
control,116,370,v116_s0370,0,0,False,0.0,
control,116,371,v116_s0371,0,0,False,0.0,
control,116,372,v116_s0372,0,0,False,0.0,
control,116,373,v116_s0373,0,0,False,0.0,
control,116,374,v116_s0374,0,0,False,0.0,
control,116,375,v116_s0375,0,0,False,0.0,
control,116,376,v116_s0376,0,0,False,0.0,
control,116,377,v116_s0377,0,0,False,0.0,
control,116,378,v116_s0378,0,0,False,0.0,
control,116,379,v116_s0379,0,0,False,0.0,
control,116,380,v116_s0380,0,0,False,0.0,
control,116,381,v116_s0381,0,0,False,0.0,
control,116,382,v116_s0382,0,0,False,0.0,
control,116,383,v116_s0383,0,0,False,0.0,
control,116,384,v116_s0384,0,0,False,0.0,
control,116,385,v116_s0385,0,0,False,0.0,
control,116,386,v116_s0386,0,0,False,0.0,
control,116,387,v116_s0387,0,0,False,0.0,
control,116,388,v116_s0388,0,0,False,0.0,
control,116,389,v116_s0389,0,0,False,0.0,
control,116,390,v116_s0390,0,0,False,0.0,
control,116,391,v116_s0391,0,0,False,0.0,
control,116,392,v116_s0392,0,0,False,0.0,
control,116,393,v116_s0393,0,0,False,0.0,
control,116,394,v116_s0394,0,0,False,0.0,
control,116,395,v116_s0395,0,0,False,0.0,
control,116,396,v116_s0396,0,0,False,0.0,
control,116,397,v116_s0397,0,0,False,0.0,
control,116,398,v116_s0398,0,0,False,0.0,
control,116,399,v116_s0399,0,0,False,0.0,
control,116,400,v116_s0400,0,0,False,0.0,
control,116,401,v116_s0401,0,0,False,0.0,
control,116,402,v116_s0402,0,0,False,0.0,
control,116,403,v116_s0403,0,0,False,0.0,
control,116,404,v116_s0404,0,0,False,0.0,
control,116,405,v116_s0405,0,0,False,0.0,
control,116,406,v116_s0406,0,0,False,0.0,
control,116,407,v116_s0407,0,0,False,0.0,
control,116,408,v116_s0408,0,0,False,0.0,
control,116,409,v116_s0409,0,0,False,0.0,
control,116,410,v116_s0410,0,0,False,0.0,
control,116,411,v116_s0411,0,0,False,0.0,
control,116,412,v116_s0412,0,0,False,0.0,
control,116,413,v116_s0413,0,0,False,0.0,
control,116,414,v116_s0414,0,0,False,0.0,
control,116,415,v116_s0415,0,0,False,0.0,
control,116,416,v116_s0416,0,0,False,0.0,
control,116,417,v116_s0417,0,0,False,0.0,
control,116,418,v116_s0418,0,0,False,0.0,
control,116,419,v116_s0419,0,0,False,0.0,
control,116,420,v116_s0420,0,0,False,0.0,
control,116,421,v116_s0421,0,0,False,0.0,
control,116,422,v116_s0422,0,0,False,0.0,
control,116,423,v116_s0423,0,0,False,0.0,
control,116,424,v116_s0424,0,0,False,0.0,
control,116,425,v116_s0425,0,0,False,0.0,
control,116,426,v116_s0426,0,0,False,0.0,
control,116,427,v116_s0427,0,0,False,0.0,
control,116,428,v116_s0428,0,0,False,0.0,
control,116,429,v116_s0429,0,0,False,0.0,
control,116,430,v116_s0430,0,0,False,0.0,
control,116,431,v116_s0431,0,0,False,0.0,
control,116,432,v116_s0432,0,0,False,0.0,
control,116,433,v116_s0433,0,0,False,0.0,
control,116,434,v116_s0434,0,0,False,0.0,
control,116,435,v116_s0435,0,0,False,0.0,
control,116,436,v116_s0436,0,0,False,0.0,
control,116,437,v116_s0437,0,0,False,0.0,
control,116,438,v116_s0438,0,0,False,0.0,
control,116,439,v116_s0439,0,0,False,0.0,
control,116,440,v116_s0440,0,0,False,0.0,
control,116,441,v116_s0441,0,0,False,0.0,
control,116,442,v116_s0442,0,0,False,0.0,
control,116,443,v116_s0443,0,0,False,0.0,
control,116,444,v116_s0444,0,0,False,0.0,
control,116,445,v116_s0445,0,0,False,0.0,
control,116,446,v116_s0446,0,0,False,0.0,
control,116,447,v116_s0447,0,0,False,0.0,
control,116,448,v116_s0448,0,0,False,0.0,
control,116,449,v116_s0449,0,0,False,0.0,
control,116,450,v116_s0450,0,0,False,0.0,
control,116,451,v116_s0451,0,0,False,0.0,
control,116,452,v116_s0452,0,0,False,0.0,
control,116,453,v116_s0453,0,0,False,0.0,
control,116,454,v116_s0454,0,0,False,0.0,
control,116,455,v116_s0455,0,0,False,0.0,
control,116,456,v116_s0456,0,0,False,0.0,
control,116,457,v116_s0457,0,0,False,0.0,
control,116,458,v116_s0458,0,0,False,0.0,
control,116,459,v116_s0459,0,0,False,0.0,
control,116,460,v116_s0460,0,0,False,0.0,
control,116,461,v116_s0461,0,0,False,0.0,
control,116,462,v116_s0462,0,0,False,0.0,
control,116,463,v116_s0463,0,0,False,0.0,
control,116,464,v116_s0464,0,0,False,0.0,
control,116,465,v116_s0465,0,0,False,0.0,
control,116,466,v116_s0466,0,0,False,0.0,
control,116,467,v116_s0467,0,0,False,0.0,
control,116,468,v116_s0468,0,0,False,0.0,
control,116,469,v116_s0469,0,0,False,0.0,
control,116,470,v116_s0470,0,0,False,0.0,
control,116,471,v116_s0471,0,0,False,0.0,
control,116,472,v116_s0472,0,0,False,0.0,
control,116,473,v116_s0473,0,0,False,0.0,
control,116,474,v116_s0474,0,0,False,0.0,
control,116,475,v116_s0475,0,0,False,0.0,
control,116,476,v116_s0476,0,0,False,0.0,
control,116,477,v116_s0477,0,0,False,0.0,
control,116,478,v116_s0478,0,0,False,0.0,
control,116,479,v116_s0479,0,0,False,0.0,
control,116,480,v116_s0480,0,0,False,0.0,
control,116,481,v116_s0481,0,0,False,0.0,
control,116,482,v116_s0482,0,0,False,0.0,
control,116,483,v116_s0483,0,0,False,0.0,
control,116,484,v116_s0484,0,0,False,0.0,
control,116,485,v116_s0485,0,0,False,0.0,
control,116,486,v116_s0486,0,66,False,1.0,
control,116,487,v116_s0487,0,99,False,1.0,
control,116,488,v116_s0488,0,154,False,1.0,
control,116,489,v116_s0489,0,18,False,1.0,
control,116,490,v116_s0490,0,64,False,0.99951171875,
control,116,491,v116_s0491,0,31,False,0.974609375,
control,116,492,v116_s0492,0,118,False,0.99951171875,
control,116,493,v116_s0493,0,97,False,1.0,
control,116,494,v116_s0494,0,0,False,0.0,
control,116,495,v116_s0495,89,0,False,0.0,0.0
control,116,496,v116_s0496,93,0,False,0.0,0.0
control,116,497,v116_s0497,100,0,False,0.0,0.0
control,116,498,v116_s0498,104,0,False,0.0,0.0
control,116,499,v116_s0499,112,0,False,0.0,0.0
control,116,500,v116_s0500,119,0,False,0.0,0.0
control,116,501,v116_s0501,123,0,False,0.0,0.0
control,116,502,v116_s0502,134,0,False,0.0,0.0
control,116,503,v116_s0503,134,0,False,0.0013942718505859375,0.0
control,116,504,v116_s0504,142,0,False,0.0,0.0
control,116,505,v116_s0505,145,0,False,0.0,0.0
control,116,506,v116_s0506,151,0,False,0.0,0.0
control,116,507,v116_s0507,154,0,False,0.0,0.0
control,116,508,v116_s0508,158,0,False,0.0,0.0
control,116,509,v116_s0509,162,0,False,0.0,0.0
control,116,510,v116_s0510,166,0,False,0.0,0.0
control,116,511,v116_s0511,170,0,False,0.0,0.0
control,116,512,v116_s0512,174,0,False,0.0,0.0
control,116,513,v116_s0513,181,0,False,0.0,0.0
control,116,514,v116_s0514,188,0,False,0.0,0.0
control,116,515,v116_s0515,196,0,False,0.0,0.0
control,116,516,v116_s0516,202,0,False,0.0,0.0
control,116,517,v116_s0517,204,0,False,0.0,0.0
control,116,518,v116_s0518,213,0,False,0.0,0.0
control,116,519,v116_s0519,225,0,False,0.0,0.0
control,116,520,v116_s0520,234,0,False,0.0,0.0
control,116,521,v116_s0521,245,0,False,0.0,0.0
control,116,522,v116_s0522,263,0,False,0.0,0.0
control,116,523,v116_s0523,280,0,False,0.0,0.0
control,116,524,v116_s0524,302,0,False,0.0,0.0
control,116,525,v116_s0525,318,0,False,0.0,0.0
control,116,526,v116_s0526,340,0,False,0.0,0.0
control,116,527,v116_s0527,369,0,False,0.0,0.0
control,116,528,v116_s0528,394,0,False,0.0,0.0
control,116,529,v116_s0529,422,0,False,0.0,0.0
control,116,530,v116_s0530,456,0,False,0.0,0.0
control,116,531,v116_s0531,486,0,False,0.0,0.0
control,116,532,v116_s0532,527,0,False,0.0,0.0
control,116,533,v116_s0533,564,0,False,0.0,0.0
control,116,534,v116_s0534,560,0,False,0.0,0.0
control,116,535,v116_s0535,560,0,False,0.0,0.0
control,116,536,v116_s0536,569,0,False,0.0,0.0
control,116,537,v116_s0537,565,0,False,0.0,0.0
control,116,538,v116_s0538,566,0,False,0.0,0.0
control,116,539,v116_s0539,580,0,False,0.0,0.0
control,116,540,v116_s0540,581,0,False,0.0,0.0
control,116,541,v116_s0541,580,0,False,0.0,0.0
control,116,542,v116_s0542,578,0,False,0.0,0.0
control,116,543,v116_s0543,585,0,False,0.0,0.0
control,116,544,v116_s0544,585,50,True,1.0,1.0
control,116,545,v116_s0545,596,0,False,0.0,0.0
control,116,546,v116_s0546,600,0,False,0.0,0.0
control,116,547,v116_s0547,606,0,False,0.0,0.0
control,116,548,v116_s0548,606,0,False,0.3984375,0.3984375
control,116,549,v116_s0549,604,104,True,1.0,1.0
control,116,550,v116_s0550,604,0,False,0.0,0.0
control,116,551,v116_s0551,623,198,True,1.0,1.0
control,116,552,v116_s0552,624,187,True,1.0,1.0
control,116,553,v116_s0553,655,153,True,1.0,1.0
control,116,554,v116_s0554,707,0,False,4.887580871582031e-06,4.887580871582031e-06
control,116,555,v116_s0555,762,116,True,1.0,1.0
control,116,556,v116_s0556,819,0,False,0.0,0.0
control,116,557,v116_s0557,875,0,False,4.947185516357422e-06,4.947185516357422e-06
control,116,558,v116_s0558,953,0,False,0.0,0.0
control,116,559,v116_s0559,1042,0,False,0.0,0.0
control,116,560,v116_s0560,1149,0,False,0.0,0.0
control,116,561,v116_s0561,1269,0,False,0.0,0.0
control,116,562,v116_s0562,1391,0,False,0.0,0.0
control,116,563,v116_s0563,1535,0,False,0.0,0.0
control,116,564,v116_s0564,1702,0,False,0.0,0.0
control,116,565,v116_s0565,1720,0,False,0.0,0.0
control,116,566,v116_s0566,1767,0,False,0.0,0.0
control,116,567,v116_s0567,1815,0,False,0.0,0.0
control,116,568,v116_s0568,1857,0,False,0.0,0.0
control,116,569,v116_s0569,1903,0,False,0.0,0.0
control,116,570,v116_s0570,1934,0,False,0.0,0.0
control,116,571,v116_s0571,1995,0,False,0.0,0.0
control,116,572,v116_s0572,2029,0,False,0.0,0.0
control,116,573,v116_s0573,2069,0,False,0.0,0.0
control,116,574,v116_s0574,2115,0,False,0.0,0.0
control,116,575,v116_s0575,2163,0,False,0.0,0.0
control,116,576,v116_s0576,2199,0,False,0.0,0.0
control,116,577,v116_s0577,2252,0,False,0.0,0.0
control,116,578,v116_s0578,2304,0,False,0.0,0.0
control,116,579,v116_s0579,2367,0,False,0.0,0.0
control,116,580,v116_s0580,2418,0,False,0.0,0.0
control,116,581,v116_s0581,2487,0,False,0.0,0.0
control,116,582,v116_s0582,2542,0,False,0.0,0.0
control,116,583,v116_s0583,2621,0,False,0.0,0.0
control,116,584,v116_s0584,2585,0,False,0.0,0.0
control,116,585,v116_s0585,2559,0,False,0.0,0.0
control,116,586,v116_s0586,2526,0,False,0.0,0.0
control,116,587,v116_s0587,2513,0,False,0.0,0.0
control,116,588,v116_s0588,2491,0,False,0.0,0.0
control,116,589,v116_s0589,2462,0,False,0.0,0.0
control,116,590,v116_s0590,2431,0,False,0.0,0.0
control,116,591,v116_s0591,2413,0,False,0.0,0.0
control,116,592,v116_s0592,2390,0,False,0.0,0.0
control,116,593,v116_s0593,2365,0,False,0.0,0.0
control,116,594,v116_s0594,2349,0,False,0.0,0.0
control,116,595,v116_s0595,2324,0,False,0.0,0.0
control,116,596,v116_s0596,2310,0,False,0.0,0.0
control,116,597,v116_s0597,2284,0,False,0.0,0.0
control,116,598,v116_s0598,2266,0,False,0.0,0.0
control,116,599,v116_s0599,2249,0,False,0.0,0.0
control,116,600,v116_s0600,2231,0,False,0.0,0.0
control,116,601,v116_s0601,2210,0,False,0.0,0.0
control,116,602,v116_s0602,2183,0,False,0.0,0.0
control,116,603,v116_s0603,2167,0,False,0.0,0.0
control,116,604,v116_s0604,2142,0,False,0.0,0.0
control,116,605,v116_s0605,2130,0,False,0.0,0.0
control,116,606,v116_s0606,2117,0,False,0.0,0.0
control,116,607,v116_s0607,1859,0,False,0.0,0.0
control,116,608,v116_s0608,1800,106,False,0.99951171875,0.002166748046875
control,116,609,v116_s0609,1746,0,False,0.0,0.0
control,116,610,v116_s0610,1695,0,False,0.0,0.0
control,116,611,v116_s0611,1642,37,True,0.99951171875,0.99951171875
control,116,612,v116_s0612,1595,0,False,0.0,0.0
control,116,613,v116_s0613,1554,0,False,0.0,0.0
control,116,614,v116_s0614,1502,0,False,0.0,0.0
control,116,615,v116_s0615,1465,0,False,0.0,0.0
control,116,616,v116_s0616,1348,0,False,0.0,0.0
control,116,617,v116_s0617,1245,0,False,0.0,0.0
control,116,618,v116_s0618,1145,0,False,0.0,0.0
control,116,619,v116_s0619,1051,0,False,0.0,0.0
control,116,620,v116_s0620,966,0,False,0.0,0.0
control,116,621,v116_s0621,887,0,False,0.0,0.0
control,116,622,v116_s0622,818,0,False,0.0,0.0
control,116,623,v116_s0623,743,0,False,0.0,0.0
control,116,624,v116_s0624,682,0,False,0.0,0.0
control,116,625,v116_s0625,620,0,False,0.0,0.0
control,116,626,v116_s0626,563,0,False,0.0,0.0
control,116,627,v116_s0627,513,0,False,0.0,0.0
control,116,628,v116_s0628,0,0,False,0.0,
control,116,629,v116_s0629,0,0,False,0.0,
control,116,630,v116_s0630,0,0,False,0.0,
control,116,631,v116_s0631,0,0,False,0.0,
control,116,632,v116_s0632,0,0,False,0.0,
control,116,633,v116_s0633,0,0,False,0.0,
control,116,634,v116_s0634,0,0,False,0.0,
control,116,635,v116_s0635,0,0,False,0.0,
control,116,636,v116_s0636,0,0,False,0.0,
control,116,637,v116_s0637,0,0,False,0.0,
control,116,638,v116_s0638,0,0,False,0.0,
control,116,639,v116_s0639,0,0,False,0.0,
control,116,640,v116_s0640,0,0,False,0.0,
control,116,641,v116_s0641,0,0,False,0.0,
control,116,642,v116_s0642,0,0,False,0.0,
control,116,643,v116_s0643,0,0,False,0.0,
control,116,644,v116_s0644,0,0,False,0.0,
control,116,645,v116_s0645,0,0,False,0.0,
control,116,646,v116_s0646,0,0,False,0.0,
control,116,647,v116_s0647,0,0,False,0.0,
control,116,648,v116_s0648,0,0,False,0.0,
control,116,649,v116_s0649,0,0,False,0.0,
control,116,650,v116_s0650,0,0,False,0.0,
control,116,651,v116_s0651,0,0,False,0.0,
control,116,652,v116_s0652,0,0,False,0.0,
control,116,653,v116_s0653,0,0,False,0.0,
control,116,654,v116_s0654,0,0,False,0.0,
control,116,655,v116_s0655,0,0,False,0.0,
control,116,656,v116_s0656,0,0,False,0.0,
control,116,657,v116_s0657,0,0,False,0.0,
control,116,658,v116_s0658,0,0,False,0.0,
control,116,659,v116_s0659,0,0,False,0.0,
control,116,660,v116_s0660,0,0,False,0.0,
control,116,661,v116_s0661,0,0,False,0.0,
control,116,662,v116_s0662,0,0,False,0.0,
control,116,663,v116_s0663,0,0,False,0.0,
control,116,664,v116_s0664,0,0,False,0.0,
control,116,665,v116_s0665,0,0,False,0.0,
control,116,666,v116_s0666,0,0,False,0.0,
control,116,667,v116_s0667,0,0,False,0.0,
control,116,668,v116_s0668,0,0,False,0.0,
control,116,669,v116_s0669,0,0,False,0.0,
control,116,670,v116_s0670,0,0,False,0.0,
control,116,671,v116_s0671,0,0,False,0.0,
control,116,672,v116_s0672,0,0,False,0.0,
control,116,673,v116_s0673,0,0,False,0.0,
control,116,674,v116_s0674,0,0,False,0.0,
control,116,675,v116_s0675,0,0,False,0.0,
control,116,676,v116_s0676,0,0,False,0.0,
control,116,677,v116_s0677,0,0,False,0.0,
control,116,678,v116_s0678,0,0,False,0.0,
control,116,679,v116_s0679,0,0,False,0.0,
control,116,680,v116_s0680,0,0,False,0.0,
control,116,681,v116_s0681,0,0,False,0.0,
control,116,682,v116_s0682,0,0,False,0.0,
control,116,683,v116_s0683,0,0,False,0.0,
control,116,684,v116_s0684,0,0,False,0.0,
control,116,685,v116_s0685,0,0,False,0.0,
control,116,686,v116_s0686,0,0,False,0.0,
control,116,687,v116_s0687,0,0,False,0.0,
control,116,688,v116_s0688,0,0,False,0.0,
control,116,689,v116_s0689,0,0,False,0.0,
control,116,690,v116_s0690,0,0,False,0.0,
control,116,691,v116_s0691,0,0,False,0.0,
control,116,692,v116_s0692,0,0,False,0.0,
control,116,693,v116_s0693,0,0,False,0.0,
control,116,694,v116_s0694,0,0,False,0.0,
control,116,695,v116_s0695,0,0,False,0.0,
control,116,696,v116_s0696,0,0,False,0.0,
control,116,697,v116_s0697,0,0,False,0.0,
control,116,698,v116_s0698,0,0,False,0.0,
control,116,699,v116_s0699,0,0,False,0.0,
control,116,700,v116_s0700,0,0,False,0.0,
control,116,701,v116_s0701,0,0,False,0.0,
control,116,702,v116_s0702,0,0,False,0.0,
control,116,703,v116_s0703,0,0,False,0.0,
control,116,704,v116_s0704,0,0,False,0.0,
control,116,705,v116_s0705,0,0,False,0.0,
control,116,706,v116_s0706,0,0,False,0.0,
control,116,707,v116_s0707,0,0,False,0.0,
control,116,708,v116_s0708,0,0,False,0.0,
control,116,709,v116_s0709,0,0,False,0.0,
control,116,710,v116_s0710,0,0,False,0.0,
control,116,711,v116_s0711,0,0,False,0.0,
control,116,712,v116_s0712,0,0,False,0.0,
control,116,713,v116_s0713,0,0,False,0.0,
control,116,714,v116_s0714,0,0,False,0.0,
control,116,715,v116_s0715,0,0,False,0.0,
control,116,716,v116_s0716,0,0,False,0.0,
control,116,717,v116_s0717,0,0,False,0.0,
control,116,718,v116_s0718,0,0,False,0.0,
control,116,719,v116_s0719,0,0,False,0.0,
control,116,720,v116_s0720,0,0,False,0.0,
control,116,721,v116_s0721,0,0,False,0.0,
control,116,722,v116_s0722,0,0,False,0.0,
control,116,723,v116_s0723,0,0,False,0.0,
control,116,724,v116_s0724,0,0,False,0.0,
control,116,725,v116_s0725,0,0,False,0.0,
control,116,726,v116_s0726,0,0,False,0.0,
control,116,727,v116_s0727,0,0,False,0.0,
control,116,728,v116_s0728,0,0,False,0.0,
control,116,729,v116_s0729,0,0,False,0.0,
control,116,730,v116_s0730,0,0,False,0.0,
control,116,731,v116_s0731,0,0,False,0.0,
control,116,732,v116_s0732,0,0,False,0.0,
control,116,733,v116_s0733,0,0,False,0.0,
control,116,734,v116_s0734,0,0,False,0.0,
control,116,735,v116_s0735,0,0,False,0.0,
control,116,736,v116_s0736,0,0,False,0.0,
control,116,737,v116_s0737,0,0,False,0.0,
control,116,738,v116_s0738,0,0,False,0.0,
control,116,739,v116_s0739,0,0,False,0.0,
control,116,740,v116_s0740,0,0,False,0.0,
control,116,741,v116_s0741,0,0,False,0.0,
control,116,742,v116_s0742,0,0,False,0.0,
control,116,743,v116_s0743,0,0,False,0.0,
control,116,744,v116_s0744,0,0,False,0.0,
control,116,745,v116_s0745,0,0,False,0.0,
control,116,746,v116_s0746,0,0,False,0.0,
control,116,747,v116_s0747,0,0,False,0.0,
control,116,748,v116_s0748,0,0,False,0.0,
control,116,749,v116_s0749,0,0,False,0.0,
control,116,750,v116_s0750,0,0,False,0.0,
control,116,751,v116_s0751,0,0,False,0.0,
control,116,752,v116_s0752,0,0,False,0.0,
control,116,753,v116_s0753,0,0,False,0.0,
control,116,754,v116_s0754,0,0,False,0.0,
control,116,755,v116_s0755,0,0,False,0.0,
control,116,756,v116_s0756,0,0,False,0.0,
control,116,757,v116_s0757,0,0,False,0.0,
control,116,758,v116_s0758,0,0,False,0.0,
control,116,759,v116_s0759,0,0,False,0.0,
control,116,760,v116_s0760,0,0,False,0.0,
control,116,761,v116_s0761,0,0,False,0.0,
control,116,762,v116_s0762,0,0,False,0.0,
control,116,763,v116_s0763,0,0,False,0.0,
control,116,764,v116_s0764,0,0,False,0.0,
control,116,765,v116_s0765,0,0,False,0.0,
control,116,766,v116_s0766,0,0,False,0.0,
control,116,767,v116_s0767,0,0,False,0.0,
control,116,768,v116_s0768,0,0,False,0.0,
control,116,769,v116_s0769,0,0,False,0.0,
control,116,770,v116_s0770,0,0,False,0.0,
control,116,771,v116_s0771,0,0,False,0.0,
control,116,772,v116_s0772,0,0,False,0.0,
control,116,773,v116_s0773,0,0,False,0.0,
control,116,774,v116_s0774,0,0,False,0.0,
control,116,775,v116_s0775,0,0,False,0.0,
control,116,776,v116_s0776,0,0,False,0.0,
control,116,777,v116_s0777,0,0,False,0.0,
control,116,778,v116_s0778,0,0,False,0.0,
control,116,779,v116_s0779,0,0,False,0.0,
control,116,780,v116_s0780,0,0,False,0.0,
control,116,781,v116_s0781,0,0,False,0.0,
control,116,782,v116_s0782,0,0,False,0.0,
control,116,783,v116_s0783,0,0,False,0.0,
control,116,784,v116_s0784,0,0,False,0.0,
control,116,785,v116_s0785,0,0,False,0.0,
control,116,786,v116_s0786,0,0,False,0.0,
control,116,787,v116_s0787,0,0,False,0.0,
control,116,788,v116_s0788,0,0,False,0.0,
control,116,789,v116_s0789,0,0,False,0.0,
control,116,790,v116_s0790,0,0,False,0.0,
control,116,791,v116_s0791,0,0,False,0.0,
control,116,792,v116_s0792,0,0,False,0.0,
control,116,793,v116_s0793,0,0,False,0.0,
control,116,794,v116_s0794,0,0,False,0.0,
control,116,795,v116_s0795,0,0,False,0.0,
control,116,796,v116_s0796,0,0,False,0.0,
control,116,797,v116_s0797,0,0,False,0.0,
control,116,798,v116_s0798,0,0,False,0.0,
control,116,799,v116_s0799,0,0,False,0.0,
control,116,800,v116_s0800,0,0,False,0.0,
control,116,801,v116_s0801,0,0,False,0.0,
control,116,802,v116_s0802,0,0,False,0.0,
control,116,803,v116_s0803,0,0,False,0.0,
control,116,804,v116_s0804,0,0,False,0.0,
control,116,805,v116_s0805,0,0,False,0.0,
control,116,806,v116_s0806,0,0,False,0.0,
control,116,807,v116_s0807,0,0,False,0.0,
control,116,808,v116_s0808,0,0,False,0.0,
control,116,809,v116_s0809,0,0,False,0.0,
control,116,810,v116_s0810,0,0,False,0.0,
control,116,811,v116_s0811,0,0,False,0.0,
control,116,812,v116_s0812,0,0,False,0.0,
control,116,813,v116_s0813,0,0,False,0.0,
control,116,814,v116_s0814,0,0,False,0.0,
control,116,815,v116_s0815,0,0,False,0.0,
control,116,816,v116_s0816,0,0,False,0.0,
control,116,817,v116_s0817,0,0,False,0.0,
control,116,818,v116_s0818,0,0,False,0.0,
control,116,819,v116_s0819,0,0,False,0.0,
control,116,820,v116_s0820,0,0,False,0.0,
control,116,821,v116_s0821,0,0,False,0.0,
control,116,822,v116_s0822,0,0,False,0.0,
control,116,823,v116_s0823,0,0,False,0.0,
control,116,824,v116_s0824,0,0,False,0.0,
control,116,825,v116_s0825,0,0,False,0.0,
control,116,826,v116_s0826,0,0,False,0.0,
control,116,827,v116_s0827,0,0,False,0.0,
control,116,828,v116_s0828,0,0,False,0.0,
control,116,829,v116_s0829,0,0,False,0.0,
control,116,830,v116_s0830,0,0,False,0.0,
control,116,831,v116_s0831,0,0,False,0.0,
control,116,832,v116_s0832,0,0,False,0.0,
control,116,833,v116_s0833,0,0,False,0.0,
control,116,834,v116_s0834,0,0,False,0.0,
control,116,835,v116_s0835,0,0,False,0.0,
control,116,836,v116_s0836,0,0,False,0.0,
control,116,837,v116_s0837,0,0,False,0.0,
control,116,838,v116_s0838,0,0,False,0.0,
control,116,839,v116_s0839,0,0,False,0.0,
control,116,840,v116_s0840,0,0,False,0.0,
control,116,841,v116_s0841,0,0,False,0.0,
control,116,842,v116_s0842,0,0,False,0.0,
control,116,843,v116_s0843,0,0,False,0.0,
control,116,844,v116_s0844,0,0,False,0.0,
control,116,845,v116_s0845,0,0,False,0.0,
control,116,846,v116_s0846,0,0,False,0.0,
control,116,847,v116_s0847,0,0,False,0.0,
control,116,848,v116_s0848,0,0,False,0.0,
control,116,849,v116_s0849,0,0,False,0.0,
control,116,850,v116_s0850,0,0,False,0.0,
control,116,851,v116_s0851,0,0,False,0.0,
control,116,852,v116_s0852,0,0,False,0.0,
control,116,853,v116_s0853,0,0,False,0.0,
control,116,854,v116_s0854,0,0,False,0.0,
control,116,855,v116_s0855,0,0,False,0.0,
control,116,856,v116_s0856,0,0,False,0.0,
control,116,857,v116_s0857,0,0,False,0.0,
control,116,858,v116_s0858,0,0,False,0.0,
control,116,859,v116_s0859,0,0,False,0.0,
control,116,860,v116_s0860,0,0,False,0.0,
control,116,861,v116_s0861,0,0,False,0.0,
control,116,862,v116_s0862,0,0,False,0.0,
control,116,863,v116_s0863,0,0,False,0.0,
control,116,864,v116_s0864,0,0,False,0.0,
control,116,865,v116_s0865,0,0,False,0.0,
control,116,866,v116_s0866,0,0,False,0.0,
control,116,867,v116_s0867,0,0,False,0.0,
control,116,868,v116_s0868,0,0,False,0.0,
control,116,869,v116_s0869,0,0,False,0.0,
control,116,870,v116_s0870,0,0,False,0.0,
control,116,871,v116_s0871,0,0,False,0.0,
control,116,872,v116_s0872,0,0,False,0.0,
control,116,873,v116_s0873,0,0,False,0.0,
control,116,874,v116_s0874,0,0,False,0.0,
control,116,875,v116_s0875,0,0,False,0.0,
control,116,876,v116_s0876,0,0,False,0.0,
control,116,877,v116_s0877,0,0,False,0.0,
control,116,878,v116_s0878,0,0,False,0.0,
control,116,879,v116_s0879,0,0,False,0.0,
control,116,880,v116_s0880,0,0,False,0.0,
control,116,881,v116_s0881,0,0,False,0.0,
control,116,882,v116_s0882,0,0,False,0.0,
control,116,883,v116_s0883,0,0,False,0.0,
control,116,884,v116_s0884,0,0,False,0.0,
control,116,885,v116_s0885,0,0,False,0.0,
control,116,886,v116_s0886,0,0,False,0.0,
control,116,887,v116_s0887,0,0,False,0.0,
control,116,888,v116_s0888,0,0,False,0.0,
control,116,889,v116_s0889,0,0,False,0.0,
control,116,890,v116_s0890,0,0,False,0.0,
control,116,891,v116_s0891,0,0,False,0.0,
control,116,892,v116_s0892,0,0,False,0.0,
control,116,893,v116_s0893,0,0,False,0.0,
control,116,894,v116_s0894,0,0,False,0.0,
control,116,895,v116_s0895,0,0,False,0.0,
control,116,896,v116_s0896,0,0,False,0.0,
control,116,897,v116_s0897,0,0,False,0.0,
control,116,898,v116_s0898,0,0,False,0.0,
control,116,899,v116_s0899,0,0,False,0.0,
control,116,900,v116_s0900,0,0,False,0.0,
control,116,901,v116_s0901,0,0,False,0.0,
control,116,902,v116_s0902,0,0,False,0.0,
control,116,903,v116_s0903,0,0,False,0.0,
control,116,904,v116_s0904,0,0,False,0.0,
control,116,905,v116_s0905,0,0,False,0.0,
control,116,906,v116_s0906,0,0,False,0.0,
control,116,907,v116_s0907,0,0,False,0.0,
recall_loss,104,0,v104_s0000,0,0,False,0.0,
recall_loss,104,1,v104_s0001,0,0,False,0.0,
recall_loss,104,2,v104_s0002,0,0,False,0.0,
recall_loss,104,3,v104_s0003,0,0,False,0.0,
recall_loss,104,4,v104_s0004,0,0,False,0.0,
recall_loss,104,5,v104_s0005,0,0,False,0.0,
recall_loss,104,6,v104_s0006,0,0,False,0.0,
recall_loss,104,7,v104_s0007,0,0,False,0.0,
recall_loss,104,8,v104_s0008,0,0,False,0.0,
recall_loss,104,9,v104_s0009,0,0,False,0.0,
recall_loss,104,10,v104_s0010,0,0,False,0.0,
recall_loss,104,11,v104_s0011,0,0,False,0.0,
recall_loss,104,12,v104_s0012,0,0,False,0.0,
recall_loss,104,13,v104_s0013,0,0,False,0.0,
recall_loss,104,14,v104_s0014,0,0,False,0.0,
recall_loss,104,15,v104_s0015,0,0,False,0.0,
recall_loss,104,16,v104_s0016,0,0,False,0.0,
recall_loss,104,17,v104_s0017,0,0,False,0.0,
recall_loss,104,18,v104_s0018,0,0,False,0.0,
recall_loss,104,19,v104_s0019,0,0,False,0.0,
recall_loss,104,20,v104_s0020,0,0,False,0.0,
recall_loss,104,21,v104_s0021,0,0,False,0.0,
recall_loss,104,22,v104_s0022,0,0,False,0.0,
recall_loss,104,23,v104_s0023,0,0,False,0.0,
recall_loss,104,24,v104_s0024,0,0,False,0.0,
recall_loss,104,25,v104_s0025,0,0,False,0.0,
recall_loss,104,26,v104_s0026,0,0,False,0.0,
recall_loss,104,27,v104_s0027,0,0,False,0.0,
recall_loss,104,28,v104_s0028,0,0,False,0.0,
recall_loss,104,29,v104_s0029,0,0,False,0.0,
recall_loss,104,30,v104_s0030,0,0,False,0.0,
recall_loss,104,31,v104_s0031,0,0,False,0.0,
recall_loss,104,32,v104_s0032,0,0,False,0.0,
recall_loss,104,33,v104_s0033,0,0,False,0.0,
recall_loss,104,34,v104_s0034,0,0,False,0.0,
recall_loss,104,35,v104_s0035,0,0,False,0.0,
recall_loss,104,36,v104_s0036,0,0,False,0.0,
recall_loss,104,37,v104_s0037,0,0,False,0.0,
recall_loss,104,38,v104_s0038,0,0,False,0.0,
recall_loss,104,39,v104_s0039,0,0,False,0.0,
recall_loss,104,40,v104_s0040,0,0,False,0.0,
recall_loss,104,41,v104_s0041,0,0,False,0.0,
recall_loss,104,42,v104_s0042,0,0,False,0.0,
recall_loss,104,43,v104_s0043,0,0,False,0.0,
recall_loss,104,44,v104_s0044,0,0,False,0.0,
recall_loss,104,45,v104_s0045,0,0,False,0.0,
recall_loss,104,46,v104_s0046,0,0,False,0.0,
recall_loss,104,47,v104_s0047,0,0,False,0.0,
recall_loss,104,48,v104_s0048,0,0,False,0.0,
recall_loss,104,49,v104_s0049,0,0,False,0.0,
recall_loss,104,50,v104_s0050,0,0,False,0.0,
recall_loss,104,51,v104_s0051,0,0,False,0.0,
recall_loss,104,52,v104_s0052,0,0,False,0.0,
recall_loss,104,53,v104_s0053,0,0,False,0.0,
recall_loss,104,54,v104_s0054,0,0,False,0.0,
recall_loss,104,55,v104_s0055,0,0,False,0.0,
recall_loss,104,56,v104_s0056,0,0,False,0.0,
recall_loss,104,57,v104_s0057,0,0,False,0.0,
recall_loss,104,58,v104_s0058,0,0,False,0.0,
recall_loss,104,59,v104_s0059,0,0,False,0.0,
recall_loss,104,60,v104_s0060,0,0,False,0.0,
recall_loss,104,61,v104_s0061,0,0,False,0.0,
recall_loss,104,62,v104_s0062,0,0,False,0.0,
recall_loss,104,63,v104_s0063,0,0,False,0.0,
recall_loss,104,64,v104_s0064,0,0,False,0.0,
recall_loss,104,65,v104_s0065,0,0,False,0.0,
recall_loss,104,66,v104_s0066,0,0,False,0.0,
recall_loss,104,67,v104_s0067,0,0,False,0.0,
recall_loss,104,68,v104_s0068,0,0,False,0.0,
recall_loss,104,69,v104_s0069,0,0,False,0.0,
recall_loss,104,70,v104_s0070,0,0,False,0.0,
recall_loss,104,71,v104_s0071,0,0,False,0.0,
recall_loss,104,72,v104_s0072,0,0,False,0.0,
recall_loss,104,73,v104_s0073,0,0,False,0.0,
recall_loss,104,74,v104_s0074,0,0,False,0.0,
recall_loss,104,75,v104_s0075,0,0,False,0.0,
recall_loss,104,76,v104_s0076,0,0,False,0.0,
recall_loss,104,77,v104_s0077,0,0,False,0.0,
recall_loss,104,78,v104_s0078,0,0,False,0.0,
recall_loss,104,79,v104_s0079,0,0,False,0.0,
recall_loss,104,80,v104_s0080,0,0,False,0.0,
recall_loss,104,81,v104_s0081,0,0,False,0.0,
recall_loss,104,82,v104_s0082,0,0,False,0.0,
recall_loss,104,83,v104_s0083,0,0,False,0.0,
recall_loss,104,84,v104_s0084,0,0,False,0.0,
recall_loss,104,85,v104_s0085,0,0,False,0.0,
recall_loss,104,86,v104_s0086,0,0,False,0.0,
recall_loss,104,87,v104_s0087,0,0,False,0.0,
recall_loss,104,88,v104_s0088,0,0,False,0.0,
recall_loss,104,89,v104_s0089,0,0,False,0.0,
recall_loss,104,90,v104_s0090,0,0,False,0.0,
recall_loss,104,91,v104_s0091,0,0,False,0.0,
recall_loss,104,92,v104_s0092,0,0,False,0.0,
recall_loss,104,93,v104_s0093,0,0,False,0.0,
recall_loss,104,94,v104_s0094,0,0,False,0.0,
recall_loss,104,95,v104_s0095,0,0,False,0.0,
recall_loss,104,96,v104_s0096,0,0,False,0.0,
recall_loss,104,97,v104_s0097,0,0,False,0.0,
recall_loss,104,98,v104_s0098,0,0,False,0.0,
recall_loss,104,99,v104_s0099,0,0,False,0.0,
recall_loss,104,100,v104_s0100,0,0,False,0.0,
recall_loss,104,101,v104_s0101,0,0,False,0.0,
recall_loss,104,102,v104_s0102,0,0,False,0.0,
recall_loss,104,103,v104_s0103,0,0,False,0.0,
recall_loss,104,104,v104_s0104,0,0,False,0.0,
recall_loss,104,105,v104_s0105,0,0,False,0.0,
recall_loss,104,106,v104_s0106,0,0,False,0.0,
recall_loss,104,107,v104_s0107,0,0,False,0.0,
recall_loss,104,108,v104_s0108,0,0,False,0.0,
recall_loss,104,109,v104_s0109,0,0,False,0.0,
recall_loss,104,110,v104_s0110,0,0,False,0.0,
recall_loss,104,111,v104_s0111,0,0,False,0.0,
recall_loss,104,112,v104_s0112,0,0,False,0.0,
recall_loss,104,113,v104_s0113,0,0,False,0.0,
recall_loss,104,114,v104_s0114,0,0,False,0.0,
recall_loss,104,115,v104_s0115,0,0,False,0.0,
recall_loss,104,116,v104_s0116,0,0,False,0.0,
recall_loss,104,117,v104_s0117,0,0,False,0.0,
recall_loss,104,118,v104_s0118,0,0,False,0.0,
recall_loss,104,119,v104_s0119,0,0,False,0.0,
recall_loss,104,120,v104_s0120,0,0,False,0.0,
recall_loss,104,121,v104_s0121,0,0,False,0.0,
recall_loss,104,122,v104_s0122,0,0,False,0.0,
recall_loss,104,123,v104_s0123,0,0,False,0.0,
recall_loss,104,124,v104_s0124,0,0,False,0.0,
recall_loss,104,125,v104_s0125,0,0,False,0.0,
recall_loss,104,126,v104_s0126,0,0,False,0.0,
recall_loss,104,127,v104_s0127,0,0,False,0.0,
recall_loss,104,128,v104_s0128,0,0,False,0.0,
recall_loss,104,129,v104_s0129,0,0,False,0.0,
recall_loss,104,130,v104_s0130,0,0,False,0.0,
recall_loss,104,131,v104_s0131,0,0,False,0.0,
recall_loss,104,132,v104_s0132,0,0,False,0.0,
recall_loss,104,133,v104_s0133,0,0,False,0.0,
recall_loss,104,134,v104_s0134,0,0,False,0.0,
recall_loss,104,135,v104_s0135,0,0,False,0.0,
recall_loss,104,136,v104_s0136,0,0,False,0.0,
recall_loss,104,137,v104_s0137,0,0,False,0.0,
recall_loss,104,138,v104_s0138,0,0,False,0.0,
recall_loss,104,139,v104_s0139,0,0,False,0.0,
recall_loss,104,140,v104_s0140,0,0,False,0.0,
recall_loss,104,141,v104_s0141,0,0,False,0.0,
recall_loss,104,142,v104_s0142,0,0,False,0.0,
recall_loss,104,143,v104_s0143,0,0,False,0.0,
recall_loss,104,144,v104_s0144,0,0,False,0.0,
recall_loss,104,145,v104_s0145,0,0,False,0.0,
recall_loss,104,146,v104_s0146,0,0,False,0.0,
recall_loss,104,147,v104_s0147,0,0,False,0.0,
recall_loss,104,148,v104_s0148,0,0,False,0.0,
recall_loss,104,149,v104_s0149,0,0,False,0.0,
recall_loss,104,150,v104_s0150,0,0,False,0.0,
recall_loss,104,151,v104_s0151,0,0,False,0.0,
recall_loss,104,152,v104_s0152,0,0,False,0.0,
recall_loss,104,153,v104_s0153,0,0,False,0.0,
recall_loss,104,154,v104_s0154,0,0,False,0.0,
recall_loss,104,155,v104_s0155,0,0,False,0.0,
recall_loss,104,156,v104_s0156,0,0,False,0.0,
recall_loss,104,157,v104_s0157,0,0,False,0.0,
recall_loss,104,158,v104_s0158,0,0,False,0.0,
recall_loss,104,159,v104_s0159,0,0,False,0.0,
recall_loss,104,160,v104_s0160,0,0,False,0.0,
recall_loss,104,161,v104_s0161,0,0,False,0.0,
recall_loss,104,162,v104_s0162,0,0,False,0.0,
recall_loss,104,163,v104_s0163,0,0,False,0.0,
recall_loss,104,164,v104_s0164,0,0,False,0.0,
recall_loss,104,165,v104_s0165,0,0,False,0.0,
recall_loss,104,166,v104_s0166,0,0,False,0.0,
recall_loss,104,167,v104_s0167,0,0,False,0.0,
recall_loss,104,168,v104_s0168,0,0,False,0.0,
recall_loss,104,169,v104_s0169,0,0,False,0.0,
recall_loss,104,170,v104_s0170,0,0,False,0.0,
recall_loss,104,171,v104_s0171,0,0,False,0.0,
recall_loss,104,172,v104_s0172,0,0,False,0.0,
recall_loss,104,173,v104_s0173,0,0,False,0.0,
recall_loss,104,174,v104_s0174,0,0,False,0.0,
recall_loss,104,175,v104_s0175,0,0,False,0.0,
recall_loss,104,176,v104_s0176,0,0,False,0.0,
recall_loss,104,177,v104_s0177,0,0,False,0.0,
recall_loss,104,178,v104_s0178,0,0,False,0.0,
recall_loss,104,179,v104_s0179,0,0,False,0.0,
recall_loss,104,180,v104_s0180,0,0,False,0.0,
recall_loss,104,181,v104_s0181,0,0,False,0.0,
recall_loss,104,182,v104_s0182,0,0,False,0.0,
recall_loss,104,183,v104_s0183,0,0,False,0.0,
recall_loss,104,184,v104_s0184,0,0,False,0.0,
recall_loss,104,185,v104_s0185,0,0,False,0.0,
recall_loss,104,186,v104_s0186,0,0,False,0.0,
recall_loss,104,187,v104_s0187,0,0,False,0.0,
recall_loss,104,188,v104_s0188,0,0,False,0.0,
recall_loss,104,189,v104_s0189,0,0,False,0.0,
recall_loss,104,190,v104_s0190,0,0,False,0.0,
recall_loss,104,191,v104_s0191,0,0,False,0.0,
recall_loss,104,192,v104_s0192,0,0,False,0.0,
recall_loss,104,193,v104_s0193,0,0,False,0.0,
recall_loss,104,194,v104_s0194,0,0,False,0.0,
recall_loss,104,195,v104_s0195,0,0,False,0.0,
recall_loss,104,196,v104_s0196,0,0,False,0.0,
recall_loss,104,197,v104_s0197,0,0,False,0.0,
recall_loss,104,198,v104_s0198,0,0,False,0.0,
recall_loss,104,199,v104_s0199,0,0,False,0.0,
recall_loss,104,200,v104_s0200,0,0,False,0.0,
recall_loss,104,201,v104_s0201,0,0,False,0.0,
recall_loss,104,202,v104_s0202,0,0,False,0.0,
recall_loss,104,203,v104_s0203,0,0,False,0.0,
recall_loss,104,204,v104_s0204,0,0,False,0.0,
recall_loss,104,205,v104_s0205,0,0,False,0.0,
recall_loss,104,206,v104_s0206,0,0,False,0.0,
recall_loss,104,207,v104_s0207,0,0,False,0.0,
recall_loss,104,208,v104_s0208,0,0,False,0.0,
recall_loss,104,209,v104_s0209,0,0,False,0.0,
recall_loss,104,210,v104_s0210,0,0,False,0.0,
recall_loss,104,211,v104_s0211,0,0,False,0.0,
recall_loss,104,212,v104_s0212,0,0,False,0.0,
recall_loss,104,213,v104_s0213,0,0,False,0.0,
recall_loss,104,214,v104_s0214,0,0,False,0.0,
recall_loss,104,215,v104_s0215,0,0,False,0.0,
recall_loss,104,216,v104_s0216,0,0,False,0.0,
recall_loss,104,217,v104_s0217,0,0,False,0.0,
recall_loss,104,218,v104_s0218,0,0,False,0.0,
recall_loss,104,219,v104_s0219,0,0,False,0.0,
recall_loss,104,220,v104_s0220,0,0,False,0.0,
recall_loss,104,221,v104_s0221,0,0,False,0.0,
recall_loss,104,222,v104_s0222,0,0,False,0.0,
recall_loss,104,223,v104_s0223,0,0,False,0.0,
recall_loss,104,224,v104_s0224,0,0,False,0.0,
recall_loss,104,225,v104_s0225,0,0,False,0.0,
recall_loss,104,226,v104_s0226,0,0,False,0.0,
recall_loss,104,227,v104_s0227,0,0,False,0.0,
recall_loss,104,228,v104_s0228,0,0,False,0.0,
recall_loss,104,229,v104_s0229,0,0,False,0.0,
recall_loss,104,230,v104_s0230,0,0,False,0.0,
recall_loss,104,231,v104_s0231,0,0,False,0.0,
recall_loss,104,232,v104_s0232,0,0,False,0.0,
recall_loss,104,233,v104_s0233,0,0,False,0.0,
recall_loss,104,234,v104_s0234,0,0,False,0.0,
recall_loss,104,235,v104_s0235,0,0,False,0.0,
recall_loss,104,236,v104_s0236,0,0,False,0.0,
recall_loss,104,237,v104_s0237,0,0,False,0.0,
recall_loss,104,238,v104_s0238,0,0,False,0.0,
recall_loss,104,239,v104_s0239,0,0,False,0.0,
recall_loss,104,240,v104_s0240,0,0,False,0.0,
recall_loss,104,241,v104_s0241,0,0,False,0.0,
recall_loss,104,242,v104_s0242,0,0,False,0.0,
recall_loss,104,243,v104_s0243,0,0,False,0.0,
recall_loss,104,244,v104_s0244,0,0,False,0.0,
recall_loss,104,245,v104_s0245,0,0,False,0.0,
recall_loss,104,246,v104_s0246,0,0,False,0.0,
recall_loss,104,247,v104_s0247,0,0,False,0.0,
recall_loss,104,248,v104_s0248,0,0,False,0.0,
recall_loss,104,249,v104_s0249,0,0,False,0.0,
recall_loss,104,250,v104_s0250,0,0,False,0.0,
recall_loss,104,251,v104_s0251,0,0,False,0.0,
recall_loss,104,252,v104_s0252,0,0,False,0.0,
recall_loss,104,253,v104_s0253,0,0,False,0.0,
recall_loss,104,254,v104_s0254,0,0,False,0.0,
recall_loss,104,255,v104_s0255,0,0,False,0.0,
recall_loss,104,256,v104_s0256,0,0,False,0.0,
recall_loss,104,257,v104_s0257,0,0,False,0.0,
recall_loss,104,258,v104_s0258,0,0,False,0.0,
recall_loss,104,259,v104_s0259,0,0,False,0.0,
recall_loss,104,260,v104_s0260,0,0,False,0.0,
recall_loss,104,261,v104_s0261,0,0,False,0.0,
recall_loss,104,262,v104_s0262,0,0,False,0.0,
recall_loss,104,263,v104_s0263,0,0,False,0.0,
recall_loss,104,264,v104_s0264,0,0,False,0.0,
recall_loss,104,265,v104_s0265,0,0,False,0.0,
recall_loss,104,266,v104_s0266,0,0,False,0.0,
recall_loss,104,267,v104_s0267,0,0,False,0.0,
recall_loss,104,268,v104_s0268,0,0,False,0.0,
recall_loss,104,269,v104_s0269,0,0,False,0.0,
recall_loss,104,270,v104_s0270,0,0,False,0.0,
recall_loss,104,271,v104_s0271,0,0,False,0.0,
recall_loss,104,272,v104_s0272,0,0,False,0.0,
recall_loss,104,273,v104_s0273,0,0,False,0.0,
recall_loss,104,274,v104_s0274,0,0,False,0.0,
recall_loss,104,275,v104_s0275,0,0,False,0.0,
recall_loss,104,276,v104_s0276,0,0,False,0.0,
recall_loss,104,277,v104_s0277,0,0,False,0.0,
recall_loss,104,278,v104_s0278,0,0,False,0.0,
recall_loss,104,279,v104_s0279,0,0,False,0.0,
recall_loss,104,280,v104_s0280,0,0,False,5.960464477539062e-07,
recall_loss,104,281,v104_s0281,0,0,False,0.0,
recall_loss,104,282,v104_s0282,27,0,False,0.0,0.0
recall_loss,104,283,v104_s0283,34,0,False,0.0,0.0
recall_loss,104,284,v104_s0284,48,0,False,0.0,0.0
recall_loss,104,285,v104_s0285,68,16,False,0.99755859375,0.0
recall_loss,104,286,v104_s0286,69,8,True,0.76611328125,0.76611328125
recall_loss,104,287,v104_s0287,76,0,False,0.012298583984375,0.012298583984375
recall_loss,104,288,v104_s0288,79,0,False,0.0,0.0
recall_loss,104,289,v104_s0289,87,0,False,0.0,0.0
recall_loss,104,290,v104_s0290,96,0,False,0.0,0.0
recall_loss,104,291,v104_s0291,93,0,False,0.00315093994140625,0.00315093994140625
recall_loss,104,292,v104_s0292,74,0,False,1.7881393432617188e-07,0.0
recall_loss,104,293,v104_s0293,74,0,False,0.0,0.0
recall_loss,104,294,v104_s0294,79,0,False,0.0,0.0
recall_loss,104,295,v104_s0295,83,0,False,0.0,0.0
recall_loss,104,296,v104_s0296,98,0,False,1.9669532775878906e-06,1.9669532775878906e-06
recall_loss,104,297,v104_s0297,135,9,True,0.99951171875,0.99951171875
recall_loss,104,298,v104_s0298,180,0,False,0.119384765625,0.119384765625
recall_loss,104,299,v104_s0299,167,0,False,0.0,0.0
recall_loss,104,300,v104_s0300,155,0,False,0.0,0.0
recall_loss,104,301,v104_s0301,165,0,False,0.0,0.0
recall_loss,104,302,v104_s0302,159,0,False,0.0,0.0
recall_loss,104,303,v104_s0303,135,0,False,0.0001283884048461914,0.0001283884048461914
recall_loss,104,304,v104_s0304,120,22,True,1.0,1.0
recall_loss,104,305,v104_s0305,130,12,True,1.0,1.0
recall_loss,104,306,v104_s0306,106,4,False,0.91162109375,0.11712646484375
recall_loss,104,307,v104_s0307,100,0,False,2.0802021026611328e-05,0.0
recall_loss,104,308,v104_s0308,97,29,False,1.0,0.0
recall_loss,104,309,v104_s0309,105,72,False,1.0,0.0
recall_loss,104,310,v104_s0310,121,0,False,0.0,0.0
recall_loss,104,311,v104_s0311,148,0,False,0.0,0.0
recall_loss,104,312,v104_s0312,203,0,False,0.0,0.0
recall_loss,104,313,v104_s0313,313,4,False,0.96240234375,0.0
recall_loss,104,314,v104_s0314,338,0,False,0.007415771484375,0.0
recall_loss,104,315,v104_s0315,388,3,True,0.646484375,0.646484375
recall_loss,104,316,v104_s0316,471,0,False,4.76837158203125e-07,0.0
recall_loss,104,317,v104_s0317,506,2,False,0.94091796875,0.0
recall_loss,104,318,v104_s0318,520,46,False,1.0,0.0
recall_loss,104,319,v104_s0319,594,24,False,1.0,0.0134124755859375
recall_loss,104,320,v104_s0320,631,15,False,1.0,0.0
recall_loss,104,321,v104_s0321,665,0,False,0.0,0.0
recall_loss,104,322,v104_s0322,705,0,False,0.482177734375,0.482177734375
recall_loss,104,323,v104_s0323,754,0,False,5.364418029785156e-07,0.0
recall_loss,104,324,v104_s0324,773,1,True,0.76025390625,0.76025390625
recall_loss,104,325,v104_s0325,814,3,True,0.966796875,0.966796875
recall_loss,104,326,v104_s0326,837,0,False,0.343505859375,0.0
recall_loss,104,327,v104_s0327,854,0,False,0.0002148151397705078,0.0
recall_loss,104,328,v104_s0328,864,0,False,0.0,0.0
recall_loss,104,329,v104_s0329,913,0,False,0.0,0.0
recall_loss,104,330,v104_s0330,977,0,False,0.0,0.0
recall_loss,104,331,v104_s0331,1006,0,False,0.0,0.0
recall_loss,104,332,v104_s0332,1038,0,False,0.07586669921875,0.0
recall_loss,104,333,v104_s0333,1068,3,False,0.951171875,0.0
recall_loss,104,334,v104_s0334,1046,4,False,0.98291015625,0.0
recall_loss,104,335,v104_s0335,1079,10,False,1.0,0.0
recall_loss,104,336,v104_s0336,1098,1,False,0.83154296875,0.0
recall_loss,104,337,v104_s0337,1125,0,False,0.0,0.0
recall_loss,104,338,v104_s0338,1141,0,False,0.0,0.0
recall_loss,104,339,v104_s0339,1145,0,False,0.0,0.0
recall_loss,104,340,v104_s0340,1145,8,False,0.998046875,0.0
recall_loss,104,341,v104_s0341,1165,0,False,5.960464477539063e-08,0.0
recall_loss,104,342,v104_s0342,1169,0,False,0.0,0.0
recall_loss,104,343,v104_s0343,1179,0,False,0.0,0.0
recall_loss,104,344,v104_s0344,1180,0,False,2.980232238769531e-07,0.0
recall_loss,104,345,v104_s0345,1191,14,False,1.0,0.0
recall_loss,104,346,v104_s0346,1207,0,False,0.003856658935546875,0.0
recall_loss,104,347,v104_s0347,1221,0,False,0.0,0.0
recall_loss,104,348,v104_s0348,1242,0,False,0.0,0.0
recall_loss,104,349,v104_s0349,1227,0,False,0.0,0.0
recall_loss,104,350,v104_s0350,1218,42,False,1.0,0.0
recall_loss,104,351,v104_s0351,1207,33,False,1.0,0.0
recall_loss,104,352,v104_s0352,1226,0,False,9.417533874511719e-06,0.0
recall_loss,104,353,v104_s0353,1239,0,False,0.0,0.0
recall_loss,104,354,v104_s0354,1267,6,False,0.96533203125,0.0
recall_loss,104,355,v104_s0355,1273,6,False,0.86962890625,5.960464477539063e-08
recall_loss,104,356,v104_s0356,1230,24,False,1.0,0.0
recall_loss,104,357,v104_s0357,1225,0,False,0.2435302734375,0.0
recall_loss,104,358,v104_s0358,1216,13,False,1.0,2.9146671295166016e-05
recall_loss,104,359,v104_s0359,1214,65,True,1.0,0.994140625
recall_loss,104,360,v104_s0360,1193,326,True,1.0,1.0
recall_loss,104,361,v104_s0361,1155,321,True,1.0,1.0
recall_loss,104,362,v104_s0362,1149,254,True,1.0,1.0
recall_loss,104,363,v104_s0363,1110,52,True,0.99853515625,0.99853515625
recall_loss,104,364,v104_s0364,1089,90,True,1.0,1.0
recall_loss,104,365,v104_s0365,1062,15,True,0.93310546875,0.93310546875
recall_loss,104,366,v104_s0366,1050,57,True,0.98779296875,0.98779296875
recall_loss,104,367,v104_s0367,1037,259,True,1.0,1.0
recall_loss,104,368,v104_s0368,988,240,True,1.0,1.0
recall_loss,104,369,v104_s0369,975,188,True,0.99951171875,0.99951171875
recall_loss,104,370,v104_s0370,960,229,True,1.0,1.0
recall_loss,104,371,v104_s0371,892,283,True,1.0,1.0
recall_loss,104,372,v104_s0372,867,166,True,1.0,1.0
recall_loss,104,373,v104_s0373,826,188,True,1.0,1.0
recall_loss,104,374,v104_s0374,749,179,True,1.0,1.0
recall_loss,104,375,v104_s0375,696,252,True,1.0,1.0
recall_loss,104,376,v104_s0376,644,315,True,1.0,1.0
recall_loss,104,377,v104_s0377,601,276,True,1.0,1.0
recall_loss,104,378,v104_s0378,561,110,True,1.0,1.0
recall_loss,104,379,v104_s0379,507,130,True,1.0,1.0
recall_loss,104,380,v104_s0380,452,158,True,1.0,1.0
recall_loss,104,381,v104_s0381,412,135,True,1.0,1.0
recall_loss,104,382,v104_s0382,364,111,True,1.0,1.0
recall_loss,104,383,v104_s0383,202,109,True,1.0,1.0
recall_loss,104,384,v104_s0384,130,29,True,0.9990234375,0.74755859375
recall_loss,104,385,v104_s0385,25,0,False,0.0,0.0
recall_loss,104,386,v104_s0386,14,0,False,0.0,0.0
recall_loss,104,387,v104_s0387,0,28,False,1.0,
recall_loss,104,388,v104_s0388,0,0,False,0.00115203857421875,
recall_loss,104,389,v104_s0389,0,0,False,0.0,
recall_loss,104,390,v104_s0390,0,0,False,0.0,
recall_loss,104,391,v104_s0391,0,0,False,0.0,
recall_loss,104,392,v104_s0392,0,0,False,0.0,
recall_loss,104,393,v104_s0393,0,0,False,0.0,
recall_loss,104,394,v104_s0394,0,0,False,0.0,
recall_loss,104,395,v104_s0395,0,0,False,0.0,
recall_loss,104,396,v104_s0396,0,0,False,0.0,
recall_loss,104,397,v104_s0397,0,19,False,0.99365234375,
recall_loss,104,398,v104_s0398,0,0,False,0.0,
recall_loss,104,399,v104_s0399,0,0,False,1.901388168334961e-05,
recall_loss,104,400,v104_s0400,0,0,False,1.1920928955078125e-07,
recall_loss,104,401,v104_s0401,0,0,False,0.0,
recall_loss,104,402,v104_s0402,0,0,False,0.0,
recall_loss,104,403,v104_s0403,0,0,False,0.0,
recall_loss,104,404,v104_s0404,0,0,False,6.592273712158203e-05,
recall_loss,104,405,v104_s0405,0,3,False,0.830078125,
recall_loss,104,406,v104_s0406,0,7,False,0.9873046875,
recall_loss,104,407,v104_s0407,0,0,False,0.1729736328125,
recall_loss,104,408,v104_s0408,0,0,False,0.0,
recall_loss,104,409,v104_s0409,0,19,False,1.0,
recall_loss,104,410,v104_s0410,0,34,False,1.0,
recall_loss,104,411,v104_s0411,0,17,False,1.0,
recall_loss,104,412,v104_s0412,0,20,False,1.0,
recall_loss,104,413,v104_s0413,5,4,True,0.94580078125,0.94580078125
recall_loss,104,414,v104_s0414,8,13,True,1.0,1.0
recall_loss,104,415,v104_s0415,7,12,True,1.0,1.0
recall_loss,104,416,v104_s0416,6,0,False,3.5762786865234375e-07,3.5762786865234375e-07
recall_loss,104,417,v104_s0417,2,0,False,5.960464477539063e-08,0.0
recall_loss,104,418,v104_s0418,0,0,False,0.0,
recall_loss,104,419,v104_s0419,0,18,False,1.0,
recall_loss,104,420,v104_s0420,0,10,False,0.9794921875,
recall_loss,104,421,v104_s0421,0,25,False,1.0,
recall_loss,104,422,v104_s0422,0,0,False,0.0,
recall_loss,104,423,v104_s0423,2,9,False,0.9990234375,0.0
recall_loss,104,424,v104_s0424,3,0,False,0.0,0.0
recall_loss,104,425,v104_s0425,5,0,False,1.1920928955078125e-07,1.1920928955078125e-07
recall_loss,104,426,v104_s0426,8,15,True,1.0,1.0
recall_loss,104,427,v104_s0427,10,18,True,1.0,1.0
recall_loss,104,428,v104_s0428,12,14,True,1.0,1.0
recall_loss,104,429,v104_s0429,13,16,True,1.0,1.0
recall_loss,104,430,v104_s0430,10,18,True,1.0,1.0
recall_loss,104,431,v104_s0431,5,16,True,1.0,1.0
recall_loss,104,432,v104_s0432,3,0,False,7.212162017822266e-06,7.212162017822266e-06
recall_loss,104,433,v104_s0433,4,0,False,0.00262451171875,0.00262451171875
recall_loss,104,434,v104_s0434,4,0,False,0.011260986328125,0.0
recall_loss,104,435,v104_s0435,0,5,False,0.822265625,
recall_loss,104,436,v104_s0436,0,14,False,1.0,
recall_loss,104,437,v104_s0437,0,0,False,0.0,
recall_loss,104,438,v104_s0438,0,0,False,0.1485595703125,
recall_loss,104,439,v104_s0439,0,0,False,0.0,
recall_loss,104,440,v104_s0440,0,0,False,0.0036830902099609375,
recall_loss,104,441,v104_s0441,0,21,False,1.0,
recall_loss,104,442,v104_s0442,0,22,False,1.0,
recall_loss,104,443,v104_s0443,0,0,False,0.0,
recall_loss,104,444,v104_s0444,0,1,False,0.51171875,
recall_loss,104,445,v104_s0445,0,0,False,0.005733489990234375,
recall_loss,104,446,v104_s0446,0,0,False,0.0,
recall_loss,104,447,v104_s0447,0,7,False,0.94775390625,
recall_loss,104,448,v104_s0448,0,33,False,1.0,
recall_loss,104,449,v104_s0449,0,0,False,0.0,
recall_loss,104,450,v104_s0450,0,0,False,0.0,
recall_loss,104,451,v104_s0451,0,9,False,0.6484375,
recall_loss,104,452,v104_s0452,0,0,False,0.286376953125,
recall_loss,104,453,v104_s0453,0,0,False,0.0,
recall_loss,104,454,v104_s0454,0,0,False,0.0,
recall_loss,104,455,v104_s0455,0,0,False,0.0,
recall_loss,104,456,v104_s0456,0,0,False,0.0,
recall_loss,104,457,v104_s0457,0,0,False,0.0,
recall_loss,104,458,v104_s0458,0,0,False,0.0,
recall_loss,104,459,v104_s0459,0,20,False,1.0,
recall_loss,104,460,v104_s0460,0,20,False,1.0,
recall_loss,104,461,v104_s0461,0,0,False,0.0,
recall_loss,104,462,v104_s0462,0,0,False,0.0,
recall_loss,104,463,v104_s0463,0,0,False,0.0,
recall_loss,104,464,v104_s0464,0,0,False,0.0,
recall_loss,104,465,v104_s0465,0,0,False,0.0,
recall_loss,104,466,v104_s0466,0,0,False,0.0,
recall_loss,104,467,v104_s0467,0,0,False,0.0,
recall_loss,104,468,v104_s0468,0,0,False,0.0,
recall_loss,104,469,v104_s0469,0,0,False,0.0,
recall_loss,104,470,v104_s0470,0,0,False,0.0,
recall_loss,104,471,v104_s0471,0,0,False,0.0,
recall_loss,104,472,v104_s0472,0,0,False,0.0,
recall_loss,104,473,v104_s0473,0,0,False,0.0,
recall_loss,104,474,v104_s0474,0,0,False,0.0,
recall_loss,104,475,v104_s0475,0,0,False,0.0,
recall_loss,104,476,v104_s0476,0,0,False,0.0,
recall_loss,104,477,v104_s0477,0,0,False,0.0,
recall_loss,104,478,v104_s0478,0,15,False,1.0,
recall_loss,104,479,v104_s0479,0,37,False,1.0,
recall_loss,104,480,v104_s0480,0,35,False,1.0,
recall_loss,104,481,v104_s0481,0,28,False,1.0,
recall_loss,104,482,v104_s0482,0,22,False,1.0,
recall_loss,104,483,v104_s0483,0,0,False,0.0,
recall_loss,104,484,v104_s0484,0,0,False,0.0,
recall_loss,104,485,v104_s0485,0,0,False,0.0,
recall_loss,104,486,v104_s0486,0,0,False,0.0,
recall_loss,104,487,v104_s0487,0,0,False,0.0,
recall_loss,104,488,v104_s0488,0,0,False,0.0,
recall_loss,104,489,v104_s0489,0,0,False,0.0,
recall_loss,104,490,v104_s0490,0,0,False,0.0,
recall_loss,104,491,v104_s0491,0,0,False,0.0,
recall_loss,104,492,v104_s0492,0,0,False,0.0,
recall_loss,104,493,v104_s0493,0,0,False,0.0,
recall_loss,104,494,v104_s0494,0,0,False,0.0,
recall_loss,104,495,v104_s0495,0,0,False,0.0,
recall_loss,104,496,v104_s0496,0,0,False,0.0,
recall_loss,104,497,v104_s0497,0,0,False,0.0,
recall_loss,104,498,v104_s0498,0,0,False,0.0,
recall_loss,104,499,v104_s0499,0,0,False,0.0,
recall_loss,104,500,v104_s0500,0,0,False,0.0,
recall_loss,104,501,v104_s0501,0,0,False,0.0,
recall_loss,104,502,v104_s0502,0,0,False,0.0,
recall_loss,104,503,v104_s0503,0,0,False,0.0,
recall_loss,104,504,v104_s0504,0,0,False,0.0,
recall_loss,104,505,v104_s0505,0,0,False,0.0,
recall_loss,104,506,v104_s0506,0,0,False,0.0,
recall_loss,104,507,v104_s0507,0,0,False,0.0,
recall_loss,104,508,v104_s0508,0,0,False,0.0,
recall_loss,104,509,v104_s0509,0,0,False,0.0,
recall_loss,104,510,v104_s0510,0,0,False,0.0,
recall_loss,104,511,v104_s0511,0,0,False,0.0,
recall_loss,104,512,v104_s0512,0,0,False,0.0,
recall_loss,104,513,v104_s0513,0,0,False,0.0,
recall_loss,104,514,v104_s0514,0,0,False,0.0,
recall_loss,104,515,v104_s0515,0,0,False,0.0,
recall_loss,104,516,v104_s0516,0,0,False,0.0,
recall_loss,104,517,v104_s0517,0,0,False,0.0,
recall_loss,104,518,v104_s0518,0,0,False,0.0,
recall_loss,104,519,v104_s0519,0,0,False,0.0,
recall_loss,104,520,v104_s0520,0,0,False,0.0,
recall_loss,104,521,v104_s0521,0,0,False,0.0,
recall_loss,104,522,v104_s0522,0,0,False,0.0,
recall_loss,104,523,v104_s0523,0,0,False,0.0,
recall_loss,104,524,v104_s0524,0,0,False,0.0,
recall_loss,104,525,v104_s0525,0,0,False,0.0,
recall_loss,104,526,v104_s0526,0,0,False,0.0,
recall_loss,104,527,v104_s0527,0,0,False,0.0,
recall_loss,104,528,v104_s0528,0,0,False,0.0,
recall_loss,104,529,v104_s0529,0,0,False,0.0,
recall_loss,104,530,v104_s0530,0,0,False,0.0,
recall_loss,104,531,v104_s0531,0,0,False,0.0,
recall_loss,104,532,v104_s0532,0,0,False,0.0,
recall_loss,104,533,v104_s0533,0,0,False,0.0,
recall_loss,104,534,v104_s0534,0,0,False,0.0,
recall_loss,104,535,v104_s0535,0,0,False,0.0,
recall_loss,104,536,v104_s0536,0,0,False,0.0,
recall_loss,104,537,v104_s0537,0,0,False,0.0,
recall_loss,104,538,v104_s0538,0,0,False,0.0,
recall_loss,104,539,v104_s0539,0,0,False,0.0,
recall_loss,104,540,v104_s0540,0,0,False,0.0,
recall_loss,104,541,v104_s0541,0,0,False,0.0,
recall_loss,104,542,v104_s0542,0,0,False,0.0,
recall_loss,104,543,v104_s0543,0,0,False,0.0,
recall_loss,104,544,v104_s0544,0,0,False,0.0,
recall_loss,104,545,v104_s0545,0,0,False,0.0,
recall_loss,104,546,v104_s0546,0,0,False,0.0,
recall_loss,104,547,v104_s0547,0,0,False,0.0,
recall_loss,104,548,v104_s0548,0,0,False,0.0,
recall_loss,104,549,v104_s0549,0,0,False,0.0,
recall_loss,104,550,v104_s0550,0,0,False,0.0,
recall_loss,104,551,v104_s0551,0,0,False,0.0,
recall_loss,104,552,v104_s0552,0,0,False,0.0,
recall_loss,104,553,v104_s0553,0,0,False,0.0,
recall_loss,104,554,v104_s0554,0,0,False,0.0,
recall_loss,104,555,v104_s0555,0,0,False,0.0,
recall_loss,104,556,v104_s0556,0,0,False,0.0,
recall_loss,104,557,v104_s0557,0,0,False,0.0,
recall_loss,104,558,v104_s0558,0,0,False,0.0,
recall_loss,104,559,v104_s0559,0,0,False,0.0,
recall_loss,104,560,v104_s0560,0,0,False,0.0,
recall_loss,104,561,v104_s0561,0,0,False,0.0,
recall_loss,104,562,v104_s0562,0,0,False,0.0,
recall_loss,104,563,v104_s0563,0,0,False,0.0,
recall_loss,104,564,v104_s0564,0,0,False,0.0,
recall_loss,104,565,v104_s0565,0,0,False,0.0,
recall_loss,104,566,v104_s0566,0,0,False,0.0,
recall_loss,104,567,v104_s0567,0,0,False,0.0,
recall_loss,104,568,v104_s0568,0,0,False,0.0,
recall_loss,104,569,v104_s0569,0,0,False,0.0,
recall_loss,104,570,v104_s0570,0,0,False,0.0,
recall_loss,104,571,v104_s0571,0,0,False,0.0,
recall_loss,104,572,v104_s0572,0,0,False,0.0,
recall_loss,104,573,v104_s0573,0,0,False,0.0,
recall_loss,104,574,v104_s0574,0,0,False,0.0,
recall_loss,104,575,v104_s0575,0,0,False,0.0,
recall_loss,104,576,v104_s0576,0,0,False,0.0,
recall_loss,104,577,v104_s0577,0,0,False,0.0,
recall_loss,104,578,v104_s0578,0,0,False,0.0,
recall_loss,104,579,v104_s0579,0,0,False,0.0,
recall_loss,104,580,v104_s0580,0,0,False,0.0,
recall_loss,104,581,v104_s0581,0,0,False,0.0,
recall_loss,104,582,v104_s0582,0,0,False,0.0,
recall_loss,104,583,v104_s0583,0,0,False,0.0,
recall_loss,104,584,v104_s0584,0,0,False,0.0,
recall_loss,104,585,v104_s0585,0,0,False,0.0,
recall_loss,104,586,v104_s0586,0,0,False,0.0,
recall_loss,104,587,v104_s0587,0,0,False,0.0,
recall_loss,104,588,v104_s0588,0,0,False,0.0,
recall_loss,104,589,v104_s0589,0,0,False,0.0,
recall_loss,104,590,v104_s0590,0,0,False,0.0,
recall_loss,104,591,v104_s0591,0,0,False,0.0,
recall_loss,104,592,v104_s0592,0,0,False,0.0,
recall_loss,104,593,v104_s0593,0,0,False,0.0,
recall_loss,104,594,v104_s0594,0,0,False,0.0,
recall_loss,104,595,v104_s0595,0,0,False,0.0,
recall_loss,104,596,v104_s0596,0,0,False,0.0,
recall_loss,104,597,v104_s0597,0,0,False,0.0,
recall_loss,104,598,v104_s0598,0,0,False,0.0,
recall_loss,104,599,v104_s0599,0,0,False,0.0,
recall_loss,104,600,v104_s0600,0,0,False,0.0,
recall_loss,104,601,v104_s0601,0,0,False,0.0,
recall_loss,104,602,v104_s0602,0,0,False,0.0,
recall_loss,104,603,v104_s0603,0,0,False,0.0,
recall_loss,104,604,v104_s0604,0,0,False,0.0,
recall_loss,104,605,v104_s0605,0,0,False,0.0,
recall_loss,104,606,v104_s0606,0,0,False,0.0,
recall_loss,104,607,v104_s0607,0,0,False,0.0,
recall_loss,104,608,v104_s0608,0,0,False,0.0,
recall_loss,104,609,v104_s0609,0,0,False,0.0,
recall_loss,104,610,v104_s0610,0,0,False,0.0,
recall_loss,104,611,v104_s0611,0,0,False,0.0,
recall_loss,104,612,v104_s0612,0,0,False,0.0,
recall_loss,104,613,v104_s0613,0,0,False,0.0,
recall_loss,104,614,v104_s0614,0,0,False,0.0,
recall_loss,104,615,v104_s0615,0,0,False,0.0,
recall_loss,104,616,v104_s0616,0,0,False,0.0,
recall_loss,104,617,v104_s0617,0,0,False,0.0,
recall_loss,104,618,v104_s0618,0,0,False,0.0,
recall_loss,104,619,v104_s0619,0,0,False,0.0,
recall_loss,104,620,v104_s0620,0,0,False,0.0,
recall_loss,104,621,v104_s0621,0,0,False,0.0,
recall_loss,104,622,v104_s0622,0,0,False,0.0,
recall_loss,104,623,v104_s0623,0,0,False,0.0,
recall_loss,104,624,v104_s0624,0,0,False,0.0,
recall_loss,104,625,v104_s0625,0,0,False,0.0,
recall_loss,104,626,v104_s0626,0,0,False,0.0,
recall_loss,104,627,v104_s0627,0,0,False,0.0,
recall_loss,104,628,v104_s0628,0,0,False,0.0,
recall_loss,104,629,v104_s0629,0,0,False,0.0,
recall_loss,104,630,v104_s0630,0,0,False,0.0,
recall_loss,104,631,v104_s0631,0,0,False,0.0,
recall_loss,104,632,v104_s0632,0,0,False,0.0,
recall_loss,104,633,v104_s0633,0,0,False,0.0,
recall_loss,104,634,v104_s0634,0,0,False,0.0,
recall_loss,104,635,v104_s0635,0,0,False,0.0,
recall_loss,104,636,v104_s0636,0,0,False,0.0,
recall_loss,104,637,v104_s0637,0,0,False,0.0,
recall_loss,104,638,v104_s0638,0,0,False,0.0,
recall_loss,104,639,v104_s0639,0,0,False,0.0,
recall_loss,104,640,v104_s0640,0,0,False,0.0,
recall_loss,104,641,v104_s0641,0,0,False,0.0,
recall_loss,104,642,v104_s0642,0,0,False,0.0,
recall_loss,104,643,v104_s0643,0,0,False,0.0,
recall_loss,104,644,v104_s0644,0,0,False,0.0,
recall_loss,104,645,v104_s0645,0,0,False,0.0,
recall_loss,104,646,v104_s0646,0,0,False,0.0,
recall_loss,104,647,v104_s0647,0,0,False,0.0,
recall_loss,104,648,v104_s0648,0,0,False,0.0,
recall_loss,104,649,v104_s0649,0,0,False,0.0,
recall_loss,104,650,v104_s0650,0,0,False,0.0,
recall_loss,104,651,v104_s0651,0,0,False,0.0,
recall_loss,104,652,v104_s0652,0,0,False,0.0,
recall_loss,104,653,v104_s0653,0,0,False,0.0,
recall_loss,104,654,v104_s0654,0,0,False,0.0,
recall_loss,104,655,v104_s0655,0,0,False,0.0,
recall_loss,104,656,v104_s0656,0,0,False,0.0,
recall_loss,104,657,v104_s0657,0,0,False,0.0,
recall_loss,104,658,v104_s0658,0,0,False,0.0,
recall_loss,104,659,v104_s0659,0,0,False,0.0,
recall_loss,104,660,v104_s0660,0,0,False,0.0,
recall_loss,104,661,v104_s0661,0,0,False,0.0,
recall_loss,104,662,v104_s0662,0,0,False,0.0,
recall_loss,104,663,v104_s0663,0,0,False,0.0,
recall_loss,104,664,v104_s0664,0,0,False,0.0,
recall_loss,104,665,v104_s0665,0,0,False,0.0,
recall_loss,104,666,v104_s0666,0,0,False,0.0,
recall_loss,104,667,v104_s0667,0,0,False,0.0,
recall_loss,104,668,v104_s0668,0,0,False,0.0,
recall_loss,104,669,v104_s0669,0,0,False,0.0,
recall_loss,104,670,v104_s0670,0,0,False,0.0,
recall_loss,104,671,v104_s0671,0,0,False,0.0,
recall_loss,104,672,v104_s0672,0,0,False,0.0,
recall_loss,104,673,v104_s0673,0,0,False,0.0,
recall_loss,104,674,v104_s0674,0,0,False,0.0,
recall_loss,104,675,v104_s0675,0,0,False,0.0,
recall_loss,104,676,v104_s0676,0,0,False,0.0,
recall_loss,104,677,v104_s0677,0,0,False,0.0,
recall_loss,104,678,v104_s0678,0,0,False,0.0,
recall_loss,104,679,v104_s0679,0,0,False,0.0,
recall_loss,104,680,v104_s0680,0,0,False,0.0,
recall_loss,104,681,v104_s0681,0,0,False,0.0,
recall_loss,104,682,v104_s0682,0,0,False,0.0,
recall_loss,104,683,v104_s0683,0,0,False,0.0,
recall_loss,104,684,v104_s0684,0,0,False,0.0,
recall_loss,104,685,v104_s0685,0,0,False,0.0,
recall_loss,104,686,v104_s0686,0,0,False,0.0,
recall_loss,104,687,v104_s0687,0,0,False,0.0,
recall_loss,104,688,v104_s0688,0,0,False,0.0,
recall_loss,104,689,v104_s0689,0,0,False,0.0,
recall_loss,104,690,v104_s0690,0,0,False,0.0,
recall_loss,104,691,v104_s0691,0,0,False,0.0,
recall_loss,104,692,v104_s0692,0,0,False,0.0,
recall_loss,104,693,v104_s0693,0,0,False,0.0,
recall_loss,104,694,v104_s0694,0,0,False,0.0,
recall_loss,104,695,v104_s0695,0,0,False,0.0,
recall_loss,104,696,v104_s0696,0,0,False,0.0,
recall_loss,104,697,v104_s0697,0,0,False,0.0,
recall_loss,104,698,v104_s0698,0,0,False,0.0,
recall_loss,104,699,v104_s0699,0,0,False,0.0,
recall_loss,104,700,v104_s0700,0,0,False,0.0,
recall_loss,104,701,v104_s0701,0,0,False,0.0,
recall_loss,104,702,v104_s0702,0,0,False,0.0,
recall_loss,104,703,v104_s0703,0,0,False,0.0,
recall_loss,104,704,v104_s0704,0,0,False,0.0,
recall_loss,104,705,v104_s0705,0,0,False,0.0,
recall_loss,104,706,v104_s0706,0,0,False,0.0,
recall_loss,104,707,v104_s0707,0,0,False,0.0,
recall_loss,104,708,v104_s0708,0,0,False,0.0,
recall_loss,104,709,v104_s0709,0,0,False,0.0,
recall_loss,104,710,v104_s0710,0,0,False,0.0,
recall_loss,104,711,v104_s0711,0,0,False,0.0,
recall_loss,104,712,v104_s0712,0,0,False,0.0,
recall_loss,104,713,v104_s0713,0,0,False,0.0,
recall_loss,104,714,v104_s0714,0,0,False,0.0,
recall_loss,104,715,v104_s0715,0,0,False,0.0,
recall_loss,104,716,v104_s0716,0,0,False,0.0,
recall_loss,104,717,v104_s0717,0,0,False,0.0,
recall_loss,104,718,v104_s0718,0,0,False,0.0,
recall_loss,104,719,v104_s0719,0,0,False,0.0,
recall_loss,104,720,v104_s0720,0,0,False,0.0,
recall_loss,104,721,v104_s0721,0,0,False,0.0,
recall_loss,104,722,v104_s0722,0,0,False,0.0,
recall_loss,104,723,v104_s0723,0,0,False,0.0,
recall_loss,104,724,v104_s0724,0,0,False,0.0,
recall_loss,104,725,v104_s0725,0,0,False,0.0,
recall_loss,104,726,v104_s0726,0,0,False,0.0,
recall_loss,104,727,v104_s0727,0,0,False,0.0,
recall_loss,104,728,v104_s0728,0,0,False,0.0,
recall_loss,104,729,v104_s0729,0,0,False,0.0,
recall_loss,104,730,v104_s0730,0,0,False,0.0,
recall_loss,104,731,v104_s0731,0,0,False,0.0,
recall_loss,104,732,v104_s0732,0,0,False,0.0,
recall_loss,104,733,v104_s0733,0,0,False,0.0,
recall_loss,104,734,v104_s0734,0,0,False,0.0,
recall_loss,104,735,v104_s0735,0,0,False,0.0,
recall_loss,104,736,v104_s0736,0,0,False,0.0,
recall_loss,104,737,v104_s0737,0,0,False,0.0,
recall_loss,104,738,v104_s0738,0,0,False,0.0,
recall_loss,104,739,v104_s0739,0,0,False,0.0,
recall_loss,104,740,v104_s0740,0,0,False,0.0,
recall_loss,104,741,v104_s0741,0,0,False,0.0,
recall_loss,104,742,v104_s0742,0,0,False,0.0,
recall_loss,104,743,v104_s0743,0,0,False,0.0,
recall_loss,104,744,v104_s0744,0,0,False,0.0,
recall_loss,104,745,v104_s0745,0,0,False,0.0,
recall_loss,104,746,v104_s0746,0,0,False,0.0,
recall_loss,104,747,v104_s0747,0,0,False,0.0,
recall_loss,104,748,v104_s0748,0,0,False,0.0,
recall_loss,104,749,v104_s0749,0,0,False,0.0,
recall_loss,104,750,v104_s0750,0,0,False,0.0,
recall_loss,104,751,v104_s0751,0,0,False,0.0,
recall_loss,104,752,v104_s0752,0,0,False,0.0,
recall_loss,104,753,v104_s0753,0,0,False,0.0,
recall_loss,104,754,v104_s0754,0,0,False,0.0,
recall_loss,104,755,v104_s0755,0,0,False,0.0,
recall_loss,104,756,v104_s0756,0,0,False,0.0,
recall_loss,104,757,v104_s0757,0,0,False,0.0,
recall_loss,104,758,v104_s0758,0,0,False,0.0,
recall_loss,104,759,v104_s0759,0,0,False,0.0,
recall_loss,104,760,v104_s0760,0,0,False,0.0,
recall_loss,104,761,v104_s0761,0,0,False,0.0,
recall_loss,104,762,v104_s0762,0,0,False,0.0,
recall_loss,104,763,v104_s0763,0,0,False,0.0,
recall_loss,104,764,v104_s0764,0,0,False,0.0,
recall_loss,104,765,v104_s0765,0,0,False,0.0,
recall_loss,104,766,v104_s0766,0,0,False,0.0,
recall_loss,104,767,v104_s0767,0,0,False,0.0,
recall_loss,104,768,v104_s0768,0,0,False,0.0,
recall_loss,104,769,v104_s0769,0,0,False,0.0,
recall_loss,104,770,v104_s0770,0,0,False,0.0,
recall_loss,104,771,v104_s0771,0,0,False,0.0,
recall_loss,104,772,v104_s0772,0,0,False,0.0,
recall_loss,104,773,v104_s0773,0,0,False,0.0,
recall_loss,104,774,v104_s0774,0,0,False,0.0,
recall_loss,104,775,v104_s0775,0,0,False,0.0,
recall_loss,104,776,v104_s0776,0,0,False,0.0,
recall_loss,104,777,v104_s0777,0,0,False,0.0,
recall_loss,104,778,v104_s0778,0,0,False,0.0,
recall_loss,104,779,v104_s0779,0,0,False,0.0,
recall_loss,104,780,v104_s0780,0,0,False,0.0,
recall_loss,105,0,v105_s0000,0,0,False,0.0,
recall_loss,105,1,v105_s0001,0,0,False,0.0,
recall_loss,105,2,v105_s0002,0,0,False,0.0,
recall_loss,105,3,v105_s0003,0,0,False,0.0,
recall_loss,105,4,v105_s0004,0,0,False,0.0,
recall_loss,105,5,v105_s0005,0,0,False,0.0,
recall_loss,105,6,v105_s0006,0,0,False,0.0,
recall_loss,105,7,v105_s0007,0,0,False,0.0,
recall_loss,105,8,v105_s0008,0,0,False,0.0,
recall_loss,105,9,v105_s0009,0,0,False,0.0,
recall_loss,105,10,v105_s0010,0,0,False,0.0,
recall_loss,105,11,v105_s0011,0,0,False,0.0,
recall_loss,105,12,v105_s0012,0,0,False,0.0,
recall_loss,105,13,v105_s0013,0,0,False,0.0,
recall_loss,105,14,v105_s0014,0,0,False,0.0,
recall_loss,105,15,v105_s0015,0,0,False,0.0,
recall_loss,105,16,v105_s0016,0,0,False,0.0,
recall_loss,105,17,v105_s0017,0,0,False,0.0,
recall_loss,105,18,v105_s0018,0,0,False,0.0,
recall_loss,105,19,v105_s0019,0,0,False,0.0,
recall_loss,105,20,v105_s0020,0,0,False,0.0,
recall_loss,105,21,v105_s0021,0,0,False,0.0,
recall_loss,105,22,v105_s0022,0,0,False,0.0,
recall_loss,105,23,v105_s0023,0,0,False,0.0,
recall_loss,105,24,v105_s0024,0,0,False,0.0,
recall_loss,105,25,v105_s0025,0,0,False,0.0,
recall_loss,105,26,v105_s0026,0,0,False,0.0,
recall_loss,105,27,v105_s0027,0,0,False,0.0,
recall_loss,105,28,v105_s0028,0,0,False,0.0,
recall_loss,105,29,v105_s0029,0,0,False,0.0,
recall_loss,105,30,v105_s0030,0,0,False,0.0,
recall_loss,105,31,v105_s0031,0,0,False,0.0,
recall_loss,105,32,v105_s0032,0,0,False,0.0,
recall_loss,105,33,v105_s0033,0,0,False,0.0,
recall_loss,105,34,v105_s0034,0,0,False,0.0,
recall_loss,105,35,v105_s0035,0,0,False,0.0,
recall_loss,105,36,v105_s0036,0,0,False,0.0,
recall_loss,105,37,v105_s0037,0,0,False,0.0,
recall_loss,105,38,v105_s0038,0,0,False,0.0,
recall_loss,105,39,v105_s0039,0,0,False,0.0,
recall_loss,105,40,v105_s0040,0,0,False,0.0,
recall_loss,105,41,v105_s0041,0,0,False,0.0,
recall_loss,105,42,v105_s0042,0,0,False,0.0,
recall_loss,105,43,v105_s0043,0,0,False,0.0,
recall_loss,105,44,v105_s0044,0,0,False,0.0,
recall_loss,105,45,v105_s0045,0,0,False,0.0,
recall_loss,105,46,v105_s0046,0,0,False,0.0,
recall_loss,105,47,v105_s0047,0,0,False,0.0,
recall_loss,105,48,v105_s0048,0,0,False,0.0,
recall_loss,105,49,v105_s0049,0,0,False,0.0,
recall_loss,105,50,v105_s0050,0,0,False,0.0,
recall_loss,105,51,v105_s0051,0,0,False,0.0,
recall_loss,105,52,v105_s0052,0,0,False,0.0,
recall_loss,105,53,v105_s0053,0,0,False,0.0,
recall_loss,105,54,v105_s0054,0,0,False,0.0,
recall_loss,105,55,v105_s0055,0,0,False,0.0,
recall_loss,105,56,v105_s0056,0,0,False,0.0,
recall_loss,105,57,v105_s0057,0,0,False,0.0,
recall_loss,105,58,v105_s0058,0,0,False,0.0,
recall_loss,105,59,v105_s0059,0,0,False,0.0,
recall_loss,105,60,v105_s0060,0,0,False,0.0,
recall_loss,105,61,v105_s0061,0,0,False,0.0,
recall_loss,105,62,v105_s0062,0,0,False,0.0,
recall_loss,105,63,v105_s0063,0,0,False,0.0,
recall_loss,105,64,v105_s0064,0,0,False,0.0,
recall_loss,105,65,v105_s0065,0,0,False,0.0,
recall_loss,105,66,v105_s0066,0,0,False,0.0,
recall_loss,105,67,v105_s0067,0,0,False,0.0,
recall_loss,105,68,v105_s0068,0,0,False,0.0,
recall_loss,105,69,v105_s0069,0,0,False,0.0,
recall_loss,105,70,v105_s0070,0,0,False,0.0,
recall_loss,105,71,v105_s0071,0,0,False,0.0,
recall_loss,105,72,v105_s0072,0,0,False,0.0,
recall_loss,105,73,v105_s0073,0,0,False,0.0,
recall_loss,105,74,v105_s0074,0,0,False,0.0,
recall_loss,105,75,v105_s0075,0,0,False,0.0,
recall_loss,105,76,v105_s0076,0,0,False,0.0,
recall_loss,105,77,v105_s0077,0,0,False,0.0,
recall_loss,105,78,v105_s0078,0,0,False,0.0,
recall_loss,105,79,v105_s0079,0,0,False,0.0,
recall_loss,105,80,v105_s0080,0,0,False,0.0,
recall_loss,105,81,v105_s0081,0,0,False,0.0,
recall_loss,105,82,v105_s0082,0,0,False,0.0,
recall_loss,105,83,v105_s0083,0,0,False,0.0,
recall_loss,105,84,v105_s0084,0,0,False,0.0,
recall_loss,105,85,v105_s0085,0,0,False,0.0,
recall_loss,105,86,v105_s0086,0,0,False,0.0,
recall_loss,105,87,v105_s0087,0,0,False,0.0,
recall_loss,105,88,v105_s0088,0,0,False,0.0,
recall_loss,105,89,v105_s0089,0,0,False,0.0,
recall_loss,105,90,v105_s0090,0,0,False,0.0,
recall_loss,105,91,v105_s0091,0,0,False,0.0,
recall_loss,105,92,v105_s0092,0,0,False,0.0,
recall_loss,105,93,v105_s0093,0,0,False,0.0,
recall_loss,105,94,v105_s0094,0,0,False,0.0,
recall_loss,105,95,v105_s0095,0,0,False,0.0,
recall_loss,105,96,v105_s0096,0,0,False,0.0,
recall_loss,105,97,v105_s0097,0,0,False,0.0,
recall_loss,105,98,v105_s0098,0,0,False,0.0,
recall_loss,105,99,v105_s0099,0,0,False,0.0,
recall_loss,105,100,v105_s0100,0,0,False,0.0,
recall_loss,105,101,v105_s0101,0,0,False,0.0,
recall_loss,105,102,v105_s0102,0,0,False,0.0,
recall_loss,105,103,v105_s0103,0,0,False,0.0,
recall_loss,105,104,v105_s0104,0,0,False,0.0,
recall_loss,105,105,v105_s0105,0,0,False,0.0,
recall_loss,105,106,v105_s0106,0,0,False,0.0,
recall_loss,105,107,v105_s0107,0,0,False,0.0,
recall_loss,105,108,v105_s0108,0,0,False,0.0,
recall_loss,105,109,v105_s0109,0,0,False,0.0,
recall_loss,105,110,v105_s0110,0,0,False,0.0,
recall_loss,105,111,v105_s0111,0,0,False,0.0,
recall_loss,105,112,v105_s0112,0,0,False,0.0,
recall_loss,105,113,v105_s0113,0,0,False,0.0,
recall_loss,105,114,v105_s0114,0,0,False,0.0,
recall_loss,105,115,v105_s0115,0,0,False,0.0,
recall_loss,105,116,v105_s0116,0,0,False,0.0,
recall_loss,105,117,v105_s0117,0,0,False,0.0,
recall_loss,105,118,v105_s0118,0,0,False,0.0,
recall_loss,105,119,v105_s0119,0,0,False,0.0,
recall_loss,105,120,v105_s0120,0,0,False,0.0,
recall_loss,105,121,v105_s0121,0,0,False,0.0,
recall_loss,105,122,v105_s0122,0,0,False,0.0,
recall_loss,105,123,v105_s0123,0,0,False,0.0,
recall_loss,105,124,v105_s0124,0,0,False,0.0,
recall_loss,105,125,v105_s0125,0,0,False,0.0,
recall_loss,105,126,v105_s0126,0,0,False,0.0,
recall_loss,105,127,v105_s0127,0,0,False,0.0,
recall_loss,105,128,v105_s0128,0,0,False,0.0,
recall_loss,105,129,v105_s0129,0,0,False,0.0,
recall_loss,105,130,v105_s0130,0,0,False,0.0,
recall_loss,105,131,v105_s0131,0,0,False,0.0,
recall_loss,105,132,v105_s0132,0,0,False,0.0,
recall_loss,105,133,v105_s0133,0,0,False,0.0,
recall_loss,105,134,v105_s0134,0,0,False,0.0,
recall_loss,105,135,v105_s0135,0,0,False,0.0,
recall_loss,105,136,v105_s0136,0,0,False,0.0,
recall_loss,105,137,v105_s0137,0,0,False,0.0,
recall_loss,105,138,v105_s0138,0,0,False,0.0,
recall_loss,105,139,v105_s0139,0,0,False,0.0,
recall_loss,105,140,v105_s0140,0,0,False,0.0,
recall_loss,105,141,v105_s0141,0,0,False,0.0,
recall_loss,105,142,v105_s0142,0,0,False,0.0,
recall_loss,105,143,v105_s0143,0,0,False,0.0,
recall_loss,105,144,v105_s0144,0,0,False,0.0,
recall_loss,105,145,v105_s0145,0,0,False,0.0,
recall_loss,105,146,v105_s0146,0,0,False,0.0,
recall_loss,105,147,v105_s0147,0,0,False,0.0,
recall_loss,105,148,v105_s0148,0,0,False,0.0,
recall_loss,105,149,v105_s0149,0,0,False,0.0,
recall_loss,105,150,v105_s0150,0,0,False,0.0,
recall_loss,105,151,v105_s0151,0,0,False,0.0,
recall_loss,105,152,v105_s0152,0,0,False,0.0,
recall_loss,105,153,v105_s0153,0,0,False,0.0,
recall_loss,105,154,v105_s0154,0,0,False,0.0,
recall_loss,105,155,v105_s0155,0,0,False,0.0,
recall_loss,105,156,v105_s0156,0,0,False,0.0,
recall_loss,105,157,v105_s0157,0,0,False,0.0,
recall_loss,105,158,v105_s0158,0,0,False,0.0,
recall_loss,105,159,v105_s0159,0,0,False,0.0,
recall_loss,105,160,v105_s0160,0,0,False,0.0,
recall_loss,105,161,v105_s0161,0,0,False,0.0,
recall_loss,105,162,v105_s0162,0,0,False,0.0,
recall_loss,105,163,v105_s0163,0,0,False,0.0,
recall_loss,105,164,v105_s0164,0,0,False,0.0,
recall_loss,105,165,v105_s0165,0,0,False,0.0,
recall_loss,105,166,v105_s0166,0,0,False,0.0,
recall_loss,105,167,v105_s0167,0,0,False,0.0,
recall_loss,105,168,v105_s0168,0,0,False,0.0,
recall_loss,105,169,v105_s0169,0,0,False,0.0,
recall_loss,105,170,v105_s0170,0,0,False,0.0,
recall_loss,105,171,v105_s0171,0,0,False,0.0,
recall_loss,105,172,v105_s0172,0,0,False,0.0,
recall_loss,105,173,v105_s0173,0,0,False,0.0,
recall_loss,105,174,v105_s0174,0,0,False,0.0,
recall_loss,105,175,v105_s0175,0,0,False,0.0,
recall_loss,105,176,v105_s0176,0,0,False,0.0,
recall_loss,105,177,v105_s0177,0,0,False,0.0,
recall_loss,105,178,v105_s0178,0,0,False,0.0,
recall_loss,105,179,v105_s0179,0,0,False,0.0,
recall_loss,105,180,v105_s0180,0,0,False,0.0,
recall_loss,105,181,v105_s0181,0,0,False,0.0,
recall_loss,105,182,v105_s0182,0,0,False,0.0,
recall_loss,105,183,v105_s0183,0,0,False,0.0,
recall_loss,105,184,v105_s0184,0,0,False,0.0,
recall_loss,105,185,v105_s0185,0,0,False,0.0,
recall_loss,105,186,v105_s0186,0,0,False,0.0,
recall_loss,105,187,v105_s0187,0,0,False,0.0,
recall_loss,105,188,v105_s0188,0,0,False,0.0,
recall_loss,105,189,v105_s0189,0,0,False,0.0,
recall_loss,105,190,v105_s0190,0,0,False,0.0,
recall_loss,105,191,v105_s0191,0,0,False,0.0,
recall_loss,105,192,v105_s0192,0,0,False,0.0,
recall_loss,105,193,v105_s0193,0,0,False,0.0,
recall_loss,105,194,v105_s0194,0,0,False,0.0,
recall_loss,105,195,v105_s0195,0,0,False,0.0,
recall_loss,105,196,v105_s0196,0,0,False,0.0,
recall_loss,105,197,v105_s0197,0,0,False,0.0,
recall_loss,105,198,v105_s0198,0,0,False,0.0,
recall_loss,105,199,v105_s0199,0,0,False,0.0,
recall_loss,105,200,v105_s0200,0,0,False,0.0,
recall_loss,105,201,v105_s0201,0,0,False,0.0,
recall_loss,105,202,v105_s0202,0,0,False,0.0,
recall_loss,105,203,v105_s0203,0,0,False,0.0,
recall_loss,105,204,v105_s0204,0,0,False,0.0,
recall_loss,105,205,v105_s0205,0,0,False,0.0,
recall_loss,105,206,v105_s0206,0,0,False,0.0,
recall_loss,105,207,v105_s0207,0,0,False,0.0,
recall_loss,105,208,v105_s0208,0,0,False,0.0,
recall_loss,105,209,v105_s0209,0,0,False,0.0,
recall_loss,105,210,v105_s0210,0,0,False,0.0,
recall_loss,105,211,v105_s0211,0,0,False,0.0,
recall_loss,105,212,v105_s0212,0,0,False,0.0,
recall_loss,105,213,v105_s0213,0,0,False,0.0,
recall_loss,105,214,v105_s0214,0,0,False,0.0,
recall_loss,105,215,v105_s0215,0,0,False,0.0,
recall_loss,105,216,v105_s0216,0,0,False,0.0,
recall_loss,105,217,v105_s0217,0,0,False,0.0,
recall_loss,105,218,v105_s0218,0,0,False,0.0,
recall_loss,105,219,v105_s0219,0,0,False,0.0,
recall_loss,105,220,v105_s0220,0,0,False,0.0,
recall_loss,105,221,v105_s0221,0,0,False,0.0,
recall_loss,105,222,v105_s0222,0,0,False,0.0,
recall_loss,105,223,v105_s0223,0,0,False,0.0,
recall_loss,105,224,v105_s0224,0,0,False,0.0,
recall_loss,105,225,v105_s0225,0,0,False,0.0,
recall_loss,105,226,v105_s0226,0,0,False,0.0,
recall_loss,105,227,v105_s0227,0,0,False,0.0,
recall_loss,105,228,v105_s0228,0,0,False,0.0,
recall_loss,105,229,v105_s0229,0,0,False,0.0,
recall_loss,105,230,v105_s0230,0,0,False,0.0,
recall_loss,105,231,v105_s0231,0,0,False,0.0,
recall_loss,105,232,v105_s0232,0,0,False,0.0,
recall_loss,105,233,v105_s0233,0,0,False,0.0,
recall_loss,105,234,v105_s0234,0,0,False,0.0,
recall_loss,105,235,v105_s0235,0,0,False,0.0,
recall_loss,105,236,v105_s0236,0,0,False,0.0,
recall_loss,105,237,v105_s0237,0,0,False,0.0,
recall_loss,105,238,v105_s0238,0,0,False,0.0,
recall_loss,105,239,v105_s0239,0,0,False,0.0,
recall_loss,105,240,v105_s0240,0,0,False,0.0,
recall_loss,105,241,v105_s0241,0,0,False,0.0,
recall_loss,105,242,v105_s0242,0,0,False,0.0,
recall_loss,105,243,v105_s0243,0,0,False,0.0,
recall_loss,105,244,v105_s0244,0,0,False,0.0,
recall_loss,105,245,v105_s0245,0,0,False,0.0,
recall_loss,105,246,v105_s0246,0,0,False,0.0,
recall_loss,105,247,v105_s0247,0,0,False,0.0,
recall_loss,105,248,v105_s0248,0,0,False,0.0,
recall_loss,105,249,v105_s0249,0,0,False,0.0,
recall_loss,105,250,v105_s0250,0,0,False,0.0,
recall_loss,105,251,v105_s0251,0,0,False,0.0,
recall_loss,105,252,v105_s0252,0,0,False,0.0,
recall_loss,105,253,v105_s0253,0,0,False,0.0,
recall_loss,105,254,v105_s0254,0,0,False,0.0,
recall_loss,105,255,v105_s0255,0,0,False,0.0,
recall_loss,105,256,v105_s0256,0,0,False,0.0,
recall_loss,105,257,v105_s0257,0,0,False,0.0,
recall_loss,105,258,v105_s0258,0,0,False,0.0,
recall_loss,105,259,v105_s0259,0,0,False,0.0,
recall_loss,105,260,v105_s0260,0,0,False,0.0,
recall_loss,105,261,v105_s0261,0,0,False,0.0,
recall_loss,105,262,v105_s0262,0,0,False,0.0,
recall_loss,105,263,v105_s0263,0,0,False,0.0,
recall_loss,105,264,v105_s0264,0,0,False,0.0,
recall_loss,105,265,v105_s0265,0,0,False,0.0,
recall_loss,105,266,v105_s0266,0,0,False,0.0,
recall_loss,105,267,v105_s0267,0,0,False,0.0,
recall_loss,105,268,v105_s0268,0,0,False,0.0,
recall_loss,105,269,v105_s0269,0,0,False,0.0,
recall_loss,105,270,v105_s0270,0,0,False,0.0,
recall_loss,105,271,v105_s0271,0,0,False,0.0,
recall_loss,105,272,v105_s0272,0,0,False,0.0,
recall_loss,105,273,v105_s0273,0,0,False,0.0,
recall_loss,105,274,v105_s0274,0,0,False,0.0,
recall_loss,105,275,v105_s0275,0,0,False,0.0,
recall_loss,105,276,v105_s0276,0,0,False,0.0,
recall_loss,105,277,v105_s0277,0,0,False,0.0,
recall_loss,105,278,v105_s0278,0,0,False,0.0,
recall_loss,105,279,v105_s0279,0,0,False,0.0,
recall_loss,105,280,v105_s0280,0,0,False,0.0,
recall_loss,105,281,v105_s0281,0,0,False,0.0,
recall_loss,105,282,v105_s0282,0,0,False,0.0,
recall_loss,105,283,v105_s0283,0,0,False,0.0,
recall_loss,105,284,v105_s0284,0,0,False,0.0,
recall_loss,105,285,v105_s0285,0,0,False,0.0,
recall_loss,105,286,v105_s0286,0,0,False,0.0,
recall_loss,105,287,v105_s0287,0,0,False,0.0,
recall_loss,105,288,v105_s0288,0,0,False,0.0,
recall_loss,105,289,v105_s0289,0,0,False,0.0,
recall_loss,105,290,v105_s0290,0,0,False,0.0,
recall_loss,105,291,v105_s0291,0,0,False,0.0,
recall_loss,105,292,v105_s0292,0,0,False,0.0,
recall_loss,105,293,v105_s0293,0,0,False,0.0,
recall_loss,105,294,v105_s0294,0,0,False,0.0,
recall_loss,105,295,v105_s0295,0,0,False,0.0,
recall_loss,105,296,v105_s0296,0,0,False,0.0,
recall_loss,105,297,v105_s0297,0,0,False,0.0,
recall_loss,105,298,v105_s0298,0,0,False,0.0,
recall_loss,105,299,v105_s0299,0,0,False,0.0,
recall_loss,105,300,v105_s0300,0,0,False,0.0,
recall_loss,105,301,v105_s0301,0,0,False,0.0,
recall_loss,105,302,v105_s0302,0,0,False,0.0,
recall_loss,105,303,v105_s0303,0,0,False,0.0,
recall_loss,105,304,v105_s0304,0,0,False,0.0,
recall_loss,105,305,v105_s0305,0,0,False,0.0,
recall_loss,105,306,v105_s0306,0,0,False,0.0,
recall_loss,105,307,v105_s0307,0,0,False,0.0,
recall_loss,105,308,v105_s0308,0,0,False,0.0,
recall_loss,105,309,v105_s0309,0,0,False,0.0,
recall_loss,105,310,v105_s0310,0,0,False,0.0,
recall_loss,105,311,v105_s0311,0,0,False,0.0,
recall_loss,105,312,v105_s0312,0,0,False,0.0,
recall_loss,105,313,v105_s0313,0,0,False,0.0,
recall_loss,105,314,v105_s0314,0,0,False,0.0,
recall_loss,105,315,v105_s0315,0,0,False,0.0,
recall_loss,105,316,v105_s0316,0,0,False,0.0,
recall_loss,105,317,v105_s0317,0,0,False,0.0,
recall_loss,105,318,v105_s0318,0,0,False,0.0,
recall_loss,105,319,v105_s0319,0,0,False,0.0,
recall_loss,105,320,v105_s0320,0,0,False,0.0,
recall_loss,105,321,v105_s0321,0,0,False,0.0,
recall_loss,105,322,v105_s0322,0,0,False,0.0,
recall_loss,105,323,v105_s0323,0,0,False,0.0,
recall_loss,105,324,v105_s0324,0,0,False,0.0,
recall_loss,105,325,v105_s0325,0,0,False,0.0,
recall_loss,105,326,v105_s0326,0,0,False,0.0,
recall_loss,105,327,v105_s0327,0,0,False,0.0,
recall_loss,105,328,v105_s0328,0,0,False,0.0,
recall_loss,105,329,v105_s0329,0,0,False,0.0,
recall_loss,105,330,v105_s0330,0,0,False,0.0,
recall_loss,105,331,v105_s0331,0,0,False,0.0,
recall_loss,105,332,v105_s0332,0,0,False,0.0,
recall_loss,105,333,v105_s0333,0,0,False,0.0,
recall_loss,105,334,v105_s0334,0,0,False,0.0,
recall_loss,105,335,v105_s0335,0,0,False,0.0,
recall_loss,105,336,v105_s0336,0,0,False,0.0,
recall_loss,105,337,v105_s0337,0,0,False,0.0,
recall_loss,105,338,v105_s0338,0,0,False,0.0,
recall_loss,105,339,v105_s0339,0,0,False,0.0,
recall_loss,105,340,v105_s0340,0,0,False,0.0,
recall_loss,105,341,v105_s0341,0,0,False,0.0,
recall_loss,105,342,v105_s0342,0,0,False,0.0,
recall_loss,105,343,v105_s0343,0,0,False,0.0,
recall_loss,105,344,v105_s0344,0,0,False,0.0,
recall_loss,105,345,v105_s0345,0,0,False,0.0,
recall_loss,105,346,v105_s0346,0,0,False,0.0,
recall_loss,105,347,v105_s0347,0,0,False,0.0,
recall_loss,105,348,v105_s0348,0,0,False,0.0,
recall_loss,105,349,v105_s0349,0,0,False,0.0,
recall_loss,105,350,v105_s0350,0,0,False,0.0,
recall_loss,105,351,v105_s0351,0,0,False,0.0,
recall_loss,105,352,v105_s0352,0,0,False,0.0,
recall_loss,105,353,v105_s0353,0,0,False,0.0,
recall_loss,105,354,v105_s0354,0,0,False,0.0,
recall_loss,105,355,v105_s0355,0,0,False,0.0,
recall_loss,105,356,v105_s0356,0,0,False,0.0,
recall_loss,105,357,v105_s0357,0,0,False,0.0,
recall_loss,105,358,v105_s0358,0,0,False,0.0,
recall_loss,105,359,v105_s0359,0,0,False,0.0,
recall_loss,105,360,v105_s0360,0,0,False,0.0,
recall_loss,105,361,v105_s0361,0,0,False,0.0,
recall_loss,105,362,v105_s0362,0,0,False,0.0,
recall_loss,105,363,v105_s0363,0,0,False,0.0,
recall_loss,105,364,v105_s0364,0,0,False,0.0,
recall_loss,105,365,v105_s0365,0,0,False,0.0,
recall_loss,105,366,v105_s0366,0,0,False,0.0,
recall_loss,105,367,v105_s0367,0,0,False,0.0,
recall_loss,105,368,v105_s0368,0,0,False,0.0,
recall_loss,105,369,v105_s0369,0,0,False,0.0,
recall_loss,105,370,v105_s0370,0,0,False,0.0,
recall_loss,105,371,v105_s0371,0,0,False,0.0,
recall_loss,105,372,v105_s0372,0,0,False,0.0,
recall_loss,105,373,v105_s0373,0,0,False,0.0,
recall_loss,105,374,v105_s0374,0,0,False,0.0,
recall_loss,105,375,v105_s0375,0,0,False,0.0,
recall_loss,105,376,v105_s0376,0,0,False,0.0,
recall_loss,105,377,v105_s0377,0,0,False,0.0,
recall_loss,105,378,v105_s0378,0,0,False,0.0,
recall_loss,105,379,v105_s0379,0,0,False,0.0,
recall_loss,105,380,v105_s0380,0,0,False,0.0,
recall_loss,105,381,v105_s0381,0,0,False,0.0,
recall_loss,105,382,v105_s0382,0,0,False,0.0,
recall_loss,105,383,v105_s0383,0,0,False,0.0,
recall_loss,105,384,v105_s0384,0,0,False,0.0,
recall_loss,105,385,v105_s0385,0,0,False,0.0,
recall_loss,105,386,v105_s0386,0,0,False,0.0,
recall_loss,105,387,v105_s0387,0,0,False,0.0,
recall_loss,105,388,v105_s0388,0,0,False,0.0,
recall_loss,105,389,v105_s0389,0,0,False,0.0,
recall_loss,105,390,v105_s0390,0,0,False,0.0,
recall_loss,105,391,v105_s0391,0,0,False,0.0,
recall_loss,105,392,v105_s0392,0,0,False,0.0,
recall_loss,105,393,v105_s0393,0,0,False,0.0,
recall_loss,105,394,v105_s0394,0,0,False,0.0,
recall_loss,105,395,v105_s0395,0,0,False,0.0,
recall_loss,105,396,v105_s0396,0,0,False,0.0,
recall_loss,105,397,v105_s0397,0,0,False,0.0,
recall_loss,105,398,v105_s0398,0,0,False,0.0,
recall_loss,105,399,v105_s0399,0,0,False,0.0,
recall_loss,105,400,v105_s0400,0,0,False,0.0,
recall_loss,105,401,v105_s0401,0,0,False,0.0,
recall_loss,105,402,v105_s0402,0,0,False,0.0,
recall_loss,105,403,v105_s0403,0,0,False,0.0,
recall_loss,105,404,v105_s0404,0,0,False,0.0,
recall_loss,105,405,v105_s0405,0,0,False,0.0,
recall_loss,105,406,v105_s0406,0,0,False,0.0,
recall_loss,105,407,v105_s0407,0,0,False,0.0,
recall_loss,105,408,v105_s0408,0,0,False,0.0,
recall_loss,105,409,v105_s0409,0,0,False,0.0,
recall_loss,105,410,v105_s0410,0,0,False,0.0,
recall_loss,105,411,v105_s0411,0,0,False,0.0,
recall_loss,105,412,v105_s0412,0,0,False,0.0,
recall_loss,105,413,v105_s0413,0,0,False,0.0,
recall_loss,105,414,v105_s0414,0,0,False,0.0,
recall_loss,105,415,v105_s0415,0,0,False,0.0,
recall_loss,105,416,v105_s0416,0,0,False,0.0,
recall_loss,105,417,v105_s0417,0,0,False,0.0,
recall_loss,105,418,v105_s0418,0,0,False,0.0,
recall_loss,105,419,v105_s0419,0,0,False,0.0,
recall_loss,105,420,v105_s0420,0,0,False,0.0,
recall_loss,105,421,v105_s0421,0,0,False,0.0,
recall_loss,105,422,v105_s0422,0,0,False,0.0,
recall_loss,105,423,v105_s0423,0,0,False,0.0,
recall_loss,105,424,v105_s0424,0,0,False,7.927417755126953e-06,
recall_loss,105,425,v105_s0425,0,15,False,1.0,
recall_loss,105,426,v105_s0426,0,1,False,0.830078125,
recall_loss,105,427,v105_s0427,0,0,False,0.0,
recall_loss,105,428,v105_s0428,0,0,False,0.0,
recall_loss,105,429,v105_s0429,0,0,False,0.0,
recall_loss,105,430,v105_s0430,0,8,False,0.99462890625,
recall_loss,105,431,v105_s0431,0,14,False,1.0,
recall_loss,105,432,v105_s0432,0,0,False,7.456541061401367e-05,
recall_loss,105,433,v105_s0433,0,0,False,0.034088134765625,
recall_loss,105,434,v105_s0434,0,0,False,0.0,
recall_loss,105,435,v105_s0435,0,0,False,0.0,
recall_loss,105,436,v105_s0436,0,0,False,0.0,
recall_loss,105,437,v105_s0437,0,16,False,0.9970703125,
recall_loss,105,438,v105_s0438,0,0,False,0.056976318359375,
recall_loss,105,439,v105_s0439,0,0,False,5.960464477539063e-08,
recall_loss,105,440,v105_s0440,0,4,False,0.93505859375,
recall_loss,105,441,v105_s0441,0,3,False,0.86181640625,
recall_loss,105,442,v105_s0442,0,4,False,0.8974609375,
recall_loss,105,443,v105_s0443,0,11,False,0.994140625,
recall_loss,105,444,v105_s0444,0,13,False,0.99658203125,
recall_loss,105,445,v105_s0445,0,18,False,0.99951171875,
recall_loss,105,446,v105_s0446,0,21,False,1.0,
recall_loss,105,447,v105_s0447,0,13,False,0.99853515625,
recall_loss,105,448,v105_s0448,0,0,False,0.11846923828125,
recall_loss,105,449,v105_s0449,0,8,False,0.99609375,
recall_loss,105,450,v105_s0450,0,0,False,0.07965087890625,
recall_loss,105,451,v105_s0451,0,0,False,0.0,
recall_loss,105,452,v105_s0452,0,0,False,0.0,
recall_loss,105,453,v105_s0453,0,0,False,2.2649765014648438e-06,
recall_loss,105,454,v105_s0454,0,0,False,5.960464477539063e-08,
recall_loss,105,455,v105_s0455,0,0,False,0.0,
recall_loss,105,456,v105_s0456,0,0,False,0.0,
recall_loss,105,457,v105_s0457,0,5,False,0.9951171875,
recall_loss,105,458,v105_s0458,0,0,False,0.0,
recall_loss,105,459,v105_s0459,0,0,False,0.0,
recall_loss,105,460,v105_s0460,0,0,False,0.0,
recall_loss,105,461,v105_s0461,0,0,False,0.0673828125,
recall_loss,105,462,v105_s0462,0,0,False,0.0,
recall_loss,105,463,v105_s0463,0,0,False,2.384185791015625e-07,
recall_loss,105,464,v105_s0464,0,4,False,0.9814453125,
recall_loss,105,465,v105_s0465,0,5,False,0.99658203125,
recall_loss,105,466,v105_s0466,0,8,False,0.99365234375,
recall_loss,105,467,v105_s0467,0,0,False,5.364418029785156e-07,
recall_loss,105,468,v105_s0468,0,3,False,0.70458984375,
recall_loss,105,469,v105_s0469,0,28,False,1.0,
recall_loss,105,470,v105_s0470,0,0,False,0.04620361328125,
recall_loss,105,471,v105_s0471,0,30,False,1.0,
recall_loss,105,472,v105_s0472,0,36,False,1.0,
recall_loss,105,473,v105_s0473,0,0,False,0.362060546875,
recall_loss,105,474,v105_s0474,0,0,False,0.0,
recall_loss,105,475,v105_s0475,0,0,False,3.159046173095703e-06,
recall_loss,105,476,v105_s0476,0,0,False,0.0,
recall_loss,105,477,v105_s0477,0,0,False,0.0,
recall_loss,105,478,v105_s0478,0,0,False,5.960464477539063e-08,
recall_loss,105,479,v105_s0479,0,0,False,8.940696716308594e-07,
recall_loss,105,480,v105_s0480,0,0,False,0.01934814453125,
recall_loss,105,481,v105_s0481,0,0,False,0.0,
recall_loss,105,482,v105_s0482,0,0,False,0.0,
recall_loss,105,483,v105_s0483,0,0,False,2.9802322387695312e-06,
recall_loss,105,484,v105_s0484,0,0,False,0.38037109375,
recall_loss,105,485,v105_s0485,0,0,False,0.196044921875,
recall_loss,105,486,v105_s0486,0,0,False,0.453125,
recall_loss,105,487,v105_s0487,0,0,False,3.981590270996094e-05,
recall_loss,105,488,v105_s0488,0,0,False,3.874301910400391e-06,
recall_loss,105,489,v105_s0489,0,0,False,0.0,
recall_loss,105,490,v105_s0490,0,0,False,0.0,
recall_loss,105,491,v105_s0491,0,0,False,0.0,
recall_loss,105,492,v105_s0492,0,0,False,0.0,
recall_loss,105,493,v105_s0493,0,0,False,0.0,
recall_loss,105,494,v105_s0494,0,0,False,0.0,
recall_loss,105,495,v105_s0495,0,4,False,0.9287109375,
recall_loss,105,496,v105_s0496,0,0,False,5.960464477539063e-08,
recall_loss,105,497,v105_s0497,0,0,False,0.0,
recall_loss,105,498,v105_s0498,0,0,False,0.0,
recall_loss,105,499,v105_s0499,0,0,False,0.0,
recall_loss,105,500,v105_s0500,0,0,False,0.0,
recall_loss,105,501,v105_s0501,0,0,False,0.0,
recall_loss,105,502,v105_s0502,0,0,False,0.0,
recall_loss,105,503,v105_s0503,0,0,False,0.0,
recall_loss,105,504,v105_s0504,0,0,False,0.0016870498657226562,
recall_loss,105,505,v105_s0505,0,0,False,0.0,
recall_loss,105,506,v105_s0506,0,0,False,0.0,
recall_loss,105,507,v105_s0507,0,0,False,0.0,
recall_loss,105,508,v105_s0508,0,0,False,0.0,
recall_loss,105,509,v105_s0509,0,0,False,0.1907958984375,
recall_loss,105,510,v105_s0510,0,21,False,0.9345703125,
recall_loss,105,511,v105_s0511,0,16,False,0.9736328125,
recall_loss,105,512,v105_s0512,0,42,False,0.99951171875,
recall_loss,105,513,v105_s0513,0,4,False,0.74267578125,
recall_loss,105,514,v105_s0514,0,47,False,0.99951171875,
recall_loss,105,515,v105_s0515,0,29,False,0.99951171875,
recall_loss,105,516,v105_s0516,0,18,False,0.99951171875,
recall_loss,105,517,v105_s0517,0,33,False,1.0,
recall_loss,105,518,v105_s0518,0,34,False,1.0,
recall_loss,105,519,v105_s0519,0,20,False,1.0,
recall_loss,105,520,v105_s0520,0,0,False,0.0,
recall_loss,105,521,v105_s0521,0,0,False,0.0,
recall_loss,105,522,v105_s0522,0,0,False,0.0,
recall_loss,105,523,v105_s0523,0,0,False,0.0,
recall_loss,105,524,v105_s0524,0,0,False,0.0,
recall_loss,105,525,v105_s0525,0,0,False,6.687641143798828e-05,
recall_loss,105,526,v105_s0526,0,0,False,0.0,
recall_loss,105,527,v105_s0527,0,0,False,0.0,
recall_loss,105,528,v105_s0528,0,0,False,0.0,
recall_loss,105,529,v105_s0529,0,0,False,0.0,
recall_loss,105,530,v105_s0530,0,0,False,0.0,
recall_loss,105,531,v105_s0531,0,6,False,0.9365234375,
recall_loss,105,532,v105_s0532,0,14,False,0.99560546875,
recall_loss,105,533,v105_s0533,0,0,False,1.1980533599853516e-05,
recall_loss,105,534,v105_s0534,0,0,False,3.039836883544922e-06,
recall_loss,105,535,v105_s0535,0,0,False,0.0,
recall_loss,105,536,v105_s0536,0,0,False,0.0,
recall_loss,105,537,v105_s0537,0,0,False,0.0,
recall_loss,105,538,v105_s0538,0,0,False,0.0,
recall_loss,105,539,v105_s0539,0,4,False,0.76171875,
recall_loss,105,540,v105_s0540,0,0,False,0.0,
recall_loss,105,541,v105_s0541,0,0,False,0.0,
recall_loss,105,542,v105_s0542,0,0,False,5.960464477539063e-08,
recall_loss,105,543,v105_s0543,0,0,False,0.0,
recall_loss,105,544,v105_s0544,0,0,False,0.0,
recall_loss,105,545,v105_s0545,0,1,False,0.67919921875,
recall_loss,105,546,v105_s0546,0,0,False,0.0,
recall_loss,105,547,v105_s0547,0,0,False,0.0,
recall_loss,105,548,v105_s0548,0,0,False,6.794929504394531e-06,
recall_loss,105,549,v105_s0549,0,0,False,0.0,
recall_loss,105,550,v105_s0550,0,0,False,0.0,
recall_loss,105,551,v105_s0551,0,0,False,0.0,
recall_loss,105,552,v105_s0552,0,0,False,1.430511474609375e-06,
recall_loss,105,553,v105_s0553,0,0,False,0.0,
recall_loss,105,554,v105_s0554,0,0,False,0.0,
recall_loss,105,555,v105_s0555,0,0,False,0.0,
recall_loss,105,556,v105_s0556,0,0,False,0.0,
recall_loss,105,557,v105_s0557,0,0,False,0.0,
recall_loss,105,558,v105_s0558,0,0,False,0.0,
recall_loss,105,559,v105_s0559,0,0,False,0.0,
recall_loss,105,560,v105_s0560,0,0,False,0.0,
recall_loss,105,561,v105_s0561,0,0,False,0.0,
recall_loss,105,562,v105_s0562,0,0,False,0.0,
recall_loss,105,563,v105_s0563,0,0,False,0.0,
recall_loss,105,564,v105_s0564,0,0,False,0.0,
recall_loss,105,565,v105_s0565,0,26,False,1.0,
recall_loss,105,566,v105_s0566,0,0,False,1.9669532775878906e-06,
recall_loss,105,567,v105_s0567,0,0,False,0.423095703125,
recall_loss,105,568,v105_s0568,0,0,False,4.76837158203125e-07,
recall_loss,105,569,v105_s0569,0,0,False,5.960464477539063e-08,
recall_loss,105,570,v105_s0570,0,113,False,1.0,
recall_loss,105,571,v105_s0571,0,103,False,1.0,
recall_loss,105,572,v105_s0572,0,51,False,1.0,
recall_loss,105,573,v105_s0573,0,0,False,0.0,
recall_loss,105,574,v105_s0574,0,0,False,1.1920928955078125e-07,
recall_loss,105,575,v105_s0575,0,1,False,0.5654296875,
recall_loss,105,576,v105_s0576,0,0,False,0.0,
recall_loss,105,577,v105_s0577,0,0,False,0.0,
recall_loss,105,578,v105_s0578,0,0,False,0.0,
recall_loss,105,579,v105_s0579,0,56,False,1.0,
recall_loss,105,580,v105_s0580,0,52,False,1.0,
recall_loss,105,581,v105_s0581,0,9,False,1.0,
recall_loss,105,582,v105_s0582,0,0,False,0.0056304931640625,
recall_loss,105,583,v105_s0583,0,0,False,0.0,
recall_loss,105,584,v105_s0584,0,36,False,0.99951171875,
recall_loss,105,585,v105_s0585,0,48,False,1.0,
recall_loss,105,586,v105_s0586,0,0,False,4.76837158203125e-07,
recall_loss,105,587,v105_s0587,0,4,False,0.97119140625,
recall_loss,105,588,v105_s0588,0,0,False,0.24169921875,
recall_loss,105,589,v105_s0589,0,0,False,0.0,
recall_loss,105,590,v105_s0590,0,0,False,0.0,
recall_loss,105,591,v105_s0591,0,0,False,0.0002301931381225586,
recall_loss,105,592,v105_s0592,0,0,False,2.384185791015625e-07,
recall_loss,105,593,v105_s0593,0,0,False,0.1055908203125,
recall_loss,105,594,v105_s0594,0,0,False,0.0,
recall_loss,105,595,v105_s0595,0,0,False,3.2186508178710938e-06,
recall_loss,105,596,v105_s0596,0,6,False,0.986328125,
recall_loss,105,597,v105_s0597,0,7,False,0.98095703125,
recall_loss,105,598,v105_s0598,0,40,False,1.0,
recall_loss,105,599,v105_s0599,0,70,False,1.0,
recall_loss,105,600,v105_s0600,0,0,False,0.0,
recall_loss,105,601,v105_s0601,0,0,False,1.1920928955078125e-07,
recall_loss,105,602,v105_s0602,0,0,False,0.00011324882507324219,
recall_loss,105,603,v105_s0603,0,29,False,1.0,
recall_loss,105,604,v105_s0604,0,0,False,0.0,
recall_loss,105,605,v105_s0605,0,0,False,0.0,
recall_loss,105,606,v105_s0606,0,0,False,9.59634780883789e-06,
recall_loss,105,607,v105_s0607,0,0,False,0.0,
recall_loss,105,608,v105_s0608,0,0,False,0.000362396240234375,
recall_loss,105,609,v105_s0609,0,0,False,0.0010614395141601562,
recall_loss,105,610,v105_s0610,0,0,False,0.0003502368927001953,
recall_loss,105,611,v105_s0611,0,0,False,0.0002307891845703125,
recall_loss,105,612,v105_s0612,0,0,False,0.0,
recall_loss,105,613,v105_s0613,0,0,False,0.0,
recall_loss,105,614,v105_s0614,0,274,False,1.0,
recall_loss,105,615,v105_s0615,0,0,False,0.0,
recall_loss,105,616,v105_s0616,0,0,False,0.465576171875,
recall_loss,105,617,v105_s0617,0,24,False,0.9951171875,
recall_loss,105,618,v105_s0618,0,24,False,0.99658203125,
recall_loss,105,619,v105_s0619,0,11,False,0.96435546875,
recall_loss,105,620,v105_s0620,0,0,False,0.0,
recall_loss,105,621,v105_s0621,0,0,False,1.430511474609375e-06,
recall_loss,105,622,v105_s0622,0,11,False,0.97998046875,
recall_loss,105,623,v105_s0623,0,0,False,0.0,
recall_loss,105,624,v105_s0624,0,0,False,0.0,
recall_loss,105,625,v105_s0625,0,0,False,0.0,
recall_loss,105,626,v105_s0626,0,0,False,0.0,
recall_loss,105,627,v105_s0627,0,0,False,0.0,
recall_loss,105,628,v105_s0628,0,0,False,0.0,
recall_loss,105,629,v105_s0629,0,0,False,0.0,
recall_loss,105,630,v105_s0630,0,0,False,0.0,
recall_loss,105,631,v105_s0631,0,0,False,0.0,
recall_loss,105,632,v105_s0632,0,0,False,0.0,
recall_loss,105,633,v105_s0633,0,0,False,0.0,
recall_loss,105,634,v105_s0634,0,0,False,0.0,
recall_loss,105,635,v105_s0635,0,0,False,0.0,
recall_loss,105,636,v105_s0636,0,0,False,0.0,
recall_loss,105,637,v105_s0637,0,0,False,0.0,
recall_loss,105,638,v105_s0638,0,0,False,0.0,
recall_loss,105,639,v105_s0639,0,0,False,0.0,
recall_loss,105,640,v105_s0640,0,0,False,0.0,
recall_loss,105,641,v105_s0641,0,0,False,0.0,
recall_loss,105,642,v105_s0642,0,0,False,0.0,
recall_loss,105,643,v105_s0643,0,0,False,0.0,
recall_loss,105,644,v105_s0644,0,0,False,0.0,
recall_loss,105,645,v105_s0645,0,0,False,0.0,
recall_loss,105,646,v105_s0646,0,0,False,0.0,
recall_loss,105,647,v105_s0647,0,0,False,0.0,
recall_loss,105,648,v105_s0648,0,0,False,0.0,
recall_loss,105,649,v105_s0649,0,0,False,0.0,
recall_loss,105,650,v105_s0650,0,0,False,0.0,
recall_loss,105,651,v105_s0651,0,0,False,0.0,
recall_loss,105,652,v105_s0652,0,0,False,0.0,
recall_loss,105,653,v105_s0653,0,0,False,0.0,
recall_loss,105,654,v105_s0654,0,0,False,0.0,
recall_loss,105,655,v105_s0655,0,0,False,0.0,
recall_loss,105,656,v105_s0656,0,0,False,0.0,
recall_loss,105,657,v105_s0657,0,0,False,0.0,
recall_loss,105,658,v105_s0658,0,0,False,0.0,
recall_loss,105,659,v105_s0659,0,0,False,0.0,
recall_loss,105,660,v105_s0660,0,0,False,0.0,
recall_loss,105,661,v105_s0661,0,0,False,0.0,
recall_loss,105,662,v105_s0662,0,0,False,0.0,
recall_loss,105,663,v105_s0663,0,0,False,0.0,
recall_loss,105,664,v105_s0664,0,0,False,0.0,
recall_loss,105,665,v105_s0665,0,0,False,0.0,
recall_loss,105,666,v105_s0666,0,0,False,0.0,
recall_loss,105,667,v105_s0667,0,0,False,0.0,
recall_loss,105,668,v105_s0668,0,0,False,0.0,
recall_loss,105,669,v105_s0669,0,0,False,0.0,
recall_loss,105,670,v105_s0670,0,0,False,0.0,
recall_loss,105,671,v105_s0671,0,0,False,0.0,
recall_loss,105,672,v105_s0672,0,0,False,0.0,
recall_loss,105,673,v105_s0673,0,0,False,0.0,
recall_loss,105,674,v105_s0674,0,0,False,0.0,
recall_loss,105,675,v105_s0675,0,0,False,0.0,
recall_loss,105,676,v105_s0676,0,0,False,0.0,
recall_loss,105,677,v105_s0677,0,0,False,0.0,
recall_loss,105,678,v105_s0678,0,0,False,0.0,
recall_loss,105,679,v105_s0679,0,0,False,0.0,
recall_loss,105,680,v105_s0680,0,0,False,0.0,
recall_loss,105,681,v105_s0681,0,0,False,0.0,
recall_loss,105,682,v105_s0682,0,0,False,0.0,
recall_loss,105,683,v105_s0683,0,0,False,0.0,
recall_loss,105,684,v105_s0684,0,0,False,0.0,
recall_loss,105,685,v105_s0685,0,0,False,0.0,
recall_loss,105,686,v105_s0686,0,0,False,0.0,
recall_loss,105,687,v105_s0687,0,0,False,0.0,
recall_loss,105,688,v105_s0688,0,0,False,0.0,
recall_loss,105,689,v105_s0689,0,0,False,0.0,
recall_loss,105,690,v105_s0690,0,0,False,0.0,
recall_loss,105,691,v105_s0691,0,0,False,0.0,
recall_loss,105,692,v105_s0692,0,0,False,0.0,
recall_loss,105,693,v105_s0693,0,0,False,0.0,
recall_loss,105,694,v105_s0694,0,0,False,0.0,
recall_loss,105,695,v105_s0695,0,0,False,0.0,
recall_loss,105,696,v105_s0696,0,0,False,0.0,
recall_loss,105,697,v105_s0697,0,0,False,0.0,
recall_loss,105,698,v105_s0698,0,0,False,0.0,
recall_loss,105,699,v105_s0699,0,0,False,0.0,
recall_loss,105,700,v105_s0700,0,0,False,0.0,
recall_loss,105,701,v105_s0701,0,0,False,0.0,
recall_loss,105,702,v105_s0702,0,0,False,0.0,
recall_loss,105,703,v105_s0703,0,0,False,0.0,
recall_loss,105,704,v105_s0704,0,0,False,0.0,
recall_loss,105,705,v105_s0705,0,0,False,0.0,
recall_loss,105,706,v105_s0706,0,0,False,0.0,
recall_loss,105,707,v105_s0707,0,0,False,0.0,
recall_loss,105,708,v105_s0708,0,0,False,0.0,
recall_loss,105,709,v105_s0709,0,0,False,0.0,
recall_loss,105,710,v105_s0710,0,0,False,0.0,
recall_loss,105,711,v105_s0711,0,0,False,0.0,
recall_loss,105,712,v105_s0712,0,0,False,0.0,
recall_loss,105,713,v105_s0713,0,0,False,0.0,
recall_loss,105,714,v105_s0714,0,0,False,0.0,
recall_loss,105,715,v105_s0715,0,0,False,0.0,
recall_loss,105,716,v105_s0716,0,0,False,0.0,
recall_loss,105,717,v105_s0717,0,0,False,0.0,
recall_loss,105,718,v105_s0718,0,0,False,0.0,
recall_loss,105,719,v105_s0719,0,0,False,0.0,
recall_loss,105,720,v105_s0720,0,0,False,0.0,
recall_loss,105,721,v105_s0721,0,0,False,0.0,
recall_loss,105,722,v105_s0722,0,0,False,0.0,
recall_loss,105,723,v105_s0723,0,0,False,0.0,
recall_loss,105,724,v105_s0724,0,0,False,0.0,
recall_loss,105,725,v105_s0725,0,0,False,0.0,
recall_loss,105,726,v105_s0726,0,0,False,0.0,
recall_loss,105,727,v105_s0727,0,0,False,0.0,
recall_loss,105,728,v105_s0728,0,0,False,0.0,
recall_loss,105,729,v105_s0729,0,0,False,0.0,
recall_loss,105,730,v105_s0730,0,0,False,0.0,
recall_loss,105,731,v105_s0731,0,0,False,0.0,
recall_loss,105,732,v105_s0732,0,0,False,0.0,
recall_loss,105,733,v105_s0733,0,0,False,0.0,
recall_loss,105,734,v105_s0734,0,0,False,0.0,
recall_loss,105,735,v105_s0735,0,0,False,0.0,
recall_loss,105,736,v105_s0736,0,0,False,0.0,
recall_loss,105,737,v105_s0737,0,0,False,0.0,
recall_loss,105,738,v105_s0738,0,0,False,0.0,
recall_loss,105,739,v105_s0739,0,0,False,0.0,
recall_loss,105,740,v105_s0740,0,0,False,0.0,
recall_loss,105,741,v105_s0741,0,0,False,0.0,
recall_loss,105,742,v105_s0742,0,0,False,0.0,
recall_loss,105,743,v105_s0743,0,0,False,0.0,
recall_loss,105,744,v105_s0744,0,0,False,0.0,
recall_loss,105,745,v105_s0745,0,0,False,0.0,
recall_loss,105,746,v105_s0746,0,0,False,0.0,
recall_loss,105,747,v105_s0747,0,0,False,0.0,
recall_loss,105,748,v105_s0748,0,0,False,0.0,
recall_loss,105,749,v105_s0749,0,0,False,0.0,
recall_loss,105,750,v105_s0750,0,0,False,0.0,
recall_loss,105,751,v105_s0751,0,0,False,0.0,
recall_loss,105,752,v105_s0752,0,0,False,0.0,
recall_loss,105,753,v105_s0753,0,0,False,0.0,
recall_loss,105,754,v105_s0754,0,0,False,0.0,
recall_loss,105,755,v105_s0755,0,0,False,0.0,
recall_loss,105,756,v105_s0756,0,0,False,0.0,
recall_loss,105,757,v105_s0757,0,0,False,0.0,
recall_loss,105,758,v105_s0758,0,0,False,0.0,
recall_loss,105,759,v105_s0759,0,0,False,0.0,
recall_loss,105,760,v105_s0760,0,0,False,0.0,
recall_loss,105,761,v105_s0761,0,0,False,0.0,
recall_loss,105,762,v105_s0762,0,0,False,0.0,
recall_loss,105,763,v105_s0763,0,0,False,0.0,
recall_loss,105,764,v105_s0764,0,0,False,0.0,
recall_loss,105,765,v105_s0765,0,0,False,0.0,
recall_loss,105,766,v105_s0766,0,0,False,0.0,
recall_loss,105,767,v105_s0767,0,0,False,0.0,
recall_loss,105,768,v105_s0768,0,0,False,0.0,
recall_loss,105,769,v105_s0769,0,0,False,0.0,
recall_loss,105,770,v105_s0770,0,0,False,0.0,
recall_loss,105,771,v105_s0771,0,0,False,0.0,
recall_loss,105,772,v105_s0772,0,0,False,0.0,
recall_loss,105,773,v105_s0773,0,0,False,0.0,
recall_loss,105,774,v105_s0774,0,0,False,0.0,
recall_loss,105,775,v105_s0775,0,0,False,0.0,
recall_loss,105,776,v105_s0776,0,0,False,0.0,
recall_loss,105,777,v105_s0777,0,0,False,0.0,
recall_loss,105,778,v105_s0778,0,0,False,0.0,
recall_loss,105,779,v105_s0779,0,0,False,0.0,
recall_loss,105,780,v105_s0780,0,0,False,0.0,
recall_loss,105,781,v105_s0781,0,0,False,0.0,
recall_loss,105,782,v105_s0782,0,0,False,0.0,
recall_loss,105,783,v105_s0783,0,0,False,0.0,
recall_loss,105,784,v105_s0784,0,0,False,0.0,
recall_loss,105,785,v105_s0785,0,0,False,0.0,
recall_loss,105,786,v105_s0786,0,0,False,0.0,
recall_loss,105,787,v105_s0787,0,0,False,0.0,
recall_loss,105,788,v105_s0788,0,0,False,0.0,
recall_loss,105,789,v105_s0789,0,0,False,0.0,
recall_loss,105,790,v105_s0790,0,0,False,0.0,
recall_loss,105,791,v105_s0791,0,0,False,0.0,
recall_loss,105,792,v105_s0792,0,0,False,0.0,
recall_loss,105,793,v105_s0793,0,0,False,0.0,
recall_loss,105,794,v105_s0794,0,0,False,0.0,
recall_loss,105,795,v105_s0795,0,0,False,0.0,
recall_loss,105,796,v105_s0796,0,0,False,0.0,
recall_loss,105,797,v105_s0797,0,0,False,0.0,
recall_loss,105,798,v105_s0798,0,0,False,0.0,
recall_loss,105,799,v105_s0799,0,0,False,0.0,
recall_loss,105,800,v105_s0800,0,0,False,0.0,
recall_loss,105,801,v105_s0801,0,0,False,0.0,
recall_loss,105,802,v105_s0802,0,0,False,0.0,
recall_loss,105,803,v105_s0803,0,0,False,0.0,
recall_loss,105,804,v105_s0804,0,0,False,0.0,
recall_loss,105,805,v105_s0805,0,0,False,0.0,
recall_loss,105,806,v105_s0806,0,0,False,0.0,
recall_loss,105,807,v105_s0807,0,0,False,0.0,
recall_loss,105,808,v105_s0808,0,0,False,0.0,
recall_loss,105,809,v105_s0809,0,0,False,0.0,
recall_loss,105,810,v105_s0810,0,0,False,0.0,
recall_loss,105,811,v105_s0811,0,0,False,0.0,
recall_loss,105,812,v105_s0812,0,0,False,0.0,
recall_loss,105,813,v105_s0813,0,0,False,0.0,
recall_loss,105,814,v105_s0814,0,0,False,0.0,
recall_loss,105,815,v105_s0815,0,0,False,0.0,
recall_loss,105,816,v105_s0816,0,0,False,0.0,
recall_loss,105,817,v105_s0817,0,0,False,0.0,
recall_loss,105,818,v105_s0818,0,0,False,0.0,
recall_loss,105,819,v105_s0819,0,0,False,0.0,
recall_loss,105,820,v105_s0820,0,0,False,0.0,
recall_loss,105,821,v105_s0821,0,0,False,0.0,
recall_loss,105,822,v105_s0822,0,0,False,0.0,
recall_loss,105,823,v105_s0823,0,0,False,0.0,
recall_loss,105,824,v105_s0824,0,0,False,0.0,
recall_loss,105,825,v105_s0825,0,0,False,0.0,
recall_loss,105,826,v105_s0826,0,0,False,0.0,
recall_loss,105,827,v105_s0827,0,0,False,0.0,
recall_loss,105,828,v105_s0828,0,0,False,0.0,
recall_loss,105,829,v105_s0829,0,0,False,0.0,
recall_loss,105,830,v105_s0830,0,0,False,0.0,
recall_loss,105,831,v105_s0831,0,0,False,0.0,
recall_loss,105,832,v105_s0832,0,0,False,0.0,
recall_loss,105,833,v105_s0833,0,0,False,0.0,
recall_loss,105,834,v105_s0834,0,0,False,0.0,
recall_loss,105,835,v105_s0835,0,0,False,0.0,
recall_loss,105,836,v105_s0836,0,0,False,0.0,
recall_loss,105,837,v105_s0837,0,0,False,0.0,
recall_loss,105,838,v105_s0838,0,0,False,0.0,
recall_loss,105,839,v105_s0839,0,0,False,0.0,
recall_loss,105,840,v105_s0840,0,0,False,0.0,
recall_loss,105,841,v105_s0841,0,0,False,0.0,
recall_loss,105,842,v105_s0842,0,0,False,0.0,
recall_loss,105,843,v105_s0843,0,0,False,0.0,
recall_loss,105,844,v105_s0844,0,0,False,0.0,
recall_loss,105,845,v105_s0845,0,0,False,0.0,
recall_loss,105,846,v105_s0846,0,0,False,0.0,
recall_loss,105,847,v105_s0847,0,0,False,0.0,
recall_loss,105,848,v105_s0848,0,0,False,0.0,
recall_loss,105,849,v105_s0849,0,0,False,0.0,
recall_loss,105,850,v105_s0850,0,0,False,0.0,
recall_loss,105,851,v105_s0851,0,0,False,0.0,
recall_loss,105,852,v105_s0852,0,0,False,0.0,
recall_loss,105,853,v105_s0853,0,0,False,0.0,
recall_loss,105,854,v105_s0854,0,0,False,0.0,
recall_loss,105,855,v105_s0855,0,0,False,0.0,
recall_loss,105,856,v105_s0856,0,0,False,0.0,
recall_loss,105,857,v105_s0857,0,0,False,0.0,
recall_loss,105,858,v105_s0858,0,0,False,0.0,
recall_loss,105,859,v105_s0859,0,0,False,0.0,
recall_loss,105,860,v105_s0860,0,0,False,0.0,
recall_loss,105,861,v105_s0861,0,0,False,0.0,
recall_loss,105,862,v105_s0862,0,0,False,0.0,
recall_loss,105,863,v105_s0863,0,0,False,0.0,
recall_loss,105,864,v105_s0864,0,0,False,0.0,
recall_loss,105,865,v105_s0865,0,0,False,0.0,
recall_loss,105,866,v105_s0866,0,0,False,0.0,
recall_loss,105,867,v105_s0867,0,0,False,0.0,
recall_loss,105,868,v105_s0868,0,0,False,0.0,
recall_loss,105,869,v105_s0869,0,0,False,0.0,
recall_loss,105,870,v105_s0870,0,0,False,0.0,
recall_loss,105,871,v105_s0871,0,0,False,0.0,
recall_loss,105,872,v105_s0872,0,0,False,0.0,
recall_loss,105,873,v105_s0873,0,0,False,0.0,
recall_loss,105,874,v105_s0874,0,0,False,0.0,
recall_loss,105,875,v105_s0875,0,0,False,0.0,
recall_loss,105,876,v105_s0876,0,0,False,0.0,
recall_loss,105,877,v105_s0877,0,0,False,0.0,
recall_loss,105,878,v105_s0878,0,0,False,0.0,
recall_loss,105,879,v105_s0879,0,0,False,0.0,
recall_loss,105,880,v105_s0880,0,0,False,0.0,
recall_loss,105,881,v105_s0881,0,0,False,0.0,
recall_loss,105,882,v105_s0882,0,0,False,0.0,
recall_loss,105,883,v105_s0883,0,0,False,0.0,
recall_loss,105,884,v105_s0884,0,0,False,0.0,
recall_loss,105,885,v105_s0885,0,0,False,0.0,
recall_loss,105,886,v105_s0886,0,0,False,0.0,
recall_loss,105,887,v105_s0887,0,0,False,0.0,
recall_loss,105,888,v105_s0888,0,0,False,0.0,
recall_loss,105,889,v105_s0889,0,0,False,0.0,
recall_loss,105,890,v105_s0890,0,0,False,0.0,
recall_loss,105,891,v105_s0891,0,0,False,0.0,
recall_loss,105,892,v105_s0892,0,0,False,0.0,
recall_loss,105,893,v105_s0893,0,0,False,0.0,
recall_loss,105,894,v105_s0894,0,0,False,0.0,
recall_loss,105,895,v105_s0895,0,0,False,0.0,
recall_loss,105,896,v105_s0896,0,0,False,0.0,
recall_loss,105,897,v105_s0897,0,0,False,0.0,
recall_loss,105,898,v105_s0898,0,0,False,0.0,
recall_loss,105,899,v105_s0899,0,0,False,0.0,
recall_loss,105,900,v105_s0900,0,0,False,0.0,
recall_loss,105,901,v105_s0901,0,0,False,0.0,
recall_loss,105,902,v105_s0902,0,0,False,0.0,
recall_loss,105,903,v105_s0903,0,0,False,0.0,
recall_loss,105,904,v105_s0904,0,0,False,0.0,
recall_loss,105,905,v105_s0905,0,0,False,0.0,
recall_loss,105,906,v105_s0906,0,0,False,0.0,
recall_loss,105,907,v105_s0907,0,0,False,0.0,
recall_loss,105,908,v105_s0908,0,0,False,0.0,
recall_loss,105,909,v105_s0909,0,0,False,0.0,
recall_loss,105,910,v105_s0910,0,0,False,0.0,
recall_loss,105,911,v105_s0911,0,0,False,0.0,
recall_loss,105,912,v105_s0912,0,0,False,0.0,
recall_loss,105,913,v105_s0913,0,0,False,0.0,
recall_loss,105,914,v105_s0914,0,0,False,0.0,
recall_loss,105,915,v105_s0915,0,0,False,0.0,
recall_loss,105,916,v105_s0916,0,0,False,0.0,
recall_loss,105,917,v105_s0917,0,0,False,0.0,
recall_loss,105,918,v105_s0918,0,0,False,0.0,
recall_loss,105,919,v105_s0919,0,0,False,0.0,
recall_loss,105,920,v105_s0920,0,0,False,0.0,
recall_loss,105,921,v105_s0921,0,0,False,0.0,
recall_loss,105,922,v105_s0922,0,0,False,0.0,
recall_loss,105,923,v105_s0923,0,0,False,0.0,
recall_loss,105,924,v105_s0924,0,0,False,0.0,
recall_loss,105,925,v105_s0925,0,0,False,0.0,
recall_loss,105,926,v105_s0926,0,0,False,0.0,
recall_loss,105,927,v105_s0927,0,0,False,0.0,
recall_loss,105,928,v105_s0928,0,0,False,0.0,
recall_loss,105,929,v105_s0929,0,0,False,0.0,
recall_loss,105,930,v105_s0930,0,0,False,0.0,
recall_loss,105,931,v105_s0931,0,0,False,0.0,
recall_loss,105,932,v105_s0932,0,0,False,0.0,
recall_loss,105,933,v105_s0933,0,0,False,0.0,
recall_loss,105,934,v105_s0934,0,0,False,0.0,
recall_loss,105,935,v105_s0935,0,0,False,0.0,
recall_loss,105,936,v105_s0936,0,0,False,0.0,
recall_loss,105,937,v105_s0937,0,0,False,0.0,
recall_loss,105,938,v105_s0938,0,0,False,0.0,
recall_loss,105,939,v105_s0939,0,0,False,0.0,
recall_loss,105,940,v105_s0940,0,0,False,0.0,
recall_loss,105,941,v105_s0941,0,0,False,0.0,
recall_loss,105,942,v105_s0942,0,0,False,0.0,
recall_loss,105,943,v105_s0943,0,0,False,0.0,
recall_loss,105,944,v105_s0944,0,0,False,0.0,
recall_loss,105,945,v105_s0945,0,0,False,0.0,
recall_loss,105,946,v105_s0946,0,0,False,0.0,
recall_loss,105,947,v105_s0947,0,0,False,0.0,
recall_loss,105,948,v105_s0948,0,0,False,0.0,
recall_loss,105,949,v105_s0949,0,0,False,0.0,
recall_loss,105,950,v105_s0950,0,0,False,0.0,
recall_loss,105,951,v105_s0951,0,0,False,0.0,
recall_loss,105,952,v105_s0952,0,0,False,0.0,
recall_loss,105,953,v105_s0953,0,0,False,0.0,
recall_loss,105,954,v105_s0954,0,0,False,0.0,
recall_loss,105,955,v105_s0955,0,0,False,0.0,
recall_loss,105,956,v105_s0956,0,0,False,0.0,
recall_loss,105,957,v105_s0957,0,0,False,0.0,
recall_loss,105,958,v105_s0958,0,0,False,0.0,
recall_loss,105,959,v105_s0959,0,0,False,0.0,
recall_loss,105,960,v105_s0960,0,0,False,0.0,
recall_loss,105,961,v105_s0961,0,0,False,0.0,
recall_loss,105,962,v105_s0962,0,0,False,0.0,
recall_loss,105,963,v105_s0963,0,0,False,0.0,
recall_loss,105,964,v105_s0964,0,0,False,0.0,
recall_loss,105,965,v105_s0965,0,0,False,0.0,
recall_loss,105,966,v105_s0966,0,0,False,0.0,
recall_loss,105,967,v105_s0967,0,0,False,0.0,
recall_loss,105,968,v105_s0968,0,0,False,0.0,
recall_loss,105,969,v105_s0969,0,0,False,0.0,
recall_loss,105,970,v105_s0970,0,0,False,0.0,
recall_loss,105,971,v105_s0971,0,0,False,0.0,
recall_loss,105,972,v105_s0972,0,0,False,0.0,
recall_loss,105,973,v105_s0973,0,0,False,0.0,
recall_loss,105,974,v105_s0974,0,0,False,0.0,
recall_loss,105,975,v105_s0975,0,0,False,0.0,
recall_loss,105,976,v105_s0976,0,0,False,0.0,
recall_loss,105,977,v105_s0977,0,0,False,0.0,
recall_loss,105,978,v105_s0978,0,0,False,0.0,
recall_loss,105,979,v105_s0979,0,0,False,0.0,
recall_loss,105,980,v105_s0980,0,0,False,0.0,
recall_loss,105,981,v105_s0981,0,0,False,0.0,
recall_loss,105,982,v105_s0982,0,0,False,0.0,
recall_loss,105,983,v105_s0983,0,0,False,0.0,
recall_loss,105,984,v105_s0984,0,0,False,0.0,
recall_loss,105,985,v105_s0985,0,0,False,0.0,
recall_loss,106,0,v106_s0000,0,0,False,0.0,
recall_loss,106,1,v106_s0001,0,0,False,0.0,
recall_loss,106,2,v106_s0002,0,0,False,0.0,
recall_loss,106,3,v106_s0003,0,0,False,0.0,
recall_loss,106,4,v106_s0004,0,0,False,0.0,
recall_loss,106,5,v106_s0005,0,0,False,0.0,
recall_loss,106,6,v106_s0006,0,0,False,0.0,
recall_loss,106,7,v106_s0007,0,0,False,0.0,
recall_loss,106,8,v106_s0008,0,0,False,0.0,
recall_loss,106,9,v106_s0009,0,0,False,0.0,
recall_loss,106,10,v106_s0010,0,0,False,0.0,
recall_loss,106,11,v106_s0011,0,0,False,0.0,
recall_loss,106,12,v106_s0012,0,0,False,0.0,
recall_loss,106,13,v106_s0013,0,0,False,0.0,
recall_loss,106,14,v106_s0014,0,0,False,0.0,
recall_loss,106,15,v106_s0015,0,0,False,0.0,
recall_loss,106,16,v106_s0016,0,0,False,0.0,
recall_loss,106,17,v106_s0017,0,0,False,0.0,
recall_loss,106,18,v106_s0018,0,0,False,0.0,
recall_loss,106,19,v106_s0019,0,0,False,0.0,
recall_loss,106,20,v106_s0020,0,0,False,0.0,
recall_loss,106,21,v106_s0021,0,0,False,0.0,
recall_loss,106,22,v106_s0022,0,0,False,0.0,
recall_loss,106,23,v106_s0023,0,0,False,0.0,
recall_loss,106,24,v106_s0024,0,0,False,0.0,
recall_loss,106,25,v106_s0025,0,0,False,0.0,
recall_loss,106,26,v106_s0026,0,0,False,0.0,
recall_loss,106,27,v106_s0027,0,0,False,0.0,
recall_loss,106,28,v106_s0028,0,0,False,0.0,
recall_loss,106,29,v106_s0029,0,0,False,0.0,
recall_loss,106,30,v106_s0030,0,0,False,0.0,
recall_loss,106,31,v106_s0031,0,0,False,0.0,
recall_loss,106,32,v106_s0032,0,0,False,0.0,
recall_loss,106,33,v106_s0033,0,0,False,0.0,
recall_loss,106,34,v106_s0034,0,0,False,0.0,
recall_loss,106,35,v106_s0035,0,0,False,0.0,
recall_loss,106,36,v106_s0036,0,0,False,0.0,
recall_loss,106,37,v106_s0037,0,0,False,0.0,
recall_loss,106,38,v106_s0038,0,0,False,0.0,
recall_loss,106,39,v106_s0039,0,0,False,0.0,
recall_loss,106,40,v106_s0040,0,0,False,0.0,
recall_loss,106,41,v106_s0041,0,0,False,0.0,
recall_loss,106,42,v106_s0042,0,0,False,0.0,
recall_loss,106,43,v106_s0043,0,0,False,0.0,
recall_loss,106,44,v106_s0044,0,0,False,0.0,
recall_loss,106,45,v106_s0045,0,0,False,0.0,
recall_loss,106,46,v106_s0046,0,0,False,0.0,
recall_loss,106,47,v106_s0047,0,0,False,0.0,
recall_loss,106,48,v106_s0048,0,0,False,0.0,
recall_loss,106,49,v106_s0049,0,0,False,0.0,
recall_loss,106,50,v106_s0050,0,0,False,0.0,
recall_loss,106,51,v106_s0051,0,0,False,0.0,
recall_loss,106,52,v106_s0052,0,0,False,0.0,
recall_loss,106,53,v106_s0053,0,0,False,0.0,
recall_loss,106,54,v106_s0054,0,0,False,0.0,
recall_loss,106,55,v106_s0055,0,0,False,0.0,
recall_loss,106,56,v106_s0056,0,0,False,0.0,
recall_loss,106,57,v106_s0057,0,0,False,0.0,
recall_loss,106,58,v106_s0058,0,0,False,0.0,
recall_loss,106,59,v106_s0059,0,0,False,0.0,
recall_loss,106,60,v106_s0060,0,0,False,0.0,
recall_loss,106,61,v106_s0061,0,0,False,0.0,
recall_loss,106,62,v106_s0062,0,0,False,0.0,
recall_loss,106,63,v106_s0063,0,0,False,0.0,
recall_loss,106,64,v106_s0064,0,0,False,0.0,
recall_loss,106,65,v106_s0065,0,0,False,0.0,
recall_loss,106,66,v106_s0066,0,0,False,0.0,
recall_loss,106,67,v106_s0067,0,0,False,0.0,
recall_loss,106,68,v106_s0068,0,0,False,0.0,
recall_loss,106,69,v106_s0069,0,0,False,0.0,
recall_loss,106,70,v106_s0070,0,0,False,0.0,
recall_loss,106,71,v106_s0071,0,0,False,0.0,
recall_loss,106,72,v106_s0072,0,0,False,0.0,
recall_loss,106,73,v106_s0073,0,0,False,0.0,
recall_loss,106,74,v106_s0074,0,0,False,0.0,
recall_loss,106,75,v106_s0075,0,0,False,0.0,
recall_loss,106,76,v106_s0076,0,0,False,0.0,
recall_loss,106,77,v106_s0077,0,0,False,0.0,
recall_loss,106,78,v106_s0078,0,0,False,0.0,
recall_loss,106,79,v106_s0079,0,0,False,0.0,
recall_loss,106,80,v106_s0080,0,0,False,0.0,
recall_loss,106,81,v106_s0081,0,0,False,0.0,
recall_loss,106,82,v106_s0082,0,0,False,0.0,
recall_loss,106,83,v106_s0083,0,0,False,0.0,
recall_loss,106,84,v106_s0084,0,0,False,0.0,
recall_loss,106,85,v106_s0085,0,0,False,0.0,
recall_loss,106,86,v106_s0086,0,0,False,0.0,
recall_loss,106,87,v106_s0087,0,0,False,0.0,
recall_loss,106,88,v106_s0088,0,0,False,0.0,
recall_loss,106,89,v106_s0089,0,0,False,0.0,
recall_loss,106,90,v106_s0090,0,0,False,0.0,
recall_loss,106,91,v106_s0091,0,0,False,0.0,
recall_loss,106,92,v106_s0092,0,0,False,0.0,
recall_loss,106,93,v106_s0093,0,0,False,0.0,
recall_loss,106,94,v106_s0094,0,0,False,0.0,
recall_loss,106,95,v106_s0095,0,0,False,0.0,
recall_loss,106,96,v106_s0096,0,0,False,0.0,
recall_loss,106,97,v106_s0097,0,0,False,0.0,
recall_loss,106,98,v106_s0098,0,0,False,0.0,
recall_loss,106,99,v106_s0099,0,0,False,0.0,
recall_loss,106,100,v106_s0100,0,0,False,0.0,
recall_loss,106,101,v106_s0101,0,0,False,0.0,
recall_loss,106,102,v106_s0102,0,0,False,0.0,
recall_loss,106,103,v106_s0103,0,0,False,0.0,
recall_loss,106,104,v106_s0104,0,0,False,0.0,
recall_loss,106,105,v106_s0105,0,0,False,0.0,
recall_loss,106,106,v106_s0106,0,0,False,0.0,
recall_loss,106,107,v106_s0107,0,0,False,0.0,
recall_loss,106,108,v106_s0108,0,0,False,0.0,
recall_loss,106,109,v106_s0109,0,0,False,0.0,
recall_loss,106,110,v106_s0110,0,0,False,0.0,
recall_loss,106,111,v106_s0111,0,0,False,0.0,
recall_loss,106,112,v106_s0112,0,0,False,0.0,
recall_loss,106,113,v106_s0113,0,0,False,0.0,
recall_loss,106,114,v106_s0114,0,0,False,0.0,
recall_loss,106,115,v106_s0115,0,0,False,0.0,
recall_loss,106,116,v106_s0116,0,0,False,0.0,
recall_loss,106,117,v106_s0117,0,0,False,0.0,
recall_loss,106,118,v106_s0118,0,0,False,0.0,
recall_loss,106,119,v106_s0119,0,0,False,0.0,
recall_loss,106,120,v106_s0120,0,0,False,0.0,
recall_loss,106,121,v106_s0121,0,0,False,0.0,
recall_loss,106,122,v106_s0122,0,0,False,0.0,
recall_loss,106,123,v106_s0123,0,0,False,0.0,
recall_loss,106,124,v106_s0124,0,0,False,0.0,
recall_loss,106,125,v106_s0125,0,0,False,0.0,
recall_loss,106,126,v106_s0126,0,0,False,0.0,
recall_loss,106,127,v106_s0127,0,0,False,0.0,
recall_loss,106,128,v106_s0128,0,0,False,0.0,
recall_loss,106,129,v106_s0129,0,0,False,0.0,
recall_loss,106,130,v106_s0130,0,0,False,0.0,
recall_loss,106,131,v106_s0131,0,0,False,0.0,
recall_loss,106,132,v106_s0132,0,0,False,0.0,
recall_loss,106,133,v106_s0133,0,0,False,0.0,
recall_loss,106,134,v106_s0134,0,0,False,0.0,
recall_loss,106,135,v106_s0135,0,0,False,0.0,
recall_loss,106,136,v106_s0136,0,0,False,0.0,
recall_loss,106,137,v106_s0137,0,0,False,0.0,
recall_loss,106,138,v106_s0138,0,0,False,0.0,
recall_loss,106,139,v106_s0139,0,0,False,0.0,
recall_loss,106,140,v106_s0140,0,0,False,0.0,
recall_loss,106,141,v106_s0141,0,0,False,0.0,
recall_loss,106,142,v106_s0142,0,0,False,0.0,
recall_loss,106,143,v106_s0143,0,0,False,0.0,
recall_loss,106,144,v106_s0144,0,0,False,0.0,
recall_loss,106,145,v106_s0145,0,0,False,0.0,
recall_loss,106,146,v106_s0146,0,0,False,0.0,
recall_loss,106,147,v106_s0147,0,0,False,0.0,
recall_loss,106,148,v106_s0148,0,0,False,0.0,
recall_loss,106,149,v106_s0149,0,0,False,0.0,
recall_loss,106,150,v106_s0150,0,0,False,0.0,
recall_loss,106,151,v106_s0151,0,0,False,0.0,
recall_loss,106,152,v106_s0152,0,0,False,0.0,
recall_loss,106,153,v106_s0153,0,0,False,0.0,
recall_loss,106,154,v106_s0154,0,0,False,0.0,
recall_loss,106,155,v106_s0155,0,0,False,0.0,
recall_loss,106,156,v106_s0156,0,0,False,0.0,
recall_loss,106,157,v106_s0157,0,0,False,0.0,
recall_loss,106,158,v106_s0158,0,0,False,0.0,
recall_loss,106,159,v106_s0159,0,0,False,0.0,
recall_loss,106,160,v106_s0160,0,0,False,0.0,
recall_loss,106,161,v106_s0161,0,0,False,0.0,
recall_loss,106,162,v106_s0162,0,0,False,0.0,
recall_loss,106,163,v106_s0163,0,0,False,0.0,
recall_loss,106,164,v106_s0164,0,0,False,0.0,
recall_loss,106,165,v106_s0165,0,0,False,0.0,
recall_loss,106,166,v106_s0166,0,0,False,0.0,
recall_loss,106,167,v106_s0167,0,0,False,0.0,
recall_loss,106,168,v106_s0168,0,0,False,0.0,
recall_loss,106,169,v106_s0169,0,0,False,0.0,
recall_loss,106,170,v106_s0170,0,0,False,0.0,
recall_loss,106,171,v106_s0171,0,0,False,0.0,
recall_loss,106,172,v106_s0172,0,0,False,0.0,
recall_loss,106,173,v106_s0173,0,0,False,0.0,
recall_loss,106,174,v106_s0174,0,0,False,0.0,
recall_loss,106,175,v106_s0175,0,0,False,0.0,
recall_loss,106,176,v106_s0176,0,0,False,0.0,
recall_loss,106,177,v106_s0177,0,0,False,0.0,
recall_loss,106,178,v106_s0178,0,0,False,0.0,
recall_loss,106,179,v106_s0179,0,0,False,0.0,
recall_loss,106,180,v106_s0180,0,0,False,0.0,
recall_loss,106,181,v106_s0181,0,0,False,0.0,
recall_loss,106,182,v106_s0182,0,0,False,0.0,
recall_loss,106,183,v106_s0183,0,0,False,0.0,
recall_loss,106,184,v106_s0184,0,0,False,0.0,
recall_loss,106,185,v106_s0185,0,0,False,0.0,
recall_loss,106,186,v106_s0186,0,0,False,0.0,
recall_loss,106,187,v106_s0187,0,0,False,0.0,
recall_loss,106,188,v106_s0188,0,0,False,0.0,
recall_loss,106,189,v106_s0189,0,0,False,0.0,
recall_loss,106,190,v106_s0190,0,0,False,0.0,
recall_loss,106,191,v106_s0191,0,0,False,0.0,
recall_loss,106,192,v106_s0192,0,0,False,0.0,
recall_loss,106,193,v106_s0193,0,0,False,0.0,
recall_loss,106,194,v106_s0194,0,0,False,0.0,
recall_loss,106,195,v106_s0195,0,0,False,0.0,
recall_loss,106,196,v106_s0196,0,0,False,0.0,
recall_loss,106,197,v106_s0197,0,0,False,0.0,
recall_loss,106,198,v106_s0198,0,0,False,0.0,
recall_loss,106,199,v106_s0199,0,0,False,0.0,
recall_loss,106,200,v106_s0200,0,0,False,0.0,
recall_loss,106,201,v106_s0201,0,0,False,0.0,
recall_loss,106,202,v106_s0202,0,0,False,0.0,
recall_loss,106,203,v106_s0203,0,0,False,0.0,
recall_loss,106,204,v106_s0204,0,0,False,0.0,
recall_loss,106,205,v106_s0205,0,0,False,0.0,
recall_loss,106,206,v106_s0206,0,0,False,0.0,
recall_loss,106,207,v106_s0207,0,0,False,0.0,
recall_loss,106,208,v106_s0208,0,0,False,0.0,
recall_loss,106,209,v106_s0209,0,0,False,0.0,
recall_loss,106,210,v106_s0210,0,0,False,0.0,
recall_loss,106,211,v106_s0211,0,0,False,0.0,
recall_loss,106,212,v106_s0212,0,0,False,0.0,
recall_loss,106,213,v106_s0213,0,0,False,0.0,
recall_loss,106,214,v106_s0214,0,0,False,0.0,
recall_loss,106,215,v106_s0215,0,0,False,0.0,
recall_loss,106,216,v106_s0216,0,0,False,0.0,
recall_loss,106,217,v106_s0217,0,0,False,0.0,
recall_loss,106,218,v106_s0218,0,0,False,0.0,
recall_loss,106,219,v106_s0219,0,0,False,0.0,
recall_loss,106,220,v106_s0220,0,0,False,0.0,
recall_loss,106,221,v106_s0221,0,0,False,0.0,
recall_loss,106,222,v106_s0222,0,0,False,0.0,
recall_loss,106,223,v106_s0223,0,0,False,0.0,
recall_loss,106,224,v106_s0224,0,0,False,0.0,
recall_loss,106,225,v106_s0225,0,0,False,0.0,
recall_loss,106,226,v106_s0226,0,0,False,0.0,
recall_loss,106,227,v106_s0227,0,0,False,0.0,
recall_loss,106,228,v106_s0228,0,0,False,0.0,
recall_loss,106,229,v106_s0229,0,0,False,0.0,
recall_loss,106,230,v106_s0230,0,0,False,0.0,
recall_loss,106,231,v106_s0231,0,0,False,0.0,
recall_loss,106,232,v106_s0232,0,0,False,0.0,
recall_loss,106,233,v106_s0233,0,0,False,0.0,
recall_loss,106,234,v106_s0234,0,0,False,0.0,
recall_loss,106,235,v106_s0235,0,0,False,0.0,
recall_loss,106,236,v106_s0236,0,0,False,0.0,
recall_loss,106,237,v106_s0237,0,0,False,0.0,
recall_loss,106,238,v106_s0238,0,0,False,0.0,
recall_loss,106,239,v106_s0239,0,0,False,0.0,
recall_loss,106,240,v106_s0240,0,0,False,0.0,
recall_loss,106,241,v106_s0241,0,0,False,0.0,
recall_loss,106,242,v106_s0242,0,0,False,0.0,
recall_loss,106,243,v106_s0243,0,0,False,0.0,
recall_loss,106,244,v106_s0244,0,0,False,0.0,
recall_loss,106,245,v106_s0245,0,0,False,0.0,
recall_loss,106,246,v106_s0246,0,0,False,0.0,
recall_loss,106,247,v106_s0247,0,0,False,0.0,
recall_loss,106,248,v106_s0248,0,0,False,0.0,
recall_loss,106,249,v106_s0249,0,0,False,0.0,
recall_loss,106,250,v106_s0250,0,0,False,0.0,
recall_loss,106,251,v106_s0251,0,0,False,0.0,
recall_loss,106,252,v106_s0252,0,0,False,0.0,
recall_loss,106,253,v106_s0253,0,0,False,0.0,
recall_loss,106,254,v106_s0254,0,0,False,0.0,
recall_loss,106,255,v106_s0255,0,0,False,0.0,
recall_loss,106,256,v106_s0256,0,0,False,0.0,
recall_loss,106,257,v106_s0257,0,0,False,0.0,
recall_loss,106,258,v106_s0258,0,0,False,0.0,
recall_loss,106,259,v106_s0259,0,0,False,0.0,
recall_loss,106,260,v106_s0260,0,0,False,0.0,
recall_loss,106,261,v106_s0261,0,0,False,0.0,
recall_loss,106,262,v106_s0262,0,0,False,0.0,
recall_loss,106,263,v106_s0263,0,0,False,0.0,
recall_loss,106,264,v106_s0264,0,0,False,0.0,
recall_loss,106,265,v106_s0265,0,0,False,0.0,
recall_loss,106,266,v106_s0266,0,0,False,0.0,
recall_loss,106,267,v106_s0267,0,0,False,0.0,
recall_loss,106,268,v106_s0268,0,0,False,0.0,
recall_loss,106,269,v106_s0269,0,0,False,0.0,
recall_loss,106,270,v106_s0270,0,0,False,0.0,
recall_loss,106,271,v106_s0271,0,0,False,0.0,
recall_loss,106,272,v106_s0272,0,0,False,0.0,
recall_loss,106,273,v106_s0273,0,0,False,0.0,
recall_loss,106,274,v106_s0274,0,0,False,0.0,
recall_loss,106,275,v106_s0275,0,0,False,0.0,
recall_loss,106,276,v106_s0276,0,0,False,0.0,
recall_loss,106,277,v106_s0277,0,0,False,0.0,
recall_loss,106,278,v106_s0278,0,0,False,0.0,
recall_loss,106,279,v106_s0279,0,0,False,0.0,
recall_loss,106,280,v106_s0280,0,0,False,0.0,
recall_loss,106,281,v106_s0281,0,0,False,0.0,
recall_loss,106,282,v106_s0282,0,0,False,0.0,
recall_loss,106,283,v106_s0283,0,0,False,0.0,
recall_loss,106,284,v106_s0284,0,0,False,0.0,
recall_loss,106,285,v106_s0285,0,0,False,0.0,
recall_loss,106,286,v106_s0286,0,0,False,0.0,
recall_loss,106,287,v106_s0287,0,0,False,0.0,
recall_loss,106,288,v106_s0288,0,0,False,0.0,
recall_loss,106,289,v106_s0289,0,0,False,0.0,
recall_loss,106,290,v106_s0290,0,0,False,0.0,
recall_loss,106,291,v106_s0291,0,0,False,0.0,
recall_loss,106,292,v106_s0292,0,0,False,0.0,
recall_loss,106,293,v106_s0293,0,0,False,0.0,
recall_loss,106,294,v106_s0294,0,0,False,0.0,
recall_loss,106,295,v106_s0295,0,0,False,0.0,
recall_loss,106,296,v106_s0296,0,0,False,0.0,
recall_loss,106,297,v106_s0297,0,0,False,0.0,
recall_loss,106,298,v106_s0298,0,0,False,0.0,
recall_loss,106,299,v106_s0299,0,0,False,0.0,
recall_loss,106,300,v106_s0300,0,0,False,0.0,
recall_loss,106,301,v106_s0301,0,0,False,0.0,
recall_loss,106,302,v106_s0302,0,0,False,0.0,
recall_loss,106,303,v106_s0303,0,0,False,0.0,
recall_loss,106,304,v106_s0304,0,0,False,0.0,
recall_loss,106,305,v106_s0305,0,0,False,0.0,
recall_loss,106,306,v106_s0306,0,0,False,0.0,
recall_loss,106,307,v106_s0307,0,0,False,0.0,
recall_loss,106,308,v106_s0308,0,0,False,0.0,
recall_loss,106,309,v106_s0309,0,0,False,0.0,
recall_loss,106,310,v106_s0310,0,0,False,0.0,
recall_loss,106,311,v106_s0311,0,0,False,0.0,
recall_loss,106,312,v106_s0312,0,0,False,0.0,
recall_loss,106,313,v106_s0313,0,0,False,0.0,
recall_loss,106,314,v106_s0314,0,0,False,0.0,
recall_loss,106,315,v106_s0315,0,0,False,0.0,
recall_loss,106,316,v106_s0316,0,0,False,0.0,
recall_loss,106,317,v106_s0317,0,0,False,0.0,
recall_loss,106,318,v106_s0318,0,0,False,0.0,
recall_loss,106,319,v106_s0319,0,0,False,0.0,
recall_loss,106,320,v106_s0320,0,0,False,0.0,
recall_loss,106,321,v106_s0321,0,0,False,0.0,
recall_loss,106,322,v106_s0322,0,0,False,0.0,
recall_loss,106,323,v106_s0323,0,0,False,0.0,
recall_loss,106,324,v106_s0324,0,0,False,0.0,
recall_loss,106,325,v106_s0325,0,0,False,0.0,
recall_loss,106,326,v106_s0326,0,0,False,0.0,
recall_loss,106,327,v106_s0327,0,0,False,0.0,
recall_loss,106,328,v106_s0328,0,0,False,0.0,
recall_loss,106,329,v106_s0329,0,0,False,0.0,
recall_loss,106,330,v106_s0330,0,0,False,0.0,
recall_loss,106,331,v106_s0331,0,0,False,0.0,
recall_loss,106,332,v106_s0332,0,0,False,0.0,
recall_loss,106,333,v106_s0333,0,0,False,0.0,
recall_loss,106,334,v106_s0334,0,0,False,0.0,
recall_loss,106,335,v106_s0335,0,0,False,0.0,
recall_loss,106,336,v106_s0336,0,0,False,0.0,
recall_loss,106,337,v106_s0337,0,0,False,0.0,
recall_loss,106,338,v106_s0338,0,0,False,0.0,
recall_loss,106,339,v106_s0339,0,0,False,0.0,
recall_loss,106,340,v106_s0340,0,0,False,0.0,
recall_loss,106,341,v106_s0341,0,0,False,0.0,
recall_loss,106,342,v106_s0342,0,0,False,0.0,
recall_loss,106,343,v106_s0343,0,0,False,0.0,
recall_loss,106,344,v106_s0344,0,0,False,0.0,
recall_loss,106,345,v106_s0345,0,0,False,0.0,
recall_loss,106,346,v106_s0346,0,0,False,0.0,
recall_loss,106,347,v106_s0347,0,0,False,0.0,
recall_loss,106,348,v106_s0348,0,0,False,0.0,
recall_loss,106,349,v106_s0349,0,0,False,0.0,
recall_loss,106,350,v106_s0350,0,0,False,0.0,
recall_loss,106,351,v106_s0351,0,0,False,0.0,
recall_loss,106,352,v106_s0352,0,0,False,0.0,
recall_loss,106,353,v106_s0353,0,0,False,0.0,
recall_loss,106,354,v106_s0354,0,0,False,0.0,
recall_loss,106,355,v106_s0355,0,0,False,0.0,
recall_loss,106,356,v106_s0356,0,0,False,0.0,
recall_loss,106,357,v106_s0357,0,0,False,0.0,
recall_loss,106,358,v106_s0358,0,0,False,0.0,
recall_loss,106,359,v106_s0359,0,0,False,0.0,
recall_loss,106,360,v106_s0360,0,0,False,0.0,
recall_loss,106,361,v106_s0361,0,0,False,0.0,
recall_loss,106,362,v106_s0362,0,0,False,0.0,
recall_loss,106,363,v106_s0363,0,0,False,0.0,
recall_loss,106,364,v106_s0364,0,0,False,0.0,
recall_loss,106,365,v106_s0365,0,0,False,0.0,
recall_loss,106,366,v106_s0366,0,0,False,0.0,
recall_loss,106,367,v106_s0367,0,0,False,0.0,
recall_loss,106,368,v106_s0368,0,0,False,0.0,
recall_loss,106,369,v106_s0369,0,0,False,0.0,
recall_loss,106,370,v106_s0370,0,0,False,0.0,
recall_loss,106,371,v106_s0371,0,0,False,0.0,
recall_loss,106,372,v106_s0372,0,0,False,0.0,
recall_loss,106,373,v106_s0373,0,0,False,0.0,
recall_loss,106,374,v106_s0374,0,0,False,0.0,
recall_loss,106,375,v106_s0375,0,0,False,0.0,
recall_loss,106,376,v106_s0376,0,0,False,0.0,
recall_loss,106,377,v106_s0377,0,0,False,0.0,
recall_loss,106,378,v106_s0378,0,0,False,0.0,
recall_loss,106,379,v106_s0379,0,0,False,0.0,
recall_loss,106,380,v106_s0380,0,0,False,0.0,
recall_loss,106,381,v106_s0381,0,0,False,0.0,
recall_loss,106,382,v106_s0382,0,0,False,0.0,
recall_loss,106,383,v106_s0383,0,0,False,0.0,
recall_loss,106,384,v106_s0384,0,0,False,0.0,
recall_loss,106,385,v106_s0385,0,0,False,4.172325134277344e-07,
recall_loss,106,386,v106_s0386,0,8,False,0.978515625,
recall_loss,106,387,v106_s0387,0,12,False,0.99462890625,
recall_loss,106,388,v106_s0388,0,14,False,0.998046875,
recall_loss,106,389,v106_s0389,0,9,False,0.99365234375,
recall_loss,106,390,v106_s0390,0,1,False,0.78515625,
recall_loss,106,391,v106_s0391,0,0,False,0.00760650634765625,
recall_loss,106,392,v106_s0392,0,0,False,4.172325134277344e-07,
recall_loss,106,393,v106_s0393,0,39,False,1.0,
recall_loss,106,394,v106_s0394,0,40,False,1.0,
recall_loss,106,395,v106_s0395,0,52,False,1.0,
recall_loss,106,396,v106_s0396,0,16,False,1.0,
recall_loss,106,397,v106_s0397,0,16,False,1.0,
recall_loss,106,398,v106_s0398,0,3,False,0.88525390625,
recall_loss,106,399,v106_s0399,0,0,False,4.7326087951660156e-05,
recall_loss,106,400,v106_s0400,0,21,False,1.0,
recall_loss,106,401,v106_s0401,0,0,False,0.11383056640625,
recall_loss,106,402,v106_s0402,0,0,False,2.980232238769531e-07,
recall_loss,106,403,v106_s0403,0,8,False,0.99169921875,
recall_loss,106,404,v106_s0404,0,0,False,0.0028705596923828125,
recall_loss,106,405,v106_s0405,0,0,False,0.0,
recall_loss,106,406,v106_s0406,0,0,False,0.0013227462768554688,
recall_loss,106,407,v106_s0407,0,5,False,0.82568359375,
recall_loss,106,408,v106_s0408,0,21,False,1.0,
recall_loss,106,409,v106_s0409,0,0,False,0.0,
recall_loss,106,410,v106_s0410,0,0,False,0.1429443359375,
recall_loss,106,411,v106_s0411,0,13,False,0.99951171875,
recall_loss,106,412,v106_s0412,0,0,False,0.0,
recall_loss,106,413,v106_s0413,0,0,False,0.0,
recall_loss,106,414,v106_s0414,0,0,False,1.8298625946044922e-05,
recall_loss,106,415,v106_s0415,0,0,False,0.0,
recall_loss,106,416,v106_s0416,0,6,False,0.98046875,
recall_loss,106,417,v106_s0417,0,0,False,0.27294921875,
recall_loss,106,418,v106_s0418,0,0,False,0.0,
recall_loss,106,419,v106_s0419,0,0,False,0.0,
recall_loss,106,420,v106_s0420,0,0,False,0.0,
recall_loss,106,421,v106_s0421,0,0,False,5.960464477539063e-08,
recall_loss,106,422,v106_s0422,0,0,False,0.00012046098709106445,
recall_loss,106,423,v106_s0423,0,21,False,1.0,
recall_loss,106,424,v106_s0424,0,28,False,1.0,
recall_loss,106,425,v106_s0425,0,22,False,1.0,
recall_loss,106,426,v106_s0426,0,30,False,1.0,
recall_loss,106,427,v106_s0427,0,30,False,1.0,
recall_loss,106,428,v106_s0428,0,29,False,1.0,
recall_loss,106,429,v106_s0429,0,18,False,1.0,
recall_loss,106,430,v106_s0430,0,16,False,1.0,
recall_loss,106,431,v106_s0431,0,0,False,0.0011491775512695312,
recall_loss,106,432,v106_s0432,0,0,False,0.09844970703125,
recall_loss,106,433,v106_s0433,0,0,False,0.0003299713134765625,
recall_loss,106,434,v106_s0434,0,11,False,0.9990234375,
recall_loss,106,435,v106_s0435,0,16,False,1.0,
recall_loss,106,436,v106_s0436,0,0,False,1.0132789611816406e-05,
recall_loss,106,437,v106_s0437,0,0,False,1.806020736694336e-05,
recall_loss,106,438,v106_s0438,0,12,False,0.99951171875,
recall_loss,106,439,v106_s0439,0,39,False,1.0,
recall_loss,106,440,v106_s0440,0,12,False,0.99951171875,
recall_loss,106,441,v106_s0441,0,12,False,0.9990234375,
recall_loss,106,442,v106_s0442,0,26,False,1.0,
recall_loss,106,443,v106_s0443,0,25,False,1.0,
recall_loss,106,444,v106_s0444,0,19,False,1.0,
recall_loss,106,445,v106_s0445,0,18,False,1.0,
recall_loss,106,446,v106_s0446,0,16,False,1.0,
recall_loss,106,447,v106_s0447,0,4,False,0.98486328125,
recall_loss,106,448,v106_s0448,0,24,False,1.0,
recall_loss,106,449,v106_s0449,0,22,False,1.0,
recall_loss,106,450,v106_s0450,0,0,False,0.0,
recall_loss,106,451,v106_s0451,0,1,False,0.650390625,
recall_loss,106,452,v106_s0452,0,11,False,0.984375,
recall_loss,106,453,v106_s0453,0,23,False,0.99951171875,
recall_loss,106,454,v106_s0454,0,18,False,0.998046875,
recall_loss,106,455,v106_s0455,0,6,False,0.9619140625,
recall_loss,106,456,v106_s0456,0,32,False,1.0,
recall_loss,106,457,v106_s0457,0,37,False,1.0,
recall_loss,106,458,v106_s0458,0,71,False,1.0,
recall_loss,106,459,v106_s0459,0,47,False,1.0,
recall_loss,106,460,v106_s0460,0,0,False,0.0,
recall_loss,106,461,v106_s0461,0,30,False,1.0,
recall_loss,106,462,v106_s0462,0,183,False,1.0,
recall_loss,106,463,v106_s0463,0,177,False,1.0,
recall_loss,106,464,v106_s0464,0,89,False,1.0,
recall_loss,106,465,v106_s0465,0,91,False,1.0,
recall_loss,106,466,v106_s0466,0,0,False,7.748603820800781e-07,
recall_loss,106,467,v106_s0467,0,0,False,2.2232532501220703e-05,
recall_loss,106,468,v106_s0468,0,19,False,0.9970703125,
recall_loss,106,469,v106_s0469,0,0,False,0.041168212890625,
recall_loss,106,470,v106_s0470,0,7,False,0.9892578125,
recall_loss,106,471,v106_s0471,0,43,False,1.0,
recall_loss,106,472,v106_s0472,0,26,False,1.0,
recall_loss,106,473,v106_s0473,0,10,False,1.0,
recall_loss,106,474,v106_s0474,0,0,False,4.5180320739746094e-05,
recall_loss,106,475,v106_s0475,0,0,False,0.18115234375,
recall_loss,106,476,v106_s0476,0,0,False,0.0,
recall_loss,106,477,v106_s0477,0,0,False,0.0,
recall_loss,106,478,v106_s0478,0,0,False,0.0,
recall_loss,106,479,v106_s0479,0,0,False,0.0,
recall_loss,106,480,v106_s0480,0,0,False,0.0,
recall_loss,106,481,v106_s0481,0,0,False,0.0,
recall_loss,106,482,v106_s0482,0,0,False,0.0,
recall_loss,106,483,v106_s0483,0,0,False,0.0,
recall_loss,106,484,v106_s0484,0,0,False,0.0,
recall_loss,106,485,v106_s0485,0,0,False,0.0,
recall_loss,106,486,v106_s0486,0,0,False,0.0,
recall_loss,106,487,v106_s0487,0,0,False,0.0013895034790039062,
recall_loss,106,488,v106_s0488,0,1,False,0.74853515625,
recall_loss,106,489,v106_s0489,0,0,False,0.0,
recall_loss,106,490,v106_s0490,0,0,False,0.0,
recall_loss,106,491,v106_s0491,0,0,False,0.0,
recall_loss,106,492,v106_s0492,0,0,False,0.0,
recall_loss,106,493,v106_s0493,0,0,False,0.0,
recall_loss,106,494,v106_s0494,0,0,False,0.0,
recall_loss,106,495,v106_s0495,0,0,False,0.0,
recall_loss,106,496,v106_s0496,0,0,False,0.0,
recall_loss,106,497,v106_s0497,0,0,False,0.0,
recall_loss,106,498,v106_s0498,0,0,False,0.0,
recall_loss,106,499,v106_s0499,0,0,False,0.0,
recall_loss,106,500,v106_s0500,0,0,False,0.0,
recall_loss,106,501,v106_s0501,0,0,False,0.0,
recall_loss,106,502,v106_s0502,0,0,False,0.0,
recall_loss,106,503,v106_s0503,0,0,False,0.0,
recall_loss,106,504,v106_s0504,0,0,False,0.0,
recall_loss,106,505,v106_s0505,0,0,False,0.0,
recall_loss,106,506,v106_s0506,0,0,False,0.0,
recall_loss,106,507,v106_s0507,0,0,False,0.0,
recall_loss,106,508,v106_s0508,0,0,False,0.0,
recall_loss,106,509,v106_s0509,0,0,False,0.0007128715515136719,
recall_loss,106,510,v106_s0510,0,0,False,0.0,
recall_loss,106,511,v106_s0511,0,0,False,0.0,
recall_loss,106,512,v106_s0512,0,0,False,0.0,
recall_loss,106,513,v106_s0513,0,0,False,0.0,
recall_loss,106,514,v106_s0514,0,0,False,0.0,
recall_loss,106,515,v106_s0515,0,0,False,0.0,
recall_loss,106,516,v106_s0516,0,0,False,0.0,
recall_loss,106,517,v106_s0517,0,0,False,0.0,
recall_loss,106,518,v106_s0518,0,0,False,0.0,
recall_loss,106,519,v106_s0519,0,0,False,0.0,
recall_loss,106,520,v106_s0520,0,0,False,0.0006475448608398438,
recall_loss,106,521,v106_s0521,0,7,False,0.95849609375,
recall_loss,106,522,v106_s0522,0,41,False,1.0,
recall_loss,106,523,v106_s0523,0,30,False,1.0,
recall_loss,106,524,v106_s0524,0,0,False,5.960464477539063e-08,
recall_loss,106,525,v106_s0525,0,0,False,0.0,
recall_loss,106,526,v106_s0526,0,0,False,0.0,
recall_loss,106,527,v106_s0527,0,0,False,1.7881393432617188e-07,
recall_loss,106,528,v106_s0528,0,0,False,0.0,
recall_loss,106,529,v106_s0529,0,0,False,0.0,
recall_loss,106,530,v106_s0530,0,0,False,0.0,
recall_loss,106,531,v106_s0531,0,0,False,0.0,
recall_loss,106,532,v106_s0532,0,0,False,0.038421630859375,
recall_loss,106,533,v106_s0533,0,0,False,2.6106834411621094e-05,
recall_loss,106,534,v106_s0534,0,0,False,0.0169219970703125,
recall_loss,106,535,v106_s0535,0,0,False,0.0,
recall_loss,106,536,v106_s0536,0,0,False,0.0,
recall_loss,106,537,v106_s0537,0,0,False,0.0,
recall_loss,106,538,v106_s0538,0,0,False,0.0,
recall_loss,106,539,v106_s0539,0,0,False,0.0,
recall_loss,106,540,v106_s0540,0,0,False,0.0,
recall_loss,106,541,v106_s0541,0,0,False,0.0,
recall_loss,106,542,v106_s0542,0,0,False,0.0,
recall_loss,106,543,v106_s0543,0,0,False,0.0,
recall_loss,106,544,v106_s0544,0,0,False,0.0,
recall_loss,106,545,v106_s0545,0,0,False,0.0,
recall_loss,106,546,v106_s0546,0,0,False,0.0,
recall_loss,106,547,v106_s0547,0,0,False,0.0,
recall_loss,106,548,v106_s0548,0,0,False,0.0,
recall_loss,106,549,v106_s0549,0,0,False,0.0,
recall_loss,106,550,v106_s0550,0,0,False,0.0,
recall_loss,106,551,v106_s0551,0,0,False,0.0,
recall_loss,106,552,v106_s0552,0,0,False,0.0,
recall_loss,106,553,v106_s0553,0,0,False,0.0,
recall_loss,106,554,v106_s0554,0,0,False,0.0,
recall_loss,106,555,v106_s0555,0,0,False,0.0,
recall_loss,106,556,v106_s0556,0,0,False,0.0,
recall_loss,106,557,v106_s0557,0,0,False,0.0,
recall_loss,106,558,v106_s0558,0,0,False,0.0,
recall_loss,106,559,v106_s0559,0,0,False,0.0,
recall_loss,106,560,v106_s0560,0,0,False,0.0,
recall_loss,106,561,v106_s0561,0,0,False,0.0,
recall_loss,106,562,v106_s0562,0,0,False,0.0,
recall_loss,106,563,v106_s0563,0,0,False,0.0,
recall_loss,106,564,v106_s0564,0,0,False,0.0,
recall_loss,106,565,v106_s0565,0,0,False,0.0,
recall_loss,106,566,v106_s0566,0,0,False,0.0,
recall_loss,106,567,v106_s0567,0,0,False,0.0,
recall_loss,106,568,v106_s0568,0,0,False,0.0,
recall_loss,106,569,v106_s0569,0,0,False,0.0,
recall_loss,106,570,v106_s0570,0,0,False,0.0,
recall_loss,106,571,v106_s0571,0,0,False,0.0,
recall_loss,106,572,v106_s0572,0,0,False,0.0,
recall_loss,106,573,v106_s0573,0,0,False,0.0,
recall_loss,106,574,v106_s0574,0,0,False,0.0,
recall_loss,106,575,v106_s0575,0,0,False,0.0,
recall_loss,106,576,v106_s0576,0,0,False,0.0,
recall_loss,106,577,v106_s0577,0,0,False,0.0,
recall_loss,106,578,v106_s0578,0,0,False,0.0,
recall_loss,106,579,v106_s0579,0,0,False,0.0,
recall_loss,106,580,v106_s0580,0,0,False,0.0,
recall_loss,106,581,v106_s0581,0,0,False,0.0,
recall_loss,106,582,v106_s0582,0,0,False,0.0,
recall_loss,106,583,v106_s0583,0,0,False,0.0,
recall_loss,106,584,v106_s0584,0,0,False,0.0,
recall_loss,106,585,v106_s0585,0,0,False,0.0,
recall_loss,106,586,v106_s0586,0,0,False,0.0,
recall_loss,106,587,v106_s0587,0,0,False,0.0,
recall_loss,106,588,v106_s0588,0,0,False,0.0,
recall_loss,106,589,v106_s0589,0,0,False,0.0,
recall_loss,106,590,v106_s0590,0,0,False,0.0,
recall_loss,106,591,v106_s0591,0,0,False,0.0,
recall_loss,106,592,v106_s0592,0,0,False,0.0,
recall_loss,106,593,v106_s0593,0,0,False,0.0,
recall_loss,106,594,v106_s0594,0,0,False,0.0,
recall_loss,106,595,v106_s0595,0,0,False,0.0,
recall_loss,106,596,v106_s0596,0,0,False,0.0,
recall_loss,106,597,v106_s0597,0,0,False,0.0,
recall_loss,106,598,v106_s0598,0,0,False,0.0,
recall_loss,106,599,v106_s0599,0,0,False,0.0,
recall_loss,106,600,v106_s0600,0,0,False,0.0,
recall_loss,106,601,v106_s0601,0,0,False,0.0,
recall_loss,106,602,v106_s0602,0,0,False,0.0,
recall_loss,106,603,v106_s0603,0,0,False,0.0,
recall_loss,106,604,v106_s0604,0,0,False,0.0,
recall_loss,106,605,v106_s0605,0,0,False,0.0,
recall_loss,106,606,v106_s0606,0,0,False,0.0,
recall_loss,106,607,v106_s0607,0,0,False,0.0,
recall_loss,106,608,v106_s0608,0,0,False,0.0,
recall_loss,106,609,v106_s0609,0,0,False,0.0,
recall_loss,106,610,v106_s0610,0,0,False,0.0,
recall_loss,106,611,v106_s0611,0,0,False,0.0,
recall_loss,106,612,v106_s0612,0,0,False,0.0,
recall_loss,106,613,v106_s0613,0,0,False,0.0,
recall_loss,106,614,v106_s0614,0,0,False,0.0,
recall_loss,106,615,v106_s0615,0,0,False,0.0,
recall_loss,106,616,v106_s0616,0,0,False,0.0,
recall_loss,106,617,v106_s0617,0,0,False,0.0,
recall_loss,106,618,v106_s0618,0,0,False,0.0,
recall_loss,106,619,v106_s0619,0,0,False,0.0,
recall_loss,106,620,v106_s0620,0,0,False,0.0,
recall_loss,106,621,v106_s0621,0,0,False,0.0,
recall_loss,106,622,v106_s0622,0,0,False,0.0,
recall_loss,106,623,v106_s0623,0,0,False,0.0,
recall_loss,106,624,v106_s0624,0,0,False,0.0,
recall_loss,106,625,v106_s0625,0,0,False,0.0,
recall_loss,106,626,v106_s0626,0,0,False,0.0,
recall_loss,106,627,v106_s0627,0,0,False,0.0,
recall_loss,106,628,v106_s0628,0,0,False,0.0,
recall_loss,106,629,v106_s0629,0,0,False,0.0,
recall_loss,106,630,v106_s0630,0,0,False,0.0,
recall_loss,106,631,v106_s0631,0,0,False,0.0,
recall_loss,106,632,v106_s0632,0,0,False,0.0,
recall_loss,106,633,v106_s0633,0,0,False,0.0,
recall_loss,106,634,v106_s0634,0,0,False,0.0,
recall_loss,106,635,v106_s0635,0,0,False,0.0,
recall_loss,106,636,v106_s0636,0,0,False,0.0,
recall_loss,106,637,v106_s0637,0,0,False,0.0,
recall_loss,106,638,v106_s0638,0,0,False,0.0,
recall_loss,106,639,v106_s0639,0,0,False,0.0,
recall_loss,106,640,v106_s0640,0,0,False,0.0,
recall_loss,106,641,v106_s0641,0,0,False,0.0,
recall_loss,106,642,v106_s0642,0,0,False,0.0,
recall_loss,106,643,v106_s0643,0,0,False,0.0,
recall_loss,106,644,v106_s0644,0,0,False,0.0,
recall_loss,106,645,v106_s0645,0,0,False,0.0,
recall_loss,106,646,v106_s0646,0,0,False,0.0,
recall_loss,106,647,v106_s0647,0,0,False,0.0,
recall_loss,106,648,v106_s0648,0,0,False,0.0,
recall_loss,106,649,v106_s0649,0,0,False,0.0,
recall_loss,106,650,v106_s0650,0,0,False,0.0,
recall_loss,106,651,v106_s0651,0,0,False,0.0,
recall_loss,106,652,v106_s0652,0,0,False,0.0,
recall_loss,106,653,v106_s0653,0,0,False,0.0,
recall_loss,106,654,v106_s0654,0,0,False,0.0,
recall_loss,106,655,v106_s0655,0,0,False,0.0,
recall_loss,106,656,v106_s0656,0,0,False,0.0,
recall_loss,106,657,v106_s0657,0,0,False,0.0,
recall_loss,106,658,v106_s0658,0,0,False,0.0,
recall_loss,106,659,v106_s0659,0,0,False,0.0,
recall_loss,106,660,v106_s0660,0,0,False,0.0,
recall_loss,106,661,v106_s0661,0,0,False,0.0,
recall_loss,106,662,v106_s0662,0,0,False,0.0,
recall_loss,106,663,v106_s0663,0,0,False,0.0,
recall_loss,106,664,v106_s0664,0,0,False,0.0,
recall_loss,106,665,v106_s0665,0,0,False,0.0,
recall_loss,106,666,v106_s0666,0,0,False,0.0,
recall_loss,106,667,v106_s0667,0,0,False,0.0,
recall_loss,106,668,v106_s0668,0,0,False,0.0,
recall_loss,106,669,v106_s0669,0,0,False,0.0,
recall_loss,106,670,v106_s0670,0,0,False,0.0,
recall_loss,106,671,v106_s0671,0,0,False,0.0,
recall_loss,106,672,v106_s0672,0,0,False,0.0,
recall_loss,106,673,v106_s0673,0,0,False,0.0,
recall_loss,106,674,v106_s0674,0,0,False,0.0,
recall_loss,106,675,v106_s0675,0,0,False,0.0,
recall_loss,106,676,v106_s0676,0,0,False,0.0,
recall_loss,106,677,v106_s0677,0,0,False,0.0,
recall_loss,106,678,v106_s0678,0,0,False,0.0,
recall_loss,106,679,v106_s0679,0,0,False,0.0,
recall_loss,106,680,v106_s0680,0,0,False,0.0,
recall_loss,106,681,v106_s0681,0,0,False,0.0,
recall_loss,106,682,v106_s0682,0,0,False,0.0,
recall_loss,106,683,v106_s0683,0,0,False,0.0,
recall_loss,106,684,v106_s0684,0,0,False,0.0,
recall_loss,106,685,v106_s0685,0,0,False,0.0,
recall_loss,106,686,v106_s0686,0,0,False,0.0,
recall_loss,106,687,v106_s0687,0,0,False,0.0,
recall_loss,106,688,v106_s0688,0,0,False,0.0,
recall_loss,106,689,v106_s0689,0,0,False,0.0,
recall_loss,106,690,v106_s0690,0,0,False,0.0,
recall_loss,106,691,v106_s0691,0,0,False,0.0,
recall_loss,106,692,v106_s0692,0,0,False,0.0,
recall_loss,106,693,v106_s0693,0,0,False,0.0,
recall_loss,106,694,v106_s0694,0,0,False,0.0,
recall_loss,106,695,v106_s0695,0,0,False,0.0,
recall_loss,106,696,v106_s0696,0,0,False,0.0,
recall_loss,106,697,v106_s0697,0,0,False,0.0,
recall_loss,106,698,v106_s0698,0,0,False,0.0,
recall_loss,106,699,v106_s0699,0,0,False,0.0,
recall_loss,106,700,v106_s0700,0,0,False,0.0,
recall_loss,106,701,v106_s0701,0,0,False,0.0,
recall_loss,106,702,v106_s0702,0,0,False,0.0,
recall_loss,106,703,v106_s0703,0,0,False,0.0,
recall_loss,106,704,v106_s0704,0,0,False,0.0,
recall_loss,106,705,v106_s0705,0,0,False,0.0,
recall_loss,106,706,v106_s0706,0,0,False,0.0,
recall_loss,106,707,v106_s0707,0,0,False,0.0,
recall_loss,106,708,v106_s0708,0,0,False,0.0,
recall_loss,106,709,v106_s0709,0,0,False,0.0,
recall_loss,106,710,v106_s0710,0,0,False,0.0,
recall_loss,106,711,v106_s0711,0,0,False,0.0,
recall_loss,106,712,v106_s0712,0,0,False,0.0,
recall_loss,106,713,v106_s0713,0,0,False,0.0,
recall_loss,106,714,v106_s0714,0,0,False,0.0,
recall_loss,106,715,v106_s0715,0,0,False,0.0,
recall_loss,106,716,v106_s0716,0,0,False,0.0,
recall_loss,106,717,v106_s0717,0,0,False,0.0,
recall_loss,106,718,v106_s0718,0,0,False,0.0,
recall_loss,106,719,v106_s0719,0,0,False,0.0,
recall_loss,106,720,v106_s0720,0,0,False,0.0,
recall_loss,106,721,v106_s0721,0,0,False,0.0,
recall_loss,106,722,v106_s0722,0,0,False,0.0,
recall_loss,106,723,v106_s0723,0,0,False,0.0,
recall_loss,106,724,v106_s0724,0,0,False,0.0,
recall_loss,106,725,v106_s0725,0,0,False,0.0,
recall_loss,106,726,v106_s0726,0,0,False,0.0,
recall_loss,106,727,v106_s0727,0,0,False,0.0,
recall_loss,106,728,v106_s0728,0,0,False,0.0,
recall_loss,106,729,v106_s0729,0,0,False,0.0,
recall_loss,106,730,v106_s0730,0,0,False,0.0,
recall_loss,106,731,v106_s0731,0,0,False,0.0,
recall_loss,106,732,v106_s0732,0,0,False,0.0,
recall_loss,106,733,v106_s0733,0,0,False,0.0,
recall_loss,106,734,v106_s0734,0,0,False,0.0,
recall_loss,106,735,v106_s0735,0,0,False,0.0,
recall_loss,106,736,v106_s0736,0,0,False,0.0,
recall_loss,106,737,v106_s0737,0,0,False,0.0,
recall_loss,106,738,v106_s0738,0,0,False,0.0,
recall_loss,106,739,v106_s0739,0,0,False,0.0,
recall_loss,106,740,v106_s0740,0,0,False,0.0,
recall_loss,106,741,v106_s0741,0,0,False,0.0,
recall_loss,106,742,v106_s0742,0,0,False,0.0,
recall_loss,106,743,v106_s0743,0,0,False,0.0,
recall_loss,106,744,v106_s0744,0,0,False,0.0,
recall_loss,106,745,v106_s0745,0,0,False,0.0,
recall_loss,106,746,v106_s0746,0,0,False,0.0,
recall_loss,106,747,v106_s0747,0,0,False,0.0,
recall_loss,106,748,v106_s0748,0,0,False,0.0,
recall_loss,106,749,v106_s0749,0,0,False,0.0,
recall_loss,106,750,v106_s0750,0,0,False,0.0,
recall_loss,106,751,v106_s0751,0,0,False,0.0,
recall_loss,106,752,v106_s0752,0,0,False,0.0,
recall_loss,106,753,v106_s0753,0,0,False,0.0,
recall_loss,106,754,v106_s0754,0,0,False,0.0,
recall_loss,106,755,v106_s0755,0,0,False,0.0,
recall_loss,106,756,v106_s0756,0,0,False,0.0,
recall_loss,106,757,v106_s0757,0,0,False,0.0,
recall_loss,106,758,v106_s0758,0,0,False,0.0,
recall_loss,106,759,v106_s0759,0,0,False,0.0,
recall_loss,106,760,v106_s0760,0,0,False,0.0,
recall_loss,106,761,v106_s0761,0,0,False,0.0,
recall_loss,106,762,v106_s0762,0,0,False,0.0,
recall_loss,106,763,v106_s0763,0,0,False,0.0,
recall_loss,106,764,v106_s0764,0,0,False,0.0,
recall_loss,106,765,v106_s0765,0,0,False,0.0,
recall_loss,106,766,v106_s0766,0,0,False,0.0,
recall_loss,106,767,v106_s0767,0,0,False,0.0,
recall_loss,106,768,v106_s0768,0,0,False,0.0,
recall_loss,106,769,v106_s0769,0,0,False,0.0,
recall_loss,106,770,v106_s0770,0,0,False,0.0,
recall_loss,107,0,v107_s0000,0,0,False,0.0,
recall_loss,107,1,v107_s0001,0,0,False,0.0,
recall_loss,107,2,v107_s0002,0,0,False,0.0,
recall_loss,107,3,v107_s0003,0,0,False,0.0,
recall_loss,107,4,v107_s0004,0,0,False,0.0,
recall_loss,107,5,v107_s0005,0,0,False,0.0,
recall_loss,107,6,v107_s0006,0,0,False,0.0,
recall_loss,107,7,v107_s0007,0,0,False,0.0,
recall_loss,107,8,v107_s0008,0,0,False,0.0,
recall_loss,107,9,v107_s0009,0,0,False,0.0,
recall_loss,107,10,v107_s0010,0,0,False,0.0,
recall_loss,107,11,v107_s0011,0,0,False,0.0,
recall_loss,107,12,v107_s0012,0,0,False,0.0,
recall_loss,107,13,v107_s0013,0,0,False,0.0,
recall_loss,107,14,v107_s0014,0,0,False,0.0,
recall_loss,107,15,v107_s0015,0,0,False,0.0,
recall_loss,107,16,v107_s0016,0,0,False,0.0,
recall_loss,107,17,v107_s0017,0,0,False,0.0,
recall_loss,107,18,v107_s0018,0,0,False,0.0,
recall_loss,107,19,v107_s0019,0,0,False,0.0,
recall_loss,107,20,v107_s0020,0,0,False,0.0,
recall_loss,107,21,v107_s0021,0,0,False,0.0,
recall_loss,107,22,v107_s0022,0,0,False,0.0,
recall_loss,107,23,v107_s0023,0,0,False,0.0,
recall_loss,107,24,v107_s0024,0,0,False,0.0,
recall_loss,107,25,v107_s0025,0,0,False,0.0,
recall_loss,107,26,v107_s0026,0,0,False,0.0,
recall_loss,107,27,v107_s0027,0,0,False,0.0,
recall_loss,107,28,v107_s0028,0,0,False,0.0,
recall_loss,107,29,v107_s0029,0,0,False,0.0,
recall_loss,107,30,v107_s0030,0,0,False,0.0,
recall_loss,107,31,v107_s0031,0,0,False,0.0,
recall_loss,107,32,v107_s0032,0,0,False,0.0,
recall_loss,107,33,v107_s0033,0,0,False,0.0,
recall_loss,107,34,v107_s0034,0,0,False,0.0,
recall_loss,107,35,v107_s0035,0,0,False,0.0,
recall_loss,107,36,v107_s0036,0,0,False,0.0,
recall_loss,107,37,v107_s0037,0,0,False,0.0,
recall_loss,107,38,v107_s0038,0,0,False,0.0,
recall_loss,107,39,v107_s0039,0,0,False,0.0,
recall_loss,107,40,v107_s0040,0,0,False,0.0,
recall_loss,107,41,v107_s0041,0,0,False,0.0,
recall_loss,107,42,v107_s0042,0,0,False,0.0,
recall_loss,107,43,v107_s0043,0,0,False,0.0,
recall_loss,107,44,v107_s0044,0,0,False,0.0,
recall_loss,107,45,v107_s0045,0,0,False,0.0,
recall_loss,107,46,v107_s0046,0,0,False,0.0,
recall_loss,107,47,v107_s0047,0,0,False,0.0,
recall_loss,107,48,v107_s0048,0,0,False,0.0,
recall_loss,107,49,v107_s0049,0,0,False,0.0,
recall_loss,107,50,v107_s0050,0,0,False,0.0,
recall_loss,107,51,v107_s0051,0,0,False,0.0,
recall_loss,107,52,v107_s0052,0,0,False,0.0,
recall_loss,107,53,v107_s0053,0,0,False,0.0,
recall_loss,107,54,v107_s0054,0,0,False,0.0,
recall_loss,107,55,v107_s0055,0,0,False,0.0,
recall_loss,107,56,v107_s0056,0,0,False,0.0,
recall_loss,107,57,v107_s0057,0,0,False,0.0,
recall_loss,107,58,v107_s0058,0,0,False,0.0,
recall_loss,107,59,v107_s0059,0,0,False,0.0,
recall_loss,107,60,v107_s0060,0,0,False,0.0,
recall_loss,107,61,v107_s0061,0,0,False,0.0,
recall_loss,107,62,v107_s0062,0,0,False,0.0,
recall_loss,107,63,v107_s0063,0,0,False,0.0,
recall_loss,107,64,v107_s0064,0,0,False,0.0,
recall_loss,107,65,v107_s0065,0,0,False,0.0,
recall_loss,107,66,v107_s0066,0,0,False,0.0,
recall_loss,107,67,v107_s0067,0,0,False,0.0,
recall_loss,107,68,v107_s0068,0,0,False,0.0,
recall_loss,107,69,v107_s0069,0,0,False,0.0,
recall_loss,107,70,v107_s0070,0,0,False,0.0,
recall_loss,107,71,v107_s0071,0,0,False,0.0,
recall_loss,107,72,v107_s0072,0,0,False,0.0,
recall_loss,107,73,v107_s0073,0,0,False,0.0,
recall_loss,107,74,v107_s0074,0,0,False,0.0,
recall_loss,107,75,v107_s0075,0,0,False,0.0,
recall_loss,107,76,v107_s0076,0,0,False,0.0,
recall_loss,107,77,v107_s0077,0,0,False,0.0,
recall_loss,107,78,v107_s0078,0,0,False,0.0,
recall_loss,107,79,v107_s0079,0,0,False,0.0,
recall_loss,107,80,v107_s0080,0,0,False,0.0,
recall_loss,107,81,v107_s0081,0,0,False,0.0,
recall_loss,107,82,v107_s0082,0,0,False,0.0,
recall_loss,107,83,v107_s0083,0,0,False,0.0,
recall_loss,107,84,v107_s0084,0,0,False,0.0,
recall_loss,107,85,v107_s0085,0,0,False,0.0,
recall_loss,107,86,v107_s0086,0,0,False,0.0,
recall_loss,107,87,v107_s0087,0,0,False,0.0,
recall_loss,107,88,v107_s0088,0,0,False,0.0,
recall_loss,107,89,v107_s0089,0,0,False,0.0,
recall_loss,107,90,v107_s0090,0,0,False,0.0,
recall_loss,107,91,v107_s0091,0,0,False,0.0,
recall_loss,107,92,v107_s0092,0,0,False,0.0,
recall_loss,107,93,v107_s0093,0,0,False,0.0,
recall_loss,107,94,v107_s0094,0,0,False,0.0,
recall_loss,107,95,v107_s0095,0,0,False,0.0,
recall_loss,107,96,v107_s0096,0,0,False,0.0,
recall_loss,107,97,v107_s0097,0,0,False,0.0,
recall_loss,107,98,v107_s0098,0,0,False,0.0,
recall_loss,107,99,v107_s0099,0,0,False,0.0,
recall_loss,107,100,v107_s0100,0,0,False,0.0,
recall_loss,107,101,v107_s0101,0,0,False,0.0,
recall_loss,107,102,v107_s0102,0,0,False,0.0,
recall_loss,107,103,v107_s0103,0,0,False,0.0,
recall_loss,107,104,v107_s0104,0,0,False,0.0,
recall_loss,107,105,v107_s0105,0,0,False,0.0,
recall_loss,107,106,v107_s0106,0,0,False,0.0,
recall_loss,107,107,v107_s0107,0,0,False,0.0,
recall_loss,107,108,v107_s0108,0,0,False,0.0,
recall_loss,107,109,v107_s0109,0,0,False,0.0,
recall_loss,107,110,v107_s0110,0,0,False,0.0,
recall_loss,107,111,v107_s0111,0,0,False,0.0,
recall_loss,107,112,v107_s0112,0,0,False,0.0,
recall_loss,107,113,v107_s0113,0,0,False,0.0,
recall_loss,107,114,v107_s0114,0,0,False,0.0,
recall_loss,107,115,v107_s0115,0,0,False,0.0,
recall_loss,107,116,v107_s0116,0,0,False,0.0,
recall_loss,107,117,v107_s0117,0,0,False,0.0,
recall_loss,107,118,v107_s0118,0,0,False,0.0,
recall_loss,107,119,v107_s0119,0,0,False,0.0,
recall_loss,107,120,v107_s0120,0,0,False,0.0,
recall_loss,107,121,v107_s0121,0,0,False,0.0,
recall_loss,107,122,v107_s0122,0,0,False,0.0,
recall_loss,107,123,v107_s0123,0,0,False,0.0,
recall_loss,107,124,v107_s0124,0,0,False,0.0,
recall_loss,107,125,v107_s0125,0,0,False,0.0,
recall_loss,107,126,v107_s0126,0,0,False,0.0,
recall_loss,107,127,v107_s0127,0,0,False,0.0,
recall_loss,107,128,v107_s0128,0,0,False,0.0,
recall_loss,107,129,v107_s0129,0,0,False,0.0,
recall_loss,107,130,v107_s0130,0,0,False,0.0,
recall_loss,107,131,v107_s0131,0,0,False,0.0,
recall_loss,107,132,v107_s0132,0,0,False,0.0,
recall_loss,107,133,v107_s0133,0,0,False,0.0,
recall_loss,107,134,v107_s0134,0,0,False,0.0,
recall_loss,107,135,v107_s0135,0,0,False,0.0,
recall_loss,107,136,v107_s0136,0,0,False,0.0,
recall_loss,107,137,v107_s0137,0,0,False,0.0,
recall_loss,107,138,v107_s0138,0,0,False,0.0,
recall_loss,107,139,v107_s0139,0,0,False,0.0,
recall_loss,107,140,v107_s0140,0,0,False,0.0,
recall_loss,107,141,v107_s0141,0,0,False,0.0,
recall_loss,107,142,v107_s0142,0,0,False,0.0,
recall_loss,107,143,v107_s0143,0,0,False,0.0,
recall_loss,107,144,v107_s0144,0,0,False,0.0,
recall_loss,107,145,v107_s0145,0,0,False,0.0,
recall_loss,107,146,v107_s0146,0,0,False,0.0,
recall_loss,107,147,v107_s0147,0,0,False,0.0,
recall_loss,107,148,v107_s0148,0,0,False,0.0,
recall_loss,107,149,v107_s0149,0,0,False,0.0,
recall_loss,107,150,v107_s0150,0,0,False,0.0,
recall_loss,107,151,v107_s0151,0,0,False,0.0,
recall_loss,107,152,v107_s0152,0,0,False,0.0,
recall_loss,107,153,v107_s0153,0,0,False,0.0,
recall_loss,107,154,v107_s0154,0,0,False,0.0,
recall_loss,107,155,v107_s0155,0,0,False,0.0,
recall_loss,107,156,v107_s0156,0,0,False,0.0,
recall_loss,107,157,v107_s0157,0,0,False,0.0,
recall_loss,107,158,v107_s0158,0,0,False,0.0,
recall_loss,107,159,v107_s0159,0,0,False,0.0,
recall_loss,107,160,v107_s0160,0,0,False,0.0,
recall_loss,107,161,v107_s0161,0,0,False,0.0,
recall_loss,107,162,v107_s0162,0,0,False,0.0,
recall_loss,107,163,v107_s0163,0,0,False,0.0,
recall_loss,107,164,v107_s0164,0,0,False,0.0,
recall_loss,107,165,v107_s0165,0,0,False,0.0,
recall_loss,107,166,v107_s0166,0,0,False,0.0,
recall_loss,107,167,v107_s0167,0,0,False,0.0,
recall_loss,107,168,v107_s0168,0,0,False,0.0,
recall_loss,107,169,v107_s0169,0,0,False,0.0,
recall_loss,107,170,v107_s0170,0,0,False,0.0,
recall_loss,107,171,v107_s0171,0,0,False,0.0,
recall_loss,107,172,v107_s0172,0,0,False,0.0,
recall_loss,107,173,v107_s0173,0,0,False,0.0,
recall_loss,107,174,v107_s0174,0,0,False,0.0,
recall_loss,107,175,v107_s0175,0,0,False,0.0,
recall_loss,107,176,v107_s0176,0,0,False,0.0,
recall_loss,107,177,v107_s0177,0,0,False,0.0,
recall_loss,107,178,v107_s0178,0,0,False,0.0,
recall_loss,107,179,v107_s0179,0,0,False,0.0,
recall_loss,107,180,v107_s0180,0,0,False,0.0,
recall_loss,107,181,v107_s0181,0,0,False,0.0,
recall_loss,107,182,v107_s0182,0,0,False,0.0,
recall_loss,107,183,v107_s0183,0,0,False,0.0,
recall_loss,107,184,v107_s0184,0,0,False,0.0,
recall_loss,107,185,v107_s0185,0,0,False,0.0,
recall_loss,107,186,v107_s0186,0,0,False,0.0,
recall_loss,107,187,v107_s0187,0,0,False,0.0,
recall_loss,107,188,v107_s0188,0,0,False,0.0,
recall_loss,107,189,v107_s0189,0,0,False,0.0,
recall_loss,107,190,v107_s0190,0,0,False,0.0,
recall_loss,107,191,v107_s0191,0,0,False,0.0,
recall_loss,107,192,v107_s0192,0,0,False,0.0,
recall_loss,107,193,v107_s0193,0,0,False,0.0,
recall_loss,107,194,v107_s0194,0,0,False,0.0,
recall_loss,107,195,v107_s0195,0,0,False,0.0,
recall_loss,107,196,v107_s0196,0,0,False,0.0,
recall_loss,107,197,v107_s0197,0,0,False,0.0,
recall_loss,107,198,v107_s0198,0,0,False,0.0,
recall_loss,107,199,v107_s0199,0,0,False,0.0,
recall_loss,107,200,v107_s0200,0,0,False,0.0,
recall_loss,107,201,v107_s0201,0,0,False,0.0,
recall_loss,107,202,v107_s0202,0,0,False,0.0,
recall_loss,107,203,v107_s0203,0,0,False,0.0,
recall_loss,107,204,v107_s0204,0,0,False,0.0,
recall_loss,107,205,v107_s0205,0,0,False,0.0,
recall_loss,107,206,v107_s0206,0,0,False,0.0,
recall_loss,107,207,v107_s0207,0,0,False,0.0,
recall_loss,107,208,v107_s0208,0,0,False,0.0,
recall_loss,107,209,v107_s0209,0,0,False,0.0,
recall_loss,107,210,v107_s0210,0,0,False,0.0,
recall_loss,107,211,v107_s0211,0,0,False,0.0,
recall_loss,107,212,v107_s0212,0,0,False,0.0,
recall_loss,107,213,v107_s0213,0,0,False,0.0,
recall_loss,107,214,v107_s0214,0,0,False,0.0,
recall_loss,107,215,v107_s0215,0,0,False,0.0,
recall_loss,107,216,v107_s0216,0,0,False,0.0,
recall_loss,107,217,v107_s0217,0,0,False,0.0,
recall_loss,107,218,v107_s0218,0,0,False,0.0,
recall_loss,107,219,v107_s0219,0,0,False,0.0,
recall_loss,107,220,v107_s0220,0,0,False,0.0,
recall_loss,107,221,v107_s0221,0,0,False,0.0,
recall_loss,107,222,v107_s0222,0,0,False,0.0,
recall_loss,107,223,v107_s0223,0,0,False,0.0,
recall_loss,107,224,v107_s0224,0,0,False,0.0,
recall_loss,107,225,v107_s0225,0,0,False,0.0,
recall_loss,107,226,v107_s0226,0,0,False,0.0,
recall_loss,107,227,v107_s0227,0,0,False,0.0,
recall_loss,107,228,v107_s0228,0,0,False,0.0,
recall_loss,107,229,v107_s0229,0,0,False,0.0,
recall_loss,107,230,v107_s0230,0,0,False,0.0,
recall_loss,107,231,v107_s0231,0,0,False,0.0,
recall_loss,107,232,v107_s0232,0,0,False,0.0,
recall_loss,107,233,v107_s0233,0,0,False,0.0,
recall_loss,107,234,v107_s0234,0,0,False,0.0,
recall_loss,107,235,v107_s0235,0,0,False,0.0,
recall_loss,107,236,v107_s0236,0,0,False,0.0,
recall_loss,107,237,v107_s0237,0,0,False,0.0,
recall_loss,107,238,v107_s0238,0,0,False,0.0,
recall_loss,107,239,v107_s0239,0,0,False,0.0,
recall_loss,107,240,v107_s0240,0,0,False,0.0,
recall_loss,107,241,v107_s0241,0,0,False,0.0,
recall_loss,107,242,v107_s0242,0,0,False,0.0,
recall_loss,107,243,v107_s0243,0,0,False,0.0,
recall_loss,107,244,v107_s0244,0,0,False,0.0,
recall_loss,107,245,v107_s0245,0,0,False,0.0,
recall_loss,107,246,v107_s0246,0,0,False,0.0,
recall_loss,107,247,v107_s0247,0,0,False,0.0,
recall_loss,107,248,v107_s0248,0,0,False,0.0,
recall_loss,107,249,v107_s0249,0,0,False,0.0,
recall_loss,107,250,v107_s0250,0,0,False,0.0,
recall_loss,107,251,v107_s0251,0,0,False,0.0,
recall_loss,107,252,v107_s0252,0,0,False,0.0,
recall_loss,107,253,v107_s0253,0,0,False,0.0,
recall_loss,107,254,v107_s0254,0,0,False,0.0,
recall_loss,107,255,v107_s0255,0,0,False,0.0,
recall_loss,107,256,v107_s0256,0,0,False,0.0,
recall_loss,107,257,v107_s0257,0,0,False,0.0,
recall_loss,107,258,v107_s0258,0,0,False,0.0,
recall_loss,107,259,v107_s0259,0,0,False,0.0,
recall_loss,107,260,v107_s0260,0,0,False,0.0,
recall_loss,107,261,v107_s0261,0,0,False,0.0,
recall_loss,107,262,v107_s0262,0,0,False,0.0,
recall_loss,107,263,v107_s0263,0,0,False,0.0,
recall_loss,107,264,v107_s0264,0,0,False,0.0,
recall_loss,107,265,v107_s0265,0,0,False,0.0,
recall_loss,107,266,v107_s0266,0,0,False,0.0,
recall_loss,107,267,v107_s0267,0,0,False,0.0,
recall_loss,107,268,v107_s0268,8,0,False,0.0,0.0
recall_loss,107,269,v107_s0269,9,0,False,0.0,0.0
recall_loss,107,270,v107_s0270,12,0,False,0.0,0.0
recall_loss,107,271,v107_s0271,14,0,False,0.0,0.0
recall_loss,107,272,v107_s0272,20,0,False,0.0,0.0
recall_loss,107,273,v107_s0273,22,0,False,0.0,0.0
recall_loss,107,274,v107_s0274,23,0,False,0.0,0.0
recall_loss,107,275,v107_s0275,27,0,False,0.0,0.0
recall_loss,107,276,v107_s0276,30,0,False,0.0,0.0
recall_loss,107,277,v107_s0277,31,0,False,0.0,0.0
recall_loss,107,278,v107_s0278,19,0,False,0.0,0.0
recall_loss,107,279,v107_s0279,11,0,False,0.0,0.0
recall_loss,107,280,v107_s0280,5,0,False,0.0,0.0
recall_loss,107,281,v107_s0281,0,0,False,0.0,
recall_loss,107,282,v107_s0282,0,0,False,0.0,
recall_loss,107,283,v107_s0283,0,0,False,0.0,
recall_loss,107,284,v107_s0284,0,0,False,0.0,
recall_loss,107,285,v107_s0285,0,0,False,0.0,
recall_loss,107,286,v107_s0286,0,0,False,0.0,
recall_loss,107,287,v107_s0287,0,0,False,0.0,
recall_loss,107,288,v107_s0288,0,0,False,0.0,
recall_loss,107,289,v107_s0289,0,0,False,0.0,
recall_loss,107,290,v107_s0290,0,0,False,0.0,
recall_loss,107,291,v107_s0291,0,0,False,0.0,
recall_loss,107,292,v107_s0292,0,0,False,0.0,
recall_loss,107,293,v107_s0293,0,0,False,0.0,
recall_loss,107,294,v107_s0294,0,0,False,0.0,
recall_loss,107,295,v107_s0295,0,0,False,0.0,
recall_loss,107,296,v107_s0296,0,0,False,0.0,
recall_loss,107,297,v107_s0297,0,0,False,0.0,
recall_loss,107,298,v107_s0298,0,0,False,0.0,
recall_loss,107,299,v107_s0299,0,0,False,0.0,
recall_loss,107,300,v107_s0300,0,0,False,0.0,
recall_loss,107,301,v107_s0301,0,0,False,0.0,
recall_loss,107,302,v107_s0302,0,0,False,0.0,
recall_loss,107,303,v107_s0303,0,0,False,0.0,
recall_loss,107,304,v107_s0304,0,0,False,0.0,
recall_loss,107,305,v107_s0305,0,0,False,0.0,
recall_loss,107,306,v107_s0306,0,0,False,0.0,
recall_loss,107,307,v107_s0307,0,0,False,0.0,
recall_loss,107,308,v107_s0308,0,0,False,0.0,
recall_loss,107,309,v107_s0309,0,0,False,0.0,
recall_loss,107,310,v107_s0310,0,0,False,0.0,
recall_loss,107,311,v107_s0311,0,0,False,0.0,
recall_loss,107,312,v107_s0312,0,0,False,0.0,
recall_loss,107,313,v107_s0313,0,0,False,0.0,
recall_loss,107,314,v107_s0314,0,0,False,0.0,
recall_loss,107,315,v107_s0315,0,0,False,0.0,
recall_loss,107,316,v107_s0316,0,0,False,0.0,
recall_loss,107,317,v107_s0317,0,0,False,0.0,
recall_loss,107,318,v107_s0318,0,0,False,0.0,
recall_loss,107,319,v107_s0319,0,0,False,0.0,
recall_loss,107,320,v107_s0320,0,0,False,0.0,
recall_loss,107,321,v107_s0321,0,0,False,0.0,
recall_loss,107,322,v107_s0322,0,0,False,0.0,
recall_loss,107,323,v107_s0323,0,0,False,0.0,
recall_loss,107,324,v107_s0324,0,0,False,0.0,
recall_loss,107,325,v107_s0325,0,0,False,0.0,
recall_loss,107,326,v107_s0326,0,0,False,0.0,
recall_loss,107,327,v107_s0327,0,0,False,0.0,
recall_loss,107,328,v107_s0328,0,0,False,0.0,
recall_loss,107,329,v107_s0329,0,0,False,0.0,
recall_loss,107,330,v107_s0330,0,0,False,0.0,
recall_loss,107,331,v107_s0331,1,0,False,0.0,0.0
recall_loss,107,332,v107_s0332,1,0,False,0.0,0.0
recall_loss,107,333,v107_s0333,6,0,False,0.0,0.0
recall_loss,107,334,v107_s0334,7,0,False,0.0023555755615234375,0.0023555755615234375
recall_loss,107,335,v107_s0335,10,14,True,1.0,1.0
recall_loss,107,336,v107_s0336,14,21,True,1.0,1.0
recall_loss,107,337,v107_s0337,18,24,True,1.0,1.0
recall_loss,107,338,v107_s0338,22,31,True,1.0,1.0
recall_loss,107,339,v107_s0339,27,33,True,1.0,1.0
recall_loss,107,340,v107_s0340,33,38,True,1.0,1.0
recall_loss,107,341,v107_s0341,30,37,True,1.0,1.0
recall_loss,107,342,v107_s0342,21,31,True,1.0,1.0
recall_loss,107,343,v107_s0343,19,32,True,1.0,1.0
recall_loss,107,344,v107_s0344,15,31,True,1.0,1.0
recall_loss,107,345,v107_s0345,9,19,True,1.0,1.0
recall_loss,107,346,v107_s0346,8,15,True,1.0,1.0
recall_loss,107,347,v107_s0347,5,0,False,0.01511383056640625,0.01511383056640625
recall_loss,107,348,v107_s0348,4,0,False,0.0,0.0
recall_loss,107,349,v107_s0349,3,0,False,0.0,0.0
recall_loss,107,350,v107_s0350,2,0,False,0.0,0.0
recall_loss,107,351,v107_s0351,0,0,False,0.0,
recall_loss,107,352,v107_s0352,0,0,False,0.0,
recall_loss,107,353,v107_s0353,0,0,False,0.0,
recall_loss,107,354,v107_s0354,0,0,False,0.0,
recall_loss,107,355,v107_s0355,0,0,False,0.0,
recall_loss,107,356,v107_s0356,0,0,False,0.0,
recall_loss,107,357,v107_s0357,0,0,False,0.0,
recall_loss,107,358,v107_s0358,2,0,False,0.0,0.0
recall_loss,107,359,v107_s0359,2,0,False,0.0,0.0
recall_loss,107,360,v107_s0360,3,0,False,1.1920928955078125e-07,0.0
recall_loss,107,361,v107_s0361,5,0,False,0.4306640625,0.0
recall_loss,107,362,v107_s0362,14,114,False,0.99853515625,0.0
recall_loss,107,363,v107_s0363,17,35,False,0.99609375,0.0
recall_loss,107,364,v107_s0364,20,1,False,0.53466796875,0.046966552734375
recall_loss,107,365,v107_s0365,20,177,True,1.0,1.0
recall_loss,107,366,v107_s0366,24,43,True,1.0,1.0
recall_loss,107,367,v107_s0367,32,105,True,1.0,1.0
recall_loss,107,368,v107_s0368,45,243,True,1.0,0.99951171875
recall_loss,107,369,v107_s0369,40,225,False,1.0,0.002590179443359375
recall_loss,107,370,v107_s0370,42,172,True,1.0,0.6123046875
recall_loss,107,371,v107_s0371,38,56,True,1.0,1.0
recall_loss,107,372,v107_s0372,42,78,True,1.0,1.0
recall_loss,107,373,v107_s0373,45,173,True,1.0,1.0
recall_loss,107,374,v107_s0374,46,41,True,1.0,1.0
recall_loss,107,375,v107_s0375,43,35,True,1.0,1.0
recall_loss,107,376,v107_s0376,44,34,True,1.0,1.0
recall_loss,107,377,v107_s0377,43,25,True,1.0,1.0
recall_loss,107,378,v107_s0378,45,0,False,0.0,0.0
recall_loss,107,379,v107_s0379,42,14,True,1.0,1.0
recall_loss,107,380,v107_s0380,48,29,True,1.0,1.0
recall_loss,107,381,v107_s0381,38,28,True,1.0,1.0
recall_loss,107,382,v107_s0382,33,22,True,1.0,1.0
recall_loss,107,383,v107_s0383,33,9,True,1.0,1.0
recall_loss,107,384,v107_s0384,28,0,False,1.6093254089355469e-06,1.6093254089355469e-06
recall_loss,107,385,v107_s0385,24,0,False,0.0,0.0
recall_loss,107,386,v107_s0386,24,0,False,0.0,0.0
recall_loss,107,387,v107_s0387,24,0,False,0.0,0.0
recall_loss,107,388,v107_s0388,21,0,False,1.7881393432617188e-07,0.0
recall_loss,107,389,v107_s0389,16,0,False,0.0,0.0
recall_loss,107,390,v107_s0390,12,0,False,0.0,0.0
recall_loss,107,391,v107_s0391,11,0,False,0.0,0.0
recall_loss,107,392,v107_s0392,7,0,False,0.0,0.0
recall_loss,107,393,v107_s0393,7,0,False,0.0,0.0
recall_loss,107,394,v107_s0394,4,0,False,0.0,0.0
recall_loss,107,395,v107_s0395,3,0,False,0.0,0.0
recall_loss,107,396,v107_s0396,0,0,False,0.0,
recall_loss,107,397,v107_s0397,0,0,False,0.0,
recall_loss,107,398,v107_s0398,0,0,False,0.0,
recall_loss,107,399,v107_s0399,0,0,False,0.0,
recall_loss,107,400,v107_s0400,0,0,False,0.0,
recall_loss,107,401,v107_s0401,0,0,False,0.0,
recall_loss,107,402,v107_s0402,0,0,False,0.0,
recall_loss,107,403,v107_s0403,0,0,False,0.0,
recall_loss,107,404,v107_s0404,0,0,False,0.0,
recall_loss,107,405,v107_s0405,0,0,False,0.0,
recall_loss,107,406,v107_s0406,0,0,False,0.0,
recall_loss,107,407,v107_s0407,0,0,False,0.0,
recall_loss,107,408,v107_s0408,0,0,False,0.0,
recall_loss,107,409,v107_s0409,0,0,False,0.0,
recall_loss,107,410,v107_s0410,0,0,False,0.0,
recall_loss,107,411,v107_s0411,0,0,False,0.0,
recall_loss,107,412,v107_s0412,0,0,False,0.0,
recall_loss,107,413,v107_s0413,0,0,False,0.0,
recall_loss,107,414,v107_s0414,0,0,False,0.0,
recall_loss,107,415,v107_s0415,0,0,False,0.0,
recall_loss,107,416,v107_s0416,0,0,False,0.0,
recall_loss,107,417,v107_s0417,0,0,False,0.0,
recall_loss,107,418,v107_s0418,0,0,False,0.0,
recall_loss,107,419,v107_s0419,0,0,False,0.0,
recall_loss,107,420,v107_s0420,0,0,False,0.0,
recall_loss,107,421,v107_s0421,0,0,False,0.0,
recall_loss,107,422,v107_s0422,0,0,False,0.0,
recall_loss,107,423,v107_s0423,0,0,False,0.0,
recall_loss,107,424,v107_s0424,0,0,False,0.0,
recall_loss,107,425,v107_s0425,0,0,False,0.0,
recall_loss,107,426,v107_s0426,0,0,False,0.0,
recall_loss,107,427,v107_s0427,0,0,False,0.0,
recall_loss,107,428,v107_s0428,0,0,False,0.0,
recall_loss,107,429,v107_s0429,0,0,False,0.0,
recall_loss,107,430,v107_s0430,0,0,False,0.0,
recall_loss,107,431,v107_s0431,0,0,False,0.0,
recall_loss,107,432,v107_s0432,0,0,False,0.0,
recall_loss,107,433,v107_s0433,0,0,False,0.0,
recall_loss,107,434,v107_s0434,0,0,False,0.0,
recall_loss,107,435,v107_s0435,0,0,False,0.0,
recall_loss,107,436,v107_s0436,0,0,False,0.0,
recall_loss,107,437,v107_s0437,0,0,False,0.0,
recall_loss,107,438,v107_s0438,0,11,False,0.99951171875,
recall_loss,107,439,v107_s0439,0,32,False,1.0,
recall_loss,107,440,v107_s0440,0,57,False,1.0,
recall_loss,107,441,v107_s0441,0,65,False,1.0,
recall_loss,107,442,v107_s0442,0,51,False,1.0,
recall_loss,107,443,v107_s0443,0,32,False,1.0,
recall_loss,107,444,v107_s0444,0,36,False,1.0,
recall_loss,107,445,v107_s0445,0,40,False,1.0,
recall_loss,107,446,v107_s0446,0,45,False,1.0,
recall_loss,107,447,v107_s0447,0,41,False,1.0,
recall_loss,107,448,v107_s0448,0,42,False,1.0,
recall_loss,107,449,v107_s0449,0,42,False,1.0,
recall_loss,107,450,v107_s0450,0,37,False,1.0,
recall_loss,107,451,v107_s0451,0,31,False,1.0,
recall_loss,107,452,v107_s0452,0,42,False,1.0,
recall_loss,107,453,v107_s0453,0,53,False,1.0,
recall_loss,107,454,v107_s0454,0,53,False,1.0,
recall_loss,107,455,v107_s0455,0,51,False,1.0,
recall_loss,107,456,v107_s0456,0,53,False,1.0,
recall_loss,107,457,v107_s0457,0,53,False,1.0,
recall_loss,107,458,v107_s0458,0,62,False,1.0,
recall_loss,107,459,v107_s0459,0,73,False,1.0,
recall_loss,107,460,v107_s0460,0,74,False,1.0,
recall_loss,107,461,v107_s0461,0,72,False,1.0,
recall_loss,107,462,v107_s0462,0,74,False,1.0,
recall_loss,107,463,v107_s0463,0,74,False,1.0,
recall_loss,107,464,v107_s0464,0,81,False,1.0,
recall_loss,107,465,v107_s0465,0,80,False,1.0,
recall_loss,107,466,v107_s0466,0,70,False,1.0,
recall_loss,107,467,v107_s0467,0,70,False,1.0,
recall_loss,107,468,v107_s0468,0,97,False,1.0,
recall_loss,107,469,v107_s0469,0,117,False,1.0,
recall_loss,107,470,v107_s0470,0,64,False,1.0,
recall_loss,107,471,v107_s0471,0,68,False,1.0,
recall_loss,107,472,v107_s0472,0,67,False,1.0,
recall_loss,107,473,v107_s0473,0,66,False,1.0,
recall_loss,107,474,v107_s0474,0,79,False,1.0,
recall_loss,107,475,v107_s0475,0,86,False,1.0,
recall_loss,107,476,v107_s0476,0,85,False,1.0,
recall_loss,107,477,v107_s0477,0,95,False,1.0,
recall_loss,107,478,v107_s0478,0,84,False,1.0,
recall_loss,107,479,v107_s0479,0,74,False,1.0,
recall_loss,107,480,v107_s0480,0,69,False,1.0,
recall_loss,107,481,v107_s0481,0,101,False,1.0,
recall_loss,107,482,v107_s0482,0,109,False,1.0,
recall_loss,107,483,v107_s0483,0,104,False,1.0,
recall_loss,107,484,v107_s0484,0,111,False,1.0,
recall_loss,107,485,v107_s0485,0,120,False,1.0,
recall_loss,107,486,v107_s0486,0,121,False,1.0,
recall_loss,107,487,v107_s0487,0,129,False,1.0,
recall_loss,107,488,v107_s0488,0,117,False,1.0,
recall_loss,107,489,v107_s0489,0,113,False,1.0,
recall_loss,107,490,v107_s0490,0,71,False,1.0,
recall_loss,107,491,v107_s0491,0,34,False,1.0,
recall_loss,107,492,v107_s0492,0,31,False,1.0,
recall_loss,107,493,v107_s0493,0,44,False,1.0,
recall_loss,107,494,v107_s0494,0,49,False,1.0,
recall_loss,107,495,v107_s0495,0,51,False,1.0,
recall_loss,107,496,v107_s0496,0,56,False,1.0,
recall_loss,107,497,v107_s0497,0,56,False,1.0,
recall_loss,107,498,v107_s0498,0,61,False,1.0,
recall_loss,107,499,v107_s0499,0,60,False,1.0,
recall_loss,107,500,v107_s0500,0,70,False,1.0,
recall_loss,107,501,v107_s0501,0,66,False,1.0,
recall_loss,107,502,v107_s0502,0,33,False,1.0,
recall_loss,107,503,v107_s0503,0,0,False,0.0,
recall_loss,107,504,v107_s0504,0,0,False,0.0,
recall_loss,107,505,v107_s0505,0,0,False,0.0,
recall_loss,107,506,v107_s0506,0,0,False,0.0,
recall_loss,107,507,v107_s0507,0,0,False,0.0,
recall_loss,107,508,v107_s0508,0,0,False,0.0,
recall_loss,107,509,v107_s0509,0,0,False,0.0,
recall_loss,107,510,v107_s0510,0,0,False,0.0,
recall_loss,107,511,v107_s0511,0,0,False,0.0,
recall_loss,107,512,v107_s0512,0,0,False,0.0,
recall_loss,107,513,v107_s0513,0,0,False,0.0,
recall_loss,107,514,v107_s0514,0,0,False,0.0,
recall_loss,107,515,v107_s0515,0,0,False,0.0,
recall_loss,107,516,v107_s0516,0,0,False,0.0,
recall_loss,107,517,v107_s0517,0,0,False,0.0,
recall_loss,107,518,v107_s0518,0,0,False,0.0,
recall_loss,107,519,v107_s0519,0,0,False,0.0,
recall_loss,107,520,v107_s0520,0,0,False,0.0,
recall_loss,107,521,v107_s0521,0,0,False,0.0,
recall_loss,107,522,v107_s0522,0,0,False,0.0,
recall_loss,107,523,v107_s0523,0,0,False,0.0,
recall_loss,107,524,v107_s0524,0,0,False,0.0,
recall_loss,107,525,v107_s0525,0,0,False,0.0,
recall_loss,107,526,v107_s0526,0,0,False,0.0,
recall_loss,107,527,v107_s0527,0,0,False,0.0,
recall_loss,107,528,v107_s0528,0,0,False,0.0,
recall_loss,107,529,v107_s0529,0,0,False,0.0,
recall_loss,107,530,v107_s0530,0,0,False,0.0,
recall_loss,107,531,v107_s0531,0,0,False,0.0,
recall_loss,107,532,v107_s0532,0,0,False,0.0,
recall_loss,107,533,v107_s0533,0,0,False,0.0,
recall_loss,107,534,v107_s0534,0,0,False,0.0,
recall_loss,107,535,v107_s0535,0,0,False,0.0,
recall_loss,107,536,v107_s0536,0,0,False,0.0,
recall_loss,107,537,v107_s0537,0,0,False,0.0,
recall_loss,107,538,v107_s0538,0,0,False,0.0,
recall_loss,107,539,v107_s0539,0,0,False,0.0,
recall_loss,107,540,v107_s0540,0,0,False,0.0,
recall_loss,107,541,v107_s0541,0,0,False,0.0,
recall_loss,107,542,v107_s0542,0,0,False,0.0,
recall_loss,107,543,v107_s0543,0,0,False,0.0,
recall_loss,107,544,v107_s0544,0,0,False,0.0,
recall_loss,107,545,v107_s0545,0,0,False,0.0,
recall_loss,107,546,v107_s0546,0,0,False,0.0,
recall_loss,107,547,v107_s0547,0,0,False,0.0,
recall_loss,107,548,v107_s0548,0,0,False,0.0,
recall_loss,107,549,v107_s0549,0,0,False,0.0,
recall_loss,107,550,v107_s0550,0,0,False,0.0,
recall_loss,107,551,v107_s0551,0,0,False,0.0,
recall_loss,107,552,v107_s0552,0,0,False,0.0,
recall_loss,107,553,v107_s0553,0,0,False,0.0,
recall_loss,107,554,v107_s0554,0,0,False,0.0,
recall_loss,107,555,v107_s0555,0,0,False,0.0,
recall_loss,107,556,v107_s0556,0,0,False,0.0,
recall_loss,107,557,v107_s0557,0,0,False,0.0,
recall_loss,107,558,v107_s0558,0,0,False,0.0,
recall_loss,107,559,v107_s0559,0,0,False,0.0,
recall_loss,107,560,v107_s0560,0,0,False,0.0,
recall_loss,107,561,v107_s0561,0,0,False,0.0,
recall_loss,107,562,v107_s0562,0,0,False,0.0,
recall_loss,107,563,v107_s0563,0,0,False,0.0,
recall_loss,107,564,v107_s0564,0,0,False,0.0,
recall_loss,107,565,v107_s0565,0,0,False,0.0,
recall_loss,107,566,v107_s0566,0,0,False,0.0,
recall_loss,107,567,v107_s0567,0,0,False,0.0,
recall_loss,107,568,v107_s0568,0,0,False,0.0,
recall_loss,107,569,v107_s0569,0,0,False,0.0,
recall_loss,107,570,v107_s0570,0,0,False,0.0,
recall_loss,107,571,v107_s0571,0,0,False,0.0,
recall_loss,107,572,v107_s0572,0,0,False,0.0,
recall_loss,107,573,v107_s0573,0,0,False,0.0,
recall_loss,107,574,v107_s0574,0,0,False,0.0,
recall_loss,107,575,v107_s0575,0,0,False,0.0,
recall_loss,107,576,v107_s0576,0,0,False,0.0,
recall_loss,107,577,v107_s0577,0,0,False,0.0,
recall_loss,107,578,v107_s0578,0,0,False,0.0,
recall_loss,107,579,v107_s0579,0,0,False,0.0,
recall_loss,107,580,v107_s0580,0,0,False,0.0,
recall_loss,107,581,v107_s0581,0,0,False,0.0,
recall_loss,107,582,v107_s0582,0,0,False,0.0,
recall_loss,107,583,v107_s0583,0,0,False,0.0,
recall_loss,107,584,v107_s0584,0,0,False,0.0,
recall_loss,107,585,v107_s0585,0,0,False,0.0,
recall_loss,107,586,v107_s0586,0,0,False,0.0,
recall_loss,107,587,v107_s0587,0,0,False,0.0,
recall_loss,107,588,v107_s0588,0,0,False,0.0,
recall_loss,107,589,v107_s0589,0,0,False,0.0,
recall_loss,107,590,v107_s0590,0,0,False,0.0,
recall_loss,107,591,v107_s0591,0,0,False,0.0,
recall_loss,107,592,v107_s0592,0,0,False,0.0,
recall_loss,107,593,v107_s0593,0,0,False,0.0,
recall_loss,107,594,v107_s0594,0,0,False,0.0,
recall_loss,107,595,v107_s0595,0,0,False,0.0,
recall_loss,107,596,v107_s0596,0,0,False,0.0,
recall_loss,107,597,v107_s0597,0,0,False,0.0,
recall_loss,107,598,v107_s0598,0,0,False,0.0,
recall_loss,107,599,v107_s0599,0,0,False,0.0,
recall_loss,107,600,v107_s0600,0,0,False,0.0,
recall_loss,107,601,v107_s0601,0,0,False,0.0,
recall_loss,107,602,v107_s0602,0,0,False,0.0,
recall_loss,107,603,v107_s0603,0,0,False,0.0,
recall_loss,107,604,v107_s0604,0,0,False,0.0,
recall_loss,107,605,v107_s0605,0,0,False,0.0,
recall_loss,107,606,v107_s0606,0,0,False,0.0,
recall_loss,107,607,v107_s0607,0,0,False,0.0,
recall_loss,107,608,v107_s0608,0,0,False,0.0,
recall_loss,107,609,v107_s0609,0,0,False,0.0,
recall_loss,107,610,v107_s0610,0,0,False,0.0,
recall_loss,107,611,v107_s0611,0,0,False,0.0,
recall_loss,107,612,v107_s0612,0,0,False,0.0,
recall_loss,107,613,v107_s0613,0,0,False,0.0,
recall_loss,107,614,v107_s0614,0,0,False,0.0,
recall_loss,107,615,v107_s0615,0,0,False,0.0,
recall_loss,107,616,v107_s0616,0,0,False,0.0,
recall_loss,107,617,v107_s0617,0,0,False,0.0,
recall_loss,107,618,v107_s0618,0,0,False,0.0,
recall_loss,107,619,v107_s0619,0,0,False,0.0,
recall_loss,107,620,v107_s0620,0,0,False,0.0,
recall_loss,107,621,v107_s0621,0,0,False,0.0,
recall_loss,107,622,v107_s0622,0,0,False,0.0,
recall_loss,107,623,v107_s0623,0,0,False,0.0,
recall_loss,107,624,v107_s0624,0,0,False,0.0,
recall_loss,107,625,v107_s0625,0,0,False,0.0,
recall_loss,107,626,v107_s0626,0,0,False,0.0,
recall_loss,107,627,v107_s0627,0,0,False,0.0,
recall_loss,107,628,v107_s0628,0,0,False,0.0,
recall_loss,107,629,v107_s0629,0,0,False,0.0,
recall_loss,107,630,v107_s0630,0,0,False,0.0,
recall_loss,107,631,v107_s0631,0,0,False,0.0,
recall_loss,107,632,v107_s0632,0,0,False,0.0,
recall_loss,107,633,v107_s0633,0,0,False,0.0,
recall_loss,107,634,v107_s0634,0,0,False,0.0,
recall_loss,107,635,v107_s0635,0,0,False,0.0,
recall_loss,107,636,v107_s0636,0,0,False,0.0,
recall_loss,107,637,v107_s0637,0,0,False,0.0,
recall_loss,107,638,v107_s0638,0,0,False,0.0,
recall_loss,107,639,v107_s0639,0,0,False,0.0,
recall_loss,107,640,v107_s0640,0,0,False,0.0,
recall_loss,107,641,v107_s0641,0,0,False,0.0,
recall_loss,107,642,v107_s0642,0,0,False,0.0,
recall_loss,107,643,v107_s0643,0,0,False,0.0,
recall_loss,107,644,v107_s0644,0,0,False,0.0,
recall_loss,107,645,v107_s0645,0,0,False,0.0,
recall_loss,107,646,v107_s0646,0,0,False,0.0,
recall_loss,107,647,v107_s0647,0,0,False,0.0,
recall_loss,107,648,v107_s0648,0,0,False,0.0,
recall_loss,107,649,v107_s0649,0,0,False,0.0,
recall_loss,107,650,v107_s0650,0,0,False,0.0,
recall_loss,107,651,v107_s0651,0,0,False,0.0,
recall_loss,107,652,v107_s0652,0,0,False,0.0,
recall_loss,107,653,v107_s0653,0,0,False,0.0,
recall_loss,107,654,v107_s0654,0,0,False,0.0,
recall_loss,107,655,v107_s0655,0,0,False,0.0,
recall_loss,107,656,v107_s0656,0,0,False,0.0,
recall_loss,107,657,v107_s0657,0,0,False,0.0,
recall_loss,107,658,v107_s0658,0,0,False,0.0,
recall_loss,107,659,v107_s0659,0,0,False,0.0,
recall_loss,107,660,v107_s0660,0,0,False,0.0,
recall_loss,107,661,v107_s0661,0,0,False,0.0,
recall_loss,107,662,v107_s0662,0,0,False,0.0,
recall_loss,107,663,v107_s0663,0,0,False,0.0,
recall_loss,107,664,v107_s0664,0,0,False,0.0,
recall_loss,107,665,v107_s0665,0,0,False,0.0,
recall_loss,107,666,v107_s0666,0,0,False,0.0,
recall_loss,107,667,v107_s0667,0,0,False,0.0,
recall_loss,107,668,v107_s0668,0,0,False,0.0,
recall_loss,107,669,v107_s0669,0,0,False,0.0,
recall_loss,107,670,v107_s0670,0,0,False,0.0,
recall_loss,107,671,v107_s0671,0,0,False,0.0,
recall_loss,107,672,v107_s0672,0,0,False,0.0,
recall_loss,107,673,v107_s0673,0,0,False,0.0,
recall_loss,107,674,v107_s0674,0,0,False,0.0,
recall_loss,107,675,v107_s0675,0,0,False,0.0,
recall_loss,107,676,v107_s0676,0,0,False,0.0,
recall_loss,107,677,v107_s0677,0,0,False,0.0,
recall_loss,107,678,v107_s0678,0,0,False,0.0,
recall_loss,107,679,v107_s0679,0,0,False,0.0,
recall_loss,107,680,v107_s0680,0,0,False,0.0,
recall_loss,107,681,v107_s0681,0,0,False,0.0,
recall_loss,107,682,v107_s0682,0,0,False,0.0,
recall_loss,107,683,v107_s0683,0,0,False,0.0,
recall_loss,107,684,v107_s0684,0,0,False,0.0,
recall_loss,107,685,v107_s0685,0,0,False,0.0,
recall_loss,107,686,v107_s0686,0,0,False,0.0,
recall_loss,107,687,v107_s0687,0,0,False,0.0,
recall_loss,107,688,v107_s0688,0,0,False,0.0,
recall_loss,107,689,v107_s0689,0,0,False,0.0,
recall_loss,107,690,v107_s0690,0,0,False,0.0,
recall_loss,107,691,v107_s0691,0,0,False,0.0,
recall_loss,107,692,v107_s0692,0,0,False,0.0,
recall_loss,107,693,v107_s0693,0,0,False,0.0,
recall_loss,107,694,v107_s0694,0,0,False,0.0,
recall_loss,107,695,v107_s0695,0,0,False,0.0,
recall_loss,107,696,v107_s0696,0,0,False,0.0,
recall_loss,107,697,v107_s0697,0,0,False,0.0,
recall_loss,107,698,v107_s0698,0,0,False,0.0,
recall_loss,107,699,v107_s0699,0,0,False,0.0,
recall_loss,107,700,v107_s0700,0,0,False,0.0,
recall_loss,107,701,v107_s0701,0,0,False,0.0,
recall_loss,107,702,v107_s0702,0,0,False,0.0,
recall_loss,107,703,v107_s0703,0,0,False,0.0,
recall_loss,107,704,v107_s0704,0,0,False,0.0,
recall_loss,107,705,v107_s0705,0,0,False,0.0,
recall_loss,107,706,v107_s0706,0,0,False,0.0,
recall_loss,107,707,v107_s0707,0,0,False,0.0,
recall_loss,107,708,v107_s0708,0,0,False,0.0,
recall_loss,107,709,v107_s0709,0,0,False,0.0,
recall_loss,107,710,v107_s0710,0,0,False,0.0,
recall_loss,107,711,v107_s0711,0,0,False,0.0,
recall_loss,107,712,v107_s0712,0,0,False,0.0,
recall_loss,107,713,v107_s0713,0,0,False,0.0,
recall_loss,107,714,v107_s0714,0,0,False,0.0,
recall_loss,107,715,v107_s0715,0,0,False,0.0,
recall_loss,107,716,v107_s0716,0,0,False,0.0,
recall_loss,107,717,v107_s0717,0,0,False,0.0,
recall_loss,107,718,v107_s0718,0,0,False,0.0,
recall_loss,107,719,v107_s0719,0,0,False,0.0,
recall_loss,107,720,v107_s0720,0,0,False,0.0,
recall_loss,107,721,v107_s0721,0,0,False,0.0,
recall_loss,107,722,v107_s0722,0,0,False,0.0,
recall_loss,107,723,v107_s0723,0,0,False,0.0,
recall_loss,107,724,v107_s0724,0,0,False,0.0,
recall_loss,107,725,v107_s0725,0,0,False,0.0,
recall_loss,107,726,v107_s0726,0,0,False,0.0,
recall_loss,107,727,v107_s0727,0,0,False,0.0,
recall_loss,107,728,v107_s0728,0,0,False,0.0,
recall_loss,107,729,v107_s0729,0,0,False,0.0,
recall_loss,107,730,v107_s0730,0,0,False,0.0,
recall_loss,107,731,v107_s0731,0,0,False,0.0,
recall_loss,107,732,v107_s0732,0,0,False,0.0,
recall_loss,107,733,v107_s0733,0,0,False,0.0,
recall_loss,107,734,v107_s0734,0,0,False,0.0,
recall_loss,107,735,v107_s0735,0,0,False,0.0,
recall_loss,107,736,v107_s0736,0,0,False,0.0,
recall_loss,107,737,v107_s0737,0,0,False,0.0,
recall_loss,107,738,v107_s0738,0,0,False,0.0,
recall_loss,107,739,v107_s0739,0,0,False,0.0,
recall_loss,107,740,v107_s0740,0,0,False,0.0,
recall_loss,107,741,v107_s0741,0,0,False,0.0,
recall_loss,107,742,v107_s0742,0,0,False,0.0,
recall_loss,107,743,v107_s0743,0,0,False,0.0,
recall_loss,107,744,v107_s0744,0,0,False,0.0,
recall_loss,107,745,v107_s0745,0,0,False,0.0,
recall_loss,107,746,v107_s0746,0,0,False,0.0,
recall_loss,107,747,v107_s0747,0,0,False,0.0,
recall_loss,107,748,v107_s0748,0,0,False,0.0,
recall_loss,107,749,v107_s0749,0,0,False,0.0,
recall_loss,107,750,v107_s0750,0,0,False,0.0,
recall_loss,107,751,v107_s0751,0,0,False,0.0,
recall_loss,107,752,v107_s0752,0,0,False,0.0,
recall_loss,107,753,v107_s0753,0,0,False,0.0,
recall_loss,107,754,v107_s0754,0,0,False,0.0,
recall_loss,107,755,v107_s0755,0,0,False,0.0,
recall_loss,107,756,v107_s0756,0,0,False,0.0,
recall_loss,107,757,v107_s0757,0,0,False,0.0,
recall_loss,107,758,v107_s0758,0,0,False,0.0,
recall_loss,107,759,v107_s0759,0,0,False,0.0,
recall_loss,107,760,v107_s0760,0,0,False,0.0,
recall_loss,107,761,v107_s0761,0,0,False,0.0,
recall_loss,107,762,v107_s0762,0,0,False,0.0,
recall_loss,107,763,v107_s0763,0,0,False,0.0,
recall_loss,107,764,v107_s0764,0,0,False,0.0,
recall_loss,107,765,v107_s0765,0,0,False,0.0,
recall_loss,107,766,v107_s0766,0,0,False,0.0,
recall_loss,107,767,v107_s0767,0,0,False,0.0,
recall_loss,107,768,v107_s0768,0,0,False,0.0,
recall_loss,107,769,v107_s0769,0,0,False,0.0,
recall_loss,107,770,v107_s0770,0,0,False,0.0,
recall_loss,108,0,v108_s0000,0,0,False,0.0,
recall_loss,108,1,v108_s0001,0,0,False,0.0,
recall_loss,108,2,v108_s0002,0,0,False,0.0,
recall_loss,108,3,v108_s0003,0,0,False,0.0,
recall_loss,108,4,v108_s0004,0,0,False,0.0,
recall_loss,108,5,v108_s0005,0,0,False,0.0,
recall_loss,108,6,v108_s0006,0,0,False,0.0,
recall_loss,108,7,v108_s0007,0,0,False,0.0,
recall_loss,108,8,v108_s0008,0,0,False,0.0,
recall_loss,108,9,v108_s0009,0,0,False,0.0,
recall_loss,108,10,v108_s0010,0,0,False,0.0,
recall_loss,108,11,v108_s0011,0,0,False,0.0,
recall_loss,108,12,v108_s0012,0,0,False,0.0,
recall_loss,108,13,v108_s0013,0,0,False,0.0,
recall_loss,108,14,v108_s0014,0,0,False,0.0,
recall_loss,108,15,v108_s0015,0,0,False,0.0,
recall_loss,108,16,v108_s0016,0,0,False,0.0,
recall_loss,108,17,v108_s0017,0,0,False,0.0,
recall_loss,108,18,v108_s0018,0,0,False,0.0,
recall_loss,108,19,v108_s0019,0,0,False,0.0,
recall_loss,108,20,v108_s0020,0,0,False,0.0,
recall_loss,108,21,v108_s0021,0,0,False,0.0,
recall_loss,108,22,v108_s0022,0,0,False,0.0,
recall_loss,108,23,v108_s0023,0,0,False,0.0,
recall_loss,108,24,v108_s0024,0,0,False,0.0,
recall_loss,108,25,v108_s0025,0,0,False,0.0,
recall_loss,108,26,v108_s0026,0,0,False,0.0,
recall_loss,108,27,v108_s0027,0,0,False,0.0,
recall_loss,108,28,v108_s0028,0,0,False,0.0,
recall_loss,108,29,v108_s0029,0,0,False,0.0,
recall_loss,108,30,v108_s0030,0,0,False,0.0,
recall_loss,108,31,v108_s0031,0,0,False,0.0,
recall_loss,108,32,v108_s0032,0,0,False,0.0,
recall_loss,108,33,v108_s0033,0,0,False,0.0,
recall_loss,108,34,v108_s0034,0,0,False,0.0,
recall_loss,108,35,v108_s0035,0,0,False,0.0,
recall_loss,108,36,v108_s0036,0,0,False,0.0,
recall_loss,108,37,v108_s0037,0,0,False,0.0,
recall_loss,108,38,v108_s0038,0,0,False,0.0,
recall_loss,108,39,v108_s0039,0,0,False,0.0,
recall_loss,108,40,v108_s0040,0,0,False,0.0,
recall_loss,108,41,v108_s0041,0,0,False,0.0,
recall_loss,108,42,v108_s0042,0,0,False,0.0,
recall_loss,108,43,v108_s0043,0,0,False,0.0,
recall_loss,108,44,v108_s0044,0,0,False,0.0,
recall_loss,108,45,v108_s0045,0,0,False,0.0,
recall_loss,108,46,v108_s0046,0,0,False,0.0,
recall_loss,108,47,v108_s0047,0,0,False,0.0,
recall_loss,108,48,v108_s0048,0,0,False,0.0,
recall_loss,108,49,v108_s0049,0,0,False,0.0,
recall_loss,108,50,v108_s0050,0,0,False,0.0,
recall_loss,108,51,v108_s0051,0,0,False,0.0,
recall_loss,108,52,v108_s0052,0,0,False,0.0,
recall_loss,108,53,v108_s0053,0,0,False,0.0,
recall_loss,108,54,v108_s0054,0,0,False,0.0,
recall_loss,108,55,v108_s0055,0,0,False,0.0,
recall_loss,108,56,v108_s0056,0,0,False,0.0,
recall_loss,108,57,v108_s0057,0,0,False,0.0,
recall_loss,108,58,v108_s0058,0,0,False,0.0,
recall_loss,108,59,v108_s0059,0,0,False,0.0,
recall_loss,108,60,v108_s0060,0,0,False,0.0,
recall_loss,108,61,v108_s0061,0,0,False,0.0,
recall_loss,108,62,v108_s0062,0,0,False,0.0,
recall_loss,108,63,v108_s0063,0,0,False,0.0,
recall_loss,108,64,v108_s0064,0,0,False,0.0,
recall_loss,108,65,v108_s0065,0,0,False,0.0,
recall_loss,108,66,v108_s0066,0,0,False,0.0,
recall_loss,108,67,v108_s0067,0,0,False,0.0,
recall_loss,108,68,v108_s0068,0,0,False,0.0,
recall_loss,108,69,v108_s0069,0,0,False,0.0,
recall_loss,108,70,v108_s0070,0,0,False,0.0,
recall_loss,108,71,v108_s0071,0,0,False,0.0,
recall_loss,108,72,v108_s0072,0,0,False,0.0,
recall_loss,108,73,v108_s0073,0,0,False,0.0,
recall_loss,108,74,v108_s0074,0,0,False,0.0,
recall_loss,108,75,v108_s0075,0,0,False,0.0,
recall_loss,108,76,v108_s0076,0,0,False,0.0,
recall_loss,108,77,v108_s0077,0,0,False,0.0,
recall_loss,108,78,v108_s0078,0,0,False,0.0,
recall_loss,108,79,v108_s0079,0,0,False,0.0,
recall_loss,108,80,v108_s0080,0,0,False,0.0,
recall_loss,108,81,v108_s0081,0,0,False,0.0,
recall_loss,108,82,v108_s0082,0,0,False,0.0,
recall_loss,108,83,v108_s0083,0,0,False,0.0,
recall_loss,108,84,v108_s0084,0,0,False,0.0,
recall_loss,108,85,v108_s0085,0,0,False,0.0,
recall_loss,108,86,v108_s0086,0,0,False,0.0,
recall_loss,108,87,v108_s0087,0,0,False,0.0,
recall_loss,108,88,v108_s0088,0,0,False,0.0,
recall_loss,108,89,v108_s0089,0,0,False,0.0,
recall_loss,108,90,v108_s0090,0,0,False,0.0,
recall_loss,108,91,v108_s0091,0,0,False,0.0,
recall_loss,108,92,v108_s0092,0,0,False,0.0,
recall_loss,108,93,v108_s0093,0,0,False,0.0,
recall_loss,108,94,v108_s0094,0,0,False,0.0,
recall_loss,108,95,v108_s0095,0,0,False,0.0,
recall_loss,108,96,v108_s0096,0,0,False,0.0,
recall_loss,108,97,v108_s0097,0,0,False,0.0,
recall_loss,108,98,v108_s0098,0,0,False,0.0,
recall_loss,108,99,v108_s0099,0,0,False,0.0,
recall_loss,108,100,v108_s0100,0,0,False,0.0,
recall_loss,108,101,v108_s0101,0,0,False,0.0,
recall_loss,108,102,v108_s0102,0,0,False,0.0,
recall_loss,108,103,v108_s0103,0,0,False,0.0,
recall_loss,108,104,v108_s0104,0,0,False,0.0,
recall_loss,108,105,v108_s0105,0,0,False,0.0,
recall_loss,108,106,v108_s0106,0,0,False,0.0,
recall_loss,108,107,v108_s0107,0,0,False,0.0,
recall_loss,108,108,v108_s0108,0,0,False,0.0,
recall_loss,108,109,v108_s0109,0,0,False,0.0,
recall_loss,108,110,v108_s0110,0,0,False,0.0,
recall_loss,108,111,v108_s0111,0,0,False,0.0,
recall_loss,108,112,v108_s0112,0,0,False,0.0,
recall_loss,108,113,v108_s0113,0,0,False,0.0,
recall_loss,108,114,v108_s0114,0,0,False,0.0,
recall_loss,108,115,v108_s0115,0,0,False,0.0,
recall_loss,108,116,v108_s0116,0,0,False,0.0,
recall_loss,108,117,v108_s0117,0,0,False,0.0,
recall_loss,108,118,v108_s0118,0,0,False,0.0,
recall_loss,108,119,v108_s0119,0,0,False,0.0,
recall_loss,108,120,v108_s0120,0,0,False,0.0,
recall_loss,108,121,v108_s0121,0,0,False,0.0,
recall_loss,108,122,v108_s0122,0,0,False,0.0,
recall_loss,108,123,v108_s0123,0,0,False,0.0,
recall_loss,108,124,v108_s0124,0,0,False,0.0,
recall_loss,108,125,v108_s0125,0,0,False,0.0,
recall_loss,108,126,v108_s0126,0,0,False,0.0,
recall_loss,108,127,v108_s0127,0,0,False,0.0,
recall_loss,108,128,v108_s0128,0,0,False,0.0,
recall_loss,108,129,v108_s0129,0,0,False,0.0,
recall_loss,108,130,v108_s0130,0,0,False,0.0,
recall_loss,108,131,v108_s0131,0,0,False,0.0,
recall_loss,108,132,v108_s0132,0,0,False,0.0,
recall_loss,108,133,v108_s0133,0,0,False,0.0,
recall_loss,108,134,v108_s0134,0,0,False,0.0,
recall_loss,108,135,v108_s0135,0,0,False,0.0,
recall_loss,108,136,v108_s0136,0,0,False,0.0,
recall_loss,108,137,v108_s0137,0,0,False,0.0,
recall_loss,108,138,v108_s0138,0,0,False,0.0,
recall_loss,108,139,v108_s0139,0,0,False,0.0,
recall_loss,108,140,v108_s0140,0,0,False,0.0,
recall_loss,108,141,v108_s0141,0,0,False,0.0,
recall_loss,108,142,v108_s0142,0,0,False,0.0,
recall_loss,108,143,v108_s0143,0,0,False,0.0,
recall_loss,108,144,v108_s0144,0,0,False,0.0,
recall_loss,108,145,v108_s0145,0,0,False,0.0,
recall_loss,108,146,v108_s0146,0,0,False,0.0,
recall_loss,108,147,v108_s0147,0,0,False,0.0,
recall_loss,108,148,v108_s0148,0,0,False,0.0,
recall_loss,108,149,v108_s0149,0,0,False,0.0,
recall_loss,108,150,v108_s0150,0,0,False,0.0,
recall_loss,108,151,v108_s0151,0,0,False,0.0,
recall_loss,108,152,v108_s0152,0,0,False,0.0,
recall_loss,108,153,v108_s0153,0,0,False,0.0,
recall_loss,108,154,v108_s0154,0,0,False,0.0,
recall_loss,108,155,v108_s0155,0,0,False,0.0,
recall_loss,108,156,v108_s0156,0,0,False,0.0,
recall_loss,108,157,v108_s0157,0,0,False,0.0,
recall_loss,108,158,v108_s0158,0,0,False,0.0,
recall_loss,108,159,v108_s0159,0,0,False,0.0,
recall_loss,108,160,v108_s0160,0,0,False,0.0,
recall_loss,108,161,v108_s0161,0,0,False,0.0,
recall_loss,108,162,v108_s0162,0,0,False,0.0,
recall_loss,108,163,v108_s0163,0,0,False,0.0,
recall_loss,108,164,v108_s0164,0,0,False,0.0,
recall_loss,108,165,v108_s0165,0,0,False,0.0,
recall_loss,108,166,v108_s0166,0,0,False,0.0,
recall_loss,108,167,v108_s0167,0,0,False,0.0,
recall_loss,108,168,v108_s0168,0,0,False,0.0,
recall_loss,108,169,v108_s0169,0,0,False,0.0,
recall_loss,108,170,v108_s0170,0,0,False,0.0,
recall_loss,108,171,v108_s0171,0,0,False,0.0,
recall_loss,108,172,v108_s0172,0,0,False,0.0,
recall_loss,108,173,v108_s0173,0,0,False,0.0,
recall_loss,108,174,v108_s0174,0,0,False,0.0,
recall_loss,108,175,v108_s0175,0,0,False,0.0,
recall_loss,108,176,v108_s0176,0,0,False,0.0,
recall_loss,108,177,v108_s0177,0,0,False,0.0,
recall_loss,108,178,v108_s0178,0,0,False,0.0,
recall_loss,108,179,v108_s0179,0,0,False,0.0,
recall_loss,108,180,v108_s0180,0,0,False,0.0,
recall_loss,108,181,v108_s0181,0,0,False,0.0,
recall_loss,108,182,v108_s0182,0,0,False,0.0,
recall_loss,108,183,v108_s0183,0,0,False,0.0,
recall_loss,108,184,v108_s0184,0,0,False,0.0,
recall_loss,108,185,v108_s0185,0,0,False,0.0,
recall_loss,108,186,v108_s0186,0,0,False,0.0,
recall_loss,108,187,v108_s0187,0,0,False,0.0,
recall_loss,108,188,v108_s0188,0,0,False,0.0,
recall_loss,108,189,v108_s0189,0,0,False,0.0,
recall_loss,108,190,v108_s0190,0,0,False,0.0,
recall_loss,108,191,v108_s0191,0,0,False,0.0,
recall_loss,108,192,v108_s0192,0,0,False,0.0,
recall_loss,108,193,v108_s0193,0,0,False,0.0,
recall_loss,108,194,v108_s0194,0,0,False,0.0,
recall_loss,108,195,v108_s0195,0,0,False,0.0,
recall_loss,108,196,v108_s0196,0,0,False,0.0,
recall_loss,108,197,v108_s0197,0,0,False,0.0,
recall_loss,108,198,v108_s0198,0,0,False,0.0,
recall_loss,108,199,v108_s0199,0,0,False,0.0,
recall_loss,108,200,v108_s0200,0,0,False,0.0,
recall_loss,108,201,v108_s0201,0,0,False,0.0,
recall_loss,108,202,v108_s0202,0,0,False,0.0,
recall_loss,108,203,v108_s0203,0,0,False,0.0,
recall_loss,108,204,v108_s0204,0,0,False,0.0,
recall_loss,108,205,v108_s0205,0,0,False,0.0,
recall_loss,108,206,v108_s0206,0,0,False,0.0,
recall_loss,108,207,v108_s0207,0,0,False,0.0,
recall_loss,108,208,v108_s0208,0,0,False,0.0,
recall_loss,108,209,v108_s0209,0,0,False,0.0,
recall_loss,108,210,v108_s0210,0,0,False,0.0,
recall_loss,108,211,v108_s0211,0,0,False,0.0,
recall_loss,108,212,v108_s0212,0,0,False,0.0,
recall_loss,108,213,v108_s0213,0,0,False,0.0,
recall_loss,108,214,v108_s0214,0,0,False,0.0,
recall_loss,108,215,v108_s0215,0,0,False,0.0,
recall_loss,108,216,v108_s0216,0,0,False,0.0,
recall_loss,108,217,v108_s0217,0,0,False,0.0,
recall_loss,108,218,v108_s0218,0,0,False,0.0,
recall_loss,108,219,v108_s0219,0,0,False,0.0,
recall_loss,108,220,v108_s0220,0,0,False,0.0,
recall_loss,108,221,v108_s0221,0,0,False,0.0,
recall_loss,108,222,v108_s0222,0,0,False,0.0,
recall_loss,108,223,v108_s0223,0,0,False,0.0,
recall_loss,108,224,v108_s0224,0,0,False,0.0,
recall_loss,108,225,v108_s0225,0,0,False,0.0,
recall_loss,108,226,v108_s0226,0,0,False,0.0,
recall_loss,108,227,v108_s0227,0,0,False,0.0,
recall_loss,108,228,v108_s0228,0,0,False,0.0,
recall_loss,108,229,v108_s0229,0,0,False,0.0,
recall_loss,108,230,v108_s0230,0,0,False,0.0,
recall_loss,108,231,v108_s0231,0,0,False,0.0,
recall_loss,108,232,v108_s0232,0,0,False,0.0,
recall_loss,108,233,v108_s0233,0,0,False,0.0,
recall_loss,108,234,v108_s0234,0,0,False,0.0,
recall_loss,108,235,v108_s0235,0,0,False,0.0,
recall_loss,108,236,v108_s0236,0,0,False,0.0,
recall_loss,108,237,v108_s0237,0,0,False,0.0,
recall_loss,108,238,v108_s0238,0,0,False,0.0,
recall_loss,108,239,v108_s0239,0,0,False,0.0,
recall_loss,108,240,v108_s0240,0,0,False,0.0,
recall_loss,108,241,v108_s0241,0,0,False,0.0,
recall_loss,108,242,v108_s0242,0,0,False,0.0,
recall_loss,108,243,v108_s0243,0,0,False,0.0,
recall_loss,108,244,v108_s0244,0,0,False,0.0,
recall_loss,108,245,v108_s0245,0,0,False,0.0,
recall_loss,108,246,v108_s0246,0,0,False,0.0,
recall_loss,108,247,v108_s0247,0,0,False,0.0,
recall_loss,108,248,v108_s0248,0,0,False,0.0,
recall_loss,108,249,v108_s0249,0,0,False,0.0,
recall_loss,108,250,v108_s0250,0,0,False,0.0,
recall_loss,108,251,v108_s0251,0,0,False,0.0,
recall_loss,108,252,v108_s0252,0,0,False,0.0,
recall_loss,108,253,v108_s0253,0,0,False,0.0,
recall_loss,108,254,v108_s0254,0,0,False,0.0,
recall_loss,108,255,v108_s0255,0,0,False,0.0,
recall_loss,108,256,v108_s0256,0,0,False,0.0,
recall_loss,108,257,v108_s0257,0,0,False,0.0,
recall_loss,108,258,v108_s0258,0,0,False,0.0,
recall_loss,108,259,v108_s0259,0,0,False,0.0,
recall_loss,108,260,v108_s0260,0,0,False,0.0,
recall_loss,108,261,v108_s0261,0,0,False,0.0,
recall_loss,108,262,v108_s0262,0,0,False,0.0,
recall_loss,108,263,v108_s0263,0,0,False,0.0,
recall_loss,108,264,v108_s0264,0,0,False,0.0,
recall_loss,108,265,v108_s0265,0,0,False,0.0,
recall_loss,108,266,v108_s0266,0,0,False,0.0,
recall_loss,108,267,v108_s0267,0,0,False,0.0,
recall_loss,108,268,v108_s0268,0,0,False,0.0,
recall_loss,108,269,v108_s0269,0,0,False,0.0,
recall_loss,108,270,v108_s0270,0,0,False,0.0,
recall_loss,108,271,v108_s0271,0,0,False,0.0,
recall_loss,108,272,v108_s0272,0,0,False,0.0,
recall_loss,108,273,v108_s0273,0,0,False,0.0,
recall_loss,108,274,v108_s0274,0,0,False,0.0,
recall_loss,108,275,v108_s0275,0,0,False,0.0,
recall_loss,108,276,v108_s0276,0,0,False,0.0,
recall_loss,108,277,v108_s0277,0,0,False,0.0,
recall_loss,108,278,v108_s0278,0,0,False,0.0,
recall_loss,108,279,v108_s0279,0,0,False,0.0,
recall_loss,108,280,v108_s0280,0,0,False,0.0,
recall_loss,108,281,v108_s0281,0,0,False,0.0,
recall_loss,108,282,v108_s0282,0,0,False,0.0,
recall_loss,108,283,v108_s0283,0,0,False,0.0,
recall_loss,108,284,v108_s0284,0,0,False,0.0,
recall_loss,108,285,v108_s0285,0,0,False,0.0,
recall_loss,108,286,v108_s0286,0,0,False,0.0,
recall_loss,108,287,v108_s0287,0,0,False,0.0,
recall_loss,108,288,v108_s0288,0,0,False,0.0,
recall_loss,108,289,v108_s0289,0,0,False,0.0,
recall_loss,108,290,v108_s0290,0,0,False,0.0,
recall_loss,108,291,v108_s0291,0,0,False,0.0,
recall_loss,108,292,v108_s0292,0,0,False,0.0,
recall_loss,108,293,v108_s0293,0,0,False,0.0,
recall_loss,108,294,v108_s0294,0,0,False,0.0,
recall_loss,108,295,v108_s0295,0,0,False,0.0,
recall_loss,108,296,v108_s0296,0,0,False,0.0,
recall_loss,108,297,v108_s0297,0,0,False,0.0,
recall_loss,108,298,v108_s0298,0,0,False,0.0,
recall_loss,108,299,v108_s0299,0,0,False,0.0,
recall_loss,108,300,v108_s0300,0,0,False,0.0,
recall_loss,108,301,v108_s0301,0,0,False,0.0,
recall_loss,108,302,v108_s0302,0,0,False,0.0,
recall_loss,108,303,v108_s0303,0,0,False,0.0,
recall_loss,108,304,v108_s0304,0,0,False,0.0,
recall_loss,108,305,v108_s0305,0,0,False,0.0,
recall_loss,108,306,v108_s0306,0,0,False,0.0,
recall_loss,108,307,v108_s0307,0,0,False,0.0,
recall_loss,108,308,v108_s0308,0,0,False,0.0,
recall_loss,108,309,v108_s0309,0,0,False,0.0,
recall_loss,108,310,v108_s0310,0,0,False,0.0,
recall_loss,108,311,v108_s0311,0,0,False,0.0,
recall_loss,108,312,v108_s0312,0,0,False,0.0,
recall_loss,108,313,v108_s0313,0,0,False,0.0,
recall_loss,108,314,v108_s0314,0,0,False,0.0,
recall_loss,108,315,v108_s0315,0,0,False,0.0,
recall_loss,108,316,v108_s0316,0,0,False,0.0,
recall_loss,108,317,v108_s0317,0,0,False,0.0,
recall_loss,108,318,v108_s0318,0,0,False,0.0,
recall_loss,108,319,v108_s0319,0,0,False,0.0,
recall_loss,108,320,v108_s0320,0,0,False,0.0,
recall_loss,108,321,v108_s0321,0,0,False,0.0,
recall_loss,108,322,v108_s0322,0,0,False,0.0,
recall_loss,108,323,v108_s0323,0,0,False,0.0,
recall_loss,108,324,v108_s0324,0,0,False,0.0,
recall_loss,108,325,v108_s0325,0,0,False,0.0,
recall_loss,108,326,v108_s0326,0,0,False,0.0,
recall_loss,108,327,v108_s0327,0,0,False,0.0,
recall_loss,108,328,v108_s0328,0,0,False,0.0,
recall_loss,108,329,v108_s0329,0,0,False,0.0,
recall_loss,108,330,v108_s0330,0,0,False,0.0,
recall_loss,108,331,v108_s0331,0,0,False,0.0,
recall_loss,108,332,v108_s0332,0,0,False,0.0,
recall_loss,108,333,v108_s0333,0,0,False,0.0,
recall_loss,108,334,v108_s0334,0,0,False,0.0,
recall_loss,108,335,v108_s0335,0,0,False,0.0,
recall_loss,108,336,v108_s0336,0,0,False,0.0,
recall_loss,108,337,v108_s0337,0,0,False,0.0,
recall_loss,108,338,v108_s0338,0,0,False,0.0,
recall_loss,108,339,v108_s0339,0,0,False,0.0,
recall_loss,108,340,v108_s0340,0,0,False,0.0,
recall_loss,108,341,v108_s0341,0,0,False,0.0,
recall_loss,108,342,v108_s0342,0,0,False,0.0,
recall_loss,108,343,v108_s0343,0,0,False,0.0,
recall_loss,108,344,v108_s0344,0,0,False,0.0,
recall_loss,108,345,v108_s0345,0,0,False,0.0,
recall_loss,108,346,v108_s0346,0,0,False,0.0,
recall_loss,108,347,v108_s0347,0,0,False,0.0,
recall_loss,108,348,v108_s0348,0,0,False,0.0,
recall_loss,108,349,v108_s0349,0,0,False,0.0,
recall_loss,108,350,v108_s0350,0,0,False,0.0,
recall_loss,108,351,v108_s0351,0,0,False,0.0,
recall_loss,108,352,v108_s0352,0,0,False,0.0,
recall_loss,108,353,v108_s0353,0,0,False,0.0,
recall_loss,108,354,v108_s0354,0,0,False,0.0,
recall_loss,108,355,v108_s0355,0,0,False,0.0,
recall_loss,108,356,v108_s0356,0,0,False,0.0,
recall_loss,108,357,v108_s0357,0,0,False,0.0,
recall_loss,108,358,v108_s0358,0,0,False,0.0,
recall_loss,108,359,v108_s0359,0,0,False,0.0,
recall_loss,108,360,v108_s0360,0,0,False,0.0,
recall_loss,108,361,v108_s0361,0,0,False,0.0,
recall_loss,108,362,v108_s0362,0,0,False,0.0,
recall_loss,108,363,v108_s0363,0,0,False,0.0,
recall_loss,108,364,v108_s0364,0,0,False,0.0,
recall_loss,108,365,v108_s0365,0,0,False,0.0,
recall_loss,108,366,v108_s0366,0,0,False,0.0,
recall_loss,108,367,v108_s0367,0,0,False,0.0,
recall_loss,108,368,v108_s0368,0,0,False,0.0,
recall_loss,108,369,v108_s0369,0,0,False,0.0,
recall_loss,108,370,v108_s0370,0,0,False,0.0,
recall_loss,108,371,v108_s0371,0,0,False,0.0,
recall_loss,108,372,v108_s0372,0,0,False,0.0,
recall_loss,108,373,v108_s0373,0,0,False,0.0,
recall_loss,108,374,v108_s0374,0,0,False,0.0,
recall_loss,108,375,v108_s0375,0,0,False,0.0,
recall_loss,108,376,v108_s0376,0,0,False,0.0,
recall_loss,108,377,v108_s0377,0,0,False,0.0,
recall_loss,108,378,v108_s0378,0,0,False,0.0,
recall_loss,108,379,v108_s0379,0,0,False,0.0,
recall_loss,108,380,v108_s0380,0,0,False,0.0,
recall_loss,108,381,v108_s0381,0,0,False,0.0,
recall_loss,108,382,v108_s0382,0,0,False,0.0,
recall_loss,108,383,v108_s0383,0,0,False,0.0,
recall_loss,108,384,v108_s0384,0,0,False,0.0,
recall_loss,108,385,v108_s0385,0,0,False,0.0,
recall_loss,108,386,v108_s0386,0,0,False,0.0,
recall_loss,108,387,v108_s0387,0,0,False,0.0,
recall_loss,108,388,v108_s0388,0,0,False,0.0,
recall_loss,108,389,v108_s0389,0,0,False,0.0,
recall_loss,108,390,v108_s0390,0,0,False,0.0,
recall_loss,108,391,v108_s0391,0,0,False,0.0,
recall_loss,108,392,v108_s0392,0,0,False,0.0,
recall_loss,108,393,v108_s0393,0,0,False,0.0,
recall_loss,108,394,v108_s0394,0,0,False,0.0,
recall_loss,108,395,v108_s0395,0,0,False,0.0,
recall_loss,108,396,v108_s0396,0,0,False,0.0,
recall_loss,108,397,v108_s0397,0,0,False,0.0,
recall_loss,108,398,v108_s0398,0,0,False,0.0,
recall_loss,108,399,v108_s0399,0,0,False,0.0,
recall_loss,108,400,v108_s0400,0,0,False,0.0,
recall_loss,108,401,v108_s0401,0,0,False,0.0,
recall_loss,108,402,v108_s0402,0,0,False,0.0,
recall_loss,108,403,v108_s0403,0,0,False,0.0,
recall_loss,108,404,v108_s0404,0,0,False,0.0,
recall_loss,108,405,v108_s0405,0,0,False,0.0,
recall_loss,108,406,v108_s0406,0,0,False,0.0,
recall_loss,108,407,v108_s0407,0,0,False,0.0,
recall_loss,108,408,v108_s0408,0,0,False,0.0,
recall_loss,108,409,v108_s0409,0,0,False,0.0,
recall_loss,108,410,v108_s0410,0,0,False,0.0,
recall_loss,108,411,v108_s0411,0,0,False,0.0,
recall_loss,108,412,v108_s0412,0,0,False,0.0,
recall_loss,108,413,v108_s0413,0,0,False,0.0,
recall_loss,108,414,v108_s0414,2,0,False,0.0,0.0
recall_loss,108,415,v108_s0415,17,0,False,0.0,0.0
recall_loss,108,416,v108_s0416,29,0,False,0.0,0.0
recall_loss,108,417,v108_s0417,53,0,False,0.0,0.0
recall_loss,108,418,v108_s0418,103,0,False,0.0,0.0
recall_loss,108,419,v108_s0419,131,0,False,0.0,0.0
recall_loss,108,420,v108_s0420,180,0,False,0.0,0.0
recall_loss,108,421,v108_s0421,237,0,False,0.0,0.0
recall_loss,108,422,v108_s0422,320,0,False,0.0,0.0
recall_loss,108,423,v108_s0423,405,0,False,0.0,0.0
recall_loss,108,424,v108_s0424,420,0,False,0.0,0.0
recall_loss,108,425,v108_s0425,447,0,False,0.0,0.0
recall_loss,108,426,v108_s0426,462,0,False,0.0,0.0
recall_loss,108,427,v108_s0427,504,0,False,0.0,0.0
recall_loss,108,428,v108_s0428,547,0,False,0.0,0.0
recall_loss,108,429,v108_s0429,603,0,False,0.0,0.0
recall_loss,108,430,v108_s0430,618,0,False,0.0,0.0
recall_loss,108,431,v108_s0431,638,0,False,0.0,0.0
recall_loss,108,432,v108_s0432,662,0,False,0.0,0.0
recall_loss,108,433,v108_s0433,712,0,False,0.0,0.0
recall_loss,108,434,v108_s0434,762,0,False,0.0,0.0
recall_loss,108,435,v108_s0435,840,0,False,0.0,0.0
recall_loss,108,436,v108_s0436,817,0,False,0.0,0.0
recall_loss,108,437,v108_s0437,817,0,False,0.0,0.0
recall_loss,108,438,v108_s0438,856,0,False,0.0,0.0
recall_loss,108,439,v108_s0439,938,0,False,0.0,0.0
recall_loss,108,440,v108_s0440,1012,0,False,0.1583251953125,0.1583251953125
recall_loss,108,441,v108_s0441,1006,245,True,1.0,1.0
recall_loss,108,442,v108_s0442,1022,648,True,1.0,1.0
recall_loss,108,443,v108_s0443,1027,728,True,1.0,1.0
recall_loss,108,444,v108_s0444,1109,671,True,1.0,1.0
recall_loss,108,445,v108_s0445,1170,719,True,1.0,1.0
recall_loss,108,446,v108_s0446,1192,742,True,1.0,1.0
recall_loss,108,447,v108_s0447,1260,878,True,1.0,1.0
recall_loss,108,448,v108_s0448,1531,389,True,1.0,1.0
recall_loss,108,449,v108_s0449,1631,605,True,1.0,1.0
recall_loss,108,450,v108_s0450,1732,738,True,1.0,1.0
recall_loss,108,451,v108_s0451,1900,688,True,1.0,1.0
recall_loss,108,452,v108_s0452,1959,596,True,1.0,1.0
recall_loss,108,453,v108_s0453,1866,752,True,1.0,1.0
recall_loss,108,454,v108_s0454,1970,660,True,1.0,1.0
recall_loss,108,455,v108_s0455,1953,655,True,1.0,1.0
recall_loss,108,456,v108_s0456,2066,673,True,1.0,1.0
recall_loss,108,457,v108_s0457,2128,961,True,1.0,1.0
recall_loss,108,458,v108_s0458,2205,1469,True,1.0,1.0
recall_loss,108,459,v108_s0459,2378,2028,True,1.0,1.0
recall_loss,108,460,v108_s0460,2250,2209,True,1.0,1.0
recall_loss,108,461,v108_s0461,2179,2630,True,1.0,1.0
recall_loss,108,462,v108_s0462,2156,2739,True,1.0,1.0
recall_loss,108,463,v108_s0463,2150,2728,True,1.0,1.0
recall_loss,108,464,v108_s0464,2154,2942,True,1.0,1.0
recall_loss,108,465,v108_s0465,2396,3026,True,1.0,1.0
recall_loss,108,466,v108_s0466,2265,2962,True,1.0,1.0
recall_loss,108,467,v108_s0467,2367,3000,True,1.0,1.0
recall_loss,108,468,v108_s0468,2373,3086,True,1.0,1.0
recall_loss,108,469,v108_s0469,2406,3238,True,1.0,1.0
recall_loss,108,470,v108_s0470,2499,3234,True,1.0,1.0
recall_loss,108,471,v108_s0471,2764,3105,True,1.0,1.0
recall_loss,108,472,v108_s0472,2634,3020,True,1.0,1.0
recall_loss,108,473,v108_s0473,2523,3060,True,1.0,1.0
recall_loss,108,474,v108_s0474,2449,3087,True,1.0,1.0
recall_loss,108,475,v108_s0475,2430,2894,True,1.0,1.0
recall_loss,108,476,v108_s0476,2314,2655,True,1.0,1.0
recall_loss,108,477,v108_s0477,2304,2596,True,1.0,1.0
recall_loss,108,478,v108_s0478,2261,2770,True,1.0,1.0
recall_loss,108,479,v108_s0479,2243,2818,True,1.0,1.0
recall_loss,108,480,v108_s0480,2248,2588,True,1.0,1.0
recall_loss,108,481,v108_s0481,2259,2603,True,1.0,1.0
recall_loss,108,482,v108_s0482,2343,2695,True,1.0,1.0
recall_loss,108,483,v108_s0483,2140,2524,True,1.0,1.0
recall_loss,108,484,v108_s0484,2043,2460,True,1.0,1.0
recall_loss,108,485,v108_s0485,2017,2219,True,1.0,1.0
recall_loss,108,486,v108_s0486,2009,2146,True,1.0,1.0
recall_loss,108,487,v108_s0487,1905,2081,True,1.0,1.0
recall_loss,108,488,v108_s0488,1922,1814,True,1.0,1.0
recall_loss,108,489,v108_s0489,1678,1439,True,1.0,1.0
recall_loss,108,490,v108_s0490,1752,1435,True,1.0,1.0
recall_loss,108,491,v108_s0491,1585,1536,True,1.0,1.0
recall_loss,108,492,v108_s0492,1556,1475,True,1.0,1.0
recall_loss,108,493,v108_s0493,1611,1212,True,1.0,1.0
recall_loss,108,494,v108_s0494,1578,1307,True,1.0,1.0
recall_loss,108,495,v108_s0495,1477,1491,True,1.0,1.0
recall_loss,108,496,v108_s0496,1458,1646,True,1.0,1.0
recall_loss,108,497,v108_s0497,1551,1703,True,1.0,1.0
recall_loss,108,498,v108_s0498,1368,1564,True,1.0,1.0
recall_loss,108,499,v108_s0499,1501,1547,True,1.0,1.0
recall_loss,108,500,v108_s0500,1705,1695,True,1.0,1.0
recall_loss,108,501,v108_s0501,1686,1520,True,1.0,1.0
recall_loss,108,502,v108_s0502,1700,1502,True,1.0,1.0
recall_loss,108,503,v108_s0503,1766,1555,True,1.0,1.0
recall_loss,108,504,v108_s0504,1343,1638,True,1.0,1.0
recall_loss,108,505,v108_s0505,1496,1684,True,1.0,1.0
recall_loss,108,506,v108_s0506,1897,1701,True,1.0,1.0
recall_loss,108,507,v108_s0507,1628,1483,True,1.0,1.0
recall_loss,108,508,v108_s0508,1624,1343,True,1.0,1.0
recall_loss,108,509,v108_s0509,1609,1293,True,1.0,1.0
recall_loss,108,510,v108_s0510,1686,1885,True,1.0,1.0
recall_loss,108,511,v108_s0511,1820,2494,True,1.0,1.0
recall_loss,108,512,v108_s0512,2052,2423,True,1.0,1.0
recall_loss,108,513,v108_s0513,2428,2233,True,1.0,1.0
recall_loss,108,514,v108_s0514,2376,2267,True,1.0,1.0
recall_loss,108,515,v108_s0515,2702,2419,True,1.0,1.0
recall_loss,108,516,v108_s0516,2907,2784,True,1.0,1.0
recall_loss,108,517,v108_s0517,3009,2686,True,1.0,1.0
recall_loss,108,518,v108_s0518,2814,2691,True,1.0,1.0
recall_loss,108,519,v108_s0519,3120,2573,True,1.0,1.0
recall_loss,108,520,v108_s0520,3005,2662,True,1.0,1.0
recall_loss,108,521,v108_s0521,3088,3003,True,1.0,1.0
recall_loss,108,522,v108_s0522,2892,2999,True,1.0,1.0
recall_loss,108,523,v108_s0523,2926,2892,True,1.0,1.0
recall_loss,108,524,v108_s0524,2847,2677,True,1.0,1.0
recall_loss,108,525,v108_s0525,2758,2482,True,1.0,1.0
recall_loss,108,526,v108_s0526,2777,2620,True,1.0,1.0
recall_loss,108,527,v108_s0527,2809,2666,True,1.0,1.0
recall_loss,108,528,v108_s0528,3358,2989,True,1.0,1.0
recall_loss,108,529,v108_s0529,3224,3166,True,1.0,1.0
recall_loss,108,530,v108_s0530,3297,3231,True,1.0,1.0
recall_loss,108,531,v108_s0531,3422,3339,True,1.0,1.0
recall_loss,108,532,v108_s0532,3669,3268,True,1.0,1.0
recall_loss,108,533,v108_s0533,3610,3282,True,1.0,1.0
recall_loss,108,534,v108_s0534,3630,3287,True,1.0,1.0
recall_loss,108,535,v108_s0535,3784,3242,True,1.0,1.0
recall_loss,108,536,v108_s0536,3428,3320,True,1.0,1.0
recall_loss,108,537,v108_s0537,3370,3415,True,1.0,1.0
recall_loss,108,538,v108_s0538,3401,3196,True,1.0,1.0
recall_loss,108,539,v108_s0539,3243,3153,True,1.0,1.0
recall_loss,108,540,v108_s0540,3086,2963,True,1.0,1.0
recall_loss,108,541,v108_s0541,2993,2744,True,1.0,1.0
recall_loss,108,542,v108_s0542,3070,2718,True,1.0,1.0
recall_loss,108,543,v108_s0543,3363,2508,True,1.0,1.0
recall_loss,108,544,v108_s0544,3274,2379,True,1.0,1.0
recall_loss,108,545,v108_s0545,3052,2600,True,1.0,1.0
recall_loss,108,546,v108_s0546,2915,2683,True,1.0,1.0
recall_loss,108,547,v108_s0547,2866,2393,True,1.0,1.0
recall_loss,108,548,v108_s0548,2947,2424,True,1.0,1.0
recall_loss,108,549,v108_s0549,2790,2229,True,1.0,1.0
recall_loss,108,550,v108_s0550,3151,2146,True,1.0,1.0
recall_loss,108,551,v108_s0551,2812,2233,True,1.0,1.0
recall_loss,108,552,v108_s0552,2946,2394,True,1.0,1.0
recall_loss,108,553,v108_s0553,3233,2561,True,1.0,1.0
recall_loss,108,554,v108_s0554,2849,2553,True,1.0,1.0
recall_loss,108,555,v108_s0555,2813,2650,True,1.0,1.0
recall_loss,108,556,v108_s0556,2477,2703,True,1.0,1.0
recall_loss,108,557,v108_s0557,2489,2548,True,1.0,1.0
recall_loss,108,558,v108_s0558,2281,2522,True,1.0,1.0
recall_loss,108,559,v108_s0559,2379,2311,True,1.0,1.0
recall_loss,108,560,v108_s0560,2343,2281,True,1.0,1.0
recall_loss,108,561,v108_s0561,2516,2456,True,1.0,1.0
recall_loss,108,562,v108_s0562,2391,2338,True,1.0,1.0
recall_loss,108,563,v108_s0563,2182,2136,True,1.0,1.0
recall_loss,108,564,v108_s0564,2169,2214,True,1.0,1.0
recall_loss,108,565,v108_s0565,2100,2308,True,1.0,1.0
recall_loss,108,566,v108_s0566,2050,2108,True,1.0,1.0
recall_loss,108,567,v108_s0567,1977,2013,True,1.0,1.0
recall_loss,108,568,v108_s0568,2029,1920,True,1.0,1.0
recall_loss,108,569,v108_s0569,2195,1919,True,1.0,1.0
recall_loss,108,570,v108_s0570,2225,1807,True,1.0,1.0
recall_loss,108,571,v108_s0571,2020,1753,True,1.0,1.0
recall_loss,108,572,v108_s0572,1803,1744,True,1.0,1.0
recall_loss,108,573,v108_s0573,1656,1719,True,1.0,1.0
recall_loss,108,574,v108_s0574,1788,1635,True,1.0,1.0
recall_loss,108,575,v108_s0575,1892,1517,True,1.0,1.0
recall_loss,108,576,v108_s0576,1669,1383,True,1.0,1.0
recall_loss,108,577,v108_s0577,1660,1213,True,1.0,1.0
recall_loss,108,578,v108_s0578,1661,1149,True,1.0,1.0
recall_loss,108,579,v108_s0579,1640,1139,True,1.0,1.0
recall_loss,108,580,v108_s0580,1492,1166,True,1.0,1.0
recall_loss,108,581,v108_s0581,1608,1220,True,1.0,1.0
recall_loss,108,582,v108_s0582,1538,1295,True,1.0,1.0
recall_loss,108,583,v108_s0583,1374,1357,True,1.0,1.0
recall_loss,108,584,v108_s0584,1407,1418,True,1.0,1.0
recall_loss,108,585,v108_s0585,1562,1395,True,1.0,1.0
recall_loss,108,586,v108_s0586,1564,1362,True,1.0,1.0
recall_loss,108,587,v108_s0587,1443,1296,True,1.0,1.0
recall_loss,108,588,v108_s0588,1402,1171,True,1.0,1.0
recall_loss,108,589,v108_s0589,1451,1279,True,1.0,1.0
recall_loss,108,590,v108_s0590,1427,1361,True,1.0,1.0
recall_loss,108,591,v108_s0591,1274,1192,True,1.0,1.0
recall_loss,108,592,v108_s0592,1255,802,True,1.0,1.0
recall_loss,108,593,v108_s0593,1198,956,True,1.0,1.0
recall_loss,108,594,v108_s0594,1145,1041,True,1.0,1.0
recall_loss,108,595,v108_s0595,1179,1051,True,1.0,1.0
recall_loss,108,596,v108_s0596,1084,1016,True,1.0,1.0
recall_loss,108,597,v108_s0597,980,1048,True,1.0,1.0
recall_loss,108,598,v108_s0598,963,988,True,1.0,1.0
recall_loss,108,599,v108_s0599,977,914,True,1.0,1.0
recall_loss,108,600,v108_s0600,861,887,True,1.0,1.0
recall_loss,108,601,v108_s0601,719,735,True,1.0,1.0
recall_loss,108,602,v108_s0602,656,680,True,1.0,1.0
recall_loss,108,603,v108_s0603,627,605,True,1.0,1.0
recall_loss,108,604,v108_s0604,612,528,True,1.0,1.0
recall_loss,108,605,v108_s0605,485,406,True,1.0,1.0
recall_loss,108,606,v108_s0606,474,330,True,1.0,1.0
recall_loss,108,607,v108_s0607,414,366,True,1.0,1.0
recall_loss,108,608,v108_s0608,329,294,True,1.0,1.0
recall_loss,108,609,v108_s0609,279,223,True,1.0,1.0
recall_loss,108,610,v108_s0610,280,133,True,1.0,1.0
recall_loss,108,611,v108_s0611,217,78,True,1.0,1.0
recall_loss,108,612,v108_s0612,160,0,False,0.0,0.0
recall_loss,108,613,v108_s0613,117,0,False,0.0,0.0
recall_loss,108,614,v108_s0614,88,0,False,0.0,0.0
recall_loss,108,615,v108_s0615,44,0,False,0.0,0.0
recall_loss,108,616,v108_s0616,0,0,False,0.0,
recall_loss,108,617,v108_s0617,0,0,False,0.0,
recall_loss,108,618,v108_s0618,0,0,False,0.0,
recall_loss,108,619,v108_s0619,0,0,False,0.0,
recall_loss,108,620,v108_s0620,0,0,False,0.0,
recall_loss,108,621,v108_s0621,0,0,False,0.0,
recall_loss,108,622,v108_s0622,0,0,False,0.0,
recall_loss,108,623,v108_s0623,0,0,False,0.0,
recall_loss,108,624,v108_s0624,0,0,False,0.0,
recall_loss,108,625,v108_s0625,0,0,False,0.0,
recall_loss,108,626,v108_s0626,0,0,False,0.0,
recall_loss,108,627,v108_s0627,0,0,False,0.0,
recall_loss,108,628,v108_s0628,0,0,False,0.0,
recall_loss,108,629,v108_s0629,0,0,False,0.0,
recall_loss,108,630,v108_s0630,0,0,False,0.0,
recall_loss,108,631,v108_s0631,0,0,False,0.0,
recall_loss,108,632,v108_s0632,0,0,False,0.0,
recall_loss,108,633,v108_s0633,0,0,False,0.0,
recall_loss,108,634,v108_s0634,0,0,False,0.0,
recall_loss,108,635,v108_s0635,0,0,False,0.0,
recall_loss,108,636,v108_s0636,0,0,False,0.0,
recall_loss,108,637,v108_s0637,0,0,False,0.0,
recall_loss,108,638,v108_s0638,0,0,False,0.0,
recall_loss,108,639,v108_s0639,0,0,False,0.0,
recall_loss,108,640,v108_s0640,0,0,False,0.0,
recall_loss,108,641,v108_s0641,0,0,False,0.0,
recall_loss,108,642,v108_s0642,0,0,False,0.0,
recall_loss,108,643,v108_s0643,0,0,False,0.0,
recall_loss,108,644,v108_s0644,0,0,False,0.0,
recall_loss,108,645,v108_s0645,0,0,False,0.0,
recall_loss,108,646,v108_s0646,0,0,False,0.0,
recall_loss,108,647,v108_s0647,0,0,False,0.0,
recall_loss,108,648,v108_s0648,0,0,False,0.0,
recall_loss,108,649,v108_s0649,0,0,False,0.0,
recall_loss,108,650,v108_s0650,0,0,False,0.0,
recall_loss,108,651,v108_s0651,0,0,False,0.0,
recall_loss,108,652,v108_s0652,0,0,False,0.0,
recall_loss,108,653,v108_s0653,0,0,False,0.0,
recall_loss,108,654,v108_s0654,0,0,False,0.0,
recall_loss,108,655,v108_s0655,0,0,False,0.0,
recall_loss,108,656,v108_s0656,0,0,False,0.0,
recall_loss,108,657,v108_s0657,0,0,False,0.0,
recall_loss,108,658,v108_s0658,0,0,False,0.0,
recall_loss,108,659,v108_s0659,0,0,False,0.0,
recall_loss,108,660,v108_s0660,0,0,False,0.0,
recall_loss,108,661,v108_s0661,0,0,False,0.0,
recall_loss,108,662,v108_s0662,0,0,False,0.0,
recall_loss,108,663,v108_s0663,0,0,False,0.0,
recall_loss,108,664,v108_s0664,0,0,False,0.0,
recall_loss,108,665,v108_s0665,0,0,False,0.0,
recall_loss,108,666,v108_s0666,0,0,False,0.0,
recall_loss,108,667,v108_s0667,0,0,False,0.0,
recall_loss,108,668,v108_s0668,0,0,False,0.0,
recall_loss,108,669,v108_s0669,0,0,False,0.0,
recall_loss,108,670,v108_s0670,0,0,False,0.0,
recall_loss,108,671,v108_s0671,0,0,False,0.0,
recall_loss,108,672,v108_s0672,0,0,False,0.0,
recall_loss,108,673,v108_s0673,0,0,False,0.0,
recall_loss,108,674,v108_s0674,0,0,False,0.0,
recall_loss,108,675,v108_s0675,0,0,False,0.0,
recall_loss,108,676,v108_s0676,0,0,False,0.0,
recall_loss,108,677,v108_s0677,0,0,False,0.0,
recall_loss,108,678,v108_s0678,0,0,False,0.0,
recall_loss,108,679,v108_s0679,0,0,False,0.0,
recall_loss,108,680,v108_s0680,0,0,False,0.0,
recall_loss,108,681,v108_s0681,0,0,False,0.0,
recall_loss,108,682,v108_s0682,0,0,False,0.0,
recall_loss,108,683,v108_s0683,0,0,False,0.0,
recall_loss,108,684,v108_s0684,0,0,False,0.0,
recall_loss,108,685,v108_s0685,0,0,False,0.0,
recall_loss,108,686,v108_s0686,0,0,False,0.0,
recall_loss,108,687,v108_s0687,0,0,False,0.0,
recall_loss,108,688,v108_s0688,0,0,False,0.0,
recall_loss,108,689,v108_s0689,0,0,False,0.0,
recall_loss,108,690,v108_s0690,0,0,False,0.0,
recall_loss,108,691,v108_s0691,0,0,False,0.0,
recall_loss,108,692,v108_s0692,0,0,False,0.0,
recall_loss,108,693,v108_s0693,0,0,False,0.0,
recall_loss,108,694,v108_s0694,0,0,False,0.0,
recall_loss,108,695,v108_s0695,0,0,False,0.0,
recall_loss,108,696,v108_s0696,0,0,False,0.0,
recall_loss,108,697,v108_s0697,0,0,False,0.0,
recall_loss,108,698,v108_s0698,0,0,False,0.0,
recall_loss,108,699,v108_s0699,0,0,False,0.0,
recall_loss,108,700,v108_s0700,0,0,False,0.0,
recall_loss,108,701,v108_s0701,0,0,False,0.0,
recall_loss,108,702,v108_s0702,0,0,False,0.0,
recall_loss,108,703,v108_s0703,0,0,False,0.0,
recall_loss,108,704,v108_s0704,0,0,False,0.0,
recall_loss,108,705,v108_s0705,0,0,False,0.0,
recall_loss,108,706,v108_s0706,0,0,False,0.0,
recall_loss,108,707,v108_s0707,0,0,False,0.0,
recall_loss,108,708,v108_s0708,0,0,False,0.0,
recall_loss,108,709,v108_s0709,0,0,False,0.0,
recall_loss,108,710,v108_s0710,0,0,False,0.0,
recall_loss,108,711,v108_s0711,0,0,False,0.0,
recall_loss,108,712,v108_s0712,0,0,False,0.0,
recall_loss,108,713,v108_s0713,0,0,False,0.0,
recall_loss,108,714,v108_s0714,0,0,False,0.0,
recall_loss,108,715,v108_s0715,0,0,False,0.0,
recall_loss,108,716,v108_s0716,0,0,False,0.0,
recall_loss,108,717,v108_s0717,0,0,False,0.0,
recall_loss,108,718,v108_s0718,0,0,False,0.0,
recall_loss,108,719,v108_s0719,0,0,False,0.0,
recall_loss,108,720,v108_s0720,0,0,False,0.0,
recall_loss,108,721,v108_s0721,0,0,False,0.0,
recall_loss,108,722,v108_s0722,0,0,False,0.0,
recall_loss,108,723,v108_s0723,0,0,False,0.0,
recall_loss,108,724,v108_s0724,0,0,False,0.0,
recall_loss,108,725,v108_s0725,0,0,False,0.0,
recall_loss,108,726,v108_s0726,0,0,False,0.0,
recall_loss,108,727,v108_s0727,0,0,False,0.0,
recall_loss,108,728,v108_s0728,0,0,False,0.0,
recall_loss,108,729,v108_s0729,0,0,False,0.0,
recall_loss,108,730,v108_s0730,0,0,False,0.0,
recall_loss,108,731,v108_s0731,0,0,False,0.0,
recall_loss,108,732,v108_s0732,0,0,False,0.0,
recall_loss,108,733,v108_s0733,0,0,False,0.0,
recall_loss,108,734,v108_s0734,0,0,False,0.0,
recall_loss,108,735,v108_s0735,0,0,False,0.0,
recall_loss,108,736,v108_s0736,0,0,False,0.0,
recall_loss,108,737,v108_s0737,0,0,False,0.0,
recall_loss,108,738,v108_s0738,0,0,False,0.0,
recall_loss,108,739,v108_s0739,0,0,False,0.0,
recall_loss,108,740,v108_s0740,0,0,False,0.0,
recall_loss,108,741,v108_s0741,0,0,False,0.0,
recall_loss,108,742,v108_s0742,0,0,False,0.0,
recall_loss,108,743,v108_s0743,0,0,False,0.0,
recall_loss,108,744,v108_s0744,0,0,False,0.0,
recall_loss,108,745,v108_s0745,0,0,False,0.0,
recall_loss,108,746,v108_s0746,0,0,False,0.0,
recall_loss,108,747,v108_s0747,0,0,False,0.0,
recall_loss,108,748,v108_s0748,0,0,False,0.0,
recall_loss,108,749,v108_s0749,0,0,False,0.0,
recall_loss,108,750,v108_s0750,0,0,False,0.0,
recall_loss,108,751,v108_s0751,0,0,False,0.0,
recall_loss,108,752,v108_s0752,0,0,False,0.0,
recall_loss,108,753,v108_s0753,0,0,False,0.0,
recall_loss,108,754,v108_s0754,0,0,False,0.0,
recall_loss,108,755,v108_s0755,0,0,False,0.0,
recall_loss,108,756,v108_s0756,0,0,False,0.0,
recall_loss,108,757,v108_s0757,0,0,False,0.0,
recall_loss,108,758,v108_s0758,0,0,False,0.0,
recall_loss,108,759,v108_s0759,0,0,False,0.0,
recall_loss,108,760,v108_s0760,0,0,False,0.0,
recall_loss,108,761,v108_s0761,0,0,False,0.0,
recall_loss,108,762,v108_s0762,0,0,False,0.0,
recall_loss,108,763,v108_s0763,0,0,False,0.0,
recall_loss,108,764,v108_s0764,0,0,False,0.0,
recall_loss,108,765,v108_s0765,0,0,False,0.0,
recall_loss,108,766,v108_s0766,0,0,False,0.0,
recall_loss,108,767,v108_s0767,0,0,False,0.0,
recall_loss,108,768,v108_s0768,0,0,False,0.0,
recall_loss,108,769,v108_s0769,0,0,False,0.0,
recall_loss,108,770,v108_s0770,0,0,False,0.0,
recall_loss,108,771,v108_s0771,0,0,False,0.0,
recall_loss,108,772,v108_s0772,0,0,False,0.0,
recall_loss,108,773,v108_s0773,0,0,False,0.0,
recall_loss,108,774,v108_s0774,0,0,False,0.0,
recall_loss,108,775,v108_s0775,0,0,False,0.0,
recall_loss,108,776,v108_s0776,0,0,False,0.0,
recall_loss,108,777,v108_s0777,0,0,False,0.0,
recall_loss,108,778,v108_s0778,0,0,False,0.0,
recall_loss,108,779,v108_s0779,0,0,False,0.0,
recall_loss,108,780,v108_s0780,0,0,False,0.0,
recall_loss,108,781,v108_s0781,0,0,False,0.0,
recall_loss,108,782,v108_s0782,0,0,False,0.0,
recall_loss,108,783,v108_s0783,0,0,False,0.0,
recall_loss,108,784,v108_s0784,0,0,False,0.0,
recall_loss,108,785,v108_s0785,0,0,False,0.0,
recall_loss,108,786,v108_s0786,0,0,False,0.0,
recall_loss,108,787,v108_s0787,0,0,False,0.0,
recall_loss,108,788,v108_s0788,0,0,False,0.0,
recall_loss,108,789,v108_s0789,0,0,False,0.0,
recall_loss,108,790,v108_s0790,0,0,False,0.0,
recall_loss,108,791,v108_s0791,0,0,False,0.0,
recall_loss,108,792,v108_s0792,0,0,False,0.0,
recall_loss,108,793,v108_s0793,0,0,False,0.0,
recall_loss,108,794,v108_s0794,0,0,False,0.0,
recall_loss,108,795,v108_s0795,0,0,False,0.0,
recall_loss,108,796,v108_s0796,0,0,False,0.0,
recall_loss,108,797,v108_s0797,0,0,False,0.0,
recall_loss,108,798,v108_s0798,0,0,False,0.0,
recall_loss,108,799,v108_s0799,0,0,False,0.0,
recall_loss,108,800,v108_s0800,0,0,False,0.0,
recall_loss,108,801,v108_s0801,0,0,False,0.0,
recall_loss,108,802,v108_s0802,0,0,False,0.0,
recall_loss,108,803,v108_s0803,0,0,False,0.0,
recall_loss,108,804,v108_s0804,0,0,False,0.0,
recall_loss,108,805,v108_s0805,0,0,False,0.0,
recall_loss,108,806,v108_s0806,0,0,False,0.0,
recall_loss,108,807,v108_s0807,0,0,False,0.0,
recall_loss,108,808,v108_s0808,0,0,False,0.0,
recall_loss,108,809,v108_s0809,0,0,False,0.0,
recall_loss,108,810,v108_s0810,0,0,False,0.0,
recall_loss,108,811,v108_s0811,0,0,False,0.0,
recall_loss,108,812,v108_s0812,0,0,False,0.0,
recall_loss,108,813,v108_s0813,0,0,False,0.0,
recall_loss,108,814,v108_s0814,0,0,False,0.0,
recall_loss,108,815,v108_s0815,0,0,False,0.0,
recall_loss,108,816,v108_s0816,0,0,False,0.0,
recall_loss,108,817,v108_s0817,0,0,False,0.0,
recall_loss,108,818,v108_s0818,0,0,False,0.0,
recall_loss,108,819,v108_s0819,0,0,False,0.0,
recall_loss,108,820,v108_s0820,0,0,False,0.0,
recall_loss,108,821,v108_s0821,0,0,False,0.0,
recall_loss,108,822,v108_s0822,0,0,False,0.0,
recall_loss,108,823,v108_s0823,0,0,False,0.0,
recall_loss,108,824,v108_s0824,0,0,False,0.0,
recall_loss,108,825,v108_s0825,0,0,False,0.0,
recall_loss,108,826,v108_s0826,0,0,False,0.0,
recall_loss,108,827,v108_s0827,0,0,False,0.0,
recall_loss,108,828,v108_s0828,0,0,False,0.0,
recall_loss,108,829,v108_s0829,0,0,False,0.0,
recall_loss,108,830,v108_s0830,0,0,False,0.0,
recall_loss,108,831,v108_s0831,0,0,False,0.0,
recall_loss,108,832,v108_s0832,0,0,False,0.0,
recall_loss,108,833,v108_s0833,0,0,False,0.0,
recall_loss,108,834,v108_s0834,0,0,False,0.0,
recall_loss,108,835,v108_s0835,0,0,False,0.0,
recall_loss,108,836,v108_s0836,0,0,False,0.0,
recall_loss,108,837,v108_s0837,0,0,False,0.0,
recall_loss,108,838,v108_s0838,0,0,False,0.0,
recall_loss,108,839,v108_s0839,0,0,False,0.0,
recall_loss,108,840,v108_s0840,0,0,False,0.0,
recall_loss,108,841,v108_s0841,0,0,False,0.0,
recall_loss,108,842,v108_s0842,0,0,False,0.0,
recall_loss,108,843,v108_s0843,0,0,False,0.0,
recall_loss,108,844,v108_s0844,0,0,False,0.0,
recall_loss,108,845,v108_s0845,0,0,False,0.0,
recall_loss,108,846,v108_s0846,0,0,False,0.0,
recall_loss,108,847,v108_s0847,0,0,False,0.0,
recall_loss,108,848,v108_s0848,0,0,False,0.0,
recall_loss,108,849,v108_s0849,0,0,False,0.0,
recall_loss,108,850,v108_s0850,0,0,False,0.0,
recall_loss,108,851,v108_s0851,0,0,False,0.0,
recall_loss,108,852,v108_s0852,0,0,False,0.0,
recall_loss,108,853,v108_s0853,0,0,False,0.0,
recall_loss,108,854,v108_s0854,0,0,False,0.0,
recall_loss,108,855,v108_s0855,0,0,False,0.0,
recall_loss,109,0,v109_s0000,0,0,False,0.0,
recall_loss,109,1,v109_s0001,0,0,False,0.0,
recall_loss,109,2,v109_s0002,0,0,False,0.0,
recall_loss,109,3,v109_s0003,0,0,False,0.0,
recall_loss,109,4,v109_s0004,0,0,False,0.0,
recall_loss,109,5,v109_s0005,0,0,False,0.0,
recall_loss,109,6,v109_s0006,0,0,False,0.0,
recall_loss,109,7,v109_s0007,0,0,False,0.0,
recall_loss,109,8,v109_s0008,0,0,False,0.0,
recall_loss,109,9,v109_s0009,0,0,False,0.0,
recall_loss,109,10,v109_s0010,0,0,False,0.0,
recall_loss,109,11,v109_s0011,0,0,False,0.0,
recall_loss,109,12,v109_s0012,0,0,False,0.0,
recall_loss,109,13,v109_s0013,0,0,False,0.0,
recall_loss,109,14,v109_s0014,0,0,False,0.0,
recall_loss,109,15,v109_s0015,0,0,False,0.0,
recall_loss,109,16,v109_s0016,0,0,False,0.0,
recall_loss,109,17,v109_s0017,0,0,False,0.0,
recall_loss,109,18,v109_s0018,0,0,False,0.0,
recall_loss,109,19,v109_s0019,0,0,False,0.0,
recall_loss,109,20,v109_s0020,0,0,False,0.0,
recall_loss,109,21,v109_s0021,0,0,False,0.0,
recall_loss,109,22,v109_s0022,0,0,False,0.0,
recall_loss,109,23,v109_s0023,0,0,False,0.0,
recall_loss,109,24,v109_s0024,0,0,False,0.0,
recall_loss,109,25,v109_s0025,0,0,False,0.0,
recall_loss,109,26,v109_s0026,0,0,False,0.0,
recall_loss,109,27,v109_s0027,0,0,False,0.0,
recall_loss,109,28,v109_s0028,0,0,False,0.0,
recall_loss,109,29,v109_s0029,0,0,False,0.0,
recall_loss,109,30,v109_s0030,0,0,False,0.0,
recall_loss,109,31,v109_s0031,0,0,False,0.0,
recall_loss,109,32,v109_s0032,0,0,False,0.0,
recall_loss,109,33,v109_s0033,0,0,False,0.0,
recall_loss,109,34,v109_s0034,0,0,False,0.0,
recall_loss,109,35,v109_s0035,0,0,False,0.0,
recall_loss,109,36,v109_s0036,0,0,False,0.0,
recall_loss,109,37,v109_s0037,0,0,False,0.0,
recall_loss,109,38,v109_s0038,0,0,False,0.0,
recall_loss,109,39,v109_s0039,0,0,False,0.0,
recall_loss,109,40,v109_s0040,0,0,False,0.0,
recall_loss,109,41,v109_s0041,0,0,False,0.0,
recall_loss,109,42,v109_s0042,0,0,False,0.0,
recall_loss,109,43,v109_s0043,0,0,False,0.0,
recall_loss,109,44,v109_s0044,0,0,False,0.0,
recall_loss,109,45,v109_s0045,0,0,False,0.0,
recall_loss,109,46,v109_s0046,0,0,False,0.0,
recall_loss,109,47,v109_s0047,0,0,False,0.0,
recall_loss,109,48,v109_s0048,0,0,False,0.0,
recall_loss,109,49,v109_s0049,0,0,False,0.0,
recall_loss,109,50,v109_s0050,0,0,False,0.0,
recall_loss,109,51,v109_s0051,0,0,False,0.0,
recall_loss,109,52,v109_s0052,0,0,False,0.0,
recall_loss,109,53,v109_s0053,0,0,False,0.0,
recall_loss,109,54,v109_s0054,0,0,False,0.0,
recall_loss,109,55,v109_s0055,0,0,False,0.0,
recall_loss,109,56,v109_s0056,0,0,False,0.0,
recall_loss,109,57,v109_s0057,0,0,False,0.0,
recall_loss,109,58,v109_s0058,0,0,False,0.0,
recall_loss,109,59,v109_s0059,0,0,False,0.0,
recall_loss,109,60,v109_s0060,0,0,False,0.0,
recall_loss,109,61,v109_s0061,0,0,False,0.0,
recall_loss,109,62,v109_s0062,0,0,False,0.0,
recall_loss,109,63,v109_s0063,0,0,False,0.0,
recall_loss,109,64,v109_s0064,0,0,False,0.0,
recall_loss,109,65,v109_s0065,0,0,False,0.0,
recall_loss,109,66,v109_s0066,0,0,False,0.0,
recall_loss,109,67,v109_s0067,0,0,False,0.0,
recall_loss,109,68,v109_s0068,0,0,False,0.0,
recall_loss,109,69,v109_s0069,0,0,False,0.0,
recall_loss,109,70,v109_s0070,0,0,False,0.0,
recall_loss,109,71,v109_s0071,0,0,False,0.0,
recall_loss,109,72,v109_s0072,0,0,False,0.0,
recall_loss,109,73,v109_s0073,0,0,False,0.0,
recall_loss,109,74,v109_s0074,0,0,False,0.0,
recall_loss,109,75,v109_s0075,0,0,False,0.0,
recall_loss,109,76,v109_s0076,0,0,False,0.0,
recall_loss,109,77,v109_s0077,0,0,False,0.0,
recall_loss,109,78,v109_s0078,0,0,False,0.0,
recall_loss,109,79,v109_s0079,0,0,False,0.0,
recall_loss,109,80,v109_s0080,0,0,False,0.0,
recall_loss,109,81,v109_s0081,0,0,False,0.0,
recall_loss,109,82,v109_s0082,0,0,False,0.0,
recall_loss,109,83,v109_s0083,0,0,False,0.0,
recall_loss,109,84,v109_s0084,0,0,False,0.0,
recall_loss,109,85,v109_s0085,0,0,False,0.0,
recall_loss,109,86,v109_s0086,0,0,False,0.0,
recall_loss,109,87,v109_s0087,0,0,False,0.0,
recall_loss,109,88,v109_s0088,0,0,False,0.0,
recall_loss,109,89,v109_s0089,0,0,False,0.0,
recall_loss,109,90,v109_s0090,0,0,False,0.0,
recall_loss,109,91,v109_s0091,0,0,False,0.0,
recall_loss,109,92,v109_s0092,0,0,False,0.0,
recall_loss,109,93,v109_s0093,0,0,False,0.0,
recall_loss,109,94,v109_s0094,0,0,False,0.0,
recall_loss,109,95,v109_s0095,0,0,False,0.0,
recall_loss,109,96,v109_s0096,0,0,False,0.0,
recall_loss,109,97,v109_s0097,0,0,False,0.0,
recall_loss,109,98,v109_s0098,0,0,False,0.0,
recall_loss,109,99,v109_s0099,0,0,False,0.0,
recall_loss,109,100,v109_s0100,0,0,False,0.0,
recall_loss,109,101,v109_s0101,0,0,False,0.0,
recall_loss,109,102,v109_s0102,0,0,False,0.0,
recall_loss,109,103,v109_s0103,0,0,False,0.0,
recall_loss,109,104,v109_s0104,0,0,False,0.0,
recall_loss,109,105,v109_s0105,0,0,False,0.0,
recall_loss,109,106,v109_s0106,0,0,False,0.0,
recall_loss,109,107,v109_s0107,0,0,False,0.0,
recall_loss,109,108,v109_s0108,0,0,False,0.0,
recall_loss,109,109,v109_s0109,0,0,False,0.0,
recall_loss,109,110,v109_s0110,0,0,False,0.0,
recall_loss,109,111,v109_s0111,0,0,False,0.0,
recall_loss,109,112,v109_s0112,0,0,False,0.0,
recall_loss,109,113,v109_s0113,0,0,False,0.0,
recall_loss,109,114,v109_s0114,0,0,False,0.0,
recall_loss,109,115,v109_s0115,0,0,False,0.0,
recall_loss,109,116,v109_s0116,0,0,False,0.0,
recall_loss,109,117,v109_s0117,0,0,False,0.0,
recall_loss,109,118,v109_s0118,0,0,False,0.0,
recall_loss,109,119,v109_s0119,0,0,False,0.0,
recall_loss,109,120,v109_s0120,0,0,False,0.0,
recall_loss,109,121,v109_s0121,0,0,False,0.0,
recall_loss,109,122,v109_s0122,0,0,False,0.0,
recall_loss,109,123,v109_s0123,0,0,False,0.0,
recall_loss,109,124,v109_s0124,0,0,False,0.0,
recall_loss,109,125,v109_s0125,0,0,False,0.0,
recall_loss,109,126,v109_s0126,0,0,False,0.0,
recall_loss,109,127,v109_s0127,0,0,False,0.0,
recall_loss,109,128,v109_s0128,0,0,False,0.0,
recall_loss,109,129,v109_s0129,0,0,False,0.0,
recall_loss,109,130,v109_s0130,0,0,False,0.0,
recall_loss,109,131,v109_s0131,0,0,False,0.0,
recall_loss,109,132,v109_s0132,0,0,False,0.0,
recall_loss,109,133,v109_s0133,0,0,False,0.0,
recall_loss,109,134,v109_s0134,0,0,False,0.0,
recall_loss,109,135,v109_s0135,0,0,False,0.0,
recall_loss,109,136,v109_s0136,0,0,False,0.0,
recall_loss,109,137,v109_s0137,0,0,False,0.0,
recall_loss,109,138,v109_s0138,0,0,False,0.0,
recall_loss,109,139,v109_s0139,0,0,False,0.0,
recall_loss,109,140,v109_s0140,0,0,False,0.0,
recall_loss,109,141,v109_s0141,0,0,False,0.0,
recall_loss,109,142,v109_s0142,0,0,False,0.0,
recall_loss,109,143,v109_s0143,0,0,False,0.0,
recall_loss,109,144,v109_s0144,0,0,False,0.0,
recall_loss,109,145,v109_s0145,0,0,False,0.0,
recall_loss,109,146,v109_s0146,0,0,False,0.0,
recall_loss,109,147,v109_s0147,0,0,False,0.0,
recall_loss,109,148,v109_s0148,0,0,False,0.0,
recall_loss,109,149,v109_s0149,0,0,False,0.0,
recall_loss,109,150,v109_s0150,0,0,False,0.0,
recall_loss,109,151,v109_s0151,0,0,False,0.0,
recall_loss,109,152,v109_s0152,0,0,False,0.0,
recall_loss,109,153,v109_s0153,0,0,False,0.0,
recall_loss,109,154,v109_s0154,0,0,False,0.0,
recall_loss,109,155,v109_s0155,0,0,False,0.0,
recall_loss,109,156,v109_s0156,0,0,False,0.0,
recall_loss,109,157,v109_s0157,0,0,False,0.0,
recall_loss,109,158,v109_s0158,0,0,False,0.0,
recall_loss,109,159,v109_s0159,0,0,False,0.0,
recall_loss,109,160,v109_s0160,0,0,False,0.0,
recall_loss,109,161,v109_s0161,0,0,False,0.0,
recall_loss,109,162,v109_s0162,0,0,False,0.0,
recall_loss,109,163,v109_s0163,0,0,False,0.0,
recall_loss,109,164,v109_s0164,0,0,False,0.0,
recall_loss,109,165,v109_s0165,0,0,False,0.0,
recall_loss,109,166,v109_s0166,0,0,False,0.0,
recall_loss,109,167,v109_s0167,0,0,False,0.0,
recall_loss,109,168,v109_s0168,0,0,False,0.0,
recall_loss,109,169,v109_s0169,0,0,False,0.0,
recall_loss,109,170,v109_s0170,0,0,False,0.0,
recall_loss,109,171,v109_s0171,0,0,False,0.0,
recall_loss,109,172,v109_s0172,0,0,False,0.0,
recall_loss,109,173,v109_s0173,0,0,False,0.0,
recall_loss,109,174,v109_s0174,0,0,False,0.0,
recall_loss,109,175,v109_s0175,0,0,False,0.0,
recall_loss,109,176,v109_s0176,0,0,False,0.0,
recall_loss,109,177,v109_s0177,0,0,False,0.0,
recall_loss,109,178,v109_s0178,0,0,False,0.0,
recall_loss,109,179,v109_s0179,0,0,False,0.0,
recall_loss,109,180,v109_s0180,0,0,False,0.0,
recall_loss,109,181,v109_s0181,0,0,False,0.0,
recall_loss,109,182,v109_s0182,0,0,False,0.0,
recall_loss,109,183,v109_s0183,0,0,False,0.0,
recall_loss,109,184,v109_s0184,0,0,False,0.0,
recall_loss,109,185,v109_s0185,0,0,False,0.0,
recall_loss,109,186,v109_s0186,0,0,False,0.0,
recall_loss,109,187,v109_s0187,0,0,False,0.0,
recall_loss,109,188,v109_s0188,0,0,False,0.0,
recall_loss,109,189,v109_s0189,0,0,False,0.0,
recall_loss,109,190,v109_s0190,0,0,False,0.0,
recall_loss,109,191,v109_s0191,0,0,False,0.0,
recall_loss,109,192,v109_s0192,0,0,False,0.0,
recall_loss,109,193,v109_s0193,0,0,False,0.0,
recall_loss,109,194,v109_s0194,0,0,False,0.0,
recall_loss,109,195,v109_s0195,0,0,False,0.0,
recall_loss,109,196,v109_s0196,0,0,False,0.0,
recall_loss,109,197,v109_s0197,0,0,False,0.0,
recall_loss,109,198,v109_s0198,0,0,False,0.0,
recall_loss,109,199,v109_s0199,0,0,False,0.0,
recall_loss,109,200,v109_s0200,0,0,False,0.0,
recall_loss,109,201,v109_s0201,0,0,False,0.0,
recall_loss,109,202,v109_s0202,0,0,False,0.0,
recall_loss,109,203,v109_s0203,0,0,False,0.0,
recall_loss,109,204,v109_s0204,0,0,False,0.0,
recall_loss,109,205,v109_s0205,0,0,False,0.0,
recall_loss,109,206,v109_s0206,0,0,False,0.0,
recall_loss,109,207,v109_s0207,0,0,False,0.0,
recall_loss,109,208,v109_s0208,0,0,False,0.0,
recall_loss,109,209,v109_s0209,0,0,False,0.0,
recall_loss,109,210,v109_s0210,0,0,False,0.0,
recall_loss,109,211,v109_s0211,0,0,False,0.0,
recall_loss,109,212,v109_s0212,0,0,False,0.0,
recall_loss,109,213,v109_s0213,0,0,False,0.0,
recall_loss,109,214,v109_s0214,0,0,False,0.0,
recall_loss,109,215,v109_s0215,0,0,False,0.0,
recall_loss,109,216,v109_s0216,0,0,False,0.0,
recall_loss,109,217,v109_s0217,0,0,False,0.0,
recall_loss,109,218,v109_s0218,0,0,False,0.0,
recall_loss,109,219,v109_s0219,0,0,False,0.0,
recall_loss,109,220,v109_s0220,0,0,False,0.0,
recall_loss,109,221,v109_s0221,0,0,False,0.0,
recall_loss,109,222,v109_s0222,0,0,False,0.0,
recall_loss,109,223,v109_s0223,0,0,False,0.0,
recall_loss,109,224,v109_s0224,0,0,False,0.0,
recall_loss,109,225,v109_s0225,0,0,False,0.0,
recall_loss,109,226,v109_s0226,0,0,False,0.0,
recall_loss,109,227,v109_s0227,0,0,False,0.0,
recall_loss,109,228,v109_s0228,0,0,False,0.0,
recall_loss,109,229,v109_s0229,0,0,False,0.0,
recall_loss,109,230,v109_s0230,0,0,False,0.0,
recall_loss,109,231,v109_s0231,0,0,False,0.0,
recall_loss,109,232,v109_s0232,0,0,False,0.0,
recall_loss,109,233,v109_s0233,0,0,False,0.0,
recall_loss,109,234,v109_s0234,0,0,False,0.0,
recall_loss,109,235,v109_s0235,0,0,False,0.0,
recall_loss,109,236,v109_s0236,0,0,False,0.0,
recall_loss,109,237,v109_s0237,0,0,False,0.0,
recall_loss,109,238,v109_s0238,0,0,False,0.0,
recall_loss,109,239,v109_s0239,0,0,False,0.0,
recall_loss,109,240,v109_s0240,0,0,False,0.0,
recall_loss,109,241,v109_s0241,0,0,False,0.0,
recall_loss,109,242,v109_s0242,0,0,False,0.0,
recall_loss,109,243,v109_s0243,0,0,False,0.0,
recall_loss,109,244,v109_s0244,0,0,False,0.0,
recall_loss,109,245,v109_s0245,0,0,False,0.0,
recall_loss,109,246,v109_s0246,0,0,False,0.0,
recall_loss,109,247,v109_s0247,0,0,False,0.0,
recall_loss,109,248,v109_s0248,0,0,False,0.0,
recall_loss,109,249,v109_s0249,0,0,False,0.0,
recall_loss,109,250,v109_s0250,0,0,False,0.0,
recall_loss,109,251,v109_s0251,0,0,False,0.0,
recall_loss,109,252,v109_s0252,0,0,False,0.0,
recall_loss,109,253,v109_s0253,0,0,False,0.0,
recall_loss,109,254,v109_s0254,0,0,False,0.0,
recall_loss,109,255,v109_s0255,0,0,False,0.0,
recall_loss,109,256,v109_s0256,0,0,False,0.0,
recall_loss,109,257,v109_s0257,0,0,False,0.0,
recall_loss,109,258,v109_s0258,0,0,False,0.0,
recall_loss,109,259,v109_s0259,0,0,False,0.0,
recall_loss,109,260,v109_s0260,0,0,False,0.0,
recall_loss,109,261,v109_s0261,0,0,False,0.0,
recall_loss,109,262,v109_s0262,0,0,False,0.0,
recall_loss,109,263,v109_s0263,0,0,False,0.0,
recall_loss,109,264,v109_s0264,0,0,False,0.0,
recall_loss,109,265,v109_s0265,0,0,False,0.0,
recall_loss,109,266,v109_s0266,0,0,False,0.0,
recall_loss,109,267,v109_s0267,0,0,False,0.0,
recall_loss,109,268,v109_s0268,0,0,False,0.0,
recall_loss,109,269,v109_s0269,0,0,False,0.0,
recall_loss,109,270,v109_s0270,0,0,False,0.0,
recall_loss,109,271,v109_s0271,0,0,False,0.0,
recall_loss,109,272,v109_s0272,0,0,False,0.0,
recall_loss,109,273,v109_s0273,0,0,False,0.0,
recall_loss,109,274,v109_s0274,0,0,False,0.0,
recall_loss,109,275,v109_s0275,0,0,False,0.0,
recall_loss,109,276,v109_s0276,0,0,False,0.0,
recall_loss,109,277,v109_s0277,0,0,False,0.0,
recall_loss,109,278,v109_s0278,0,0,False,0.0,
recall_loss,109,279,v109_s0279,0,0,False,0.0,
recall_loss,109,280,v109_s0280,0,0,False,0.0,
recall_loss,109,281,v109_s0281,0,0,False,0.0,
recall_loss,109,282,v109_s0282,0,0,False,0.0,
recall_loss,109,283,v109_s0283,0,0,False,0.0,
recall_loss,109,284,v109_s0284,0,0,False,0.0,
recall_loss,109,285,v109_s0285,0,0,False,0.0,
recall_loss,109,286,v109_s0286,0,0,False,0.0,
recall_loss,109,287,v109_s0287,0,0,False,0.0,
recall_loss,109,288,v109_s0288,0,0,False,0.0,
recall_loss,109,289,v109_s0289,0,0,False,0.0,
recall_loss,109,290,v109_s0290,0,0,False,0.0,
recall_loss,109,291,v109_s0291,0,0,False,0.0,
recall_loss,109,292,v109_s0292,0,0,False,0.0,
recall_loss,109,293,v109_s0293,0,0,False,0.0,
recall_loss,109,294,v109_s0294,0,0,False,0.0,
recall_loss,109,295,v109_s0295,0,0,False,0.0,
recall_loss,109,296,v109_s0296,0,0,False,0.0,
recall_loss,109,297,v109_s0297,0,0,False,0.0,
recall_loss,109,298,v109_s0298,0,0,False,0.0,
recall_loss,109,299,v109_s0299,0,0,False,0.0,
recall_loss,109,300,v109_s0300,0,0,False,0.0,
recall_loss,109,301,v109_s0301,0,0,False,0.0,
recall_loss,109,302,v109_s0302,0,0,False,0.0,
recall_loss,109,303,v109_s0303,0,0,False,0.0,
recall_loss,109,304,v109_s0304,0,0,False,0.0,
recall_loss,109,305,v109_s0305,0,0,False,0.0,
recall_loss,109,306,v109_s0306,0,0,False,0.0,
recall_loss,109,307,v109_s0307,0,0,False,0.0,
recall_loss,109,308,v109_s0308,0,0,False,0.0,
recall_loss,109,309,v109_s0309,0,0,False,0.0,
recall_loss,109,310,v109_s0310,7,0,False,0.0,0.0
recall_loss,109,311,v109_s0311,7,0,False,0.0,0.0
recall_loss,109,312,v109_s0312,7,0,False,0.0,0.0
recall_loss,109,313,v109_s0313,8,0,False,0.0,0.0
recall_loss,109,314,v109_s0314,11,6,True,0.9970703125,0.9970703125
recall_loss,109,315,v109_s0315,13,11,True,1.0,1.0
recall_loss,109,316,v109_s0316,13,15,True,1.0,1.0
recall_loss,109,317,v109_s0317,14,19,True,1.0,1.0
recall_loss,109,318,v109_s0318,16,25,True,1.0,1.0
recall_loss,109,319,v109_s0319,19,28,True,1.0,1.0
recall_loss,109,320,v109_s0320,21,26,True,1.0,1.0
recall_loss,109,321,v109_s0321,27,24,True,1.0,1.0
recall_loss,109,322,v109_s0322,52,4,True,0.841796875,0.841796875
recall_loss,109,323,v109_s0323,52,0,False,0.0,0.0
recall_loss,109,324,v109_s0324,51,0,False,0.0,0.0
recall_loss,109,325,v109_s0325,63,0,False,0.002689361572265625,0.002689361572265625
recall_loss,109,326,v109_s0326,54,14,True,1.0,1.0
recall_loss,109,327,v109_s0327,63,21,True,1.0,1.0
recall_loss,109,328,v109_s0328,56,28,True,1.0,1.0
recall_loss,109,329,v109_s0329,51,24,True,1.0,1.0
recall_loss,109,330,v109_s0330,54,57,True,1.0,1.0
recall_loss,109,331,v109_s0331,61,75,True,1.0,1.0
recall_loss,109,332,v109_s0332,50,25,False,1.0,0.00013625621795654297
recall_loss,109,333,v109_s0333,54,7,False,1.0,0.0
recall_loss,109,334,v109_s0334,58,0,False,0.0,0.0
recall_loss,109,335,v109_s0335,62,0,False,1.4901161193847656e-06,0.0
recall_loss,109,336,v109_s0336,71,0,False,0.00016236305236816406,0.0
recall_loss,109,337,v109_s0337,73,9,False,1.0,0.0030956268310546875
recall_loss,109,338,v109_s0338,83,37,True,1.0,1.0
recall_loss,109,339,v109_s0339,89,89,True,1.0,1.0
recall_loss,109,340,v109_s0340,101,119,True,1.0,1.0
recall_loss,109,341,v109_s0341,117,116,True,1.0,1.0
recall_loss,109,342,v109_s0342,133,92,True,1.0,1.0
recall_loss,109,343,v109_s0343,159,96,True,1.0,1.0
recall_loss,109,344,v109_s0344,138,100,True,1.0,1.0
recall_loss,109,345,v109_s0345,121,89,True,1.0,1.0
recall_loss,109,346,v109_s0346,108,100,True,1.0,1.0
recall_loss,109,347,v109_s0347,96,82,True,1.0,1.0
recall_loss,109,348,v109_s0348,83,97,True,1.0,1.0
recall_loss,109,349,v109_s0349,77,112,True,1.0,1.0
recall_loss,109,350,v109_s0350,71,105,True,1.0,1.0
recall_loss,109,351,v109_s0351,13,62,True,1.0,1.0
recall_loss,109,352,v109_s0352,0,0,False,0.0,
recall_loss,109,353,v109_s0353,0,0,False,0.0,
recall_loss,109,354,v109_s0354,0,18,False,0.99951171875,
recall_loss,109,355,v109_s0355,0,27,False,1.0,
recall_loss,109,356,v109_s0356,0,6,False,0.98486328125,
recall_loss,109,357,v109_s0357,0,0,False,0.0001302957534790039,
recall_loss,109,358,v109_s0358,17,6,True,0.9912109375,0.9912109375
recall_loss,109,359,v109_s0359,18,16,True,1.0,1.0
recall_loss,109,360,v109_s0360,27,33,True,1.0,1.0
recall_loss,109,361,v109_s0361,18,47,True,1.0,1.0
recall_loss,109,362,v109_s0362,18,64,True,1.0,1.0
recall_loss,109,363,v109_s0363,0,38,False,1.0,
recall_loss,109,364,v109_s0364,13,72,True,1.0,1.0
recall_loss,109,365,v109_s0365,12,72,True,1.0,1.0
recall_loss,109,366,v109_s0366,10,38,True,1.0,1.0
recall_loss,109,367,v109_s0367,15,62,True,1.0,1.0
recall_loss,109,368,v109_s0368,21,53,True,1.0,1.0
recall_loss,109,369,v109_s0369,18,45,True,1.0,1.0
recall_loss,109,370,v109_s0370,13,43,True,1.0,1.0
recall_loss,109,371,v109_s0371,11,35,True,1.0,1.0
recall_loss,109,372,v109_s0372,0,47,False,1.0,
recall_loss,109,373,v109_s0373,0,32,False,1.0,
recall_loss,109,374,v109_s0374,0,17,False,0.998046875,
recall_loss,109,375,v109_s0375,0,42,False,1.0,
recall_loss,109,376,v109_s0376,0,22,False,0.9990234375,
recall_loss,109,377,v109_s0377,0,29,False,1.0,
recall_loss,109,378,v109_s0378,0,44,False,1.0,
recall_loss,109,379,v109_s0379,0,0,False,0.0,
recall_loss,109,380,v109_s0380,0,0,False,1.7881393432617188e-07,
recall_loss,109,381,v109_s0381,0,0,False,0.0,
recall_loss,109,382,v109_s0382,0,0,False,0.0,
recall_loss,109,383,v109_s0383,0,8,False,0.99755859375,
recall_loss,109,384,v109_s0384,0,17,False,1.0,
recall_loss,109,385,v109_s0385,0,28,False,1.0,
recall_loss,109,386,v109_s0386,0,34,False,1.0,
recall_loss,109,387,v109_s0387,0,6,False,0.9990234375,
recall_loss,109,388,v109_s0388,0,0,False,0.4033203125,
recall_loss,109,389,v109_s0389,31,38,True,1.0,1.0
recall_loss,109,390,v109_s0390,31,23,True,1.0,1.0
recall_loss,109,391,v109_s0391,37,38,True,1.0,1.0
recall_loss,109,392,v109_s0392,37,55,True,1.0,1.0
recall_loss,109,393,v109_s0393,42,14,True,1.0,0.65380859375
recall_loss,109,394,v109_s0394,46,51,True,1.0,1.0
recall_loss,109,395,v109_s0395,46,64,True,1.0,1.0
recall_loss,109,396,v109_s0396,45,69,True,1.0,1.0
recall_loss,109,397,v109_s0397,45,96,True,1.0,1.0
recall_loss,109,398,v109_s0398,48,105,True,1.0,1.0
recall_loss,109,399,v109_s0399,70,107,True,1.0,1.0
recall_loss,109,400,v109_s0400,69,111,True,1.0,1.0
recall_loss,109,401,v109_s0401,74,104,True,1.0,1.0
recall_loss,109,402,v109_s0402,78,121,True,1.0,1.0
recall_loss,109,403,v109_s0403,83,142,True,1.0,1.0
recall_loss,109,404,v109_s0404,90,188,True,1.0,1.0
recall_loss,109,405,v109_s0405,139,226,True,1.0,1.0
recall_loss,109,406,v109_s0406,148,196,True,1.0,1.0
recall_loss,109,407,v109_s0407,151,176,True,1.0,1.0
recall_loss,109,408,v109_s0408,180,203,True,1.0,1.0
recall_loss,109,409,v109_s0409,240,319,True,1.0,1.0
recall_loss,109,410,v109_s0410,282,297,True,1.0,1.0
recall_loss,109,411,v109_s0411,254,463,True,1.0,1.0
recall_loss,109,412,v109_s0412,281,433,True,1.0,1.0
recall_loss,109,413,v109_s0413,274,328,True,1.0,1.0
recall_loss,109,414,v109_s0414,273,205,True,1.0,1.0
recall_loss,109,415,v109_s0415,299,211,True,1.0,1.0
recall_loss,109,416,v109_s0416,284,159,True,1.0,1.0
recall_loss,109,417,v109_s0417,267,454,True,1.0,1.0
recall_loss,109,418,v109_s0418,311,240,True,1.0,1.0
recall_loss,109,419,v109_s0419,262,380,True,1.0,1.0
recall_loss,109,420,v109_s0420,217,190,True,1.0,1.0
recall_loss,109,421,v109_s0421,207,230,True,1.0,1.0
recall_loss,109,422,v109_s0422,238,333,True,1.0,1.0
recall_loss,109,423,v109_s0423,244,292,True,1.0,1.0
recall_loss,109,424,v109_s0424,184,279,True,1.0,1.0
recall_loss,109,425,v109_s0425,194,190,True,1.0,1.0
recall_loss,109,426,v109_s0426,187,242,True,1.0,1.0
recall_loss,109,427,v109_s0427,184,218,True,1.0,1.0
recall_loss,109,428,v109_s0428,236,212,True,1.0,1.0
recall_loss,109,429,v109_s0429,244,183,True,1.0,1.0
recall_loss,109,430,v109_s0430,274,208,True,1.0,1.0
recall_loss,109,431,v109_s0431,327,370,True,1.0,1.0
recall_loss,109,432,v109_s0432,277,518,True,1.0,1.0
recall_loss,109,433,v109_s0433,287,518,True,1.0,1.0
recall_loss,109,434,v109_s0434,269,336,True,1.0,1.0
recall_loss,109,435,v109_s0435,265,282,True,1.0,1.0
recall_loss,109,436,v109_s0436,318,284,True,1.0,1.0
recall_loss,109,437,v109_s0437,333,308,True,1.0,1.0
recall_loss,109,438,v109_s0438,380,246,True,1.0,1.0
recall_loss,109,439,v109_s0439,329,248,True,1.0,1.0
recall_loss,109,440,v109_s0440,353,296,True,1.0,1.0
recall_loss,109,441,v109_s0441,368,358,True,1.0,1.0
recall_loss,109,442,v109_s0442,405,394,True,1.0,1.0
recall_loss,109,443,v109_s0443,353,345,True,1.0,1.0
recall_loss,109,444,v109_s0444,370,310,True,1.0,1.0
recall_loss,109,445,v109_s0445,375,332,True,1.0,1.0
recall_loss,109,446,v109_s0446,369,280,True,1.0,1.0
recall_loss,109,447,v109_s0447,365,309,True,1.0,1.0
recall_loss,109,448,v109_s0448,369,353,True,1.0,1.0
recall_loss,109,449,v109_s0449,377,398,True,1.0,1.0
recall_loss,109,450,v109_s0450,417,422,True,1.0,1.0
recall_loss,109,451,v109_s0451,333,415,True,1.0,1.0
recall_loss,109,452,v109_s0452,301,395,True,1.0,1.0
recall_loss,109,453,v109_s0453,275,353,True,1.0,1.0
recall_loss,109,454,v109_s0454,240,272,True,1.0,1.0
recall_loss,109,455,v109_s0455,211,139,True,1.0,1.0
recall_loss,109,456,v109_s0456,169,65,True,1.0,1.0
recall_loss,109,457,v109_s0457,28,17,True,1.0,1.0
recall_loss,109,458,v109_s0458,24,14,True,0.99951171875,0.99951171875
recall_loss,109,459,v109_s0459,28,27,True,1.0,1.0
recall_loss,109,460,v109_s0460,26,24,False,1.0,5.960464477539063e-08
recall_loss,109,461,v109_s0461,20,55,False,1.0,0.0
recall_loss,109,462,v109_s0462,14,0,False,0.0,0.0
recall_loss,109,463,v109_s0463,9,0,False,0.0,0.0
recall_loss,109,464,v109_s0464,2,0,False,0.0,0.0
recall_loss,109,465,v109_s0465,0,0,False,0.0,
recall_loss,109,466,v109_s0466,0,0,False,0.0,
recall_loss,109,467,v109_s0467,0,0,False,0.0,
recall_loss,109,468,v109_s0468,0,0,False,0.0,
recall_loss,109,469,v109_s0469,0,0,False,0.0,
recall_loss,109,470,v109_s0470,0,0,False,0.0,
recall_loss,109,471,v109_s0471,0,0,False,0.0,
recall_loss,109,472,v109_s0472,0,0,False,0.0,
recall_loss,109,473,v109_s0473,0,0,False,0.0,
recall_loss,109,474,v109_s0474,0,0,False,0.0,
recall_loss,109,475,v109_s0475,0,0,False,0.0,
recall_loss,109,476,v109_s0476,0,0,False,0.0,
recall_loss,109,477,v109_s0477,0,0,False,0.0,
recall_loss,109,478,v109_s0478,0,0,False,0.0,
recall_loss,109,479,v109_s0479,0,0,False,0.0,
recall_loss,109,480,v109_s0480,0,0,False,0.0,
recall_loss,109,481,v109_s0481,0,0,False,0.0,
recall_loss,109,482,v109_s0482,0,0,False,0.0,
recall_loss,109,483,v109_s0483,0,0,False,0.0,
recall_loss,109,484,v109_s0484,0,0,False,0.0,
recall_loss,109,485,v109_s0485,0,0,False,0.0,
recall_loss,109,486,v109_s0486,0,0,False,0.0,
recall_loss,109,487,v109_s0487,0,0,False,0.0,
recall_loss,109,488,v109_s0488,0,0,False,0.0,
recall_loss,109,489,v109_s0489,0,0,False,0.0,
recall_loss,109,490,v109_s0490,0,0,False,0.0,
recall_loss,109,491,v109_s0491,0,0,False,0.0,
recall_loss,109,492,v109_s0492,0,0,False,0.0,
recall_loss,109,493,v109_s0493,0,0,False,0.0,
recall_loss,109,494,v109_s0494,0,0,False,0.0,
recall_loss,109,495,v109_s0495,0,0,False,0.0,
recall_loss,109,496,v109_s0496,0,0,False,0.0,
recall_loss,109,497,v109_s0497,0,0,False,0.0,
recall_loss,109,498,v109_s0498,0,0,False,0.0,
recall_loss,109,499,v109_s0499,0,0,False,0.0,
recall_loss,109,500,v109_s0500,0,0,False,0.0,
recall_loss,109,501,v109_s0501,0,0,False,0.0,
recall_loss,109,502,v109_s0502,0,0,False,0.0,
recall_loss,109,503,v109_s0503,0,0,False,0.0,
recall_loss,109,504,v109_s0504,0,0,False,0.0,
recall_loss,109,505,v109_s0505,0,0,False,0.0,
recall_loss,109,506,v109_s0506,0,0,False,0.0,
recall_loss,109,507,v109_s0507,0,0,False,0.0,
recall_loss,109,508,v109_s0508,0,0,False,0.0,
recall_loss,109,509,v109_s0509,0,0,False,0.0,
recall_loss,109,510,v109_s0510,0,0,False,0.0,
recall_loss,109,511,v109_s0511,0,0,False,0.0,
recall_loss,109,512,v109_s0512,0,0,False,0.0,
recall_loss,109,513,v109_s0513,0,0,False,0.0,
recall_loss,109,514,v109_s0514,0,0,False,0.0,
recall_loss,109,515,v109_s0515,0,0,False,0.0,
recall_loss,109,516,v109_s0516,0,0,False,0.0,
recall_loss,109,517,v109_s0517,0,0,False,0.0,
recall_loss,109,518,v109_s0518,0,0,False,0.0,
recall_loss,109,519,v109_s0519,0,0,False,0.0,
recall_loss,109,520,v109_s0520,0,0,False,0.0,
recall_loss,109,521,v109_s0521,0,0,False,0.0,
recall_loss,109,522,v109_s0522,0,0,False,0.0,
recall_loss,109,523,v109_s0523,0,0,False,0.0,
recall_loss,109,524,v109_s0524,0,0,False,0.0,
recall_loss,109,525,v109_s0525,0,0,False,0.0,
recall_loss,109,526,v109_s0526,0,0,False,0.0,
recall_loss,109,527,v109_s0527,0,0,False,0.0,
recall_loss,109,528,v109_s0528,0,0,False,0.0,
recall_loss,109,529,v109_s0529,0,0,False,0.0,
recall_loss,109,530,v109_s0530,0,0,False,0.0,
recall_loss,109,531,v109_s0531,0,0,False,0.0,
recall_loss,109,532,v109_s0532,0,0,False,0.0,
recall_loss,109,533,v109_s0533,0,0,False,0.0,
recall_loss,109,534,v109_s0534,0,0,False,0.0,
recall_loss,109,535,v109_s0535,0,0,False,0.0,
recall_loss,109,536,v109_s0536,0,0,False,0.0,
recall_loss,109,537,v109_s0537,0,0,False,0.0,
recall_loss,109,538,v109_s0538,0,0,False,0.0,
recall_loss,109,539,v109_s0539,0,0,False,0.0,
recall_loss,109,540,v109_s0540,0,0,False,0.0,
recall_loss,109,541,v109_s0541,0,0,False,0.0,
recall_loss,109,542,v109_s0542,0,0,False,0.0,
recall_loss,109,543,v109_s0543,0,0,False,0.0,
recall_loss,109,544,v109_s0544,0,0,False,0.0,
recall_loss,109,545,v109_s0545,0,0,False,0.0,
recall_loss,109,546,v109_s0546,0,0,False,0.0,
recall_loss,109,547,v109_s0547,0,0,False,0.0,
recall_loss,109,548,v109_s0548,0,0,False,0.0,
recall_loss,109,549,v109_s0549,0,0,False,0.0,
recall_loss,109,550,v109_s0550,0,0,False,0.0,
recall_loss,109,551,v109_s0551,0,0,False,0.0,
recall_loss,109,552,v109_s0552,0,0,False,0.0,
recall_loss,109,553,v109_s0553,0,0,False,0.0,
recall_loss,109,554,v109_s0554,0,0,False,0.0,
recall_loss,109,555,v109_s0555,0,0,False,0.0,
recall_loss,109,556,v109_s0556,0,0,False,0.0,
recall_loss,109,557,v109_s0557,0,0,False,0.0,
recall_loss,109,558,v109_s0558,0,0,False,0.0,
recall_loss,109,559,v109_s0559,0,0,False,0.0,
recall_loss,109,560,v109_s0560,0,0,False,0.0,
recall_loss,109,561,v109_s0561,0,0,False,0.0,
recall_loss,109,562,v109_s0562,0,0,False,0.0,
recall_loss,109,563,v109_s0563,0,0,False,0.0,
recall_loss,109,564,v109_s0564,0,0,False,0.0,
recall_loss,109,565,v109_s0565,0,0,False,0.0,
recall_loss,109,566,v109_s0566,0,0,False,0.0,
recall_loss,109,567,v109_s0567,0,0,False,0.0,
recall_loss,109,568,v109_s0568,0,0,False,0.0,
recall_loss,109,569,v109_s0569,0,0,False,0.0,
recall_loss,109,570,v109_s0570,0,0,False,0.0,
recall_loss,109,571,v109_s0571,0,0,False,0.0,
recall_loss,109,572,v109_s0572,0,0,False,0.0,
recall_loss,109,573,v109_s0573,0,0,False,0.0,
recall_loss,109,574,v109_s0574,0,0,False,0.0,
recall_loss,109,575,v109_s0575,0,0,False,0.0,
recall_loss,109,576,v109_s0576,0,0,False,0.0,
recall_loss,109,577,v109_s0577,0,0,False,0.0,
recall_loss,109,578,v109_s0578,0,0,False,0.0,
recall_loss,109,579,v109_s0579,0,0,False,0.0,
recall_loss,109,580,v109_s0580,0,0,False,0.0,
recall_loss,109,581,v109_s0581,0,0,False,0.0,
recall_loss,109,582,v109_s0582,0,0,False,0.0,
recall_loss,109,583,v109_s0583,0,0,False,0.0,
recall_loss,109,584,v109_s0584,0,0,False,0.0,
recall_loss,109,585,v109_s0585,0,0,False,0.0,
recall_loss,109,586,v109_s0586,0,0,False,0.0,
recall_loss,109,587,v109_s0587,0,0,False,0.0,
recall_loss,109,588,v109_s0588,0,0,False,0.0,
recall_loss,109,589,v109_s0589,0,0,False,0.0,
recall_loss,109,590,v109_s0590,0,0,False,0.0,
recall_loss,109,591,v109_s0591,0,0,False,0.0,
recall_loss,109,592,v109_s0592,0,0,False,0.0,
recall_loss,109,593,v109_s0593,0,0,False,0.0,
recall_loss,109,594,v109_s0594,0,0,False,0.0,
recall_loss,109,595,v109_s0595,0,0,False,0.0,
recall_loss,109,596,v109_s0596,0,0,False,0.0,
recall_loss,109,597,v109_s0597,0,0,False,0.0,
recall_loss,109,598,v109_s0598,0,0,False,0.0,
recall_loss,109,599,v109_s0599,0,0,False,0.0,
recall_loss,109,600,v109_s0600,0,0,False,0.0,
recall_loss,109,601,v109_s0601,0,0,False,0.0,
recall_loss,109,602,v109_s0602,0,0,False,0.0,
recall_loss,109,603,v109_s0603,0,0,False,0.0,
recall_loss,109,604,v109_s0604,0,0,False,0.0,
recall_loss,109,605,v109_s0605,0,0,False,0.0,
recall_loss,109,606,v109_s0606,0,0,False,0.0,
recall_loss,109,607,v109_s0607,0,0,False,0.0,
recall_loss,109,608,v109_s0608,0,0,False,0.0,
recall_loss,109,609,v109_s0609,0,0,False,0.0,
recall_loss,109,610,v109_s0610,0,0,False,0.0,
recall_loss,109,611,v109_s0611,0,0,False,0.0,
recall_loss,109,612,v109_s0612,0,0,False,0.0,
recall_loss,109,613,v109_s0613,0,0,False,0.0,
recall_loss,109,614,v109_s0614,0,0,False,0.0,
recall_loss,109,615,v109_s0615,0,0,False,0.0,
recall_loss,109,616,v109_s0616,0,0,False,0.0,
recall_loss,109,617,v109_s0617,0,0,False,0.0,
recall_loss,109,618,v109_s0618,0,0,False,0.0,
recall_loss,109,619,v109_s0619,0,0,False,0.0,
recall_loss,109,620,v109_s0620,0,0,False,0.0,
recall_loss,109,621,v109_s0621,0,0,False,0.0,
recall_loss,109,622,v109_s0622,0,0,False,0.0,
recall_loss,109,623,v109_s0623,0,0,False,0.0,
recall_loss,109,624,v109_s0624,0,0,False,0.0,
recall_loss,109,625,v109_s0625,0,0,False,0.0,
recall_loss,109,626,v109_s0626,0,0,False,0.0,
recall_loss,109,627,v109_s0627,0,0,False,0.0,
recall_loss,109,628,v109_s0628,0,0,False,0.0,
recall_loss,109,629,v109_s0629,0,0,False,0.0,
recall_loss,109,630,v109_s0630,0,0,False,0.0,
recall_loss,109,631,v109_s0631,0,0,False,0.0,
recall_loss,109,632,v109_s0632,0,0,False,0.0,
recall_loss,109,633,v109_s0633,0,0,False,0.0,
recall_loss,109,634,v109_s0634,0,0,False,0.0,
recall_loss,109,635,v109_s0635,0,0,False,0.0,
recall_loss,109,636,v109_s0636,0,0,False,0.0,
recall_loss,109,637,v109_s0637,0,0,False,0.0,
recall_loss,109,638,v109_s0638,0,0,False,0.0,
recall_loss,109,639,v109_s0639,0,0,False,0.0,
recall_loss,109,640,v109_s0640,0,0,False,0.0,
recall_loss,109,641,v109_s0641,0,0,False,0.0,
recall_loss,109,642,v109_s0642,0,0,False,0.0,
recall_loss,109,643,v109_s0643,0,0,False,0.0,
recall_loss,109,644,v109_s0644,0,0,False,0.0,
recall_loss,109,645,v109_s0645,0,0,False,0.0,
recall_loss,109,646,v109_s0646,0,0,False,0.0,
recall_loss,109,647,v109_s0647,0,0,False,0.0,
recall_loss,109,648,v109_s0648,0,0,False,0.0,
recall_loss,109,649,v109_s0649,0,0,False,0.0,
recall_loss,109,650,v109_s0650,0,0,False,0.0,
recall_loss,109,651,v109_s0651,0,0,False,0.0,
recall_loss,109,652,v109_s0652,0,0,False,0.0,
recall_loss,109,653,v109_s0653,0,0,False,0.0,
recall_loss,109,654,v109_s0654,0,0,False,0.0,
recall_loss,109,655,v109_s0655,0,0,False,0.0,
recall_loss,109,656,v109_s0656,0,0,False,0.0,
recall_loss,109,657,v109_s0657,0,0,False,0.0,
recall_loss,109,658,v109_s0658,0,0,False,0.0,
recall_loss,109,659,v109_s0659,0,0,False,0.0,
recall_loss,109,660,v109_s0660,0,0,False,0.0,
recall_loss,109,661,v109_s0661,0,0,False,0.0,
recall_loss,109,662,v109_s0662,0,0,False,0.0,
recall_loss,109,663,v109_s0663,0,0,False,0.0,
recall_loss,109,664,v109_s0664,0,0,False,0.0,
recall_loss,109,665,v109_s0665,0,0,False,0.0,
recall_loss,109,666,v109_s0666,0,0,False,0.0,
recall_loss,109,667,v109_s0667,0,0,False,0.0,
recall_loss,109,668,v109_s0668,0,0,False,0.0,
recall_loss,109,669,v109_s0669,0,0,False,0.0,
recall_loss,109,670,v109_s0670,0,0,False,0.0,
recall_loss,109,671,v109_s0671,0,0,False,0.0,
recall_loss,109,672,v109_s0672,0,0,False,0.0,
recall_loss,109,673,v109_s0673,0,0,False,0.0,
recall_loss,109,674,v109_s0674,0,0,False,0.0,
recall_loss,109,675,v109_s0675,0,0,False,0.0,
recall_loss,109,676,v109_s0676,0,0,False,0.0,
recall_loss,109,677,v109_s0677,0,0,False,0.0,
recall_loss,109,678,v109_s0678,0,0,False,0.0,
recall_loss,109,679,v109_s0679,0,0,False,0.0,
recall_loss,109,680,v109_s0680,0,0,False,0.0,
recall_loss,109,681,v109_s0681,0,0,False,0.0,
recall_loss,109,682,v109_s0682,0,0,False,0.0,
recall_loss,109,683,v109_s0683,0,0,False,0.0,
recall_loss,109,684,v109_s0684,0,0,False,0.0,
recall_loss,109,685,v109_s0685,0,0,False,0.0,
recall_loss,109,686,v109_s0686,0,0,False,0.0,
recall_loss,109,687,v109_s0687,0,0,False,0.0,
recall_loss,109,688,v109_s0688,0,0,False,0.0,
recall_loss,109,689,v109_s0689,0,0,False,0.0,
recall_loss,109,690,v109_s0690,0,0,False,0.0,
recall_loss,109,691,v109_s0691,0,0,False,0.0,
recall_loss,109,692,v109_s0692,0,0,False,0.0,
recall_loss,109,693,v109_s0693,0,0,False,0.0,
recall_loss,109,694,v109_s0694,0,0,False,0.0,
recall_loss,109,695,v109_s0695,0,0,False,0.0,
recall_loss,109,696,v109_s0696,0,0,False,0.0,
recall_loss,109,697,v109_s0697,0,0,False,0.0,
recall_loss,109,698,v109_s0698,0,0,False,0.0,
recall_loss,109,699,v109_s0699,0,0,False,0.0,
recall_loss,109,700,v109_s0700,0,0,False,0.0,
recall_loss,109,701,v109_s0701,0,0,False,0.0,
recall_loss,109,702,v109_s0702,0,0,False,0.0,
recall_loss,109,703,v109_s0703,0,0,False,0.0,
recall_loss,109,704,v109_s0704,0,0,False,0.0,
recall_loss,109,705,v109_s0705,0,0,False,0.0,
recall_loss,109,706,v109_s0706,0,0,False,0.0,
recall_loss,109,707,v109_s0707,0,0,False,0.0,
recall_loss,109,708,v109_s0708,0,0,False,0.0,
recall_loss,109,709,v109_s0709,0,0,False,0.0,
recall_loss,109,710,v109_s0710,0,0,False,0.0,
recall_loss,109,711,v109_s0711,0,0,False,0.0,
recall_loss,109,712,v109_s0712,0,0,False,0.0,
recall_loss,109,713,v109_s0713,0,0,False,0.0,
recall_loss,109,714,v109_s0714,0,0,False,0.0,
recall_loss,109,715,v109_s0715,0,0,False,0.0,
recall_loss,109,716,v109_s0716,0,0,False,0.0,
recall_loss,109,717,v109_s0717,0,0,False,0.0,
recall_loss,109,718,v109_s0718,0,0,False,0.0,
recall_loss,109,719,v109_s0719,0,0,False,0.0,
recall_loss,109,720,v109_s0720,0,0,False,0.0,
recall_loss,109,721,v109_s0721,0,0,False,0.0,
recall_loss,109,722,v109_s0722,0,0,False,0.0,
recall_loss,109,723,v109_s0723,0,0,False,0.0,
recall_loss,109,724,v109_s0724,0,0,False,0.0,
recall_loss,109,725,v109_s0725,0,0,False,0.0,
recall_loss,109,726,v109_s0726,0,0,False,0.0,
recall_loss,109,727,v109_s0727,0,0,False,0.0,
recall_loss,109,728,v109_s0728,0,0,False,0.0,
recall_loss,109,729,v109_s0729,0,0,False,0.0,
recall_loss,109,730,v109_s0730,0,0,False,0.0,
recall_loss,109,731,v109_s0731,0,0,False,0.0,
recall_loss,109,732,v109_s0732,0,0,False,0.0,
recall_loss,109,733,v109_s0733,0,0,False,0.0,
recall_loss,109,734,v109_s0734,0,0,False,0.0,
recall_loss,109,735,v109_s0735,0,0,False,0.0,
recall_loss,109,736,v109_s0736,0,0,False,0.0,
recall_loss,109,737,v109_s0737,0,0,False,0.0,
recall_loss,109,738,v109_s0738,0,0,False,0.0,
recall_loss,109,739,v109_s0739,0,0,False,0.0,
recall_loss,109,740,v109_s0740,0,0,False,0.0,
recall_loss,109,741,v109_s0741,0,0,False,0.0,
recall_loss,109,742,v109_s0742,0,0,False,0.0,
recall_loss,109,743,v109_s0743,0,0,False,0.0,
recall_loss,109,744,v109_s0744,0,0,False,0.0,
recall_loss,109,745,v109_s0745,0,0,False,0.0,
recall_loss,109,746,v109_s0746,0,0,False,0.0,
recall_loss,109,747,v109_s0747,0,0,False,0.0,
recall_loss,109,748,v109_s0748,0,0,False,0.0,
recall_loss,109,749,v109_s0749,0,0,False,0.0,
recall_loss,109,750,v109_s0750,0,0,False,0.0,
recall_loss,109,751,v109_s0751,0,0,False,0.0,
recall_loss,109,752,v109_s0752,0,0,False,0.0,
recall_loss,109,753,v109_s0753,0,0,False,0.0,
recall_loss,109,754,v109_s0754,0,0,False,0.0,
recall_loss,109,755,v109_s0755,0,0,False,0.0,
recall_loss,110,0,v110_s0000,0,0,False,0.0,
recall_loss,110,1,v110_s0001,0,0,False,0.0,
recall_loss,110,2,v110_s0002,0,0,False,0.0,
recall_loss,110,3,v110_s0003,0,0,False,0.0,
recall_loss,110,4,v110_s0004,0,0,False,0.0,
recall_loss,110,5,v110_s0005,0,0,False,0.0,
recall_loss,110,6,v110_s0006,0,0,False,0.0,
recall_loss,110,7,v110_s0007,0,0,False,0.0,
recall_loss,110,8,v110_s0008,0,0,False,0.0,
recall_loss,110,9,v110_s0009,0,0,False,0.0,
recall_loss,110,10,v110_s0010,0,0,False,0.0,
recall_loss,110,11,v110_s0011,0,0,False,0.0,
recall_loss,110,12,v110_s0012,0,0,False,0.0,
recall_loss,110,13,v110_s0013,0,0,False,0.0,
recall_loss,110,14,v110_s0014,0,0,False,0.0,
recall_loss,110,15,v110_s0015,0,0,False,0.0,
recall_loss,110,16,v110_s0016,0,0,False,0.0,
recall_loss,110,17,v110_s0017,0,0,False,0.0,
recall_loss,110,18,v110_s0018,0,0,False,0.0,
recall_loss,110,19,v110_s0019,0,0,False,0.0,
recall_loss,110,20,v110_s0020,0,0,False,0.0,
recall_loss,110,21,v110_s0021,0,0,False,0.0,
recall_loss,110,22,v110_s0022,0,0,False,0.0,
recall_loss,110,23,v110_s0023,0,0,False,0.0,
recall_loss,110,24,v110_s0024,0,0,False,0.0,
recall_loss,110,25,v110_s0025,0,0,False,0.0,
recall_loss,110,26,v110_s0026,0,0,False,0.0,
recall_loss,110,27,v110_s0027,0,0,False,0.0,
recall_loss,110,28,v110_s0028,0,0,False,0.0,
recall_loss,110,29,v110_s0029,0,0,False,0.0,
recall_loss,110,30,v110_s0030,0,0,False,0.0,
recall_loss,110,31,v110_s0031,0,0,False,0.0,
recall_loss,110,32,v110_s0032,0,0,False,0.0,
recall_loss,110,33,v110_s0033,0,0,False,0.0,
recall_loss,110,34,v110_s0034,0,0,False,0.0,
recall_loss,110,35,v110_s0035,0,0,False,0.0,
recall_loss,110,36,v110_s0036,0,0,False,0.0,
recall_loss,110,37,v110_s0037,0,0,False,0.0,
recall_loss,110,38,v110_s0038,0,0,False,0.0,
recall_loss,110,39,v110_s0039,0,0,False,0.0,
recall_loss,110,40,v110_s0040,0,0,False,0.0,
recall_loss,110,41,v110_s0041,0,0,False,0.0,
recall_loss,110,42,v110_s0042,0,0,False,0.0,
recall_loss,110,43,v110_s0043,0,0,False,0.0,
recall_loss,110,44,v110_s0044,0,0,False,0.0,
recall_loss,110,45,v110_s0045,0,0,False,0.0,
recall_loss,110,46,v110_s0046,0,0,False,0.0,
recall_loss,110,47,v110_s0047,0,0,False,0.0,
recall_loss,110,48,v110_s0048,0,0,False,0.0,
recall_loss,110,49,v110_s0049,0,0,False,0.0,
recall_loss,110,50,v110_s0050,0,0,False,0.0,
recall_loss,110,51,v110_s0051,0,0,False,0.0,
recall_loss,110,52,v110_s0052,0,0,False,0.0,
recall_loss,110,53,v110_s0053,0,0,False,0.0,
recall_loss,110,54,v110_s0054,0,0,False,0.0,
recall_loss,110,55,v110_s0055,0,0,False,0.0,
recall_loss,110,56,v110_s0056,0,0,False,0.0,
recall_loss,110,57,v110_s0057,0,0,False,0.0,
recall_loss,110,58,v110_s0058,0,0,False,0.0,
recall_loss,110,59,v110_s0059,0,0,False,0.0,
recall_loss,110,60,v110_s0060,0,0,False,0.0,
recall_loss,110,61,v110_s0061,0,0,False,0.0,
recall_loss,110,62,v110_s0062,0,0,False,0.0,
recall_loss,110,63,v110_s0063,0,0,False,0.0,
recall_loss,110,64,v110_s0064,0,0,False,0.0,
recall_loss,110,65,v110_s0065,0,0,False,0.0,
recall_loss,110,66,v110_s0066,0,0,False,0.0,
recall_loss,110,67,v110_s0067,0,0,False,0.0,
recall_loss,110,68,v110_s0068,0,0,False,0.0,
recall_loss,110,69,v110_s0069,0,0,False,0.0,
recall_loss,110,70,v110_s0070,0,0,False,0.0,
recall_loss,110,71,v110_s0071,0,0,False,0.0,
recall_loss,110,72,v110_s0072,0,0,False,0.0,
recall_loss,110,73,v110_s0073,0,0,False,0.0,
recall_loss,110,74,v110_s0074,0,0,False,0.0,
recall_loss,110,75,v110_s0075,0,0,False,0.0,
recall_loss,110,76,v110_s0076,0,0,False,0.0,
recall_loss,110,77,v110_s0077,0,0,False,0.0,
recall_loss,110,78,v110_s0078,0,0,False,0.0,
recall_loss,110,79,v110_s0079,0,0,False,0.0,
recall_loss,110,80,v110_s0080,0,0,False,0.0,
recall_loss,110,81,v110_s0081,0,0,False,0.0,
recall_loss,110,82,v110_s0082,0,0,False,0.0,
recall_loss,110,83,v110_s0083,0,0,False,0.0,
recall_loss,110,84,v110_s0084,0,0,False,0.0,
recall_loss,110,85,v110_s0085,0,0,False,0.0,
recall_loss,110,86,v110_s0086,0,0,False,0.0,
recall_loss,110,87,v110_s0087,0,0,False,0.0,
recall_loss,110,88,v110_s0088,0,0,False,0.0,
recall_loss,110,89,v110_s0089,0,0,False,0.0,
recall_loss,110,90,v110_s0090,0,0,False,0.0,
recall_loss,110,91,v110_s0091,0,0,False,0.0,
recall_loss,110,92,v110_s0092,0,0,False,0.0,
recall_loss,110,93,v110_s0093,0,0,False,0.0,
recall_loss,110,94,v110_s0094,0,0,False,0.0,
recall_loss,110,95,v110_s0095,0,0,False,0.0,
recall_loss,110,96,v110_s0096,0,0,False,0.0,
recall_loss,110,97,v110_s0097,0,0,False,0.0,
recall_loss,110,98,v110_s0098,0,0,False,0.0,
recall_loss,110,99,v110_s0099,0,0,False,0.0,
recall_loss,110,100,v110_s0100,0,0,False,0.0,
recall_loss,110,101,v110_s0101,0,0,False,0.0,
recall_loss,110,102,v110_s0102,0,0,False,0.0,
recall_loss,110,103,v110_s0103,0,0,False,0.0,
recall_loss,110,104,v110_s0104,0,0,False,0.0,
recall_loss,110,105,v110_s0105,0,0,False,0.0,
recall_loss,110,106,v110_s0106,0,0,False,0.0,
recall_loss,110,107,v110_s0107,0,0,False,0.0,
recall_loss,110,108,v110_s0108,0,0,False,0.0,
recall_loss,110,109,v110_s0109,0,0,False,0.0,
recall_loss,110,110,v110_s0110,0,0,False,0.0,
recall_loss,110,111,v110_s0111,0,0,False,0.0,
recall_loss,110,112,v110_s0112,0,0,False,0.0,
recall_loss,110,113,v110_s0113,0,0,False,0.0,
recall_loss,110,114,v110_s0114,0,0,False,0.0,
recall_loss,110,115,v110_s0115,0,0,False,0.0,
recall_loss,110,116,v110_s0116,0,0,False,0.0,
recall_loss,110,117,v110_s0117,0,0,False,0.0,
recall_loss,110,118,v110_s0118,0,0,False,0.0,
recall_loss,110,119,v110_s0119,0,0,False,0.0,
recall_loss,110,120,v110_s0120,0,0,False,0.0,
recall_loss,110,121,v110_s0121,0,0,False,0.0,
recall_loss,110,122,v110_s0122,0,0,False,0.0,
recall_loss,110,123,v110_s0123,0,0,False,0.0,
recall_loss,110,124,v110_s0124,0,0,False,0.0,
recall_loss,110,125,v110_s0125,0,0,False,0.0,
recall_loss,110,126,v110_s0126,0,0,False,0.0,
recall_loss,110,127,v110_s0127,0,0,False,0.0,
recall_loss,110,128,v110_s0128,0,0,False,0.0,
recall_loss,110,129,v110_s0129,0,0,False,0.0,
recall_loss,110,130,v110_s0130,0,0,False,0.0,
recall_loss,110,131,v110_s0131,0,0,False,0.0,
recall_loss,110,132,v110_s0132,0,0,False,0.0,
recall_loss,110,133,v110_s0133,0,0,False,0.0,
recall_loss,110,134,v110_s0134,0,0,False,0.0,
recall_loss,110,135,v110_s0135,0,0,False,0.0,
recall_loss,110,136,v110_s0136,0,0,False,0.0,
recall_loss,110,137,v110_s0137,0,0,False,0.0,
recall_loss,110,138,v110_s0138,0,0,False,0.0,
recall_loss,110,139,v110_s0139,0,0,False,0.0,
recall_loss,110,140,v110_s0140,0,0,False,0.0,
recall_loss,110,141,v110_s0141,0,0,False,0.0,
recall_loss,110,142,v110_s0142,0,0,False,0.0,
recall_loss,110,143,v110_s0143,0,0,False,0.0,
recall_loss,110,144,v110_s0144,0,0,False,0.0,
recall_loss,110,145,v110_s0145,0,0,False,0.0,
recall_loss,110,146,v110_s0146,0,0,False,0.0,
recall_loss,110,147,v110_s0147,0,0,False,0.0,
recall_loss,110,148,v110_s0148,0,0,False,0.0,
recall_loss,110,149,v110_s0149,0,0,False,0.0,
recall_loss,110,150,v110_s0150,0,0,False,0.0,
recall_loss,110,151,v110_s0151,0,0,False,0.0,
recall_loss,110,152,v110_s0152,0,0,False,0.0,
recall_loss,110,153,v110_s0153,0,0,False,0.0,
recall_loss,110,154,v110_s0154,0,0,False,0.0,
recall_loss,110,155,v110_s0155,0,0,False,0.0,
recall_loss,110,156,v110_s0156,0,0,False,0.0,
recall_loss,110,157,v110_s0157,0,0,False,0.0,
recall_loss,110,158,v110_s0158,0,0,False,0.0,
recall_loss,110,159,v110_s0159,0,0,False,0.0,
recall_loss,110,160,v110_s0160,0,0,False,0.0,
recall_loss,110,161,v110_s0161,0,0,False,0.0,
recall_loss,110,162,v110_s0162,0,0,False,0.0,
recall_loss,110,163,v110_s0163,0,0,False,0.0,
recall_loss,110,164,v110_s0164,0,0,False,0.0,
recall_loss,110,165,v110_s0165,0,0,False,0.0,
recall_loss,110,166,v110_s0166,0,0,False,0.0,
recall_loss,110,167,v110_s0167,0,0,False,0.0,
recall_loss,110,168,v110_s0168,0,0,False,0.0,
recall_loss,110,169,v110_s0169,0,0,False,0.0,
recall_loss,110,170,v110_s0170,0,0,False,0.0,
recall_loss,110,171,v110_s0171,0,0,False,0.0,
recall_loss,110,172,v110_s0172,0,0,False,0.0,
recall_loss,110,173,v110_s0173,0,0,False,0.0,
recall_loss,110,174,v110_s0174,0,0,False,0.0,
recall_loss,110,175,v110_s0175,0,0,False,0.0,
recall_loss,110,176,v110_s0176,0,0,False,0.0,
recall_loss,110,177,v110_s0177,0,0,False,0.0,
recall_loss,110,178,v110_s0178,0,0,False,0.0,
recall_loss,110,179,v110_s0179,0,0,False,0.0,
recall_loss,110,180,v110_s0180,0,0,False,0.0,
recall_loss,110,181,v110_s0181,0,0,False,0.0,
recall_loss,110,182,v110_s0182,0,0,False,0.0,
recall_loss,110,183,v110_s0183,0,0,False,0.0,
recall_loss,110,184,v110_s0184,0,0,False,0.0,
recall_loss,110,185,v110_s0185,0,0,False,0.0,
recall_loss,110,186,v110_s0186,0,0,False,0.0,
recall_loss,110,187,v110_s0187,0,0,False,0.0,
recall_loss,110,188,v110_s0188,0,0,False,0.0,
recall_loss,110,189,v110_s0189,0,0,False,0.0,
recall_loss,110,190,v110_s0190,0,0,False,0.0,
recall_loss,110,191,v110_s0191,0,0,False,0.0,
recall_loss,110,192,v110_s0192,0,0,False,0.0,
recall_loss,110,193,v110_s0193,0,0,False,0.0,
recall_loss,110,194,v110_s0194,0,0,False,0.0,
recall_loss,110,195,v110_s0195,0,0,False,0.0,
recall_loss,110,196,v110_s0196,0,0,False,0.0,
recall_loss,110,197,v110_s0197,0,0,False,0.0,
recall_loss,110,198,v110_s0198,0,0,False,0.0,
recall_loss,110,199,v110_s0199,0,0,False,0.0,
recall_loss,110,200,v110_s0200,0,0,False,0.0,
recall_loss,110,201,v110_s0201,0,0,False,0.0,
recall_loss,110,202,v110_s0202,0,0,False,0.0,
recall_loss,110,203,v110_s0203,0,0,False,0.0,
recall_loss,110,204,v110_s0204,0,0,False,0.0,
recall_loss,110,205,v110_s0205,0,0,False,0.0,
recall_loss,110,206,v110_s0206,0,0,False,0.0,
recall_loss,110,207,v110_s0207,0,0,False,0.0,
recall_loss,110,208,v110_s0208,0,0,False,0.0,
recall_loss,110,209,v110_s0209,0,0,False,0.0,
recall_loss,110,210,v110_s0210,0,0,False,0.0,
recall_loss,110,211,v110_s0211,0,0,False,0.0,
recall_loss,110,212,v110_s0212,0,0,False,0.0,
recall_loss,110,213,v110_s0213,0,0,False,0.0,
recall_loss,110,214,v110_s0214,0,0,False,0.0,
recall_loss,110,215,v110_s0215,0,0,False,0.0,
recall_loss,110,216,v110_s0216,0,0,False,0.0,
recall_loss,110,217,v110_s0217,0,0,False,0.0,
recall_loss,110,218,v110_s0218,0,0,False,0.0,
recall_loss,110,219,v110_s0219,0,0,False,0.0,
recall_loss,110,220,v110_s0220,0,0,False,0.0,
recall_loss,110,221,v110_s0221,0,0,False,0.0,
recall_loss,110,222,v110_s0222,0,0,False,0.0,
recall_loss,110,223,v110_s0223,0,0,False,0.0,
recall_loss,110,224,v110_s0224,0,0,False,0.0,
recall_loss,110,225,v110_s0225,0,0,False,0.0,
recall_loss,110,226,v110_s0226,0,0,False,0.0,
recall_loss,110,227,v110_s0227,0,0,False,0.0,
recall_loss,110,228,v110_s0228,0,0,False,0.0,
recall_loss,110,229,v110_s0229,0,0,False,0.0,
recall_loss,110,230,v110_s0230,0,0,False,0.0,
recall_loss,110,231,v110_s0231,0,0,False,0.0,
recall_loss,110,232,v110_s0232,0,0,False,0.0,
recall_loss,110,233,v110_s0233,0,0,False,0.0,
recall_loss,110,234,v110_s0234,0,0,False,0.0,
recall_loss,110,235,v110_s0235,0,0,False,0.0,
recall_loss,110,236,v110_s0236,0,0,False,0.0,
recall_loss,110,237,v110_s0237,0,0,False,0.0,
recall_loss,110,238,v110_s0238,0,0,False,0.0,
recall_loss,110,239,v110_s0239,0,0,False,0.0,
recall_loss,110,240,v110_s0240,0,0,False,0.0,
recall_loss,110,241,v110_s0241,0,0,False,0.0,
recall_loss,110,242,v110_s0242,0,0,False,0.0,
recall_loss,110,243,v110_s0243,0,0,False,0.0,
recall_loss,110,244,v110_s0244,0,0,False,0.0,
recall_loss,110,245,v110_s0245,0,0,False,0.0,
recall_loss,110,246,v110_s0246,0,0,False,0.0,
recall_loss,110,247,v110_s0247,0,0,False,0.0,
recall_loss,110,248,v110_s0248,0,0,False,0.0,
recall_loss,110,249,v110_s0249,0,0,False,0.0,
recall_loss,110,250,v110_s0250,0,0,False,0.0,
recall_loss,110,251,v110_s0251,0,0,False,0.0,
recall_loss,110,252,v110_s0252,0,0,False,0.0,
recall_loss,110,253,v110_s0253,0,0,False,0.0,
recall_loss,110,254,v110_s0254,0,0,False,0.0,
recall_loss,110,255,v110_s0255,0,0,False,0.0,
recall_loss,110,256,v110_s0256,0,0,False,0.0,
recall_loss,110,257,v110_s0257,0,0,False,0.0,
recall_loss,110,258,v110_s0258,0,0,False,0.0,
recall_loss,110,259,v110_s0259,0,0,False,0.0,
recall_loss,110,260,v110_s0260,0,0,False,0.0,
recall_loss,110,261,v110_s0261,0,0,False,0.0,
recall_loss,110,262,v110_s0262,0,0,False,0.0,
recall_loss,110,263,v110_s0263,0,0,False,0.0,
recall_loss,110,264,v110_s0264,0,0,False,0.0,
recall_loss,110,265,v110_s0265,0,0,False,0.0,
recall_loss,110,266,v110_s0266,0,0,False,0.0,
recall_loss,110,267,v110_s0267,0,0,False,0.0,
recall_loss,110,268,v110_s0268,0,0,False,0.0,
recall_loss,110,269,v110_s0269,0,0,False,0.0,
recall_loss,110,270,v110_s0270,0,0,False,0.0,
recall_loss,110,271,v110_s0271,0,0,False,0.0,
recall_loss,110,272,v110_s0272,0,0,False,0.0,
recall_loss,110,273,v110_s0273,0,0,False,0.0,
recall_loss,110,274,v110_s0274,0,0,False,0.0,
recall_loss,110,275,v110_s0275,0,0,False,0.0,
recall_loss,110,276,v110_s0276,0,0,False,0.0,
recall_loss,110,277,v110_s0277,0,0,False,0.0,
recall_loss,110,278,v110_s0278,0,0,False,0.0,
recall_loss,110,279,v110_s0279,0,0,False,0.0,
recall_loss,110,280,v110_s0280,0,0,False,0.0,
recall_loss,110,281,v110_s0281,0,0,False,0.0,
recall_loss,110,282,v110_s0282,0,0,False,0.0,
recall_loss,110,283,v110_s0283,0,0,False,0.0,
recall_loss,110,284,v110_s0284,0,0,False,0.0,
recall_loss,110,285,v110_s0285,0,0,False,0.0,
recall_loss,110,286,v110_s0286,0,0,False,0.0,
recall_loss,110,287,v110_s0287,0,0,False,0.0,
recall_loss,110,288,v110_s0288,0,0,False,0.0,
recall_loss,110,289,v110_s0289,0,0,False,0.0,
recall_loss,110,290,v110_s0290,0,0,False,0.0,
recall_loss,110,291,v110_s0291,0,0,False,0.0,
recall_loss,110,292,v110_s0292,0,0,False,0.0,
recall_loss,110,293,v110_s0293,0,0,False,0.0,
recall_loss,110,294,v110_s0294,0,0,False,0.0,
recall_loss,110,295,v110_s0295,0,0,False,0.0,
recall_loss,110,296,v110_s0296,0,0,False,0.0,
recall_loss,110,297,v110_s0297,0,0,False,0.0,
recall_loss,110,298,v110_s0298,0,0,False,0.0,
recall_loss,110,299,v110_s0299,0,0,False,0.0,
recall_loss,110,300,v110_s0300,0,0,False,0.0,
recall_loss,110,301,v110_s0301,0,0,False,0.0,
recall_loss,110,302,v110_s0302,0,0,False,0.0,
recall_loss,110,303,v110_s0303,0,0,False,0.0,
recall_loss,110,304,v110_s0304,0,0,False,0.0,
recall_loss,110,305,v110_s0305,0,0,False,0.0,
recall_loss,110,306,v110_s0306,0,0,False,0.0,
recall_loss,110,307,v110_s0307,0,0,False,0.0,
recall_loss,110,308,v110_s0308,0,0,False,0.0,
recall_loss,110,309,v110_s0309,0,0,False,0.0,
recall_loss,110,310,v110_s0310,0,0,False,0.0,
recall_loss,110,311,v110_s0311,0,0,False,0.0,
recall_loss,110,312,v110_s0312,0,0,False,0.0,
recall_loss,110,313,v110_s0313,0,0,False,0.0,
recall_loss,110,314,v110_s0314,0,0,False,0.0,
recall_loss,110,315,v110_s0315,0,0,False,0.0,
recall_loss,110,316,v110_s0316,0,0,False,0.0,
recall_loss,110,317,v110_s0317,0,0,False,0.0,
recall_loss,110,318,v110_s0318,0,0,False,0.0,
recall_loss,110,319,v110_s0319,0,0,False,0.0,
recall_loss,110,320,v110_s0320,0,0,False,0.0,
recall_loss,110,321,v110_s0321,0,0,False,0.0,
recall_loss,110,322,v110_s0322,0,0,False,0.0,
recall_loss,110,323,v110_s0323,0,0,False,0.0,
recall_loss,110,324,v110_s0324,0,0,False,0.0,
recall_loss,110,325,v110_s0325,0,0,False,0.0,
recall_loss,110,326,v110_s0326,0,0,False,0.0,
recall_loss,110,327,v110_s0327,0,0,False,0.0,
recall_loss,110,328,v110_s0328,0,0,False,0.0,
recall_loss,110,329,v110_s0329,0,0,False,0.0,
recall_loss,110,330,v110_s0330,0,0,False,0.0,
recall_loss,110,331,v110_s0331,0,0,False,0.0,
recall_loss,110,332,v110_s0332,0,0,False,0.0,
recall_loss,110,333,v110_s0333,0,0,False,0.0,
recall_loss,110,334,v110_s0334,0,0,False,0.0,
recall_loss,110,335,v110_s0335,0,0,False,0.0,
recall_loss,110,336,v110_s0336,0,0,False,0.0,
recall_loss,110,337,v110_s0337,0,0,False,0.0,
recall_loss,110,338,v110_s0338,0,0,False,0.0,
recall_loss,110,339,v110_s0339,0,0,False,0.0,
recall_loss,110,340,v110_s0340,0,0,False,0.0,
recall_loss,110,341,v110_s0341,0,0,False,0.0,
recall_loss,110,342,v110_s0342,0,0,False,0.0,
recall_loss,110,343,v110_s0343,0,0,False,0.0,
recall_loss,110,344,v110_s0344,0,0,False,0.0,
recall_loss,110,345,v110_s0345,0,0,False,0.0,
recall_loss,110,346,v110_s0346,0,0,False,0.0,
recall_loss,110,347,v110_s0347,0,0,False,0.0,
recall_loss,110,348,v110_s0348,0,0,False,0.0,
recall_loss,110,349,v110_s0349,0,0,False,0.0,
recall_loss,110,350,v110_s0350,0,0,False,0.0,
recall_loss,110,351,v110_s0351,0,0,False,0.0,
recall_loss,110,352,v110_s0352,0,0,False,0.0,
recall_loss,110,353,v110_s0353,0,0,False,0.0,
recall_loss,110,354,v110_s0354,0,0,False,0.0,
recall_loss,110,355,v110_s0355,0,0,False,0.0,
recall_loss,110,356,v110_s0356,0,0,False,0.0,
recall_loss,110,357,v110_s0357,0,0,False,0.0,
recall_loss,110,358,v110_s0358,0,0,False,0.0,
recall_loss,110,359,v110_s0359,0,0,False,0.0,
recall_loss,110,360,v110_s0360,0,0,False,0.0,
recall_loss,110,361,v110_s0361,0,0,False,0.0,
recall_loss,110,362,v110_s0362,0,0,False,0.0,
recall_loss,110,363,v110_s0363,0,0,False,0.0,
recall_loss,110,364,v110_s0364,0,0,False,0.0,
recall_loss,110,365,v110_s0365,0,0,False,0.0,
recall_loss,110,366,v110_s0366,0,0,False,0.0,
recall_loss,110,367,v110_s0367,0,0,False,0.0,
recall_loss,110,368,v110_s0368,0,0,False,0.0,
recall_loss,110,369,v110_s0369,0,0,False,0.0,
recall_loss,110,370,v110_s0370,0,0,False,0.0,
recall_loss,110,371,v110_s0371,0,0,False,0.0,
recall_loss,110,372,v110_s0372,0,0,False,0.0,
recall_loss,110,373,v110_s0373,0,0,False,0.0,
recall_loss,110,374,v110_s0374,0,0,False,0.0,
recall_loss,110,375,v110_s0375,0,0,False,5.960464477539063e-08,
recall_loss,110,376,v110_s0376,0,0,False,0.0,
recall_loss,110,377,v110_s0377,0,0,False,0.0,
recall_loss,110,378,v110_s0378,0,0,False,0.0,
recall_loss,110,379,v110_s0379,0,0,False,0.0,
recall_loss,110,380,v110_s0380,0,0,False,0.0,
recall_loss,110,381,v110_s0381,0,0,False,0.0,
recall_loss,110,382,v110_s0382,0,0,False,0.0,
recall_loss,110,383,v110_s0383,0,0,False,0.0,
recall_loss,110,384,v110_s0384,0,0,False,0.0,
recall_loss,110,385,v110_s0385,0,0,False,0.0,
recall_loss,110,386,v110_s0386,0,0,False,0.0001373291015625,
recall_loss,110,387,v110_s0387,0,0,False,0.0,
recall_loss,110,388,v110_s0388,5,4,True,0.92236328125,0.90771484375
recall_loss,110,389,v110_s0389,8,4,True,0.98974609375,0.98974609375
recall_loss,110,390,v110_s0390,9,9,True,1.0,1.0
recall_loss,110,391,v110_s0391,15,11,True,1.0,1.0
recall_loss,110,392,v110_s0392,0,0,False,0.0,
recall_loss,110,393,v110_s0393,24,0,False,0.0,0.0
recall_loss,110,394,v110_s0394,36,0,False,0.442626953125,0.0
recall_loss,110,395,v110_s0395,57,0,False,0.0,0.0
recall_loss,110,396,v110_s0396,80,0,False,0.0,0.0
recall_loss,110,397,v110_s0397,102,9,True,0.99755859375,0.99755859375
recall_loss,110,398,v110_s0398,159,78,True,1.0,1.0
recall_loss,110,399,v110_s0399,186,88,True,1.0,1.0
recall_loss,110,400,v110_s0400,233,100,True,1.0,1.0
recall_loss,110,401,v110_s0401,292,99,True,1.0,1.0
recall_loss,110,402,v110_s0402,305,101,True,1.0,1.0
recall_loss,110,403,v110_s0403,313,88,True,1.0,1.0
recall_loss,110,404,v110_s0404,332,86,True,1.0,1.0
recall_loss,110,405,v110_s0405,343,177,True,1.0,1.0
recall_loss,110,406,v110_s0406,378,214,True,1.0,1.0
recall_loss,110,407,v110_s0407,450,231,True,1.0,1.0
recall_loss,110,408,v110_s0408,429,246,True,1.0,1.0
recall_loss,110,409,v110_s0409,395,256,True,1.0,1.0
recall_loss,110,410,v110_s0410,354,296,True,1.0,1.0
recall_loss,110,411,v110_s0411,353,342,True,1.0,1.0
recall_loss,110,412,v110_s0412,322,339,True,1.0,1.0
recall_loss,110,413,v110_s0413,324,321,True,1.0,1.0
recall_loss,110,414,v110_s0414,287,222,True,1.0,1.0
recall_loss,110,415,v110_s0415,279,191,True,1.0,1.0
recall_loss,110,416,v110_s0416,223,215,True,1.0,1.0
recall_loss,110,417,v110_s0417,183,192,True,1.0,1.0
recall_loss,110,418,v110_s0418,162,148,True,1.0,1.0
recall_loss,110,419,v110_s0419,141,120,True,1.0,1.0
recall_loss,110,420,v110_s0420,126,130,True,1.0,1.0
recall_loss,110,421,v110_s0421,120,98,True,1.0,1.0
recall_loss,110,422,v110_s0422,95,50,True,1.0,1.0
recall_loss,110,423,v110_s0423,72,0,False,5.960464477539063e-08,5.960464477539063e-08
recall_loss,110,424,v110_s0424,57,0,False,0.0,0.0
recall_loss,110,425,v110_s0425,44,0,False,0.0,0.0
recall_loss,110,426,v110_s0426,30,0,False,0.0,0.0
recall_loss,110,427,v110_s0427,10,0,False,0.0,0.0
recall_loss,110,428,v110_s0428,14,0,False,0.0,0.0
recall_loss,110,429,v110_s0429,23,0,False,0.0,0.0
recall_loss,110,430,v110_s0430,26,11,True,0.99951171875,0.99951171875
recall_loss,110,431,v110_s0431,34,18,True,1.0,1.0
recall_loss,110,432,v110_s0432,43,54,True,1.0,1.0
recall_loss,110,433,v110_s0433,49,52,True,1.0,1.0
recall_loss,110,434,v110_s0434,81,83,True,1.0,1.0
recall_loss,110,435,v110_s0435,104,100,True,1.0,1.0
recall_loss,110,436,v110_s0436,103,125,True,1.0,1.0
recall_loss,110,437,v110_s0437,110,108,True,1.0,1.0
recall_loss,110,438,v110_s0438,120,103,True,1.0,1.0
recall_loss,110,439,v110_s0439,133,120,True,1.0,1.0
recall_loss,110,440,v110_s0440,150,128,True,1.0,1.0
recall_loss,110,441,v110_s0441,152,135,True,1.0,1.0
recall_loss,110,442,v110_s0442,160,129,True,1.0,1.0
recall_loss,110,443,v110_s0443,173,124,True,1.0,1.0
recall_loss,110,444,v110_s0444,186,130,True,1.0,1.0
recall_loss,110,445,v110_s0445,217,180,True,1.0,1.0
recall_loss,110,446,v110_s0446,190,209,True,1.0,1.0
recall_loss,110,447,v110_s0447,195,219,True,1.0,1.0
recall_loss,110,448,v110_s0448,214,252,True,1.0,1.0
recall_loss,110,449,v110_s0449,221,259,True,1.0,1.0
recall_loss,110,450,v110_s0450,223,271,True,1.0,1.0
recall_loss,110,451,v110_s0451,233,262,True,1.0,1.0
recall_loss,110,452,v110_s0452,252,301,True,1.0,1.0
recall_loss,110,453,v110_s0453,264,320,True,1.0,1.0
recall_loss,110,454,v110_s0454,287,394,True,1.0,1.0
recall_loss,110,455,v110_s0455,319,463,True,1.0,1.0
recall_loss,110,456,v110_s0456,330,492,True,1.0,1.0
recall_loss,110,457,v110_s0457,338,540,True,1.0,1.0
recall_loss,110,458,v110_s0458,367,470,True,1.0,1.0
recall_loss,110,459,v110_s0459,377,401,True,1.0,1.0
recall_loss,110,460,v110_s0460,371,340,True,1.0,1.0
recall_loss,110,461,v110_s0461,360,371,True,1.0,1.0
recall_loss,110,462,v110_s0462,369,354,True,1.0,1.0
recall_loss,110,463,v110_s0463,432,358,True,1.0,1.0
recall_loss,110,464,v110_s0464,417,379,True,1.0,1.0
recall_loss,110,465,v110_s0465,413,378,True,1.0,1.0
recall_loss,110,466,v110_s0466,410,319,True,1.0,1.0
recall_loss,110,467,v110_s0467,423,283,True,1.0,1.0
recall_loss,110,468,v110_s0468,410,289,True,1.0,1.0
recall_loss,110,469,v110_s0469,422,223,True,1.0,1.0
recall_loss,110,470,v110_s0470,406,205,True,1.0,1.0
recall_loss,110,471,v110_s0471,385,248,True,1.0,1.0
recall_loss,110,472,v110_s0472,399,312,True,1.0,1.0
recall_loss,110,473,v110_s0473,399,303,True,1.0,1.0
recall_loss,110,474,v110_s0474,305,171,True,1.0,1.0
recall_loss,110,475,v110_s0475,257,168,True,1.0,1.0
recall_loss,110,476,v110_s0476,228,112,True,1.0,1.0
recall_loss,110,477,v110_s0477,187,70,True,1.0,1.0
recall_loss,110,478,v110_s0478,192,107,True,1.0,1.0
recall_loss,110,479,v110_s0479,222,106,True,1.0,1.0
recall_loss,110,480,v110_s0480,227,73,True,1.0,1.0
recall_loss,110,481,v110_s0481,272,109,True,1.0,1.0
recall_loss,110,482,v110_s0482,350,224,True,1.0,1.0
recall_loss,110,483,v110_s0483,450,254,True,1.0,1.0
recall_loss,110,484,v110_s0484,583,226,True,1.0,1.0
recall_loss,110,485,v110_s0485,580,361,True,1.0,1.0
recall_loss,110,486,v110_s0486,606,357,True,1.0,1.0
recall_loss,110,487,v110_s0487,613,500,True,1.0,1.0
recall_loss,110,488,v110_s0488,646,554,True,1.0,1.0
recall_loss,110,489,v110_s0489,563,788,True,1.0,1.0
recall_loss,110,490,v110_s0490,570,598,True,1.0,1.0
recall_loss,110,491,v110_s0491,581,267,True,1.0,1.0
recall_loss,110,492,v110_s0492,569,139,True,1.0,1.0
recall_loss,110,493,v110_s0493,581,179,True,1.0,1.0
recall_loss,110,494,v110_s0494,584,72,True,1.0,0.99951171875
recall_loss,110,495,v110_s0495,498,38,True,1.0,0.98828125
recall_loss,110,496,v110_s0496,445,0,False,0.0,0.0
recall_loss,110,497,v110_s0497,299,0,False,3.5762786865234375e-07,0.0
recall_loss,110,498,v110_s0498,209,10,False,1.0,0.0
recall_loss,110,499,v110_s0499,147,19,True,0.99853515625,0.99853515625
recall_loss,110,500,v110_s0500,100,12,True,0.97119140625,0.97119140625
recall_loss,110,501,v110_s0501,67,0,False,5.960464477539063e-08,5.960464477539063e-08
recall_loss,110,502,v110_s0502,41,40,True,0.9970703125,0.9970703125
recall_loss,110,503,v110_s0503,0,49,False,1.0,
recall_loss,110,504,v110_s0504,0,41,False,1.0,
recall_loss,110,505,v110_s0505,0,0,False,0.0,
recall_loss,110,506,v110_s0506,0,0,False,0.0,
recall_loss,110,507,v110_s0507,0,0,False,0.0,
recall_loss,110,508,v110_s0508,0,0,False,0.0,
recall_loss,110,509,v110_s0509,42,58,True,1.0,1.0
recall_loss,110,510,v110_s0510,48,112,True,1.0,1.0
recall_loss,110,511,v110_s0511,69,153,True,1.0,1.0
recall_loss,110,512,v110_s0512,74,164,True,1.0,1.0
recall_loss,110,513,v110_s0513,94,169,True,1.0,1.0
recall_loss,110,514,v110_s0514,103,176,True,1.0,1.0
recall_loss,110,515,v110_s0515,148,212,True,1.0,1.0
recall_loss,110,516,v110_s0516,131,201,True,1.0,1.0
recall_loss,110,517,v110_s0517,133,190,True,1.0,1.0
recall_loss,110,518,v110_s0518,118,129,True,1.0,1.0
recall_loss,110,519,v110_s0519,128,127,True,1.0,1.0
recall_loss,110,520,v110_s0520,109,104,True,1.0,1.0
recall_loss,110,521,v110_s0521,111,79,True,1.0,1.0
recall_loss,110,522,v110_s0522,116,58,True,1.0,1.0
recall_loss,110,523,v110_s0523,59,10,True,0.9970703125,0.9970703125
recall_loss,110,524,v110_s0524,28,0,False,0.0003762245178222656,0.0
recall_loss,110,525,v110_s0525,0,0,False,0.0,
recall_loss,110,526,v110_s0526,0,0,False,0.0,
recall_loss,110,527,v110_s0527,0,0,False,0.0042572021484375,
recall_loss,110,528,v110_s0528,0,16,False,1.0,
recall_loss,110,529,v110_s0529,0,229,False,1.0,
recall_loss,110,530,v110_s0530,0,277,False,1.0,
recall_loss,110,531,v110_s0531,0,136,False,1.0,
recall_loss,110,532,v110_s0532,0,0,False,0.0,
recall_loss,110,533,v110_s0533,0,0,False,0.0,
recall_loss,110,534,v110_s0534,0,0,False,0.0,
recall_loss,110,535,v110_s0535,0,0,False,0.0,
recall_loss,110,536,v110_s0536,0,0,False,0.0,
recall_loss,110,537,v110_s0537,0,0,False,0.0,
recall_loss,110,538,v110_s0538,0,0,False,0.0,
recall_loss,110,539,v110_s0539,0,0,False,0.0,
recall_loss,110,540,v110_s0540,0,0,False,0.0,
recall_loss,110,541,v110_s0541,0,0,False,0.0,
recall_loss,110,542,v110_s0542,0,0,False,0.0,
recall_loss,110,543,v110_s0543,0,0,False,0.0,
recall_loss,110,544,v110_s0544,0,0,False,0.0,
recall_loss,110,545,v110_s0545,0,0,False,0.0,
recall_loss,110,546,v110_s0546,0,0,False,0.0,
recall_loss,110,547,v110_s0547,0,0,False,0.0,
recall_loss,110,548,v110_s0548,0,0,False,0.0,
recall_loss,110,549,v110_s0549,0,0,False,0.0,
recall_loss,110,550,v110_s0550,0,0,False,0.0,
recall_loss,110,551,v110_s0551,0,0,False,0.0,
recall_loss,110,552,v110_s0552,0,0,False,0.0,
recall_loss,110,553,v110_s0553,0,0,False,0.0,
recall_loss,110,554,v110_s0554,0,0,False,0.0,
recall_loss,110,555,v110_s0555,0,0,False,0.0,
recall_loss,110,556,v110_s0556,0,0,False,0.0,
recall_loss,110,557,v110_s0557,0,0,False,0.0,
recall_loss,110,558,v110_s0558,0,0,False,0.0,
recall_loss,110,559,v110_s0559,0,0,False,0.0,
recall_loss,110,560,v110_s0560,0,0,False,0.0,
recall_loss,110,561,v110_s0561,0,0,False,0.0,
recall_loss,110,562,v110_s0562,0,0,False,0.0,
recall_loss,110,563,v110_s0563,0,0,False,0.0,
recall_loss,110,564,v110_s0564,0,0,False,0.0,
recall_loss,110,565,v110_s0565,0,0,False,0.0,
recall_loss,110,566,v110_s0566,0,0,False,0.0,
recall_loss,110,567,v110_s0567,0,0,False,0.0,
recall_loss,110,568,v110_s0568,0,0,False,0.0,
recall_loss,110,569,v110_s0569,0,0,False,0.0,
recall_loss,110,570,v110_s0570,0,0,False,0.0,
recall_loss,110,571,v110_s0571,0,0,False,0.0,
recall_loss,110,572,v110_s0572,0,0,False,0.0,
recall_loss,110,573,v110_s0573,0,0,False,0.0,
recall_loss,110,574,v110_s0574,0,0,False,0.0,
recall_loss,110,575,v110_s0575,0,0,False,0.0,
recall_loss,110,576,v110_s0576,0,0,False,0.0,
recall_loss,110,577,v110_s0577,0,0,False,0.0,
recall_loss,110,578,v110_s0578,0,0,False,0.0,
recall_loss,110,579,v110_s0579,0,0,False,0.0,
recall_loss,110,580,v110_s0580,0,0,False,0.0,
recall_loss,110,581,v110_s0581,0,0,False,0.0,
recall_loss,110,582,v110_s0582,0,0,False,0.0,
recall_loss,110,583,v110_s0583,0,0,False,0.0,
recall_loss,110,584,v110_s0584,0,0,False,0.0,
recall_loss,110,585,v110_s0585,0,0,False,0.0,
recall_loss,110,586,v110_s0586,0,0,False,0.0,
recall_loss,110,587,v110_s0587,0,0,False,0.0,
recall_loss,110,588,v110_s0588,0,0,False,0.0,
recall_loss,110,589,v110_s0589,0,0,False,0.0,
recall_loss,110,590,v110_s0590,0,0,False,0.0,
recall_loss,110,591,v110_s0591,0,0,False,0.0,
recall_loss,110,592,v110_s0592,0,0,False,0.0,
recall_loss,110,593,v110_s0593,0,0,False,0.0,
recall_loss,110,594,v110_s0594,0,0,False,0.0,
recall_loss,110,595,v110_s0595,0,0,False,0.0,
recall_loss,110,596,v110_s0596,0,0,False,0.0,
recall_loss,110,597,v110_s0597,0,0,False,0.0,
recall_loss,110,598,v110_s0598,0,0,False,0.0,
recall_loss,110,599,v110_s0599,0,0,False,0.0,
recall_loss,110,600,v110_s0600,0,0,False,0.0,
recall_loss,110,601,v110_s0601,0,0,False,0.0,
recall_loss,110,602,v110_s0602,0,0,False,0.0,
recall_loss,110,603,v110_s0603,0,0,False,0.0,
recall_loss,110,604,v110_s0604,0,0,False,0.0,
recall_loss,110,605,v110_s0605,0,0,False,0.0,
recall_loss,110,606,v110_s0606,0,0,False,0.0,
recall_loss,110,607,v110_s0607,0,0,False,0.0,
recall_loss,110,608,v110_s0608,0,0,False,0.0,
recall_loss,110,609,v110_s0609,0,0,False,0.0,
recall_loss,110,610,v110_s0610,0,0,False,0.0,
recall_loss,110,611,v110_s0611,0,0,False,0.0,
recall_loss,110,612,v110_s0612,0,0,False,0.0,
recall_loss,110,613,v110_s0613,0,0,False,0.0,
recall_loss,110,614,v110_s0614,0,0,False,0.0,
recall_loss,110,615,v110_s0615,0,0,False,0.0,
recall_loss,110,616,v110_s0616,0,0,False,0.0,
recall_loss,110,617,v110_s0617,0,0,False,0.0,
recall_loss,110,618,v110_s0618,0,0,False,0.0,
recall_loss,110,619,v110_s0619,0,0,False,0.0,
recall_loss,110,620,v110_s0620,0,0,False,0.0,
recall_loss,110,621,v110_s0621,0,0,False,0.0,
recall_loss,110,622,v110_s0622,0,0,False,0.0,
recall_loss,110,623,v110_s0623,0,0,False,0.0,
recall_loss,110,624,v110_s0624,0,0,False,0.0,
recall_loss,110,625,v110_s0625,0,0,False,0.0,
recall_loss,110,626,v110_s0626,0,0,False,0.0,
recall_loss,110,627,v110_s0627,0,0,False,0.0,
recall_loss,110,628,v110_s0628,0,0,False,0.0,
recall_loss,110,629,v110_s0629,0,0,False,0.0,
recall_loss,110,630,v110_s0630,0,0,False,0.0,
recall_loss,110,631,v110_s0631,0,0,False,0.0,
recall_loss,110,632,v110_s0632,0,0,False,0.0,
recall_loss,110,633,v110_s0633,0,0,False,0.0,
recall_loss,110,634,v110_s0634,0,0,False,0.0,
recall_loss,110,635,v110_s0635,0,0,False,0.0,
recall_loss,110,636,v110_s0636,0,0,False,0.0,
recall_loss,110,637,v110_s0637,0,0,False,0.0,
recall_loss,110,638,v110_s0638,0,0,False,0.0,
recall_loss,110,639,v110_s0639,0,0,False,0.0,
recall_loss,110,640,v110_s0640,0,0,False,0.0,
recall_loss,110,641,v110_s0641,0,0,False,0.0,
recall_loss,110,642,v110_s0642,0,0,False,0.0,
recall_loss,110,643,v110_s0643,0,0,False,0.0,
recall_loss,110,644,v110_s0644,0,0,False,0.0,
recall_loss,110,645,v110_s0645,0,0,False,0.0,
recall_loss,110,646,v110_s0646,0,0,False,0.0,
recall_loss,110,647,v110_s0647,0,0,False,0.0,
recall_loss,110,648,v110_s0648,0,0,False,0.0,
recall_loss,110,649,v110_s0649,0,0,False,0.0,
recall_loss,110,650,v110_s0650,0,0,False,0.0,
recall_loss,110,651,v110_s0651,0,0,False,0.0,
recall_loss,110,652,v110_s0652,0,0,False,0.0,
recall_loss,110,653,v110_s0653,0,0,False,0.0,
recall_loss,110,654,v110_s0654,0,0,False,0.0,
recall_loss,110,655,v110_s0655,0,0,False,0.0,
recall_loss,110,656,v110_s0656,0,0,False,0.0,
recall_loss,110,657,v110_s0657,0,0,False,0.0,
recall_loss,110,658,v110_s0658,0,0,False,0.0,
recall_loss,110,659,v110_s0659,0,0,False,0.0,
recall_loss,110,660,v110_s0660,0,0,False,0.0,
recall_loss,110,661,v110_s0661,0,0,False,0.0,
recall_loss,110,662,v110_s0662,0,0,False,0.0,
recall_loss,110,663,v110_s0663,0,0,False,0.0,
recall_loss,110,664,v110_s0664,0,0,False,0.0,
recall_loss,110,665,v110_s0665,0,0,False,0.0,
recall_loss,110,666,v110_s0666,0,0,False,0.0,
recall_loss,110,667,v110_s0667,0,0,False,0.0,
recall_loss,110,668,v110_s0668,0,0,False,0.0,
recall_loss,110,669,v110_s0669,0,0,False,0.0,
recall_loss,110,670,v110_s0670,0,0,False,0.0,
recall_loss,110,671,v110_s0671,0,0,False,0.0,
recall_loss,110,672,v110_s0672,0,0,False,0.0,
recall_loss,110,673,v110_s0673,0,0,False,0.0,
recall_loss,110,674,v110_s0674,0,0,False,0.0,
recall_loss,110,675,v110_s0675,0,0,False,0.0,
recall_loss,110,676,v110_s0676,0,0,False,0.0,
recall_loss,110,677,v110_s0677,0,0,False,0.0,
recall_loss,110,678,v110_s0678,0,0,False,0.0,
recall_loss,110,679,v110_s0679,0,0,False,0.0,
recall_loss,110,680,v110_s0680,0,0,False,0.0,
recall_loss,110,681,v110_s0681,0,0,False,0.0,
recall_loss,110,682,v110_s0682,0,0,False,0.0,
recall_loss,110,683,v110_s0683,0,0,False,0.0,
recall_loss,110,684,v110_s0684,0,0,False,0.0,
recall_loss,110,685,v110_s0685,0,0,False,0.0,
recall_loss,110,686,v110_s0686,0,0,False,0.0,
recall_loss,110,687,v110_s0687,0,0,False,0.0,
recall_loss,110,688,v110_s0688,0,0,False,0.0,
recall_loss,110,689,v110_s0689,0,0,False,0.0,
recall_loss,110,690,v110_s0690,0,0,False,0.0,
recall_loss,110,691,v110_s0691,0,0,False,0.0,
recall_loss,110,692,v110_s0692,0,0,False,0.0,
recall_loss,110,693,v110_s0693,0,0,False,0.0,
recall_loss,110,694,v110_s0694,0,0,False,0.0,
recall_loss,110,695,v110_s0695,0,0,False,0.0,
recall_loss,110,696,v110_s0696,0,0,False,0.0,
recall_loss,110,697,v110_s0697,0,0,False,0.0,
recall_loss,110,698,v110_s0698,0,0,False,0.0,
recall_loss,110,699,v110_s0699,0,0,False,0.0,
recall_loss,110,700,v110_s0700,0,0,False,0.0,
recall_loss,110,701,v110_s0701,0,0,False,0.0,
recall_loss,110,702,v110_s0702,0,0,False,0.0,
recall_loss,110,703,v110_s0703,0,0,False,0.0,
recall_loss,110,704,v110_s0704,0,0,False,0.0,
recall_loss,110,705,v110_s0705,0,0,False,0.0,
recall_loss,110,706,v110_s0706,0,0,False,0.0,
recall_loss,110,707,v110_s0707,0,0,False,0.0,
recall_loss,110,708,v110_s0708,0,0,False,0.0,
recall_loss,110,709,v110_s0709,0,0,False,0.0,
recall_loss,110,710,v110_s0710,0,0,False,0.0,
recall_loss,110,711,v110_s0711,0,0,False,0.0,
recall_loss,110,712,v110_s0712,0,0,False,0.0,
recall_loss,110,713,v110_s0713,0,0,False,0.0,
recall_loss,110,714,v110_s0714,0,0,False,0.0,
recall_loss,110,715,v110_s0715,0,0,False,0.0,
recall_loss,110,716,v110_s0716,0,0,False,0.0,
recall_loss,110,717,v110_s0717,0,0,False,0.0,
recall_loss,110,718,v110_s0718,0,0,False,0.0,
recall_loss,110,719,v110_s0719,0,0,False,0.0,
recall_loss,110,720,v110_s0720,0,0,False,0.0,
recall_loss,110,721,v110_s0721,0,0,False,0.0,
recall_loss,110,722,v110_s0722,0,0,False,0.0,
recall_loss,110,723,v110_s0723,0,0,False,0.0,
recall_loss,110,724,v110_s0724,0,0,False,0.0,
recall_loss,110,725,v110_s0725,0,0,False,0.0,
recall_loss,110,726,v110_s0726,0,0,False,0.0,
recall_loss,110,727,v110_s0727,0,0,False,0.0,
recall_loss,110,728,v110_s0728,0,0,False,0.0,
recall_loss,110,729,v110_s0729,0,0,False,0.0,
recall_loss,110,730,v110_s0730,0,0,False,0.0,
recall_loss,110,731,v110_s0731,0,0,False,0.0,
recall_loss,110,732,v110_s0732,0,0,False,0.0,
recall_loss,110,733,v110_s0733,0,0,False,0.0,
recall_loss,110,734,v110_s0734,0,0,False,0.0,
recall_loss,110,735,v110_s0735,0,0,False,0.0,
recall_loss,110,736,v110_s0736,0,0,False,0.0,
recall_loss,110,737,v110_s0737,0,0,False,0.0,
recall_loss,110,738,v110_s0738,0,0,False,0.0,
recall_loss,110,739,v110_s0739,0,0,False,0.0,
recall_loss,110,740,v110_s0740,0,0,False,0.0,
recall_loss,110,741,v110_s0741,0,0,False,0.0,
recall_loss,110,742,v110_s0742,0,0,False,0.0,
recall_loss,110,743,v110_s0743,0,0,False,0.0,
recall_loss,110,744,v110_s0744,0,0,False,0.0,
recall_loss,110,745,v110_s0745,0,0,False,0.0,
recall_loss,110,746,v110_s0746,0,0,False,0.0,
recall_loss,110,747,v110_s0747,0,0,False,0.0,
recall_loss,110,748,v110_s0748,0,0,False,0.0,
recall_loss,110,749,v110_s0749,0,0,False,0.0,
recall_loss,110,750,v110_s0750,0,0,False,0.0,
recall_loss,110,751,v110_s0751,0,0,False,0.0,
recall_loss,110,752,v110_s0752,0,0,False,0.0,
recall_loss,110,753,v110_s0753,0,0,False,0.0,
recall_loss,110,754,v110_s0754,0,0,False,0.0,
recall_loss,110,755,v110_s0755,0,0,False,0.0,
recall_loss,110,756,v110_s0756,0,0,False,0.0,
recall_loss,110,757,v110_s0757,0,0,False,0.0,
recall_loss,110,758,v110_s0758,0,0,False,0.0,
recall_loss,110,759,v110_s0759,0,0,False,0.0,
recall_loss,110,760,v110_s0760,0,0,False,0.0,
recall_loss,110,761,v110_s0761,0,0,False,0.0,
recall_loss,110,762,v110_s0762,0,0,False,0.0,
recall_loss,110,763,v110_s0763,0,0,False,0.0,
recall_loss,110,764,v110_s0764,0,0,False,0.0,
recall_loss,110,765,v110_s0765,0,0,False,0.0,
recall_loss,110,766,v110_s0766,0,0,False,0.0,
recall_loss,110,767,v110_s0767,0,0,False,0.0,
recall_loss,110,768,v110_s0768,0,0,False,0.0,
recall_loss,110,769,v110_s0769,0,0,False,0.0,
recall_loss,110,770,v110_s0770,0,0,False,0.0,
recall_loss,110,771,v110_s0771,0,0,False,0.0,
recall_loss,110,772,v110_s0772,0,0,False,0.0,
recall_loss,110,773,v110_s0773,0,0,False,0.0,
recall_loss,110,774,v110_s0774,0,0,False,0.0,
recall_loss,110,775,v110_s0775,0,0,False,0.0,
recall_loss,110,776,v110_s0776,0,0,False,0.0,
recall_loss,110,777,v110_s0777,0,0,False,0.0,
recall_loss,110,778,v110_s0778,0,0,False,0.0,
recall_loss,110,779,v110_s0779,0,0,False,0.0,
recall_loss,110,780,v110_s0780,0,0,False,0.0,
recall_loss,110,781,v110_s0781,0,0,False,0.0,
recall_loss,110,782,v110_s0782,0,0,False,0.0,
recall_loss,110,783,v110_s0783,0,0,False,0.0,
recall_loss,110,784,v110_s0784,0,0,False,0.0,
recall_loss,110,785,v110_s0785,0,0,False,0.0,
recall_loss,110,786,v110_s0786,0,0,False,0.0,
recall_loss,110,787,v110_s0787,0,0,False,0.0,
recall_loss,110,788,v110_s0788,0,0,False,0.0,
recall_loss,110,789,v110_s0789,0,0,False,0.0,
recall_loss,110,790,v110_s0790,0,0,False,0.0,
recall_loss,110,791,v110_s0791,0,0,False,0.0,
recall_loss,110,792,v110_s0792,0,0,False,0.0,
recall_loss,110,793,v110_s0793,0,0,False,0.0,
recall_loss,110,794,v110_s0794,0,0,False,0.0,
recall_loss,110,795,v110_s0795,0,0,False,0.0,
recall_loss,110,796,v110_s0796,0,0,False,0.0,
recall_loss,110,797,v110_s0797,0,0,False,0.0,
recall_loss,110,798,v110_s0798,0,0,False,0.0,
recall_loss,110,799,v110_s0799,0,0,False,0.0,
recall_loss,110,800,v110_s0800,0,0,False,0.0,
recall_loss,110,801,v110_s0801,0,0,False,0.0,
recall_loss,110,802,v110_s0802,0,0,False,0.0,
recall_loss,110,803,v110_s0803,0,0,False,0.0,
recall_loss,110,804,v110_s0804,0,0,False,0.0,
recall_loss,110,805,v110_s0805,0,0,False,0.0,
recall_loss,110,806,v110_s0806,0,0,False,0.0,
recall_loss,110,807,v110_s0807,0,0,False,0.0,
recall_loss,110,808,v110_s0808,0,0,False,0.0,
recall_loss,110,809,v110_s0809,0,0,False,0.0,
recall_loss,110,810,v110_s0810,0,0,False,0.0,
recall_loss,110,811,v110_s0811,0,0,False,0.0,
recall_loss,110,812,v110_s0812,0,0,False,0.0,
recall_loss,110,813,v110_s0813,0,0,False,0.0,
recall_loss,110,814,v110_s0814,0,0,False,0.0,
recall_loss,110,815,v110_s0815,0,0,False,0.0,
recall_loss,111,0,v111_s0000,0,0,False,0.0,
recall_loss,111,1,v111_s0001,0,0,False,0.0,
recall_loss,111,2,v111_s0002,0,0,False,0.0,
recall_loss,111,3,v111_s0003,0,0,False,0.0,
recall_loss,111,4,v111_s0004,0,0,False,0.0,
recall_loss,111,5,v111_s0005,0,0,False,0.0,
recall_loss,111,6,v111_s0006,0,0,False,0.0,
recall_loss,111,7,v111_s0007,0,0,False,0.0,
recall_loss,111,8,v111_s0008,0,0,False,0.0,
recall_loss,111,9,v111_s0009,0,0,False,0.0,
recall_loss,111,10,v111_s0010,0,0,False,0.0,
recall_loss,111,11,v111_s0011,0,0,False,0.0,
recall_loss,111,12,v111_s0012,0,0,False,0.0,
recall_loss,111,13,v111_s0013,0,0,False,0.0,
recall_loss,111,14,v111_s0014,0,0,False,0.0,
recall_loss,111,15,v111_s0015,0,0,False,0.0,
recall_loss,111,16,v111_s0016,0,0,False,0.0,
recall_loss,111,17,v111_s0017,0,0,False,0.0,
recall_loss,111,18,v111_s0018,0,0,False,0.0,
recall_loss,111,19,v111_s0019,0,0,False,0.0,
recall_loss,111,20,v111_s0020,0,0,False,0.0,
recall_loss,111,21,v111_s0021,0,0,False,0.0,
recall_loss,111,22,v111_s0022,0,0,False,0.0,
recall_loss,111,23,v111_s0023,0,0,False,0.0,
recall_loss,111,24,v111_s0024,0,0,False,0.0,
recall_loss,111,25,v111_s0025,0,0,False,0.0,
recall_loss,111,26,v111_s0026,0,0,False,0.0,
recall_loss,111,27,v111_s0027,0,0,False,0.0,
recall_loss,111,28,v111_s0028,0,0,False,0.0,
recall_loss,111,29,v111_s0029,0,0,False,0.0,
recall_loss,111,30,v111_s0030,0,0,False,0.0,
recall_loss,111,31,v111_s0031,0,0,False,0.0,
recall_loss,111,32,v111_s0032,0,0,False,0.0,
recall_loss,111,33,v111_s0033,0,0,False,0.0,
recall_loss,111,34,v111_s0034,0,0,False,0.0,
recall_loss,111,35,v111_s0035,0,0,False,0.0,
recall_loss,111,36,v111_s0036,0,0,False,0.0,
recall_loss,111,37,v111_s0037,0,0,False,0.0,
recall_loss,111,38,v111_s0038,0,0,False,0.0,
recall_loss,111,39,v111_s0039,0,0,False,0.0,
recall_loss,111,40,v111_s0040,0,0,False,0.0,
recall_loss,111,41,v111_s0041,0,0,False,0.0,
recall_loss,111,42,v111_s0042,0,0,False,0.0,
recall_loss,111,43,v111_s0043,0,0,False,0.0,
recall_loss,111,44,v111_s0044,0,0,False,0.0,
recall_loss,111,45,v111_s0045,0,0,False,0.0,
recall_loss,111,46,v111_s0046,0,0,False,0.0,
recall_loss,111,47,v111_s0047,0,0,False,0.0,
recall_loss,111,48,v111_s0048,0,0,False,0.0,
recall_loss,111,49,v111_s0049,0,0,False,0.0,
recall_loss,111,50,v111_s0050,0,0,False,0.0,
recall_loss,111,51,v111_s0051,0,0,False,0.0,
recall_loss,111,52,v111_s0052,0,0,False,0.0,
recall_loss,111,53,v111_s0053,0,0,False,0.0,
recall_loss,111,54,v111_s0054,0,0,False,0.0,
recall_loss,111,55,v111_s0055,0,0,False,0.0,
recall_loss,111,56,v111_s0056,0,0,False,0.0,
recall_loss,111,57,v111_s0057,0,0,False,0.0,
recall_loss,111,58,v111_s0058,0,0,False,0.0,
recall_loss,111,59,v111_s0059,0,0,False,0.0,
recall_loss,111,60,v111_s0060,0,0,False,0.0,
recall_loss,111,61,v111_s0061,0,0,False,0.0,
recall_loss,111,62,v111_s0062,0,0,False,0.0,
recall_loss,111,63,v111_s0063,0,0,False,0.0,
recall_loss,111,64,v111_s0064,0,0,False,0.0,
recall_loss,111,65,v111_s0065,0,0,False,0.0,
recall_loss,111,66,v111_s0066,0,0,False,0.0,
recall_loss,111,67,v111_s0067,0,0,False,0.0,
recall_loss,111,68,v111_s0068,0,0,False,0.0,
recall_loss,111,69,v111_s0069,0,0,False,0.0,
recall_loss,111,70,v111_s0070,0,0,False,0.0,
recall_loss,111,71,v111_s0071,0,0,False,0.0,
recall_loss,111,72,v111_s0072,0,0,False,0.0,
recall_loss,111,73,v111_s0073,0,0,False,0.0,
recall_loss,111,74,v111_s0074,0,0,False,0.0,
recall_loss,111,75,v111_s0075,0,0,False,0.0,
recall_loss,111,76,v111_s0076,0,0,False,0.0,
recall_loss,111,77,v111_s0077,0,0,False,0.0,
recall_loss,111,78,v111_s0078,0,0,False,0.0,
recall_loss,111,79,v111_s0079,0,0,False,0.0,
recall_loss,111,80,v111_s0080,0,0,False,0.0,
recall_loss,111,81,v111_s0081,0,0,False,0.0,
recall_loss,111,82,v111_s0082,0,0,False,0.0,
recall_loss,111,83,v111_s0083,0,0,False,0.0,
recall_loss,111,84,v111_s0084,0,0,False,0.0,
recall_loss,111,85,v111_s0085,0,0,False,0.0,
recall_loss,111,86,v111_s0086,0,0,False,0.0,
recall_loss,111,87,v111_s0087,0,0,False,0.0,
recall_loss,111,88,v111_s0088,0,0,False,0.0,
recall_loss,111,89,v111_s0089,0,0,False,0.0,
recall_loss,111,90,v111_s0090,0,0,False,0.0,
recall_loss,111,91,v111_s0091,0,0,False,0.0,
recall_loss,111,92,v111_s0092,0,0,False,0.0,
recall_loss,111,93,v111_s0093,0,0,False,0.0,
recall_loss,111,94,v111_s0094,0,0,False,0.0,
recall_loss,111,95,v111_s0095,0,0,False,0.0,
recall_loss,111,96,v111_s0096,0,0,False,0.0,
recall_loss,111,97,v111_s0097,0,0,False,0.0,
recall_loss,111,98,v111_s0098,0,0,False,0.0,
recall_loss,111,99,v111_s0099,0,0,False,0.0,
recall_loss,111,100,v111_s0100,0,0,False,0.0,
recall_loss,111,101,v111_s0101,0,0,False,0.0,
recall_loss,111,102,v111_s0102,0,0,False,0.0,
recall_loss,111,103,v111_s0103,0,0,False,0.0,
recall_loss,111,104,v111_s0104,0,0,False,0.0,
recall_loss,111,105,v111_s0105,0,0,False,0.0,
recall_loss,111,106,v111_s0106,0,0,False,0.0,
recall_loss,111,107,v111_s0107,0,0,False,0.0,
recall_loss,111,108,v111_s0108,0,0,False,0.0,
recall_loss,111,109,v111_s0109,0,0,False,0.0,
recall_loss,111,110,v111_s0110,0,0,False,0.0,
recall_loss,111,111,v111_s0111,0,0,False,0.0,
recall_loss,111,112,v111_s0112,0,0,False,0.0,
recall_loss,111,113,v111_s0113,0,0,False,0.0,
recall_loss,111,114,v111_s0114,0,0,False,0.0,
recall_loss,111,115,v111_s0115,0,0,False,0.0,
recall_loss,111,116,v111_s0116,0,0,False,0.0,
recall_loss,111,117,v111_s0117,0,0,False,0.0,
recall_loss,111,118,v111_s0118,0,0,False,0.0,
recall_loss,111,119,v111_s0119,0,0,False,0.0,
recall_loss,111,120,v111_s0120,0,0,False,0.0,
recall_loss,111,121,v111_s0121,0,0,False,0.0,
recall_loss,111,122,v111_s0122,0,0,False,0.0,
recall_loss,111,123,v111_s0123,0,0,False,0.0,
recall_loss,111,124,v111_s0124,0,0,False,0.0,
recall_loss,111,125,v111_s0125,0,0,False,0.0,
recall_loss,111,126,v111_s0126,0,0,False,0.0,
recall_loss,111,127,v111_s0127,0,0,False,0.0,
recall_loss,111,128,v111_s0128,0,0,False,0.0,
recall_loss,111,129,v111_s0129,0,0,False,0.0,
recall_loss,111,130,v111_s0130,0,0,False,0.0,
recall_loss,111,131,v111_s0131,0,0,False,0.0,
recall_loss,111,132,v111_s0132,0,0,False,0.0,
recall_loss,111,133,v111_s0133,0,0,False,0.0,
recall_loss,111,134,v111_s0134,0,0,False,0.0,
recall_loss,111,135,v111_s0135,0,0,False,0.0,
recall_loss,111,136,v111_s0136,0,0,False,0.0,
recall_loss,111,137,v111_s0137,0,0,False,0.0,
recall_loss,111,138,v111_s0138,0,0,False,0.0,
recall_loss,111,139,v111_s0139,0,0,False,0.0,
recall_loss,111,140,v111_s0140,0,0,False,0.0,
recall_loss,111,141,v111_s0141,0,0,False,0.0,
recall_loss,111,142,v111_s0142,0,0,False,0.0,
recall_loss,111,143,v111_s0143,0,0,False,0.0,
recall_loss,111,144,v111_s0144,0,0,False,0.0,
recall_loss,111,145,v111_s0145,0,0,False,0.0,
recall_loss,111,146,v111_s0146,0,0,False,0.0,
recall_loss,111,147,v111_s0147,0,0,False,0.0,
recall_loss,111,148,v111_s0148,0,0,False,0.0,
recall_loss,111,149,v111_s0149,0,0,False,0.0,
recall_loss,111,150,v111_s0150,0,0,False,0.0,
recall_loss,111,151,v111_s0151,0,0,False,0.0,
recall_loss,111,152,v111_s0152,0,0,False,0.0,
recall_loss,111,153,v111_s0153,0,0,False,0.0,
recall_loss,111,154,v111_s0154,0,0,False,0.0,
recall_loss,111,155,v111_s0155,0,0,False,0.0,
recall_loss,111,156,v111_s0156,0,0,False,0.0,
recall_loss,111,157,v111_s0157,0,0,False,0.0,
recall_loss,111,158,v111_s0158,0,0,False,0.0,
recall_loss,111,159,v111_s0159,0,0,False,0.0,
recall_loss,111,160,v111_s0160,0,0,False,0.0,
recall_loss,111,161,v111_s0161,0,0,False,0.0,
recall_loss,111,162,v111_s0162,0,0,False,0.0,
recall_loss,111,163,v111_s0163,0,0,False,0.0,
recall_loss,111,164,v111_s0164,0,0,False,0.0,
recall_loss,111,165,v111_s0165,0,0,False,0.0,
recall_loss,111,166,v111_s0166,0,0,False,0.0,
recall_loss,111,167,v111_s0167,0,0,False,0.0,
recall_loss,111,168,v111_s0168,0,0,False,0.0,
recall_loss,111,169,v111_s0169,0,0,False,0.0,
recall_loss,111,170,v111_s0170,0,0,False,0.0,
recall_loss,111,171,v111_s0171,0,0,False,0.0,
recall_loss,111,172,v111_s0172,0,0,False,0.0,
recall_loss,111,173,v111_s0173,0,0,False,0.0,
recall_loss,111,174,v111_s0174,0,0,False,0.0,
recall_loss,111,175,v111_s0175,0,0,False,0.0,
recall_loss,111,176,v111_s0176,0,0,False,0.0,
recall_loss,111,177,v111_s0177,0,0,False,0.0,
recall_loss,111,178,v111_s0178,0,0,False,0.0,
recall_loss,111,179,v111_s0179,0,0,False,0.0,
recall_loss,111,180,v111_s0180,0,0,False,0.0,
recall_loss,111,181,v111_s0181,0,0,False,0.0,
recall_loss,111,182,v111_s0182,0,0,False,0.0,
recall_loss,111,183,v111_s0183,0,0,False,0.0,
recall_loss,111,184,v111_s0184,0,0,False,0.0,
recall_loss,111,185,v111_s0185,0,0,False,0.0,
recall_loss,111,186,v111_s0186,0,0,False,0.0,
recall_loss,111,187,v111_s0187,0,0,False,0.0,
recall_loss,111,188,v111_s0188,0,0,False,0.0,
recall_loss,111,189,v111_s0189,0,0,False,0.0,
recall_loss,111,190,v111_s0190,0,0,False,0.0,
recall_loss,111,191,v111_s0191,0,0,False,0.0,
recall_loss,111,192,v111_s0192,0,0,False,0.0,
recall_loss,111,193,v111_s0193,0,0,False,0.0,
recall_loss,111,194,v111_s0194,0,0,False,0.0,
recall_loss,111,195,v111_s0195,0,0,False,0.0,
recall_loss,111,196,v111_s0196,0,0,False,0.0,
recall_loss,111,197,v111_s0197,0,0,False,0.0,
recall_loss,111,198,v111_s0198,0,0,False,0.0,
recall_loss,111,199,v111_s0199,0,0,False,0.0,
recall_loss,111,200,v111_s0200,0,0,False,0.0,
recall_loss,111,201,v111_s0201,0,0,False,0.0,
recall_loss,111,202,v111_s0202,0,0,False,0.0,
recall_loss,111,203,v111_s0203,0,0,False,0.0,
recall_loss,111,204,v111_s0204,0,0,False,0.0,
recall_loss,111,205,v111_s0205,0,0,False,0.0,
recall_loss,111,206,v111_s0206,0,0,False,0.0,
recall_loss,111,207,v111_s0207,0,0,False,0.0,
recall_loss,111,208,v111_s0208,0,0,False,0.0,
recall_loss,111,209,v111_s0209,0,0,False,0.0,
recall_loss,111,210,v111_s0210,0,0,False,0.0,
recall_loss,111,211,v111_s0211,0,0,False,0.0,
recall_loss,111,212,v111_s0212,0,0,False,0.0,
recall_loss,111,213,v111_s0213,0,0,False,0.0,
recall_loss,111,214,v111_s0214,0,0,False,0.0,
recall_loss,111,215,v111_s0215,0,0,False,0.0,
recall_loss,111,216,v111_s0216,0,0,False,0.0,
recall_loss,111,217,v111_s0217,0,0,False,0.0,
recall_loss,111,218,v111_s0218,0,0,False,0.0,
recall_loss,111,219,v111_s0219,0,0,False,0.0,
recall_loss,111,220,v111_s0220,0,0,False,0.0,
recall_loss,111,221,v111_s0221,0,0,False,0.0,
recall_loss,111,222,v111_s0222,0,0,False,0.0,
recall_loss,111,223,v111_s0223,0,0,False,0.0,
recall_loss,111,224,v111_s0224,0,0,False,0.0,
recall_loss,111,225,v111_s0225,0,0,False,0.0,
recall_loss,111,226,v111_s0226,0,0,False,0.0,
recall_loss,111,227,v111_s0227,0,0,False,0.0,
recall_loss,111,228,v111_s0228,0,0,False,0.0,
recall_loss,111,229,v111_s0229,0,0,False,0.0,
recall_loss,111,230,v111_s0230,0,0,False,0.0,
recall_loss,111,231,v111_s0231,0,0,False,0.0,
recall_loss,111,232,v111_s0232,0,0,False,0.0,
recall_loss,111,233,v111_s0233,0,0,False,0.0,
recall_loss,111,234,v111_s0234,0,0,False,0.0,
recall_loss,111,235,v111_s0235,0,0,False,0.0,
recall_loss,111,236,v111_s0236,0,0,False,0.0,
recall_loss,111,237,v111_s0237,0,0,False,0.0,
recall_loss,111,238,v111_s0238,0,0,False,0.0,
recall_loss,111,239,v111_s0239,0,0,False,0.0,
recall_loss,111,240,v111_s0240,0,0,False,0.0,
recall_loss,111,241,v111_s0241,0,0,False,0.0,
recall_loss,111,242,v111_s0242,0,0,False,0.0,
recall_loss,111,243,v111_s0243,0,0,False,0.0,
recall_loss,111,244,v111_s0244,0,0,False,0.0,
recall_loss,111,245,v111_s0245,0,0,False,0.0,
recall_loss,111,246,v111_s0246,0,0,False,0.0,
recall_loss,111,247,v111_s0247,0,0,False,0.0,
recall_loss,111,248,v111_s0248,0,0,False,0.0,
recall_loss,111,249,v111_s0249,0,0,False,0.0,
recall_loss,111,250,v111_s0250,0,0,False,0.0,
recall_loss,111,251,v111_s0251,0,0,False,0.0,
recall_loss,111,252,v111_s0252,0,0,False,0.0,
recall_loss,111,253,v111_s0253,0,0,False,0.0,
recall_loss,111,254,v111_s0254,0,0,False,0.0,
recall_loss,111,255,v111_s0255,0,0,False,0.0,
recall_loss,111,256,v111_s0256,0,0,False,0.0,
recall_loss,111,257,v111_s0257,0,0,False,0.0,
recall_loss,111,258,v111_s0258,0,0,False,0.0,
recall_loss,111,259,v111_s0259,0,0,False,0.0,
recall_loss,111,260,v111_s0260,0,0,False,0.0,
recall_loss,111,261,v111_s0261,0,0,False,0.0,
recall_loss,111,262,v111_s0262,0,0,False,0.0,
recall_loss,111,263,v111_s0263,0,0,False,0.0,
recall_loss,111,264,v111_s0264,0,0,False,0.0,
recall_loss,111,265,v111_s0265,0,0,False,0.0,
recall_loss,111,266,v111_s0266,0,0,False,0.0,
recall_loss,111,267,v111_s0267,0,0,False,0.0,
recall_loss,111,268,v111_s0268,0,0,False,0.0,
recall_loss,111,269,v111_s0269,0,0,False,0.0,
recall_loss,111,270,v111_s0270,0,0,False,0.0,
recall_loss,111,271,v111_s0271,0,0,False,0.0,
recall_loss,111,272,v111_s0272,0,0,False,0.0,
recall_loss,111,273,v111_s0273,0,0,False,0.0,
recall_loss,111,274,v111_s0274,0,0,False,0.0,
recall_loss,111,275,v111_s0275,0,0,False,0.0,
recall_loss,111,276,v111_s0276,0,19,False,1.0,
recall_loss,111,277,v111_s0277,0,26,False,1.0,
recall_loss,111,278,v111_s0278,0,0,False,1.1920928955078125e-07,
recall_loss,111,279,v111_s0279,0,0,False,0.00011068582534790039,
recall_loss,111,280,v111_s0280,0,1,False,0.5732421875,
recall_loss,111,281,v111_s0281,0,0,False,1.7881393432617188e-07,
recall_loss,111,282,v111_s0282,0,0,False,0.0,
recall_loss,111,283,v111_s0283,0,0,False,0.0,
recall_loss,111,284,v111_s0284,0,0,False,0.0,
recall_loss,111,285,v111_s0285,0,0,False,0.0,
recall_loss,111,286,v111_s0286,0,0,False,0.0,
recall_loss,111,287,v111_s0287,0,0,False,0.0,
recall_loss,111,288,v111_s0288,0,0,False,0.0,
recall_loss,111,289,v111_s0289,0,0,False,0.0,
recall_loss,111,290,v111_s0290,0,0,False,0.0,
recall_loss,111,291,v111_s0291,0,0,False,0.0,
recall_loss,111,292,v111_s0292,0,0,False,0.0,
recall_loss,111,293,v111_s0293,0,0,False,0.0,
recall_loss,111,294,v111_s0294,0,0,False,0.0,
recall_loss,111,295,v111_s0295,0,0,False,0.0,
recall_loss,111,296,v111_s0296,0,0,False,0.0,
recall_loss,111,297,v111_s0297,0,0,False,0.0,
recall_loss,111,298,v111_s0298,0,0,False,0.0,
recall_loss,111,299,v111_s0299,0,0,False,0.0,
recall_loss,111,300,v111_s0300,0,0,False,0.0,
recall_loss,111,301,v111_s0301,0,0,False,0.0,
recall_loss,111,302,v111_s0302,0,0,False,0.0,
recall_loss,111,303,v111_s0303,0,0,False,0.0,
recall_loss,111,304,v111_s0304,0,0,False,0.0,
recall_loss,111,305,v111_s0305,0,0,False,3.5762786865234375e-07,
recall_loss,111,306,v111_s0306,0,0,False,0.0,
recall_loss,111,307,v111_s0307,0,0,False,0.0,
recall_loss,111,308,v111_s0308,0,0,False,0.0,
recall_loss,111,309,v111_s0309,0,0,False,0.0,
recall_loss,111,310,v111_s0310,0,0,False,0.0,
recall_loss,111,311,v111_s0311,0,0,False,0.0,
recall_loss,111,312,v111_s0312,0,0,False,0.0,
recall_loss,111,313,v111_s0313,0,0,False,0.0,
recall_loss,111,314,v111_s0314,0,0,False,0.0,
recall_loss,111,315,v111_s0315,0,0,False,0.0,
recall_loss,111,316,v111_s0316,0,0,False,0.0,
recall_loss,111,317,v111_s0317,0,0,False,0.0,
recall_loss,111,318,v111_s0318,3,2,False,0.76806640625,0.0
recall_loss,111,319,v111_s0319,12,0,False,0.0,0.0
recall_loss,111,320,v111_s0320,19,0,False,0.0,0.0
recall_loss,111,321,v111_s0321,20,0,False,0.0,0.0
recall_loss,111,322,v111_s0322,22,0,False,0.0,0.0
recall_loss,111,323,v111_s0323,26,0,False,0.0004379749298095703,0.0004379749298095703
recall_loss,111,324,v111_s0324,29,47,True,1.0,1.0
recall_loss,111,325,v111_s0325,23,61,True,1.0,1.0
recall_loss,111,326,v111_s0326,21,41,True,1.0,1.0
recall_loss,111,327,v111_s0327,22,32,True,1.0,1.0
recall_loss,111,328,v111_s0328,22,0,False,0.223876953125,0.223876953125
recall_loss,111,329,v111_s0329,14,0,False,0.0,0.0
recall_loss,111,330,v111_s0330,10,0,False,0.038055419921875,0.0
recall_loss,111,331,v111_s0331,4,0,False,0.0,0.0
recall_loss,111,332,v111_s0332,0,0,False,0.0,
recall_loss,111,333,v111_s0333,0,0,False,0.0,
recall_loss,111,334,v111_s0334,1,0,False,0.0,0.0
recall_loss,111,335,v111_s0335,12,0,False,0.0,0.0
recall_loss,111,336,v111_s0336,12,0,False,0.0,0.0
recall_loss,111,337,v111_s0337,14,0,False,0.0,0.0
recall_loss,111,338,v111_s0338,18,12,False,0.95263671875,0.0
recall_loss,111,339,v111_s0339,21,3,True,0.873046875,0.873046875
recall_loss,111,340,v111_s0340,29,27,True,1.0,1.0
recall_loss,111,341,v111_s0341,28,41,True,1.0,1.0
recall_loss,111,342,v111_s0342,29,44,True,1.0,1.0
recall_loss,111,343,v111_s0343,29,40,True,1.0,1.0
recall_loss,111,344,v111_s0344,33,41,True,1.0,1.0
recall_loss,111,345,v111_s0345,34,43,True,1.0,1.0
recall_loss,111,346,v111_s0346,34,46,True,1.0,1.0
recall_loss,111,347,v111_s0347,36,50,True,1.0,1.0
recall_loss,111,348,v111_s0348,29,55,True,1.0,1.0
recall_loss,111,349,v111_s0349,29,100,True,1.0,1.0
recall_loss,111,350,v111_s0350,48,95,True,1.0,1.0
recall_loss,111,351,v111_s0351,53,51,True,1.0,1.0
recall_loss,111,352,v111_s0352,36,65,True,1.0,1.0
recall_loss,111,353,v111_s0353,34,46,True,1.0,1.0
recall_loss,111,354,v111_s0354,19,20,True,1.0,1.0
recall_loss,111,355,v111_s0355,13,7,True,0.99951171875,0.99951171875
recall_loss,111,356,v111_s0356,6,2,False,0.64404296875,1.2040138244628906e-05
recall_loss,111,357,v111_s0357,1,0,False,0.0,0.0
recall_loss,111,358,v111_s0358,1,0,False,1.6093254089355469e-06,0.0
recall_loss,111,359,v111_s0359,2,0,False,0.0,0.0
recall_loss,111,360,v111_s0360,2,0,False,0.0,0.0
recall_loss,111,361,v111_s0361,5,0,False,0.00012791156768798828,3.7550926208496094e-06
recall_loss,111,362,v111_s0362,7,3,True,0.94482421875,0.6953125
recall_loss,111,363,v111_s0363,10,8,True,0.99853515625,0.99853515625
recall_loss,111,364,v111_s0364,14,9,True,1.0,1.0
recall_loss,111,365,v111_s0365,19,8,True,0.9990234375,0.9990234375
recall_loss,111,366,v111_s0366,21,0,False,0.0,0.0
recall_loss,111,367,v111_s0367,17,0,False,0.0,0.0
recall_loss,111,368,v111_s0368,19,0,False,0.0,0.0
recall_loss,111,369,v111_s0369,18,0,False,1.9073486328125e-06,1.9073486328125e-06
recall_loss,111,370,v111_s0370,16,12,True,0.99951171875,0.99951171875
recall_loss,111,371,v111_s0371,16,0,False,0.01390838623046875,0.0008764266967773438
recall_loss,111,372,v111_s0372,17,0,False,4.231929779052734e-06,0.0
recall_loss,111,373,v111_s0373,19,1,False,0.64453125,0.0
recall_loss,111,374,v111_s0374,17,6,False,0.9775390625,0.0
recall_loss,111,375,v111_s0375,14,18,True,1.0,1.0
recall_loss,111,376,v111_s0376,13,30,True,1.0,1.0
recall_loss,111,377,v111_s0377,9,0,False,1.7881393432617188e-07,1.7881393432617188e-07
recall_loss,111,378,v111_s0378,8,0,False,0.0025691986083984375,0.0
recall_loss,111,379,v111_s0379,5,16,False,1.0,0.0
recall_loss,111,380,v111_s0380,3,0,False,0.0,0.0
recall_loss,111,381,v111_s0381,2,0,False,0.0,0.0
recall_loss,111,382,v111_s0382,0,0,False,0.0,
recall_loss,111,383,v111_s0383,0,0,False,0.0,
recall_loss,111,384,v111_s0384,0,0,False,0.0015611648559570312,
recall_loss,111,385,v111_s0385,0,33,False,1.0,
recall_loss,111,386,v111_s0386,0,0,False,0.035797119140625,
recall_loss,111,387,v111_s0387,0,84,False,0.99169921875,
recall_loss,111,388,v111_s0388,11,92,False,0.994140625,0.0
recall_loss,111,389,v111_s0389,11,98,False,0.99951171875,0.0
recall_loss,111,390,v111_s0390,13,0,False,6.788969039916992e-05,0.0
recall_loss,111,391,v111_s0391,14,0,False,0.0,0.0
recall_loss,111,392,v111_s0392,14,0,False,0.06292724609375,5.0067901611328125e-06
recall_loss,111,393,v111_s0393,18,18,True,1.0,1.0
recall_loss,111,394,v111_s0394,18,33,True,1.0,1.0
recall_loss,111,395,v111_s0395,19,29,True,1.0,1.0
recall_loss,111,396,v111_s0396,17,32,True,1.0,1.0
recall_loss,111,397,v111_s0397,26,40,True,1.0,1.0
recall_loss,111,398,v111_s0398,30,39,True,1.0,1.0
recall_loss,111,399,v111_s0399,19,37,True,1.0,1.0
recall_loss,111,400,v111_s0400,12,35,True,1.0,1.0
recall_loss,111,401,v111_s0401,10,28,True,1.0,1.0
recall_loss,111,402,v111_s0402,0,25,False,1.0,
recall_loss,111,403,v111_s0403,0,14,False,1.0,
recall_loss,111,404,v111_s0404,0,0,False,0.0,
recall_loss,111,405,v111_s0405,0,0,False,1.424551010131836e-05,
recall_loss,111,406,v111_s0406,0,0,False,0.0001499652862548828,
recall_loss,111,407,v111_s0407,0,15,False,0.99951171875,
recall_loss,111,408,v111_s0408,0,0,False,0.0,
recall_loss,111,409,v111_s0409,0,0,False,0.0,
recall_loss,111,410,v111_s0410,0,0,False,0.0,
recall_loss,111,411,v111_s0411,13,10,True,0.98388671875,0.98388671875
recall_loss,111,412,v111_s0412,16,52,True,1.0,1.0
recall_loss,111,413,v111_s0413,23,56,True,1.0,1.0
recall_loss,111,414,v111_s0414,29,53,True,1.0,1.0
recall_loss,111,415,v111_s0415,37,61,True,1.0,1.0
recall_loss,111,416,v111_s0416,51,71,True,1.0,1.0
recall_loss,111,417,v111_s0417,51,89,True,1.0,1.0
recall_loss,111,418,v111_s0418,44,82,True,1.0,1.0
recall_loss,111,419,v111_s0419,42,85,True,1.0,1.0
recall_loss,111,420,v111_s0420,37,66,True,1.0,1.0
recall_loss,111,421,v111_s0421,36,63,True,1.0,1.0
recall_loss,111,422,v111_s0422,32,55,True,1.0,1.0
recall_loss,111,423,v111_s0423,35,54,True,1.0,1.0
recall_loss,111,424,v111_s0424,15,63,True,1.0,1.0
recall_loss,111,425,v111_s0425,11,40,True,1.0,1.0
recall_loss,111,426,v111_s0426,7,13,True,0.99951171875,0.99755859375
recall_loss,111,427,v111_s0427,0,0,False,3.5762786865234375e-07,
recall_loss,111,428,v111_s0428,0,0,False,0.0,
recall_loss,111,429,v111_s0429,0,0,False,0.049560546875,
recall_loss,111,430,v111_s0430,0,24,False,1.0,
recall_loss,111,431,v111_s0431,0,0,False,5.245208740234375e-06,
recall_loss,111,432,v111_s0432,0,0,False,0.0,
recall_loss,111,433,v111_s0433,0,0,False,0.0,
recall_loss,111,434,v111_s0434,0,0,False,0.01070404052734375,
recall_loss,111,435,v111_s0435,0,11,False,0.9921875,
recall_loss,111,436,v111_s0436,0,0,False,7.3909759521484375e-06,
recall_loss,111,437,v111_s0437,0,64,False,1.0,
recall_loss,111,438,v111_s0438,0,32,False,0.9990234375,
recall_loss,111,439,v111_s0439,0,12,False,0.9833984375,
recall_loss,111,440,v111_s0440,0,0,False,0.0296630859375,
recall_loss,111,441,v111_s0441,0,0,False,0.33642578125,
recall_loss,111,442,v111_s0442,0,0,False,0.1270751953125,
recall_loss,111,443,v111_s0443,0,0,False,6.079673767089844e-06,
recall_loss,111,444,v111_s0444,0,27,False,0.99951171875,
recall_loss,111,445,v111_s0445,0,0,False,4.291534423828125e-06,
recall_loss,111,446,v111_s0446,0,0,False,0.0057830810546875,
recall_loss,111,447,v111_s0447,0,0,False,0.0002963542938232422,
recall_loss,111,448,v111_s0448,0,32,False,1.0,
recall_loss,111,449,v111_s0449,0,68,False,1.0,
recall_loss,111,450,v111_s0450,0,66,False,1.0,
recall_loss,111,451,v111_s0451,0,56,False,1.0,
recall_loss,111,452,v111_s0452,0,54,False,1.0,
recall_loss,111,453,v111_s0453,0,25,False,1.0,
recall_loss,111,454,v111_s0454,0,95,False,1.0,
recall_loss,111,455,v111_s0455,0,40,False,1.0,
recall_loss,111,456,v111_s0456,0,0,False,0.0,
recall_loss,111,457,v111_s0457,0,0,False,0.0,
recall_loss,111,458,v111_s0458,0,0,False,0.0,
recall_loss,111,459,v111_s0459,0,0,False,0.0,
recall_loss,111,460,v111_s0460,0,0,False,0.0,
recall_loss,111,461,v111_s0461,0,0,False,0.0,
recall_loss,111,462,v111_s0462,0,0,False,0.0,
recall_loss,111,463,v111_s0463,0,0,False,0.0,
recall_loss,111,464,v111_s0464,0,0,False,0.0,
recall_loss,111,465,v111_s0465,0,0,False,0.0,
recall_loss,111,466,v111_s0466,0,0,False,0.0,
recall_loss,111,467,v111_s0467,0,0,False,0.0,
recall_loss,111,468,v111_s0468,0,0,False,0.0,
recall_loss,111,469,v111_s0469,0,0,False,0.0,
recall_loss,111,470,v111_s0470,0,0,False,0.0,
recall_loss,111,471,v111_s0471,0,0,False,0.0,
recall_loss,111,472,v111_s0472,0,0,False,0.0,
recall_loss,111,473,v111_s0473,0,0,False,0.0,
recall_loss,111,474,v111_s0474,0,0,False,0.0,
recall_loss,111,475,v111_s0475,0,0,False,0.0,
recall_loss,111,476,v111_s0476,0,0,False,0.0,
recall_loss,111,477,v111_s0477,0,0,False,0.0,
recall_loss,111,478,v111_s0478,0,0,False,0.0,
recall_loss,111,479,v111_s0479,0,0,False,0.0,
recall_loss,111,480,v111_s0480,0,0,False,0.0,
recall_loss,111,481,v111_s0481,0,0,False,0.0,
recall_loss,111,482,v111_s0482,0,0,False,0.0,
recall_loss,111,483,v111_s0483,0,0,False,0.0,
recall_loss,111,484,v111_s0484,0,0,False,0.0,
recall_loss,111,485,v111_s0485,0,0,False,0.0,
recall_loss,111,486,v111_s0486,0,0,False,0.0,
recall_loss,111,487,v111_s0487,0,0,False,0.0,
recall_loss,111,488,v111_s0488,0,0,False,0.0,
recall_loss,111,489,v111_s0489,0,0,False,0.0,
recall_loss,111,490,v111_s0490,0,0,False,0.0,
recall_loss,111,491,v111_s0491,0,0,False,0.0,
recall_loss,111,492,v111_s0492,0,0,False,0.0,
recall_loss,111,493,v111_s0493,0,0,False,0.0,
recall_loss,111,494,v111_s0494,0,0,False,0.0,
recall_loss,111,495,v111_s0495,0,0,False,0.0,
recall_loss,111,496,v111_s0496,0,0,False,0.0,
recall_loss,111,497,v111_s0497,0,0,False,0.0,
recall_loss,111,498,v111_s0498,0,0,False,0.0,
recall_loss,111,499,v111_s0499,0,0,False,0.0,
recall_loss,111,500,v111_s0500,0,0,False,0.0,
recall_loss,111,501,v111_s0501,0,0,False,0.0,
recall_loss,111,502,v111_s0502,0,0,False,0.0,
recall_loss,111,503,v111_s0503,0,0,False,0.0,
recall_loss,111,504,v111_s0504,0,0,False,0.0,
recall_loss,111,505,v111_s0505,0,0,False,0.0,
recall_loss,111,506,v111_s0506,0,0,False,0.0,
recall_loss,111,507,v111_s0507,0,0,False,0.0,
recall_loss,111,508,v111_s0508,0,0,False,0.0,
recall_loss,111,509,v111_s0509,0,0,False,0.0,
recall_loss,111,510,v111_s0510,0,0,False,0.0,
recall_loss,111,511,v111_s0511,0,0,False,0.0,
recall_loss,111,512,v111_s0512,0,0,False,0.0,
recall_loss,111,513,v111_s0513,0,0,False,0.0,
recall_loss,111,514,v111_s0514,0,0,False,0.0,
recall_loss,111,515,v111_s0515,0,0,False,0.0,
recall_loss,111,516,v111_s0516,0,0,False,0.0,
recall_loss,111,517,v111_s0517,0,0,False,0.0,
recall_loss,111,518,v111_s0518,0,0,False,0.0,
recall_loss,111,519,v111_s0519,0,0,False,0.0,
recall_loss,111,520,v111_s0520,0,0,False,0.0,
recall_loss,111,521,v111_s0521,0,0,False,0.0,
recall_loss,111,522,v111_s0522,0,0,False,0.0,
recall_loss,111,523,v111_s0523,0,0,False,0.0,
recall_loss,111,524,v111_s0524,0,0,False,0.0,
recall_loss,111,525,v111_s0525,0,0,False,0.0,
recall_loss,111,526,v111_s0526,0,0,False,0.0,
recall_loss,111,527,v111_s0527,0,0,False,0.0,
recall_loss,111,528,v111_s0528,0,0,False,0.0,
recall_loss,111,529,v111_s0529,0,0,False,0.0,
recall_loss,111,530,v111_s0530,0,0,False,0.0,
recall_loss,111,531,v111_s0531,0,0,False,0.0,
recall_loss,111,532,v111_s0532,0,0,False,0.0,
recall_loss,111,533,v111_s0533,0,0,False,0.0,
recall_loss,111,534,v111_s0534,0,0,False,0.0,
recall_loss,111,535,v111_s0535,0,0,False,0.0,
recall_loss,111,536,v111_s0536,0,0,False,0.0,
recall_loss,111,537,v111_s0537,0,0,False,0.0,
recall_loss,111,538,v111_s0538,0,0,False,0.0,
recall_loss,111,539,v111_s0539,0,0,False,0.0,
recall_loss,111,540,v111_s0540,0,0,False,0.0,
recall_loss,111,541,v111_s0541,0,0,False,0.0,
recall_loss,111,542,v111_s0542,0,0,False,0.0,
recall_loss,111,543,v111_s0543,0,0,False,0.0,
recall_loss,111,544,v111_s0544,0,0,False,0.0,
recall_loss,111,545,v111_s0545,0,0,False,0.0,
recall_loss,111,546,v111_s0546,0,0,False,0.0,
recall_loss,111,547,v111_s0547,0,0,False,0.0,
recall_loss,111,548,v111_s0548,0,0,False,0.0,
recall_loss,111,549,v111_s0549,0,0,False,0.0,
recall_loss,111,550,v111_s0550,0,0,False,0.0,
recall_loss,111,551,v111_s0551,0,0,False,0.0,
recall_loss,111,552,v111_s0552,0,0,False,0.0,
recall_loss,111,553,v111_s0553,0,0,False,0.0,
recall_loss,111,554,v111_s0554,0,0,False,0.0,
recall_loss,111,555,v111_s0555,0,0,False,0.0,
recall_loss,111,556,v111_s0556,0,0,False,0.0,
recall_loss,111,557,v111_s0557,0,0,False,0.0,
recall_loss,111,558,v111_s0558,0,0,False,0.0,
recall_loss,111,559,v111_s0559,0,0,False,0.0,
recall_loss,111,560,v111_s0560,0,0,False,0.0,
recall_loss,111,561,v111_s0561,0,0,False,0.0,
recall_loss,111,562,v111_s0562,0,0,False,0.0,
recall_loss,111,563,v111_s0563,0,0,False,0.0,
recall_loss,111,564,v111_s0564,0,0,False,0.0,
recall_loss,111,565,v111_s0565,0,0,False,0.0,
recall_loss,111,566,v111_s0566,0,0,False,0.0,
recall_loss,111,567,v111_s0567,0,0,False,0.0,
recall_loss,111,568,v111_s0568,0,0,False,0.0,
recall_loss,111,569,v111_s0569,0,0,False,0.0,
recall_loss,111,570,v111_s0570,0,0,False,0.0,
recall_loss,111,571,v111_s0571,0,0,False,0.0,
recall_loss,111,572,v111_s0572,0,0,False,0.0,
recall_loss,111,573,v111_s0573,0,0,False,0.0,
recall_loss,111,574,v111_s0574,0,0,False,0.0,
recall_loss,111,575,v111_s0575,0,0,False,0.0,
recall_loss,111,576,v111_s0576,0,0,False,0.0,
recall_loss,111,577,v111_s0577,0,0,False,0.0,
recall_loss,111,578,v111_s0578,0,0,False,0.0,
recall_loss,111,579,v111_s0579,0,0,False,0.0,
recall_loss,111,580,v111_s0580,0,0,False,0.0,
recall_loss,111,581,v111_s0581,0,0,False,0.0,
recall_loss,111,582,v111_s0582,0,0,False,0.0,
recall_loss,111,583,v111_s0583,0,0,False,0.0,
recall_loss,111,584,v111_s0584,0,0,False,0.0,
recall_loss,111,585,v111_s0585,0,0,False,0.0,
recall_loss,111,586,v111_s0586,0,0,False,0.0,
recall_loss,111,587,v111_s0587,0,0,False,0.0,
recall_loss,111,588,v111_s0588,0,0,False,0.0,
recall_loss,111,589,v111_s0589,0,0,False,0.0,
recall_loss,111,590,v111_s0590,0,0,False,0.0,
recall_loss,111,591,v111_s0591,0,0,False,0.0,
recall_loss,111,592,v111_s0592,0,0,False,0.0,
recall_loss,111,593,v111_s0593,0,0,False,0.0,
recall_loss,111,594,v111_s0594,0,0,False,0.0,
recall_loss,111,595,v111_s0595,0,0,False,0.0,
recall_loss,111,596,v111_s0596,0,0,False,0.0,
recall_loss,111,597,v111_s0597,0,0,False,0.0,
recall_loss,111,598,v111_s0598,0,0,False,0.0,
recall_loss,111,599,v111_s0599,0,0,False,0.0,
recall_loss,111,600,v111_s0600,0,0,False,0.0,
recall_loss,111,601,v111_s0601,0,0,False,0.0,
recall_loss,111,602,v111_s0602,0,0,False,0.0,
recall_loss,111,603,v111_s0603,0,0,False,0.0,
recall_loss,111,604,v111_s0604,0,0,False,0.0,
recall_loss,111,605,v111_s0605,0,0,False,0.0,
recall_loss,111,606,v111_s0606,0,0,False,0.0,
recall_loss,111,607,v111_s0607,0,0,False,0.0,
recall_loss,111,608,v111_s0608,0,0,False,0.0,
recall_loss,111,609,v111_s0609,0,0,False,0.0,
recall_loss,111,610,v111_s0610,0,0,False,0.0,
recall_loss,111,611,v111_s0611,0,0,False,0.0,
recall_loss,111,612,v111_s0612,0,0,False,0.0,
recall_loss,111,613,v111_s0613,0,0,False,0.0,
recall_loss,111,614,v111_s0614,0,0,False,0.0,
recall_loss,111,615,v111_s0615,0,0,False,0.0,
recall_loss,111,616,v111_s0616,0,0,False,0.0,
recall_loss,111,617,v111_s0617,0,0,False,0.0,
recall_loss,111,618,v111_s0618,0,0,False,0.0,
recall_loss,111,619,v111_s0619,0,0,False,0.0,
recall_loss,111,620,v111_s0620,0,0,False,0.0,
recall_loss,111,621,v111_s0621,0,0,False,0.0,
recall_loss,111,622,v111_s0622,0,0,False,0.0,
recall_loss,111,623,v111_s0623,0,0,False,0.0,
recall_loss,111,624,v111_s0624,0,0,False,0.0,
recall_loss,111,625,v111_s0625,0,0,False,0.0,
recall_loss,111,626,v111_s0626,0,0,False,0.0,
recall_loss,111,627,v111_s0627,0,0,False,0.0,
recall_loss,111,628,v111_s0628,0,0,False,0.0,
recall_loss,111,629,v111_s0629,0,0,False,0.0,
recall_loss,111,630,v111_s0630,0,0,False,0.0,
recall_loss,111,631,v111_s0631,0,0,False,0.0,
recall_loss,111,632,v111_s0632,0,0,False,0.0,
recall_loss,111,633,v111_s0633,0,0,False,0.0,
recall_loss,111,634,v111_s0634,0,0,False,0.0,
recall_loss,111,635,v111_s0635,0,0,False,0.0,
recall_loss,111,636,v111_s0636,0,0,False,0.0,
recall_loss,111,637,v111_s0637,0,0,False,0.0,
recall_loss,111,638,v111_s0638,0,0,False,0.0,
recall_loss,111,639,v111_s0639,0,0,False,0.0,
recall_loss,111,640,v111_s0640,0,0,False,0.0,
recall_loss,111,641,v111_s0641,0,0,False,0.0,
recall_loss,111,642,v111_s0642,0,0,False,0.0,
recall_loss,111,643,v111_s0643,0,0,False,0.0,
recall_loss,111,644,v111_s0644,0,0,False,0.0,
recall_loss,111,645,v111_s0645,0,0,False,0.0,
recall_loss,111,646,v111_s0646,0,0,False,0.0,
recall_loss,111,647,v111_s0647,0,0,False,0.0,
recall_loss,111,648,v111_s0648,0,0,False,0.0,
recall_loss,111,649,v111_s0649,0,0,False,0.0,
recall_loss,111,650,v111_s0650,0,0,False,0.0,
recall_loss,111,651,v111_s0651,0,0,False,0.0,
recall_loss,111,652,v111_s0652,0,0,False,0.0,
recall_loss,111,653,v111_s0653,0,0,False,0.0,
recall_loss,111,654,v111_s0654,0,0,False,0.0,
recall_loss,111,655,v111_s0655,0,0,False,0.0,
recall_loss,111,656,v111_s0656,0,0,False,0.0,
recall_loss,111,657,v111_s0657,0,0,False,0.0,
recall_loss,111,658,v111_s0658,0,0,False,0.0,
recall_loss,111,659,v111_s0659,0,0,False,0.0,
recall_loss,111,660,v111_s0660,0,0,False,0.0,
recall_loss,111,661,v111_s0661,0,0,False,0.0,
recall_loss,111,662,v111_s0662,0,0,False,0.0,
recall_loss,111,663,v111_s0663,0,0,False,0.0,
recall_loss,111,664,v111_s0664,0,0,False,0.0,
recall_loss,111,665,v111_s0665,0,0,False,0.0,
recall_loss,111,666,v111_s0666,0,0,False,0.0,
recall_loss,111,667,v111_s0667,0,0,False,0.0,
recall_loss,111,668,v111_s0668,0,0,False,0.0,
recall_loss,111,669,v111_s0669,0,0,False,0.0,
recall_loss,111,670,v111_s0670,0,0,False,0.0,
recall_loss,111,671,v111_s0671,0,0,False,0.0,
recall_loss,111,672,v111_s0672,0,0,False,0.0,
recall_loss,111,673,v111_s0673,0,0,False,0.0,
recall_loss,111,674,v111_s0674,0,0,False,0.0,
recall_loss,111,675,v111_s0675,0,0,False,0.0,
recall_loss,111,676,v111_s0676,0,0,False,0.0,
recall_loss,111,677,v111_s0677,0,0,False,0.0,
recall_loss,111,678,v111_s0678,0,0,False,0.0,
recall_loss,111,679,v111_s0679,0,0,False,0.0,
recall_loss,111,680,v111_s0680,0,0,False,0.0,
recall_loss,111,681,v111_s0681,0,0,False,0.0,
recall_loss,111,682,v111_s0682,0,0,False,0.0,
recall_loss,111,683,v111_s0683,0,0,False,0.0,
recall_loss,111,684,v111_s0684,0,0,False,0.0,
recall_loss,111,685,v111_s0685,0,0,False,0.0,
recall_loss,111,686,v111_s0686,0,0,False,0.0,
recall_loss,111,687,v111_s0687,0,0,False,0.0,
recall_loss,111,688,v111_s0688,0,0,False,0.0,
recall_loss,111,689,v111_s0689,0,0,False,0.0,
recall_loss,111,690,v111_s0690,0,0,False,0.0,
recall_loss,111,691,v111_s0691,0,0,False,0.0,
recall_loss,111,692,v111_s0692,0,0,False,0.0,
recall_loss,111,693,v111_s0693,0,0,False,0.0,
recall_loss,111,694,v111_s0694,0,0,False,0.0,
recall_loss,111,695,v111_s0695,0,0,False,0.0,
recall_loss,111,696,v111_s0696,0,0,False,0.0,
recall_loss,111,697,v111_s0697,0,0,False,0.0,
recall_loss,111,698,v111_s0698,0,0,False,0.0,
recall_loss,111,699,v111_s0699,0,0,False,0.0,
recall_loss,111,700,v111_s0700,0,0,False,0.0,
recall_loss,111,701,v111_s0701,0,0,False,0.0,
recall_loss,111,702,v111_s0702,0,0,False,0.0,
recall_loss,111,703,v111_s0703,0,0,False,0.0,
recall_loss,111,704,v111_s0704,0,0,False,0.0,
recall_loss,111,705,v111_s0705,0,0,False,0.0,
recall_loss,111,706,v111_s0706,0,0,False,0.0,
recall_loss,111,707,v111_s0707,0,0,False,0.0,
recall_loss,111,708,v111_s0708,0,0,False,0.0,
recall_loss,111,709,v111_s0709,0,0,False,0.0,
recall_loss,111,710,v111_s0710,0,0,False,0.0,
recall_loss,111,711,v111_s0711,0,0,False,0.0,
recall_loss,111,712,v111_s0712,0,0,False,0.0,
recall_loss,111,713,v111_s0713,0,0,False,0.0,
recall_loss,111,714,v111_s0714,0,0,False,0.0,
recall_loss,111,715,v111_s0715,0,0,False,0.0,
recall_loss,111,716,v111_s0716,0,0,False,0.0,
recall_loss,111,717,v111_s0717,0,0,False,0.0,
recall_loss,111,718,v111_s0718,0,0,False,0.0,
recall_loss,111,719,v111_s0719,0,0,False,0.0,
recall_loss,111,720,v111_s0720,0,0,False,0.0,
recall_loss,111,721,v111_s0721,0,0,False,0.0,
recall_loss,111,722,v111_s0722,0,0,False,0.0,
recall_loss,111,723,v111_s0723,0,0,False,0.0,
recall_loss,111,724,v111_s0724,0,0,False,0.0,
recall_loss,111,725,v111_s0725,0,0,False,0.0,
recall_loss,111,726,v111_s0726,0,0,False,0.0,
recall_loss,111,727,v111_s0727,0,0,False,0.0,
recall_loss,111,728,v111_s0728,0,0,False,0.0,
recall_loss,111,729,v111_s0729,0,0,False,0.0,
recall_loss,111,730,v111_s0730,0,0,False,0.0,
recall_loss,111,731,v111_s0731,0,0,False,0.0,
recall_loss,111,732,v111_s0732,0,0,False,0.0,
recall_loss,111,733,v111_s0733,0,0,False,0.0,
recall_loss,111,734,v111_s0734,0,0,False,0.0,
recall_loss,111,735,v111_s0735,0,0,False,0.0,
recall_loss,111,736,v111_s0736,0,0,False,0.0,
recall_loss,111,737,v111_s0737,0,0,False,0.0,
recall_loss,111,738,v111_s0738,0,0,False,0.0,
recall_loss,111,739,v111_s0739,0,0,False,0.0,
recall_loss,111,740,v111_s0740,0,0,False,0.0,
recall_loss,111,741,v111_s0741,0,0,False,0.0,
recall_loss,111,742,v111_s0742,0,0,False,0.0,
recall_loss,111,743,v111_s0743,0,0,False,0.0,
recall_loss,111,744,v111_s0744,0,0,False,0.0,
recall_loss,111,745,v111_s0745,0,0,False,0.0,
recall_loss,111,746,v111_s0746,0,0,False,0.0,
recall_loss,111,747,v111_s0747,0,0,False,0.0,
recall_loss,111,748,v111_s0748,0,0,False,0.0,
recall_loss,111,749,v111_s0749,0,0,False,0.0,
recall_loss,111,750,v111_s0750,0,0,False,0.0,
recall_loss,111,751,v111_s0751,0,0,False,0.0,
recall_loss,111,752,v111_s0752,0,0,False,0.0,
recall_loss,111,753,v111_s0753,0,0,False,0.0,
recall_loss,111,754,v111_s0754,0,0,False,0.0,
recall_loss,111,755,v111_s0755,0,0,False,0.0,
recall_loss,111,756,v111_s0756,0,0,False,0.0,
recall_loss,111,757,v111_s0757,0,0,False,0.0,
recall_loss,111,758,v111_s0758,0,0,False,0.0,
recall_loss,111,759,v111_s0759,0,0,False,0.0,
recall_loss,111,760,v111_s0760,0,0,False,0.0,
recall_loss,112,0,v112_s0000,0,0,False,0.0,
recall_loss,112,1,v112_s0001,0,0,False,0.0,
recall_loss,112,2,v112_s0002,0,0,False,0.0,
recall_loss,112,3,v112_s0003,0,0,False,0.0,
recall_loss,112,4,v112_s0004,0,0,False,0.0,
recall_loss,112,5,v112_s0005,0,0,False,0.0,
recall_loss,112,6,v112_s0006,0,0,False,0.0,
recall_loss,112,7,v112_s0007,0,0,False,0.0,
recall_loss,112,8,v112_s0008,0,0,False,0.0,
recall_loss,112,9,v112_s0009,0,0,False,0.0,
recall_loss,112,10,v112_s0010,0,0,False,0.0,
recall_loss,112,11,v112_s0011,0,0,False,0.0,
recall_loss,112,12,v112_s0012,0,0,False,0.0,
recall_loss,112,13,v112_s0013,0,0,False,0.0,
recall_loss,112,14,v112_s0014,0,0,False,0.0,
recall_loss,112,15,v112_s0015,0,0,False,0.0,
recall_loss,112,16,v112_s0016,0,0,False,0.0,
recall_loss,112,17,v112_s0017,0,0,False,0.0,
recall_loss,112,18,v112_s0018,0,0,False,0.0,
recall_loss,112,19,v112_s0019,0,0,False,0.0,
recall_loss,112,20,v112_s0020,0,0,False,0.0,
recall_loss,112,21,v112_s0021,0,0,False,0.0,
recall_loss,112,22,v112_s0022,0,0,False,0.0,
recall_loss,112,23,v112_s0023,0,0,False,0.0,
recall_loss,112,24,v112_s0024,0,0,False,0.0,
recall_loss,112,25,v112_s0025,0,0,False,0.0,
recall_loss,112,26,v112_s0026,0,0,False,0.0,
recall_loss,112,27,v112_s0027,0,0,False,0.0,
recall_loss,112,28,v112_s0028,0,0,False,0.0,
recall_loss,112,29,v112_s0029,0,0,False,0.0,
recall_loss,112,30,v112_s0030,0,0,False,0.0,
recall_loss,112,31,v112_s0031,0,0,False,0.0,
recall_loss,112,32,v112_s0032,0,0,False,0.0,
recall_loss,112,33,v112_s0033,0,0,False,0.0,
recall_loss,112,34,v112_s0034,0,0,False,0.0,
recall_loss,112,35,v112_s0035,0,0,False,0.0,
recall_loss,112,36,v112_s0036,0,0,False,0.0,
recall_loss,112,37,v112_s0037,0,0,False,0.0,
recall_loss,112,38,v112_s0038,0,0,False,0.0,
recall_loss,112,39,v112_s0039,0,0,False,0.0,
recall_loss,112,40,v112_s0040,0,0,False,0.0,
recall_loss,112,41,v112_s0041,0,0,False,0.0,
recall_loss,112,42,v112_s0042,0,0,False,0.0,
recall_loss,112,43,v112_s0043,0,0,False,0.0,
recall_loss,112,44,v112_s0044,0,0,False,0.0,
recall_loss,112,45,v112_s0045,0,0,False,0.0,
recall_loss,112,46,v112_s0046,0,0,False,0.0,
recall_loss,112,47,v112_s0047,0,0,False,0.0,
recall_loss,112,48,v112_s0048,0,0,False,0.0,
recall_loss,112,49,v112_s0049,0,0,False,0.0,
recall_loss,112,50,v112_s0050,0,0,False,0.0,
recall_loss,112,51,v112_s0051,0,0,False,0.0,
recall_loss,112,52,v112_s0052,0,0,False,0.0,
recall_loss,112,53,v112_s0053,0,0,False,0.0,
recall_loss,112,54,v112_s0054,0,0,False,0.0,
recall_loss,112,55,v112_s0055,0,0,False,0.0,
recall_loss,112,56,v112_s0056,0,0,False,0.0,
recall_loss,112,57,v112_s0057,0,0,False,0.0,
recall_loss,112,58,v112_s0058,0,0,False,0.0,
recall_loss,112,59,v112_s0059,0,0,False,0.0,
recall_loss,112,60,v112_s0060,0,0,False,0.0,
recall_loss,112,61,v112_s0061,0,0,False,0.0,
recall_loss,112,62,v112_s0062,0,0,False,0.0,
recall_loss,112,63,v112_s0063,0,0,False,0.0,
recall_loss,112,64,v112_s0064,0,0,False,0.0,
recall_loss,112,65,v112_s0065,0,0,False,0.0,
recall_loss,112,66,v112_s0066,0,0,False,0.0,
recall_loss,112,67,v112_s0067,0,0,False,0.0,
recall_loss,112,68,v112_s0068,0,0,False,0.0,
recall_loss,112,69,v112_s0069,0,0,False,0.0,
recall_loss,112,70,v112_s0070,0,0,False,0.0,
recall_loss,112,71,v112_s0071,0,0,False,0.0,
recall_loss,112,72,v112_s0072,0,0,False,0.0,
recall_loss,112,73,v112_s0073,0,0,False,0.0,
recall_loss,112,74,v112_s0074,0,0,False,0.0,
recall_loss,112,75,v112_s0075,0,0,False,0.0,
recall_loss,112,76,v112_s0076,0,0,False,0.0,
recall_loss,112,77,v112_s0077,0,0,False,0.0,
recall_loss,112,78,v112_s0078,0,0,False,0.0,
recall_loss,112,79,v112_s0079,0,0,False,0.0,
recall_loss,112,80,v112_s0080,0,0,False,0.0,
recall_loss,112,81,v112_s0081,0,0,False,0.0,
recall_loss,112,82,v112_s0082,0,0,False,0.0,
recall_loss,112,83,v112_s0083,0,0,False,0.0,
recall_loss,112,84,v112_s0084,0,0,False,0.0,
recall_loss,112,85,v112_s0085,0,0,False,0.0,
recall_loss,112,86,v112_s0086,0,0,False,0.0,
recall_loss,112,87,v112_s0087,0,0,False,0.0,
recall_loss,112,88,v112_s0088,0,0,False,0.0,
recall_loss,112,89,v112_s0089,0,0,False,0.0,
recall_loss,112,90,v112_s0090,0,0,False,0.0,
recall_loss,112,91,v112_s0091,0,0,False,0.0,
recall_loss,112,92,v112_s0092,0,0,False,0.0,
recall_loss,112,93,v112_s0093,0,0,False,0.0,
recall_loss,112,94,v112_s0094,0,0,False,0.0,
recall_loss,112,95,v112_s0095,0,0,False,0.0,
recall_loss,112,96,v112_s0096,0,0,False,0.0,
recall_loss,112,97,v112_s0097,0,0,False,0.0,
recall_loss,112,98,v112_s0098,0,0,False,0.0,
recall_loss,112,99,v112_s0099,0,0,False,0.0,
recall_loss,112,100,v112_s0100,0,0,False,0.0,
recall_loss,112,101,v112_s0101,0,0,False,0.0,
recall_loss,112,102,v112_s0102,0,0,False,0.0,
recall_loss,112,103,v112_s0103,0,0,False,0.0,
recall_loss,112,104,v112_s0104,0,0,False,0.0,
recall_loss,112,105,v112_s0105,0,0,False,0.0,
recall_loss,112,106,v112_s0106,0,0,False,0.0,
recall_loss,112,107,v112_s0107,0,0,False,0.0,
recall_loss,112,108,v112_s0108,0,0,False,0.0,
recall_loss,112,109,v112_s0109,0,0,False,0.0,
recall_loss,112,110,v112_s0110,0,0,False,0.0,
recall_loss,112,111,v112_s0111,0,0,False,0.0,
recall_loss,112,112,v112_s0112,0,0,False,0.0,
recall_loss,112,113,v112_s0113,0,0,False,0.0,
recall_loss,112,114,v112_s0114,0,0,False,0.0,
recall_loss,112,115,v112_s0115,0,0,False,0.0,
recall_loss,112,116,v112_s0116,0,0,False,0.0,
recall_loss,112,117,v112_s0117,0,0,False,0.0,
recall_loss,112,118,v112_s0118,0,0,False,0.0,
recall_loss,112,119,v112_s0119,0,0,False,0.0,
recall_loss,112,120,v112_s0120,0,0,False,0.0,
recall_loss,112,121,v112_s0121,0,0,False,0.0,
recall_loss,112,122,v112_s0122,0,0,False,0.0,
recall_loss,112,123,v112_s0123,0,0,False,0.0,
recall_loss,112,124,v112_s0124,0,0,False,0.0,
recall_loss,112,125,v112_s0125,0,0,False,0.0,
recall_loss,112,126,v112_s0126,0,0,False,0.0,
recall_loss,112,127,v112_s0127,0,0,False,0.0,
recall_loss,112,128,v112_s0128,0,0,False,0.0,
recall_loss,112,129,v112_s0129,0,0,False,0.0,
recall_loss,112,130,v112_s0130,0,0,False,0.0,
recall_loss,112,131,v112_s0131,0,0,False,0.0,
recall_loss,112,132,v112_s0132,0,0,False,0.0,
recall_loss,112,133,v112_s0133,0,0,False,0.0,
recall_loss,112,134,v112_s0134,0,0,False,0.0,
recall_loss,112,135,v112_s0135,0,0,False,0.0,
recall_loss,112,136,v112_s0136,0,0,False,0.0,
recall_loss,112,137,v112_s0137,0,0,False,0.0,
recall_loss,112,138,v112_s0138,0,0,False,0.0,
recall_loss,112,139,v112_s0139,0,0,False,0.0,
recall_loss,112,140,v112_s0140,0,0,False,0.0,
recall_loss,112,141,v112_s0141,0,0,False,0.0,
recall_loss,112,142,v112_s0142,0,0,False,0.0,
recall_loss,112,143,v112_s0143,0,0,False,0.0,
recall_loss,112,144,v112_s0144,0,0,False,0.0,
recall_loss,112,145,v112_s0145,0,0,False,0.0,
recall_loss,112,146,v112_s0146,0,0,False,0.0,
recall_loss,112,147,v112_s0147,0,0,False,0.0,
recall_loss,112,148,v112_s0148,0,0,False,0.0,
recall_loss,112,149,v112_s0149,0,0,False,0.0,
recall_loss,112,150,v112_s0150,0,0,False,0.0,
recall_loss,112,151,v112_s0151,0,0,False,0.0,
recall_loss,112,152,v112_s0152,0,0,False,0.0,
recall_loss,112,153,v112_s0153,0,0,False,0.0,
recall_loss,112,154,v112_s0154,0,0,False,0.0,
recall_loss,112,155,v112_s0155,0,0,False,0.0,
recall_loss,112,156,v112_s0156,0,0,False,0.0,
recall_loss,112,157,v112_s0157,0,0,False,0.0,
recall_loss,112,158,v112_s0158,0,0,False,0.0,
recall_loss,112,159,v112_s0159,0,0,False,0.0,
recall_loss,112,160,v112_s0160,0,0,False,0.0,
recall_loss,112,161,v112_s0161,0,0,False,0.0,
recall_loss,112,162,v112_s0162,0,0,False,0.0,
recall_loss,112,163,v112_s0163,0,0,False,0.0,
recall_loss,112,164,v112_s0164,0,0,False,0.0,
recall_loss,112,165,v112_s0165,0,0,False,0.0,
recall_loss,112,166,v112_s0166,0,0,False,0.0,
recall_loss,112,167,v112_s0167,0,0,False,0.0,
recall_loss,112,168,v112_s0168,0,0,False,0.0,
recall_loss,112,169,v112_s0169,0,0,False,0.0,
recall_loss,112,170,v112_s0170,0,0,False,0.0,
recall_loss,112,171,v112_s0171,0,0,False,0.0,
recall_loss,112,172,v112_s0172,0,0,False,0.0,
recall_loss,112,173,v112_s0173,0,0,False,0.0,
recall_loss,112,174,v112_s0174,0,0,False,0.0,
recall_loss,112,175,v112_s0175,0,0,False,0.0,
recall_loss,112,176,v112_s0176,0,0,False,0.0,
recall_loss,112,177,v112_s0177,0,0,False,0.0,
recall_loss,112,178,v112_s0178,0,0,False,0.0,
recall_loss,112,179,v112_s0179,0,0,False,0.0,
recall_loss,112,180,v112_s0180,0,0,False,0.0,
recall_loss,112,181,v112_s0181,0,0,False,0.0,
recall_loss,112,182,v112_s0182,0,0,False,0.0,
recall_loss,112,183,v112_s0183,0,0,False,0.0,
recall_loss,112,184,v112_s0184,0,0,False,0.0,
recall_loss,112,185,v112_s0185,0,0,False,0.0,
recall_loss,112,186,v112_s0186,0,0,False,0.0,
recall_loss,112,187,v112_s0187,0,0,False,0.0,
recall_loss,112,188,v112_s0188,0,0,False,0.0,
recall_loss,112,189,v112_s0189,0,0,False,0.0,
recall_loss,112,190,v112_s0190,0,0,False,0.0,
recall_loss,112,191,v112_s0191,0,0,False,0.0,
recall_loss,112,192,v112_s0192,0,0,False,0.0,
recall_loss,112,193,v112_s0193,0,0,False,0.0,
recall_loss,112,194,v112_s0194,0,0,False,0.0,
recall_loss,112,195,v112_s0195,0,0,False,0.0,
recall_loss,112,196,v112_s0196,0,0,False,0.0,
recall_loss,112,197,v112_s0197,0,0,False,0.0,
recall_loss,112,198,v112_s0198,0,0,False,0.0,
recall_loss,112,199,v112_s0199,0,0,False,0.0,
recall_loss,112,200,v112_s0200,0,0,False,0.0,
recall_loss,112,201,v112_s0201,0,0,False,0.0,
recall_loss,112,202,v112_s0202,0,0,False,0.0,
recall_loss,112,203,v112_s0203,0,0,False,0.0,
recall_loss,112,204,v112_s0204,0,0,False,0.0,
recall_loss,112,205,v112_s0205,0,0,False,0.0,
recall_loss,112,206,v112_s0206,0,0,False,0.0,
recall_loss,112,207,v112_s0207,0,0,False,0.0,
recall_loss,112,208,v112_s0208,0,0,False,0.0,
recall_loss,112,209,v112_s0209,0,0,False,0.0,
recall_loss,112,210,v112_s0210,0,0,False,0.0,
recall_loss,112,211,v112_s0211,0,0,False,0.0,
recall_loss,112,212,v112_s0212,0,0,False,0.0,
recall_loss,112,213,v112_s0213,0,0,False,0.0,
recall_loss,112,214,v112_s0214,0,0,False,0.0,
recall_loss,112,215,v112_s0215,0,0,False,0.0,
recall_loss,112,216,v112_s0216,0,0,False,0.0,
recall_loss,112,217,v112_s0217,0,0,False,0.0,
recall_loss,112,218,v112_s0218,0,0,False,0.0,
recall_loss,112,219,v112_s0219,0,0,False,0.0,
recall_loss,112,220,v112_s0220,0,0,False,0.0,
recall_loss,112,221,v112_s0221,0,0,False,0.0,
recall_loss,112,222,v112_s0222,0,0,False,0.0,
recall_loss,112,223,v112_s0223,0,0,False,0.0,
recall_loss,112,224,v112_s0224,0,0,False,0.0,
recall_loss,112,225,v112_s0225,0,0,False,0.0,
recall_loss,112,226,v112_s0226,0,0,False,0.0,
recall_loss,112,227,v112_s0227,0,0,False,0.0,
recall_loss,112,228,v112_s0228,0,0,False,0.0,
recall_loss,112,229,v112_s0229,0,0,False,0.0,
recall_loss,112,230,v112_s0230,0,0,False,0.0,
recall_loss,112,231,v112_s0231,0,0,False,0.0,
recall_loss,112,232,v112_s0232,0,0,False,0.0,
recall_loss,112,233,v112_s0233,0,0,False,0.0,
recall_loss,112,234,v112_s0234,0,0,False,0.0,
recall_loss,112,235,v112_s0235,0,0,False,0.0,
recall_loss,112,236,v112_s0236,0,0,False,0.0,
recall_loss,112,237,v112_s0237,0,0,False,0.0,
recall_loss,112,238,v112_s0238,0,0,False,0.0,
recall_loss,112,239,v112_s0239,0,0,False,0.0,
recall_loss,112,240,v112_s0240,0,0,False,0.0,
recall_loss,112,241,v112_s0241,0,0,False,0.0,
recall_loss,112,242,v112_s0242,0,0,False,0.0,
recall_loss,112,243,v112_s0243,0,0,False,0.0,
recall_loss,112,244,v112_s0244,0,0,False,0.0,
recall_loss,112,245,v112_s0245,0,0,False,0.0,
recall_loss,112,246,v112_s0246,0,0,False,0.0,
recall_loss,112,247,v112_s0247,0,0,False,0.0,
recall_loss,112,248,v112_s0248,0,0,False,0.0,
recall_loss,112,249,v112_s0249,0,0,False,0.0,
recall_loss,112,250,v112_s0250,0,0,False,0.0,
recall_loss,112,251,v112_s0251,0,0,False,0.0,
recall_loss,112,252,v112_s0252,0,0,False,0.0,
recall_loss,112,253,v112_s0253,0,0,False,0.0,
recall_loss,112,254,v112_s0254,0,0,False,0.0,
recall_loss,112,255,v112_s0255,0,0,False,0.0,
recall_loss,112,256,v112_s0256,0,0,False,0.0,
recall_loss,112,257,v112_s0257,0,0,False,0.0,
recall_loss,112,258,v112_s0258,0,0,False,0.0,
recall_loss,112,259,v112_s0259,0,0,False,0.0,
recall_loss,112,260,v112_s0260,0,0,False,0.0,
recall_loss,112,261,v112_s0261,0,0,False,0.0,
recall_loss,112,262,v112_s0262,0,0,False,0.0,
recall_loss,112,263,v112_s0263,0,0,False,0.0,
recall_loss,112,264,v112_s0264,0,0,False,0.0,
recall_loss,112,265,v112_s0265,0,0,False,0.0,
recall_loss,112,266,v112_s0266,0,0,False,0.0,
recall_loss,112,267,v112_s0267,0,0,False,0.0,
recall_loss,112,268,v112_s0268,0,0,False,0.0,
recall_loss,112,269,v112_s0269,0,0,False,0.0,
recall_loss,112,270,v112_s0270,0,0,False,0.0,
recall_loss,112,271,v112_s0271,0,0,False,0.0,
recall_loss,112,272,v112_s0272,0,0,False,0.0,
recall_loss,112,273,v112_s0273,0,0,False,0.0,
recall_loss,112,274,v112_s0274,0,0,False,0.0,
recall_loss,112,275,v112_s0275,0,0,False,0.0,
recall_loss,112,276,v112_s0276,0,0,False,0.0,
recall_loss,112,277,v112_s0277,0,0,False,0.0,
recall_loss,112,278,v112_s0278,0,0,False,0.0,
recall_loss,112,279,v112_s0279,0,0,False,0.0,
recall_loss,112,280,v112_s0280,0,0,False,0.0,
recall_loss,112,281,v112_s0281,0,0,False,0.0,
recall_loss,112,282,v112_s0282,0,0,False,0.0,
recall_loss,112,283,v112_s0283,0,0,False,0.0,
recall_loss,112,284,v112_s0284,0,0,False,0.0,
recall_loss,112,285,v112_s0285,0,0,False,0.0,
recall_loss,112,286,v112_s0286,0,0,False,0.0,
recall_loss,112,287,v112_s0287,0,0,False,0.0,
recall_loss,112,288,v112_s0288,0,0,False,0.0,
recall_loss,112,289,v112_s0289,0,0,False,0.0,
recall_loss,112,290,v112_s0290,0,0,False,0.0,
recall_loss,112,291,v112_s0291,0,0,False,0.0,
recall_loss,112,292,v112_s0292,0,0,False,0.0,
recall_loss,112,293,v112_s0293,0,0,False,0.0,
recall_loss,112,294,v112_s0294,0,0,False,0.0,
recall_loss,112,295,v112_s0295,0,0,False,0.0,
recall_loss,112,296,v112_s0296,0,0,False,0.0,
recall_loss,112,297,v112_s0297,0,0,False,0.0,
recall_loss,112,298,v112_s0298,0,0,False,0.0,
recall_loss,112,299,v112_s0299,0,0,False,0.0,
recall_loss,112,300,v112_s0300,0,0,False,0.0,
recall_loss,112,301,v112_s0301,0,0,False,0.0,
recall_loss,112,302,v112_s0302,0,0,False,0.0,
recall_loss,112,303,v112_s0303,0,0,False,0.0,
recall_loss,112,304,v112_s0304,0,0,False,0.0,
recall_loss,112,305,v112_s0305,0,0,False,0.0,
recall_loss,112,306,v112_s0306,0,0,False,0.0,
recall_loss,112,307,v112_s0307,0,0,False,0.0,
recall_loss,112,308,v112_s0308,0,0,False,0.0,
recall_loss,112,309,v112_s0309,0,0,False,0.0,
recall_loss,112,310,v112_s0310,0,0,False,0.0,
recall_loss,112,311,v112_s0311,0,0,False,0.0,
recall_loss,112,312,v112_s0312,0,0,False,0.0,
recall_loss,112,313,v112_s0313,0,0,False,0.0,
recall_loss,112,314,v112_s0314,0,0,False,0.0,
recall_loss,112,315,v112_s0315,0,0,False,0.0,
recall_loss,112,316,v112_s0316,0,0,False,0.0,
recall_loss,112,317,v112_s0317,0,0,False,0.0,
recall_loss,112,318,v112_s0318,0,0,False,0.0,
recall_loss,112,319,v112_s0319,0,0,False,0.0,
recall_loss,112,320,v112_s0320,0,0,False,0.0,
recall_loss,112,321,v112_s0321,0,0,False,0.0,
recall_loss,112,322,v112_s0322,0,0,False,0.0,
recall_loss,112,323,v112_s0323,0,0,False,0.0,
recall_loss,112,324,v112_s0324,0,0,False,0.0,
recall_loss,112,325,v112_s0325,0,0,False,0.0,
recall_loss,112,326,v112_s0326,0,0,False,0.0,
recall_loss,112,327,v112_s0327,0,0,False,0.0,
recall_loss,112,328,v112_s0328,0,0,False,0.0,
recall_loss,112,329,v112_s0329,0,0,False,0.0,
recall_loss,112,330,v112_s0330,0,0,False,0.0,
recall_loss,112,331,v112_s0331,0,0,False,0.0,
recall_loss,112,332,v112_s0332,0,0,False,0.0,
recall_loss,112,333,v112_s0333,0,0,False,0.0,
recall_loss,112,334,v112_s0334,0,0,False,0.0,
recall_loss,112,335,v112_s0335,0,0,False,0.0,
recall_loss,112,336,v112_s0336,0,0,False,0.0,
recall_loss,112,337,v112_s0337,0,0,False,0.0,
recall_loss,112,338,v112_s0338,0,0,False,0.0,
recall_loss,112,339,v112_s0339,0,0,False,0.0,
recall_loss,112,340,v112_s0340,0,0,False,0.0,
recall_loss,112,341,v112_s0341,0,0,False,0.0,
recall_loss,112,342,v112_s0342,0,0,False,0.0,
recall_loss,112,343,v112_s0343,0,0,False,0.0,
recall_loss,112,344,v112_s0344,0,0,False,0.0,
recall_loss,112,345,v112_s0345,0,0,False,0.0,
recall_loss,112,346,v112_s0346,0,0,False,0.0,
recall_loss,112,347,v112_s0347,0,0,False,0.0,
recall_loss,112,348,v112_s0348,0,0,False,0.0,
recall_loss,112,349,v112_s0349,0,0,False,0.0,
recall_loss,112,350,v112_s0350,0,0,False,0.0,
recall_loss,112,351,v112_s0351,0,0,False,0.0,
recall_loss,112,352,v112_s0352,0,0,False,0.0,
recall_loss,112,353,v112_s0353,0,0,False,0.0,
recall_loss,112,354,v112_s0354,0,0,False,6.318092346191406e-06,
recall_loss,112,355,v112_s0355,0,0,False,0.00119781494140625,
recall_loss,112,356,v112_s0356,0,0,False,0.0,
recall_loss,112,357,v112_s0357,0,0,False,0.0,
recall_loss,112,358,v112_s0358,0,0,False,0.0,
recall_loss,112,359,v112_s0359,0,0,False,0.0,
recall_loss,112,360,v112_s0360,0,0,False,0.0,
recall_loss,112,361,v112_s0361,0,0,False,0.0,
recall_loss,112,362,v112_s0362,0,0,False,0.0,
recall_loss,112,363,v112_s0363,0,0,False,0.0,
recall_loss,112,364,v112_s0364,0,0,False,0.1253662109375,
recall_loss,112,365,v112_s0365,9,1,False,0.572265625,0.0
recall_loss,112,366,v112_s0366,15,60,True,1.0,1.0
recall_loss,112,367,v112_s0367,16,101,True,1.0,1.0
recall_loss,112,368,v112_s0368,19,143,True,1.0,1.0
recall_loss,112,369,v112_s0369,21,83,True,1.0,1.0
recall_loss,112,370,v112_s0370,13,21,True,1.0,1.0
recall_loss,112,371,v112_s0371,12,18,True,1.0,1.0
recall_loss,112,372,v112_s0372,1,0,False,0.0635986328125,0.043426513671875
recall_loss,112,373,v112_s0373,0,53,False,1.0,
recall_loss,112,374,v112_s0374,0,30,False,1.0,
recall_loss,112,375,v112_s0375,0,29,False,1.0,
recall_loss,112,376,v112_s0376,0,0,False,0.34912109375,
recall_loss,112,377,v112_s0377,0,37,False,1.0,
recall_loss,112,378,v112_s0378,0,0,False,0.00647735595703125,
recall_loss,112,379,v112_s0379,0,0,False,0.0,
recall_loss,112,380,v112_s0380,0,0,False,0.01366424560546875,
recall_loss,112,381,v112_s0381,0,0,False,0.0,
recall_loss,112,382,v112_s0382,0,0,False,3.260374069213867e-05,
recall_loss,112,383,v112_s0383,0,0,False,0.0,
recall_loss,112,384,v112_s0384,0,0,False,0.0,
recall_loss,112,385,v112_s0385,0,0,False,0.0,
recall_loss,112,386,v112_s0386,0,0,False,0.0,
recall_loss,112,387,v112_s0387,0,0,False,0.0,
recall_loss,112,388,v112_s0388,0,0,False,0.0,
recall_loss,112,389,v112_s0389,0,0,False,0.0,
recall_loss,112,390,v112_s0390,0,0,False,2.384185791015625e-07,
recall_loss,112,391,v112_s0391,0,0,False,0.07232666015625,
recall_loss,112,392,v112_s0392,0,0,False,0.003376007080078125,
recall_loss,112,393,v112_s0393,0,9,False,1.0,
recall_loss,112,394,v112_s0394,0,0,False,2.3365020751953125e-05,
recall_loss,112,395,v112_s0395,0,0,False,0.0,
recall_loss,112,396,v112_s0396,0,0,False,0.0,
recall_loss,112,397,v112_s0397,0,0,False,0.0,
recall_loss,112,398,v112_s0398,0,0,False,0.0,
recall_loss,112,399,v112_s0399,0,0,False,0.0,
recall_loss,112,400,v112_s0400,7,0,False,0.0,0.0
recall_loss,112,401,v112_s0401,7,0,False,0.0,0.0
recall_loss,112,402,v112_s0402,5,0,False,0.0,0.0
recall_loss,112,403,v112_s0403,8,0,False,0.0,0.0
recall_loss,112,404,v112_s0404,0,0,False,0.0,
recall_loss,112,405,v112_s0405,0,0,False,0.0,
recall_loss,112,406,v112_s0406,0,0,False,3.5762786865234375e-07,
recall_loss,112,407,v112_s0407,0,0,False,0.0,
recall_loss,112,408,v112_s0408,0,0,False,0.0,
recall_loss,112,409,v112_s0409,0,0,False,0.0,
recall_loss,112,410,v112_s0410,0,0,False,0.0,
recall_loss,112,411,v112_s0411,0,0,False,0.0,
recall_loss,112,412,v112_s0412,0,0,False,9.775161743164062e-06,
recall_loss,112,413,v112_s0413,0,20,False,1.0,
recall_loss,112,414,v112_s0414,0,0,False,0.1903076171875,
recall_loss,112,415,v112_s0415,0,0,False,1.1622905731201172e-05,
recall_loss,112,416,v112_s0416,9,0,False,4.118680953979492e-05,0.0
recall_loss,112,417,v112_s0417,14,6,False,0.99658203125,7.677078247070312e-05
recall_loss,112,418,v112_s0418,21,21,True,1.0,1.0
recall_loss,112,419,v112_s0419,17,28,True,1.0,1.0
recall_loss,112,420,v112_s0420,21,29,True,1.0,1.0
recall_loss,112,421,v112_s0421,14,18,True,1.0,1.0
recall_loss,112,422,v112_s0422,12,17,True,1.0,1.0
recall_loss,112,423,v112_s0423,0,0,False,0.0,
recall_loss,112,424,v112_s0424,0,0,False,0.0,
recall_loss,112,425,v112_s0425,0,0,False,0.0,
recall_loss,112,426,v112_s0426,0,0,False,0.0,
recall_loss,112,427,v112_s0427,0,0,False,0.0,
recall_loss,112,428,v112_s0428,0,0,False,0.0,
recall_loss,112,429,v112_s0429,0,0,False,0.0,
recall_loss,112,430,v112_s0430,0,0,False,0.0,
recall_loss,112,431,v112_s0431,0,0,False,1.7881393432617188e-07,
recall_loss,112,432,v112_s0432,0,0,False,0.0,
recall_loss,112,433,v112_s0433,0,0,False,0.0,
recall_loss,112,434,v112_s0434,0,0,False,1.0728836059570312e-06,
recall_loss,112,435,v112_s0435,0,0,False,0.0,
recall_loss,112,436,v112_s0436,0,0,False,0.0,
recall_loss,112,437,v112_s0437,0,0,False,6.556510925292969e-07,
recall_loss,112,438,v112_s0438,0,0,False,3.8564205169677734e-05,
recall_loss,112,439,v112_s0439,0,55,False,1.0,
recall_loss,112,440,v112_s0440,0,54,False,1.0,
recall_loss,112,441,v112_s0441,0,93,False,1.0,
recall_loss,112,442,v112_s0442,0,99,False,1.0,
recall_loss,112,443,v112_s0443,0,132,False,1.0,
recall_loss,112,444,v112_s0444,0,98,False,1.0,
recall_loss,112,445,v112_s0445,0,95,False,1.0,
recall_loss,112,446,v112_s0446,0,49,False,1.0,
recall_loss,112,447,v112_s0447,0,54,False,1.0,
recall_loss,112,448,v112_s0448,0,56,False,1.0,
recall_loss,112,449,v112_s0449,0,50,False,1.0,
recall_loss,112,450,v112_s0450,3,51,False,1.0,0.0
recall_loss,112,451,v112_s0451,8,56,False,1.0,1.7881393432617188e-07
recall_loss,112,452,v112_s0452,9,68,False,1.0,0.0
recall_loss,112,453,v112_s0453,11,91,False,1.0,0.0
recall_loss,112,454,v112_s0454,14,175,False,1.0,0.0
recall_loss,112,455,v112_s0455,6,102,False,1.0,0.0
recall_loss,112,456,v112_s0456,3,98,False,1.0,0.0
recall_loss,112,457,v112_s0457,0,104,False,1.0,
recall_loss,112,458,v112_s0458,0,106,False,1.0,
recall_loss,112,459,v112_s0459,0,89,False,1.0,
recall_loss,112,460,v112_s0460,0,97,False,1.0,
recall_loss,112,461,v112_s0461,0,38,False,1.0,
recall_loss,112,462,v112_s0462,0,81,False,1.0,
recall_loss,112,463,v112_s0463,0,125,False,1.0,
recall_loss,112,464,v112_s0464,0,54,False,1.0,
recall_loss,112,465,v112_s0465,0,42,False,1.0,
recall_loss,112,466,v112_s0466,0,68,False,1.0,
recall_loss,112,467,v112_s0467,0,71,False,1.0,
recall_loss,112,468,v112_s0468,0,32,False,1.0,
recall_loss,112,469,v112_s0469,0,42,False,1.0,
recall_loss,112,470,v112_s0470,0,51,False,1.0,
recall_loss,112,471,v112_s0471,0,48,False,1.0,
recall_loss,112,472,v112_s0472,0,90,False,1.0,
recall_loss,112,473,v112_s0473,0,126,False,1.0,
recall_loss,112,474,v112_s0474,0,92,False,1.0,
recall_loss,112,475,v112_s0475,0,0,False,0.1790771484375,
recall_loss,112,476,v112_s0476,0,0,False,0.0,
recall_loss,112,477,v112_s0477,0,0,False,0.0,
recall_loss,112,478,v112_s0478,0,0,False,0.0,
recall_loss,112,479,v112_s0479,0,0,False,0.0,
recall_loss,112,480,v112_s0480,0,0,False,0.0,
recall_loss,112,481,v112_s0481,0,0,False,0.0,
recall_loss,112,482,v112_s0482,0,0,False,0.0,
recall_loss,112,483,v112_s0483,0,0,False,0.0,
recall_loss,112,484,v112_s0484,0,0,False,0.0,
recall_loss,112,485,v112_s0485,0,0,False,0.0,
recall_loss,112,486,v112_s0486,0,0,False,0.0,
recall_loss,112,487,v112_s0487,0,0,False,0.0,
recall_loss,112,488,v112_s0488,0,0,False,0.0,
recall_loss,112,489,v112_s0489,0,0,False,0.0,
recall_loss,112,490,v112_s0490,0,0,False,0.0,
recall_loss,112,491,v112_s0491,0,0,False,0.0,
recall_loss,112,492,v112_s0492,0,0,False,0.0,
recall_loss,112,493,v112_s0493,0,0,False,0.0,
recall_loss,112,494,v112_s0494,0,0,False,0.0,
recall_loss,112,495,v112_s0495,0,0,False,0.0,
recall_loss,112,496,v112_s0496,0,0,False,0.0,
recall_loss,112,497,v112_s0497,0,0,False,0.0,
recall_loss,112,498,v112_s0498,0,0,False,0.0,
recall_loss,112,499,v112_s0499,0,0,False,0.0,
recall_loss,112,500,v112_s0500,0,0,False,0.0,
recall_loss,112,501,v112_s0501,0,0,False,0.0,
recall_loss,112,502,v112_s0502,0,0,False,0.0,
recall_loss,112,503,v112_s0503,0,0,False,0.0,
recall_loss,112,504,v112_s0504,0,0,False,0.0,
recall_loss,112,505,v112_s0505,0,0,False,0.0,
recall_loss,112,506,v112_s0506,0,0,False,0.0,
recall_loss,112,507,v112_s0507,0,0,False,0.0,
recall_loss,112,508,v112_s0508,0,0,False,0.0,
recall_loss,112,509,v112_s0509,0,0,False,0.0,
recall_loss,112,510,v112_s0510,0,0,False,0.0,
recall_loss,112,511,v112_s0511,0,0,False,0.0,
recall_loss,112,512,v112_s0512,0,0,False,0.0,
recall_loss,112,513,v112_s0513,0,0,False,0.0,
recall_loss,112,514,v112_s0514,0,0,False,0.0,
recall_loss,112,515,v112_s0515,0,0,False,0.0,
recall_loss,112,516,v112_s0516,0,0,False,0.0,
recall_loss,112,517,v112_s0517,0,0,False,0.0,
recall_loss,112,518,v112_s0518,0,0,False,0.0,
recall_loss,112,519,v112_s0519,0,0,False,0.0,
recall_loss,112,520,v112_s0520,0,0,False,0.0,
recall_loss,112,521,v112_s0521,0,0,False,0.0,
recall_loss,112,522,v112_s0522,0,0,False,0.0,
recall_loss,112,523,v112_s0523,0,0,False,0.0,
recall_loss,112,524,v112_s0524,0,0,False,0.0,
recall_loss,112,525,v112_s0525,0,0,False,0.0,
recall_loss,112,526,v112_s0526,0,0,False,0.0,
recall_loss,112,527,v112_s0527,0,0,False,0.0,
recall_loss,112,528,v112_s0528,0,0,False,0.0,
recall_loss,112,529,v112_s0529,0,0,False,0.0,
recall_loss,112,530,v112_s0530,0,0,False,0.0,
recall_loss,112,531,v112_s0531,0,0,False,0.0,
recall_loss,112,532,v112_s0532,0,0,False,0.0,
recall_loss,112,533,v112_s0533,0,0,False,0.0,
recall_loss,112,534,v112_s0534,0,0,False,0.0,
recall_loss,112,535,v112_s0535,0,0,False,0.0,
recall_loss,112,536,v112_s0536,0,0,False,0.0,
recall_loss,112,537,v112_s0537,0,0,False,0.0,
recall_loss,112,538,v112_s0538,0,0,False,0.0,
recall_loss,112,539,v112_s0539,0,0,False,0.0,
recall_loss,112,540,v112_s0540,0,0,False,0.0,
recall_loss,112,541,v112_s0541,0,0,False,0.0,
recall_loss,112,542,v112_s0542,0,0,False,0.0,
recall_loss,112,543,v112_s0543,0,0,False,0.0,
recall_loss,112,544,v112_s0544,0,0,False,0.0,
recall_loss,112,545,v112_s0545,0,0,False,0.0,
recall_loss,112,546,v112_s0546,0,0,False,0.0,
recall_loss,112,547,v112_s0547,0,0,False,0.0,
recall_loss,112,548,v112_s0548,0,0,False,0.0,
recall_loss,112,549,v112_s0549,0,0,False,0.0,
recall_loss,112,550,v112_s0550,0,0,False,0.0,
recall_loss,112,551,v112_s0551,0,0,False,0.0,
recall_loss,112,552,v112_s0552,0,0,False,0.0,
recall_loss,112,553,v112_s0553,0,0,False,0.0,
recall_loss,112,554,v112_s0554,0,0,False,0.0,
recall_loss,112,555,v112_s0555,0,0,False,0.0,
recall_loss,112,556,v112_s0556,0,0,False,0.0,
recall_loss,112,557,v112_s0557,0,0,False,0.0,
recall_loss,112,558,v112_s0558,0,0,False,0.0,
recall_loss,112,559,v112_s0559,0,0,False,0.0,
recall_loss,112,560,v112_s0560,0,0,False,0.0,
recall_loss,112,561,v112_s0561,0,0,False,0.0,
recall_loss,112,562,v112_s0562,0,0,False,0.0,
recall_loss,112,563,v112_s0563,0,0,False,0.0,
recall_loss,112,564,v112_s0564,0,0,False,0.0,
recall_loss,112,565,v112_s0565,0,0,False,0.0,
recall_loss,112,566,v112_s0566,0,0,False,0.0,
recall_loss,112,567,v112_s0567,0,0,False,0.0,
recall_loss,112,568,v112_s0568,0,0,False,0.0,
recall_loss,112,569,v112_s0569,0,0,False,0.0,
recall_loss,112,570,v112_s0570,0,0,False,0.0,
recall_loss,112,571,v112_s0571,0,0,False,0.0,
recall_loss,112,572,v112_s0572,0,0,False,0.0,
recall_loss,112,573,v112_s0573,0,0,False,0.0,
recall_loss,112,574,v112_s0574,0,0,False,0.0,
recall_loss,112,575,v112_s0575,0,0,False,0.0,
recall_loss,112,576,v112_s0576,0,0,False,0.0,
recall_loss,112,577,v112_s0577,0,0,False,0.0,
recall_loss,112,578,v112_s0578,0,0,False,0.0,
recall_loss,112,579,v112_s0579,0,0,False,0.0,
recall_loss,112,580,v112_s0580,0,0,False,0.0,
recall_loss,112,581,v112_s0581,0,0,False,0.0,
recall_loss,112,582,v112_s0582,0,0,False,0.0,
recall_loss,112,583,v112_s0583,0,0,False,0.0,
recall_loss,112,584,v112_s0584,0,0,False,0.0,
recall_loss,112,585,v112_s0585,0,0,False,0.0,
recall_loss,112,586,v112_s0586,0,0,False,0.0,
recall_loss,112,587,v112_s0587,0,0,False,0.0,
recall_loss,112,588,v112_s0588,0,0,False,0.0,
recall_loss,112,589,v112_s0589,0,0,False,0.0,
recall_loss,112,590,v112_s0590,0,0,False,0.0,
recall_loss,112,591,v112_s0591,0,0,False,0.0,
recall_loss,112,592,v112_s0592,0,0,False,0.0,
recall_loss,112,593,v112_s0593,0,0,False,0.0,
recall_loss,112,594,v112_s0594,0,0,False,0.0,
recall_loss,112,595,v112_s0595,0,0,False,0.0,
recall_loss,112,596,v112_s0596,0,0,False,0.0,
recall_loss,112,597,v112_s0597,0,0,False,0.0,
recall_loss,112,598,v112_s0598,0,0,False,0.0,
recall_loss,112,599,v112_s0599,0,0,False,0.0,
recall_loss,112,600,v112_s0600,0,0,False,0.0,
recall_loss,112,601,v112_s0601,0,0,False,0.0,
recall_loss,112,602,v112_s0602,0,0,False,0.0,
recall_loss,112,603,v112_s0603,0,0,False,0.0,
recall_loss,112,604,v112_s0604,0,0,False,0.0,
recall_loss,112,605,v112_s0605,0,0,False,0.0,
recall_loss,112,606,v112_s0606,0,0,False,0.0,
recall_loss,112,607,v112_s0607,0,0,False,0.0,
recall_loss,112,608,v112_s0608,0,0,False,0.0,
recall_loss,112,609,v112_s0609,0,0,False,0.0,
recall_loss,112,610,v112_s0610,0,0,False,0.0,
recall_loss,112,611,v112_s0611,0,0,False,0.0,
recall_loss,112,612,v112_s0612,0,0,False,0.0,
recall_loss,112,613,v112_s0613,0,0,False,0.0,
recall_loss,112,614,v112_s0614,0,0,False,0.0,
recall_loss,112,615,v112_s0615,0,0,False,0.0,
recall_loss,112,616,v112_s0616,0,0,False,0.0,
recall_loss,112,617,v112_s0617,0,0,False,0.0,
recall_loss,112,618,v112_s0618,0,0,False,0.0,
recall_loss,112,619,v112_s0619,0,0,False,0.0,
recall_loss,112,620,v112_s0620,0,0,False,0.0,
recall_loss,112,621,v112_s0621,0,0,False,0.0,
recall_loss,112,622,v112_s0622,0,0,False,0.0,
recall_loss,112,623,v112_s0623,0,0,False,0.0,
recall_loss,112,624,v112_s0624,0,0,False,0.0,
recall_loss,112,625,v112_s0625,0,0,False,0.0,
recall_loss,112,626,v112_s0626,0,0,False,0.0,
recall_loss,112,627,v112_s0627,0,0,False,0.0,
recall_loss,112,628,v112_s0628,0,0,False,0.0,
recall_loss,112,629,v112_s0629,0,0,False,0.0,
recall_loss,112,630,v112_s0630,0,0,False,0.0,
recall_loss,112,631,v112_s0631,0,0,False,0.0,
recall_loss,112,632,v112_s0632,0,0,False,0.0,
recall_loss,112,633,v112_s0633,0,0,False,0.0,
recall_loss,112,634,v112_s0634,0,0,False,0.0,
recall_loss,112,635,v112_s0635,0,0,False,0.0,
recall_loss,112,636,v112_s0636,0,0,False,0.0,
recall_loss,112,637,v112_s0637,0,0,False,0.0,
recall_loss,112,638,v112_s0638,0,0,False,0.0,
recall_loss,112,639,v112_s0639,0,0,False,0.0,
recall_loss,112,640,v112_s0640,0,0,False,0.0,
recall_loss,112,641,v112_s0641,0,0,False,0.0,
recall_loss,112,642,v112_s0642,0,0,False,0.0,
recall_loss,112,643,v112_s0643,0,0,False,0.0,
recall_loss,112,644,v112_s0644,0,0,False,0.0,
recall_loss,112,645,v112_s0645,0,0,False,0.0,
recall_loss,112,646,v112_s0646,0,0,False,0.0,
recall_loss,112,647,v112_s0647,0,0,False,0.0,
recall_loss,112,648,v112_s0648,0,0,False,0.0,
recall_loss,112,649,v112_s0649,0,0,False,0.0,
recall_loss,112,650,v112_s0650,0,0,False,0.0,
recall_loss,112,651,v112_s0651,0,0,False,0.0,
recall_loss,112,652,v112_s0652,0,0,False,0.0,
recall_loss,112,653,v112_s0653,0,0,False,0.0,
recall_loss,112,654,v112_s0654,0,0,False,0.0,
recall_loss,112,655,v112_s0655,0,0,False,0.0,
recall_loss,112,656,v112_s0656,0,0,False,0.0,
recall_loss,112,657,v112_s0657,0,0,False,0.0,
recall_loss,112,658,v112_s0658,0,0,False,0.0,
recall_loss,112,659,v112_s0659,0,0,False,0.0,
recall_loss,112,660,v112_s0660,0,0,False,0.0,
recall_loss,112,661,v112_s0661,0,0,False,0.0,
recall_loss,112,662,v112_s0662,0,0,False,0.0,
recall_loss,112,663,v112_s0663,0,0,False,0.0,
recall_loss,112,664,v112_s0664,0,0,False,0.0,
recall_loss,112,665,v112_s0665,0,0,False,0.0,
recall_loss,112,666,v112_s0666,0,0,False,0.0,
recall_loss,112,667,v112_s0667,0,0,False,0.0,
recall_loss,112,668,v112_s0668,0,0,False,0.0,
recall_loss,112,669,v112_s0669,0,0,False,0.0,
recall_loss,112,670,v112_s0670,0,0,False,0.0,
recall_loss,112,671,v112_s0671,0,0,False,0.0,
recall_loss,112,672,v112_s0672,0,0,False,0.0,
recall_loss,112,673,v112_s0673,0,0,False,0.0,
recall_loss,112,674,v112_s0674,0,0,False,0.0,
recall_loss,112,675,v112_s0675,0,0,False,0.0,
recall_loss,112,676,v112_s0676,0,0,False,0.0,
recall_loss,112,677,v112_s0677,0,0,False,0.0,
recall_loss,112,678,v112_s0678,0,0,False,0.0,
recall_loss,112,679,v112_s0679,0,0,False,0.0,
recall_loss,112,680,v112_s0680,0,0,False,0.0,
recall_loss,112,681,v112_s0681,0,0,False,0.0,
recall_loss,112,682,v112_s0682,0,0,False,0.0,
recall_loss,112,683,v112_s0683,0,0,False,0.0,
recall_loss,112,684,v112_s0684,0,0,False,0.0,
recall_loss,112,685,v112_s0685,0,0,False,0.0,
recall_loss,112,686,v112_s0686,0,0,False,0.0,
recall_loss,112,687,v112_s0687,0,0,False,0.0,
recall_loss,112,688,v112_s0688,0,0,False,0.0,
recall_loss,112,689,v112_s0689,0,0,False,0.0,
recall_loss,112,690,v112_s0690,0,0,False,0.0,
recall_loss,112,691,v112_s0691,0,0,False,0.0,
recall_loss,112,692,v112_s0692,0,0,False,0.0,
recall_loss,112,693,v112_s0693,0,0,False,0.0,
recall_loss,112,694,v112_s0694,0,0,False,0.0,
recall_loss,112,695,v112_s0695,0,0,False,0.0,
recall_loss,112,696,v112_s0696,0,0,False,0.0,
recall_loss,112,697,v112_s0697,0,0,False,0.0,
recall_loss,112,698,v112_s0698,0,0,False,0.0,
recall_loss,112,699,v112_s0699,0,0,False,0.0,
recall_loss,112,700,v112_s0700,0,0,False,0.0,
recall_loss,112,701,v112_s0701,0,0,False,0.0,
recall_loss,112,702,v112_s0702,0,0,False,0.0,
recall_loss,112,703,v112_s0703,0,0,False,0.0,
recall_loss,112,704,v112_s0704,0,0,False,0.0,
recall_loss,112,705,v112_s0705,0,0,False,0.0,
recall_loss,112,706,v112_s0706,0,0,False,0.0,
recall_loss,112,707,v112_s0707,0,0,False,0.0,
recall_loss,112,708,v112_s0708,0,0,False,0.0,
recall_loss,112,709,v112_s0709,0,0,False,0.0,
recall_loss,112,710,v112_s0710,0,0,False,0.0,
recall_loss,112,711,v112_s0711,0,0,False,0.0,
recall_loss,112,712,v112_s0712,0,0,False,0.0,
recall_loss,112,713,v112_s0713,0,0,False,0.0,
recall_loss,112,714,v112_s0714,0,0,False,0.0,
recall_loss,112,715,v112_s0715,0,0,False,0.0,
recall_loss,112,716,v112_s0716,0,0,False,0.0,
recall_loss,112,717,v112_s0717,0,0,False,0.0,
recall_loss,112,718,v112_s0718,0,0,False,0.0,
recall_loss,112,719,v112_s0719,0,0,False,0.0,
recall_loss,112,720,v112_s0720,0,0,False,0.0,
recall_loss,112,721,v112_s0721,0,0,False,0.0,
recall_loss,112,722,v112_s0722,0,0,False,0.0,
recall_loss,112,723,v112_s0723,0,0,False,0.0,
recall_loss,112,724,v112_s0724,0,0,False,0.0,
recall_loss,112,725,v112_s0725,0,0,False,0.0,
recall_loss,112,726,v112_s0726,0,0,False,0.0,
recall_loss,112,727,v112_s0727,0,0,False,0.0,
recall_loss,112,728,v112_s0728,0,0,False,0.0,
recall_loss,112,729,v112_s0729,0,0,False,0.0,
recall_loss,112,730,v112_s0730,0,0,False,0.0,
recall_loss,112,731,v112_s0731,0,0,False,0.0,
recall_loss,112,732,v112_s0732,0,0,False,0.0,
recall_loss,112,733,v112_s0733,0,0,False,0.0,
recall_loss,112,734,v112_s0734,0,0,False,0.0,
recall_loss,112,735,v112_s0735,0,0,False,0.0,
recall_loss,112,736,v112_s0736,0,0,False,0.0,
recall_loss,112,737,v112_s0737,0,0,False,0.0,
recall_loss,112,738,v112_s0738,0,0,False,0.0,
recall_loss,112,739,v112_s0739,0,0,False,0.0,
recall_loss,112,740,v112_s0740,0,0,False,0.0,
recall_loss,112,741,v112_s0741,0,0,False,0.0,
recall_loss,112,742,v112_s0742,0,0,False,0.0,
recall_loss,112,743,v112_s0743,0,0,False,0.0,
recall_loss,112,744,v112_s0744,0,0,False,0.0,
recall_loss,112,745,v112_s0745,0,0,False,0.0,
recall_loss,112,746,v112_s0746,0,0,False,0.0,
recall_loss,112,747,v112_s0747,0,0,False,0.0,
recall_loss,112,748,v112_s0748,0,0,False,0.0,
recall_loss,112,749,v112_s0749,0,0,False,0.0,
recall_loss,112,750,v112_s0750,0,0,False,0.0,
recall_loss,113,0,v113_s0000,0,0,False,0.0,
recall_loss,113,1,v113_s0001,0,0,False,0.0,
recall_loss,113,2,v113_s0002,0,0,False,0.0,
recall_loss,113,3,v113_s0003,0,0,False,0.0,
recall_loss,113,4,v113_s0004,0,0,False,0.0,
recall_loss,113,5,v113_s0005,0,0,False,0.0,
recall_loss,113,6,v113_s0006,0,0,False,0.0,
recall_loss,113,7,v113_s0007,0,0,False,0.0,
recall_loss,113,8,v113_s0008,0,0,False,0.0,
recall_loss,113,9,v113_s0009,0,0,False,0.0,
recall_loss,113,10,v113_s0010,0,0,False,0.0,
recall_loss,113,11,v113_s0011,0,0,False,0.0,
recall_loss,113,12,v113_s0012,0,0,False,0.0,
recall_loss,113,13,v113_s0013,0,0,False,0.0,
recall_loss,113,14,v113_s0014,0,0,False,0.0,
recall_loss,113,15,v113_s0015,0,0,False,0.0,
recall_loss,113,16,v113_s0016,0,0,False,0.0,
recall_loss,113,17,v113_s0017,0,0,False,0.0,
recall_loss,113,18,v113_s0018,0,0,False,0.0,
recall_loss,113,19,v113_s0019,0,0,False,0.0,
recall_loss,113,20,v113_s0020,0,0,False,0.0,
recall_loss,113,21,v113_s0021,0,0,False,0.0,
recall_loss,113,22,v113_s0022,0,0,False,0.0,
recall_loss,113,23,v113_s0023,0,0,False,0.0,
recall_loss,113,24,v113_s0024,0,0,False,0.0,
recall_loss,113,25,v113_s0025,0,0,False,0.0,
recall_loss,113,26,v113_s0026,0,0,False,0.0,
recall_loss,113,27,v113_s0027,0,0,False,0.0,
recall_loss,113,28,v113_s0028,0,0,False,0.0,
recall_loss,113,29,v113_s0029,0,0,False,0.0,
recall_loss,113,30,v113_s0030,0,0,False,0.0,
recall_loss,113,31,v113_s0031,0,0,False,0.0,
recall_loss,113,32,v113_s0032,0,0,False,0.0,
recall_loss,113,33,v113_s0033,0,0,False,0.0,
recall_loss,113,34,v113_s0034,0,0,False,0.0,
recall_loss,113,35,v113_s0035,0,0,False,0.0,
recall_loss,113,36,v113_s0036,0,0,False,0.0,
recall_loss,113,37,v113_s0037,0,0,False,0.0,
recall_loss,113,38,v113_s0038,0,0,False,0.0,
recall_loss,113,39,v113_s0039,0,0,False,0.0,
recall_loss,113,40,v113_s0040,0,0,False,0.0,
recall_loss,113,41,v113_s0041,0,0,False,0.0,
recall_loss,113,42,v113_s0042,0,0,False,0.0,
recall_loss,113,43,v113_s0043,0,0,False,0.0,
recall_loss,113,44,v113_s0044,0,0,False,0.0,
recall_loss,113,45,v113_s0045,0,0,False,0.0,
recall_loss,113,46,v113_s0046,0,0,False,0.0,
recall_loss,113,47,v113_s0047,0,0,False,0.0,
recall_loss,113,48,v113_s0048,0,0,False,0.0,
recall_loss,113,49,v113_s0049,0,0,False,0.0,
recall_loss,113,50,v113_s0050,0,0,False,0.0,
recall_loss,113,51,v113_s0051,0,0,False,0.0,
recall_loss,113,52,v113_s0052,0,0,False,0.0,
recall_loss,113,53,v113_s0053,0,0,False,0.0,
recall_loss,113,54,v113_s0054,0,0,False,0.0,
recall_loss,113,55,v113_s0055,0,0,False,0.0,
recall_loss,113,56,v113_s0056,0,0,False,0.0,
recall_loss,113,57,v113_s0057,0,0,False,0.0,
recall_loss,113,58,v113_s0058,0,0,False,0.0,
recall_loss,113,59,v113_s0059,0,0,False,0.0,
recall_loss,113,60,v113_s0060,0,0,False,0.0,
recall_loss,113,61,v113_s0061,0,0,False,0.0,
recall_loss,113,62,v113_s0062,0,0,False,0.0,
recall_loss,113,63,v113_s0063,0,0,False,0.0,
recall_loss,113,64,v113_s0064,0,0,False,0.0,
recall_loss,113,65,v113_s0065,0,0,False,0.0,
recall_loss,113,66,v113_s0066,0,0,False,0.0,
recall_loss,113,67,v113_s0067,0,0,False,0.0,
recall_loss,113,68,v113_s0068,0,0,False,0.0,
recall_loss,113,69,v113_s0069,0,0,False,0.0,
recall_loss,113,70,v113_s0070,0,0,False,0.0,
recall_loss,113,71,v113_s0071,0,0,False,0.0,
recall_loss,113,72,v113_s0072,0,0,False,0.0,
recall_loss,113,73,v113_s0073,0,0,False,0.0,
recall_loss,113,74,v113_s0074,0,0,False,0.0,
recall_loss,113,75,v113_s0075,0,0,False,0.0,
recall_loss,113,76,v113_s0076,0,0,False,0.0,
recall_loss,113,77,v113_s0077,0,0,False,0.0,
recall_loss,113,78,v113_s0078,0,0,False,0.0,
recall_loss,113,79,v113_s0079,0,0,False,0.0,
recall_loss,113,80,v113_s0080,0,0,False,0.0,
recall_loss,113,81,v113_s0081,0,0,False,0.0,
recall_loss,113,82,v113_s0082,0,0,False,0.0,
recall_loss,113,83,v113_s0083,0,0,False,0.0,
recall_loss,113,84,v113_s0084,0,0,False,0.0,
recall_loss,113,85,v113_s0085,0,0,False,0.0,
recall_loss,113,86,v113_s0086,0,0,False,0.0,
recall_loss,113,87,v113_s0087,0,0,False,0.0,
recall_loss,113,88,v113_s0088,0,0,False,0.0,
recall_loss,113,89,v113_s0089,0,0,False,0.0,
recall_loss,113,90,v113_s0090,0,0,False,0.0,
recall_loss,113,91,v113_s0091,0,0,False,0.0,
recall_loss,113,92,v113_s0092,0,0,False,0.0,
recall_loss,113,93,v113_s0093,0,0,False,0.0,
recall_loss,113,94,v113_s0094,0,0,False,0.0,
recall_loss,113,95,v113_s0095,0,0,False,0.0,
recall_loss,113,96,v113_s0096,0,0,False,0.0,
recall_loss,113,97,v113_s0097,0,0,False,0.0,
recall_loss,113,98,v113_s0098,0,0,False,0.0,
recall_loss,113,99,v113_s0099,0,0,False,0.0,
recall_loss,113,100,v113_s0100,0,0,False,0.0,
recall_loss,113,101,v113_s0101,0,0,False,0.0,
recall_loss,113,102,v113_s0102,0,0,False,0.0,
recall_loss,113,103,v113_s0103,0,0,False,0.0,
recall_loss,113,104,v113_s0104,0,0,False,0.0,
recall_loss,113,105,v113_s0105,0,0,False,0.0,
recall_loss,113,106,v113_s0106,0,0,False,0.0,
recall_loss,113,107,v113_s0107,0,0,False,0.0,
recall_loss,113,108,v113_s0108,0,0,False,0.0,
recall_loss,113,109,v113_s0109,0,0,False,0.0,
recall_loss,113,110,v113_s0110,0,0,False,0.0,
recall_loss,113,111,v113_s0111,0,0,False,0.0,
recall_loss,113,112,v113_s0112,0,0,False,0.0,
recall_loss,113,113,v113_s0113,0,0,False,0.0,
recall_loss,113,114,v113_s0114,0,0,False,0.0,
recall_loss,113,115,v113_s0115,0,0,False,0.0,
recall_loss,113,116,v113_s0116,0,0,False,0.0,
recall_loss,113,117,v113_s0117,0,0,False,0.0,
recall_loss,113,118,v113_s0118,0,0,False,0.0,
recall_loss,113,119,v113_s0119,0,0,False,0.0,
recall_loss,113,120,v113_s0120,0,0,False,0.0,
recall_loss,113,121,v113_s0121,0,0,False,0.0,
recall_loss,113,122,v113_s0122,0,0,False,0.0,
recall_loss,113,123,v113_s0123,0,0,False,0.0,
recall_loss,113,124,v113_s0124,0,0,False,0.0,
recall_loss,113,125,v113_s0125,0,0,False,0.0,
recall_loss,113,126,v113_s0126,0,0,False,0.0,
recall_loss,113,127,v113_s0127,0,0,False,0.0,
recall_loss,113,128,v113_s0128,0,0,False,0.0,
recall_loss,113,129,v113_s0129,0,0,False,0.0,
recall_loss,113,130,v113_s0130,0,0,False,0.0,
recall_loss,113,131,v113_s0131,0,0,False,0.0,
recall_loss,113,132,v113_s0132,0,0,False,0.0,
recall_loss,113,133,v113_s0133,0,0,False,0.0,
recall_loss,113,134,v113_s0134,0,0,False,0.0,
recall_loss,113,135,v113_s0135,0,0,False,0.0,
recall_loss,113,136,v113_s0136,0,0,False,0.0,
recall_loss,113,137,v113_s0137,0,0,False,0.0,
recall_loss,113,138,v113_s0138,0,0,False,0.0,
recall_loss,113,139,v113_s0139,0,0,False,0.0,
recall_loss,113,140,v113_s0140,0,0,False,0.0,
recall_loss,113,141,v113_s0141,0,0,False,0.0,
recall_loss,113,142,v113_s0142,0,0,False,0.0,
recall_loss,113,143,v113_s0143,0,0,False,0.0,
recall_loss,113,144,v113_s0144,0,0,False,0.0,
recall_loss,113,145,v113_s0145,0,0,False,0.0,
recall_loss,113,146,v113_s0146,0,0,False,0.0,
recall_loss,113,147,v113_s0147,0,0,False,0.0,
recall_loss,113,148,v113_s0148,0,0,False,0.0,
recall_loss,113,149,v113_s0149,0,0,False,0.0,
recall_loss,113,150,v113_s0150,0,0,False,0.0,
recall_loss,113,151,v113_s0151,0,0,False,0.0,
recall_loss,113,152,v113_s0152,0,0,False,0.0,
recall_loss,113,153,v113_s0153,0,0,False,0.0,
recall_loss,113,154,v113_s0154,0,0,False,0.0,
recall_loss,113,155,v113_s0155,0,0,False,0.0,
recall_loss,113,156,v113_s0156,0,0,False,0.0,
recall_loss,113,157,v113_s0157,0,0,False,0.0,
recall_loss,113,158,v113_s0158,0,0,False,0.0,
recall_loss,113,159,v113_s0159,0,0,False,0.0,
recall_loss,113,160,v113_s0160,0,0,False,0.0,
recall_loss,113,161,v113_s0161,0,0,False,0.0,
recall_loss,113,162,v113_s0162,0,0,False,0.0,
recall_loss,113,163,v113_s0163,0,0,False,0.0,
recall_loss,113,164,v113_s0164,0,0,False,0.0,
recall_loss,113,165,v113_s0165,0,0,False,0.0,
recall_loss,113,166,v113_s0166,0,0,False,0.0,
recall_loss,113,167,v113_s0167,0,0,False,0.0,
recall_loss,113,168,v113_s0168,0,0,False,0.0,
recall_loss,113,169,v113_s0169,0,0,False,0.0,
recall_loss,113,170,v113_s0170,0,0,False,0.0,
recall_loss,113,171,v113_s0171,0,0,False,0.0,
recall_loss,113,172,v113_s0172,0,0,False,0.0,
recall_loss,113,173,v113_s0173,0,0,False,0.0,
recall_loss,113,174,v113_s0174,0,0,False,0.0,
recall_loss,113,175,v113_s0175,0,0,False,0.0,
recall_loss,113,176,v113_s0176,0,0,False,0.0,
recall_loss,113,177,v113_s0177,0,0,False,0.0,
recall_loss,113,178,v113_s0178,0,0,False,0.0,
recall_loss,113,179,v113_s0179,0,0,False,0.0,
recall_loss,113,180,v113_s0180,0,0,False,0.0,
recall_loss,113,181,v113_s0181,0,0,False,0.0,
recall_loss,113,182,v113_s0182,0,0,False,0.0,
recall_loss,113,183,v113_s0183,0,0,False,0.0,
recall_loss,113,184,v113_s0184,0,0,False,0.0,
recall_loss,113,185,v113_s0185,0,0,False,0.0,
recall_loss,113,186,v113_s0186,0,0,False,0.0,
recall_loss,113,187,v113_s0187,0,0,False,0.0,
recall_loss,113,188,v113_s0188,0,0,False,0.0,
recall_loss,113,189,v113_s0189,0,0,False,0.0,
recall_loss,113,190,v113_s0190,0,0,False,0.0,
recall_loss,113,191,v113_s0191,0,0,False,0.0,
recall_loss,113,192,v113_s0192,0,0,False,0.0,
recall_loss,113,193,v113_s0193,0,0,False,0.0,
recall_loss,113,194,v113_s0194,0,0,False,0.0,
recall_loss,113,195,v113_s0195,0,0,False,0.0,
recall_loss,113,196,v113_s0196,0,0,False,0.0,
recall_loss,113,197,v113_s0197,0,0,False,0.0,
recall_loss,113,198,v113_s0198,0,0,False,0.0,
recall_loss,113,199,v113_s0199,0,0,False,0.0,
recall_loss,113,200,v113_s0200,0,0,False,0.0,
recall_loss,113,201,v113_s0201,0,0,False,0.0,
recall_loss,113,202,v113_s0202,0,0,False,0.0,
recall_loss,113,203,v113_s0203,0,0,False,0.0,
recall_loss,113,204,v113_s0204,0,0,False,0.0,
recall_loss,113,205,v113_s0205,0,0,False,0.0,
recall_loss,113,206,v113_s0206,0,0,False,0.0,
recall_loss,113,207,v113_s0207,0,0,False,0.0,
recall_loss,113,208,v113_s0208,0,0,False,0.0,
recall_loss,113,209,v113_s0209,0,0,False,0.0,
recall_loss,113,210,v113_s0210,0,0,False,0.0,
recall_loss,113,211,v113_s0211,0,0,False,0.0,
recall_loss,113,212,v113_s0212,0,0,False,0.0,
recall_loss,113,213,v113_s0213,0,0,False,0.0,
recall_loss,113,214,v113_s0214,0,0,False,0.0,
recall_loss,113,215,v113_s0215,0,0,False,0.0,
recall_loss,113,216,v113_s0216,0,0,False,0.0,
recall_loss,113,217,v113_s0217,0,0,False,0.0,
recall_loss,113,218,v113_s0218,0,0,False,0.0,
recall_loss,113,219,v113_s0219,0,0,False,0.0,
recall_loss,113,220,v113_s0220,0,0,False,0.0,
recall_loss,113,221,v113_s0221,0,0,False,0.0,
recall_loss,113,222,v113_s0222,0,0,False,0.0,
recall_loss,113,223,v113_s0223,0,0,False,0.0,
recall_loss,113,224,v113_s0224,0,0,False,0.0,
recall_loss,113,225,v113_s0225,0,0,False,0.0,
recall_loss,113,226,v113_s0226,0,0,False,0.0,
recall_loss,113,227,v113_s0227,0,0,False,0.0,
recall_loss,113,228,v113_s0228,0,0,False,0.0,
recall_loss,113,229,v113_s0229,0,0,False,0.0,
recall_loss,113,230,v113_s0230,0,0,False,0.0,
recall_loss,113,231,v113_s0231,0,0,False,0.0,
recall_loss,113,232,v113_s0232,0,0,False,0.0,
recall_loss,113,233,v113_s0233,0,0,False,0.0,
recall_loss,113,234,v113_s0234,0,0,False,0.0,
recall_loss,113,235,v113_s0235,0,0,False,0.0,
recall_loss,113,236,v113_s0236,0,0,False,0.0,
recall_loss,113,237,v113_s0237,0,0,False,0.0,
recall_loss,113,238,v113_s0238,0,0,False,0.0,
recall_loss,113,239,v113_s0239,0,0,False,0.0,
recall_loss,113,240,v113_s0240,0,0,False,0.0,
recall_loss,113,241,v113_s0241,0,0,False,0.0,
recall_loss,113,242,v113_s0242,0,0,False,0.0,
recall_loss,113,243,v113_s0243,0,0,False,0.0,
recall_loss,113,244,v113_s0244,0,0,False,0.0,
recall_loss,113,245,v113_s0245,0,0,False,0.0,
recall_loss,113,246,v113_s0246,0,0,False,0.0,
recall_loss,113,247,v113_s0247,0,0,False,0.0,
recall_loss,113,248,v113_s0248,0,0,False,0.0,
recall_loss,113,249,v113_s0249,0,0,False,0.0,
recall_loss,113,250,v113_s0250,0,0,False,0.0,
recall_loss,113,251,v113_s0251,0,0,False,0.0,
recall_loss,113,252,v113_s0252,0,0,False,0.0,
recall_loss,113,253,v113_s0253,0,0,False,0.0,
recall_loss,113,254,v113_s0254,0,0,False,0.0,
recall_loss,113,255,v113_s0255,0,0,False,0.0,
recall_loss,113,256,v113_s0256,0,0,False,0.0,
recall_loss,113,257,v113_s0257,0,0,False,0.0,
recall_loss,113,258,v113_s0258,0,0,False,0.0,
recall_loss,113,259,v113_s0259,0,0,False,0.0,
recall_loss,113,260,v113_s0260,0,0,False,0.0,
recall_loss,113,261,v113_s0261,0,0,False,0.0,
recall_loss,113,262,v113_s0262,0,0,False,0.0,
recall_loss,113,263,v113_s0263,0,0,False,0.0,
recall_loss,113,264,v113_s0264,0,0,False,0.0,
recall_loss,113,265,v113_s0265,0,0,False,0.0,
recall_loss,113,266,v113_s0266,0,0,False,0.0,
recall_loss,113,267,v113_s0267,0,0,False,0.0,
recall_loss,113,268,v113_s0268,0,0,False,0.0,
recall_loss,113,269,v113_s0269,0,0,False,0.0,
recall_loss,113,270,v113_s0270,0,0,False,0.0,
recall_loss,113,271,v113_s0271,0,0,False,0.0,
recall_loss,113,272,v113_s0272,0,0,False,0.0,
recall_loss,113,273,v113_s0273,0,0,False,0.0,
recall_loss,113,274,v113_s0274,0,0,False,0.0,
recall_loss,113,275,v113_s0275,0,0,False,0.0,
recall_loss,113,276,v113_s0276,0,0,False,0.0,
recall_loss,113,277,v113_s0277,0,0,False,0.0,
recall_loss,113,278,v113_s0278,0,0,False,0.0,
recall_loss,113,279,v113_s0279,0,0,False,0.0,
recall_loss,113,280,v113_s0280,0,0,False,0.0,
recall_loss,113,281,v113_s0281,0,0,False,0.0,
recall_loss,113,282,v113_s0282,0,0,False,0.0,
recall_loss,113,283,v113_s0283,0,0,False,0.0,
recall_loss,113,284,v113_s0284,0,0,False,0.0,
recall_loss,113,285,v113_s0285,0,0,False,0.0,
recall_loss,113,286,v113_s0286,0,0,False,0.0,
recall_loss,113,287,v113_s0287,0,0,False,0.0,
recall_loss,113,288,v113_s0288,0,0,False,0.0,
recall_loss,113,289,v113_s0289,0,0,False,0.0,
recall_loss,113,290,v113_s0290,0,0,False,0.0,
recall_loss,113,291,v113_s0291,0,0,False,0.0,
recall_loss,113,292,v113_s0292,0,0,False,0.0,
recall_loss,113,293,v113_s0293,0,0,False,0.0,
recall_loss,113,294,v113_s0294,0,0,False,0.0,
recall_loss,113,295,v113_s0295,0,0,False,0.0,
recall_loss,113,296,v113_s0296,0,0,False,0.0,
recall_loss,113,297,v113_s0297,0,0,False,0.0,
recall_loss,113,298,v113_s0298,0,0,False,0.0,
recall_loss,113,299,v113_s0299,0,0,False,0.0,
recall_loss,113,300,v113_s0300,0,0,False,0.0,
recall_loss,113,301,v113_s0301,0,0,False,0.0,
recall_loss,113,302,v113_s0302,0,0,False,0.0,
recall_loss,113,303,v113_s0303,0,0,False,0.0,
recall_loss,113,304,v113_s0304,0,0,False,0.0,
recall_loss,113,305,v113_s0305,0,0,False,0.0,
recall_loss,113,306,v113_s0306,0,0,False,0.0,
recall_loss,113,307,v113_s0307,0,0,False,0.0,
recall_loss,113,308,v113_s0308,0,0,False,0.0,
recall_loss,113,309,v113_s0309,0,0,False,0.0,
recall_loss,113,310,v113_s0310,0,0,False,0.0,
recall_loss,113,311,v113_s0311,0,0,False,0.0,
recall_loss,113,312,v113_s0312,0,0,False,0.0,
recall_loss,113,313,v113_s0313,0,0,False,0.0,
recall_loss,113,314,v113_s0314,0,0,False,0.0,
recall_loss,113,315,v113_s0315,0,0,False,0.0,
recall_loss,113,316,v113_s0316,0,0,False,0.0,
recall_loss,113,317,v113_s0317,0,0,False,0.0,
recall_loss,113,318,v113_s0318,0,0,False,0.0,
recall_loss,113,319,v113_s0319,0,0,False,0.0,
recall_loss,113,320,v113_s0320,0,0,False,0.0,
recall_loss,113,321,v113_s0321,0,0,False,0.0,
recall_loss,113,322,v113_s0322,0,0,False,0.0,
recall_loss,113,323,v113_s0323,0,0,False,0.0,
recall_loss,113,324,v113_s0324,0,0,False,0.0,
recall_loss,113,325,v113_s0325,0,0,False,0.0,
recall_loss,113,326,v113_s0326,0,0,False,0.0,
recall_loss,113,327,v113_s0327,0,0,False,0.0,
recall_loss,113,328,v113_s0328,0,0,False,0.0,
recall_loss,113,329,v113_s0329,0,0,False,0.0,
recall_loss,113,330,v113_s0330,0,0,False,0.0,
recall_loss,113,331,v113_s0331,0,0,False,0.0,
recall_loss,113,332,v113_s0332,0,0,False,0.0,
recall_loss,113,333,v113_s0333,0,0,False,0.0,
recall_loss,113,334,v113_s0334,0,0,False,0.0,
recall_loss,113,335,v113_s0335,0,0,False,0.0,
recall_loss,113,336,v113_s0336,0,0,False,0.0,
recall_loss,113,337,v113_s0337,0,0,False,0.0,
recall_loss,113,338,v113_s0338,0,0,False,0.0,
recall_loss,113,339,v113_s0339,0,0,False,0.0,
recall_loss,113,340,v113_s0340,0,0,False,0.0,
recall_loss,113,341,v113_s0341,0,0,False,0.0,
recall_loss,113,342,v113_s0342,0,0,False,0.0,
recall_loss,113,343,v113_s0343,0,0,False,0.0,
recall_loss,113,344,v113_s0344,0,0,False,0.0,
recall_loss,113,345,v113_s0345,0,0,False,0.0,
recall_loss,113,346,v113_s0346,0,0,False,0.0,
recall_loss,113,347,v113_s0347,0,0,False,0.0,
recall_loss,113,348,v113_s0348,0,0,False,0.0,
recall_loss,113,349,v113_s0349,0,0,False,0.0,
recall_loss,113,350,v113_s0350,0,0,False,0.0,
recall_loss,113,351,v113_s0351,0,0,False,0.0,
recall_loss,113,352,v113_s0352,0,0,False,0.0,
recall_loss,113,353,v113_s0353,0,0,False,0.0,
recall_loss,113,354,v113_s0354,0,0,False,0.0,
recall_loss,113,355,v113_s0355,0,0,False,0.0,
recall_loss,113,356,v113_s0356,0,0,False,0.0,
recall_loss,113,357,v113_s0357,0,0,False,0.0,
recall_loss,113,358,v113_s0358,0,0,False,0.0,
recall_loss,113,359,v113_s0359,0,0,False,0.0,
recall_loss,113,360,v113_s0360,0,0,False,0.0,
recall_loss,113,361,v113_s0361,0,0,False,0.0,
recall_loss,113,362,v113_s0362,0,0,False,0.0,
recall_loss,113,363,v113_s0363,0,0,False,0.0,
recall_loss,113,364,v113_s0364,0,0,False,0.0,
recall_loss,113,365,v113_s0365,0,0,False,0.0,
recall_loss,113,366,v113_s0366,0,0,False,0.0,
recall_loss,113,367,v113_s0367,0,0,False,0.0,
recall_loss,113,368,v113_s0368,0,0,False,0.0,
recall_loss,113,369,v113_s0369,0,0,False,0.0,
recall_loss,113,370,v113_s0370,0,0,False,0.0,
recall_loss,113,371,v113_s0371,0,0,False,0.0,
recall_loss,113,372,v113_s0372,0,0,False,0.0,
recall_loss,113,373,v113_s0373,0,0,False,0.0,
recall_loss,113,374,v113_s0374,0,0,False,0.0,
recall_loss,113,375,v113_s0375,0,0,False,0.0,
recall_loss,113,376,v113_s0376,0,0,False,0.0,
recall_loss,113,377,v113_s0377,0,0,False,0.0,
recall_loss,113,378,v113_s0378,0,0,False,0.0,
recall_loss,113,379,v113_s0379,0,0,False,0.0,
recall_loss,113,380,v113_s0380,0,0,False,0.0,
recall_loss,113,381,v113_s0381,0,0,False,0.0,
recall_loss,113,382,v113_s0382,0,0,False,0.0,
recall_loss,113,383,v113_s0383,0,0,False,0.0,
recall_loss,113,384,v113_s0384,0,0,False,0.0,
recall_loss,113,385,v113_s0385,0,0,False,0.0,
recall_loss,113,386,v113_s0386,0,0,False,0.0,
recall_loss,113,387,v113_s0387,0,0,False,0.0,
recall_loss,113,388,v113_s0388,0,0,False,0.0,
recall_loss,113,389,v113_s0389,0,0,False,0.0,
recall_loss,113,390,v113_s0390,0,0,False,0.0,
recall_loss,113,391,v113_s0391,0,0,False,0.0,
recall_loss,113,392,v113_s0392,0,0,False,0.0,
recall_loss,113,393,v113_s0393,0,0,False,0.0,
recall_loss,113,394,v113_s0394,0,0,False,0.0,
recall_loss,113,395,v113_s0395,0,0,False,0.0,
recall_loss,113,396,v113_s0396,0,0,False,0.0,
recall_loss,113,397,v113_s0397,0,0,False,0.0,
recall_loss,113,398,v113_s0398,0,0,False,0.0,
recall_loss,113,399,v113_s0399,0,0,False,0.0,
recall_loss,113,400,v113_s0400,0,0,False,0.0,
recall_loss,113,401,v113_s0401,0,0,False,0.0,
recall_loss,113,402,v113_s0402,0,0,False,0.0,
recall_loss,113,403,v113_s0403,0,0,False,0.0,
recall_loss,113,404,v113_s0404,0,0,False,0.0,
recall_loss,113,405,v113_s0405,0,0,False,0.0,
recall_loss,113,406,v113_s0406,0,0,False,0.0,
recall_loss,113,407,v113_s0407,0,0,False,0.0,
recall_loss,113,408,v113_s0408,0,0,False,0.0,
recall_loss,113,409,v113_s0409,0,0,False,0.0,
recall_loss,113,410,v113_s0410,0,0,False,0.0,
recall_loss,113,411,v113_s0411,0,0,False,0.0,
recall_loss,113,412,v113_s0412,0,0,False,0.0,
recall_loss,113,413,v113_s0413,0,0,False,0.0,
recall_loss,113,414,v113_s0414,0,0,False,0.0,
recall_loss,113,415,v113_s0415,1,0,False,0.0,0.0
recall_loss,113,416,v113_s0416,1,0,False,0.0,0.0
recall_loss,113,417,v113_s0417,0,0,False,0.0,
recall_loss,113,418,v113_s0418,0,0,False,0.0,
recall_loss,113,419,v113_s0419,4,0,False,0.0,0.0
recall_loss,113,420,v113_s0420,54,0,False,3.5762786865234375e-07,3.5762786865234375e-07
recall_loss,113,421,v113_s0421,55,6,True,0.99169921875,0.99169921875
recall_loss,113,422,v113_s0422,70,31,True,1.0,1.0
recall_loss,113,423,v113_s0423,91,32,True,1.0,1.0
recall_loss,113,424,v113_s0424,110,38,True,1.0,1.0
recall_loss,113,425,v113_s0425,151,76,True,1.0,1.0
recall_loss,113,426,v113_s0426,164,79,True,1.0,1.0
recall_loss,113,427,v113_s0427,199,133,True,1.0,1.0
recall_loss,113,428,v113_s0428,186,160,True,1.0,1.0
recall_loss,113,429,v113_s0429,203,163,True,1.0,1.0
recall_loss,113,430,v113_s0430,198,174,True,1.0,1.0
recall_loss,113,431,v113_s0431,213,150,True,1.0,1.0
recall_loss,113,432,v113_s0432,216,160,True,1.0,1.0
recall_loss,113,433,v113_s0433,243,158,True,1.0,1.0
recall_loss,113,434,v113_s0434,239,156,True,1.0,1.0
recall_loss,113,435,v113_s0435,257,144,True,1.0,1.0
recall_loss,113,436,v113_s0436,277,142,True,1.0,1.0
recall_loss,113,437,v113_s0437,299,136,True,1.0,1.0
recall_loss,113,438,v113_s0438,293,240,True,1.0,1.0
recall_loss,113,439,v113_s0439,292,239,True,1.0,1.0
recall_loss,113,440,v113_s0440,297,167,True,1.0,1.0
recall_loss,113,441,v113_s0441,271,125,True,1.0,1.0
recall_loss,113,442,v113_s0442,260,93,True,1.0,1.0
recall_loss,113,443,v113_s0443,260,218,True,1.0,1.0
recall_loss,113,444,v113_s0444,213,259,True,1.0,1.0
recall_loss,113,445,v113_s0445,212,216,True,1.0,1.0
recall_loss,113,446,v113_s0446,204,199,True,1.0,1.0
recall_loss,113,447,v113_s0447,163,190,True,1.0,1.0
recall_loss,113,448,v113_s0448,139,140,True,1.0,1.0
recall_loss,113,449,v113_s0449,121,153,True,1.0,1.0
recall_loss,113,450,v113_s0450,111,186,True,1.0,1.0
recall_loss,113,451,v113_s0451,99,148,True,1.0,1.0
recall_loss,113,452,v113_s0452,96,180,True,1.0,1.0
recall_loss,113,453,v113_s0453,99,159,True,1.0,1.0
recall_loss,113,454,v113_s0454,112,122,True,1.0,1.0
recall_loss,113,455,v113_s0455,85,98,True,1.0,1.0
recall_loss,113,456,v113_s0456,90,49,True,0.99853515625,0.99072265625
recall_loss,113,457,v113_s0457,104,0,False,0.002796173095703125,0.0006842613220214844
recall_loss,113,458,v113_s0458,110,0,False,0.0037860870361328125,0.0005345344543457031
recall_loss,113,459,v113_s0459,124,9,False,0.95166015625,0.256103515625
recall_loss,113,460,v113_s0460,122,0,False,7.271766662597656e-06,2.6226043701171875e-06
recall_loss,113,461,v113_s0461,124,14,True,0.99755859375,0.7109375
recall_loss,113,462,v113_s0462,124,95,True,0.99951171875,0.9990234375
recall_loss,113,463,v113_s0463,127,164,True,1.0,1.0
recall_loss,113,464,v113_s0464,137,311,True,1.0,1.0
recall_loss,113,465,v113_s0465,150,350,True,1.0,1.0
recall_loss,113,466,v113_s0466,168,343,True,1.0,1.0
recall_loss,113,467,v113_s0467,185,315,True,1.0,1.0
recall_loss,113,468,v113_s0468,204,319,True,1.0,1.0
recall_loss,113,469,v113_s0469,206,375,True,1.0,1.0
recall_loss,113,470,v113_s0470,152,380,True,1.0,1.0
recall_loss,113,471,v113_s0471,178,381,True,1.0,1.0
recall_loss,113,472,v113_s0472,214,306,True,1.0,1.0
recall_loss,113,473,v113_s0473,271,273,True,1.0,1.0
recall_loss,113,474,v113_s0474,211,295,True,1.0,1.0
recall_loss,113,475,v113_s0475,196,317,True,1.0,1.0
recall_loss,113,476,v113_s0476,180,323,True,1.0,1.0
recall_loss,113,477,v113_s0477,164,277,True,1.0,1.0
recall_loss,113,478,v113_s0478,156,144,True,1.0,1.0
recall_loss,113,479,v113_s0479,134,115,True,1.0,1.0
recall_loss,113,480,v113_s0480,114,99,True,1.0,1.0
recall_loss,113,481,v113_s0481,83,60,True,1.0,1.0
recall_loss,113,482,v113_s0482,60,116,True,1.0,1.0
recall_loss,113,483,v113_s0483,48,100,True,1.0,1.0
recall_loss,113,484,v113_s0484,25,77,False,0.99951171875,0.0
recall_loss,113,485,v113_s0485,24,158,False,1.0,1.6093254089355469e-06
recall_loss,113,486,v113_s0486,25,119,False,1.0,0.004077911376953125
recall_loss,113,487,v113_s0487,20,57,False,1.0,5.960464477539063e-08
recall_loss,113,488,v113_s0488,20,22,False,0.99755859375,0.039306640625
recall_loss,113,489,v113_s0489,18,34,True,0.99951171875,0.99951171875
recall_loss,113,490,v113_s0490,15,51,True,1.0,1.0
recall_loss,113,491,v113_s0491,13,71,True,1.0,1.0
recall_loss,113,492,v113_s0492,13,107,True,1.0,1.0
recall_loss,113,493,v113_s0493,0,131,False,1.0,
recall_loss,113,494,v113_s0494,0,100,False,1.0,
recall_loss,113,495,v113_s0495,0,53,False,1.0,
recall_loss,113,496,v113_s0496,0,65,False,1.0,
recall_loss,113,497,v113_s0497,0,9,False,0.98095703125,
recall_loss,113,498,v113_s0498,0,72,False,1.0,
recall_loss,113,499,v113_s0499,0,118,False,1.0,
recall_loss,113,500,v113_s0500,2,127,False,1.0,0.0
recall_loss,113,501,v113_s0501,45,150,False,1.0,5.960464477539063e-08
recall_loss,113,502,v113_s0502,50,142,False,1.0,0.0
recall_loss,113,503,v113_s0503,64,187,True,1.0,1.0
recall_loss,113,504,v113_s0504,80,223,True,1.0,1.0
recall_loss,113,505,v113_s0505,90,240,True,1.0,1.0
recall_loss,113,506,v113_s0506,135,207,True,1.0,1.0
recall_loss,113,507,v113_s0507,211,337,True,1.0,1.0
recall_loss,113,508,v113_s0508,234,455,True,1.0,1.0
recall_loss,113,509,v113_s0509,266,477,True,1.0,1.0
recall_loss,113,510,v113_s0510,317,637,True,1.0,1.0
recall_loss,113,511,v113_s0511,308,661,True,1.0,1.0
recall_loss,113,512,v113_s0512,318,586,True,1.0,1.0
recall_loss,113,513,v113_s0513,332,524,True,1.0,1.0
recall_loss,113,514,v113_s0514,330,520,True,1.0,1.0
recall_loss,113,515,v113_s0515,343,459,True,1.0,1.0
recall_loss,113,516,v113_s0516,359,573,True,1.0,1.0
recall_loss,113,517,v113_s0517,343,513,True,1.0,1.0
recall_loss,113,518,v113_s0518,333,595,True,1.0,1.0
recall_loss,113,519,v113_s0519,328,595,True,1.0,1.0
recall_loss,113,520,v113_s0520,335,609,True,1.0,1.0
recall_loss,113,521,v113_s0521,331,702,True,1.0,1.0
recall_loss,113,522,v113_s0522,290,731,True,1.0,1.0
recall_loss,113,523,v113_s0523,262,784,True,1.0,1.0
recall_loss,113,524,v113_s0524,243,730,True,1.0,1.0
recall_loss,113,525,v113_s0525,226,717,True,1.0,1.0
recall_loss,113,526,v113_s0526,216,679,True,1.0,1.0
recall_loss,113,527,v113_s0527,178,525,True,1.0,1.0
recall_loss,113,528,v113_s0528,159,441,True,1.0,1.0
recall_loss,113,529,v113_s0529,144,403,True,1.0,1.0
recall_loss,113,530,v113_s0530,134,437,True,1.0,1.0
recall_loss,113,531,v113_s0531,161,455,True,1.0,1.0
recall_loss,113,532,v113_s0532,180,478,True,1.0,1.0
recall_loss,113,533,v113_s0533,183,390,True,1.0,1.0
recall_loss,113,534,v113_s0534,207,386,True,1.0,1.0
recall_loss,113,535,v113_s0535,238,349,True,1.0,1.0
recall_loss,113,536,v113_s0536,238,383,True,1.0,1.0
recall_loss,113,537,v113_s0537,220,364,True,1.0,1.0
recall_loss,113,538,v113_s0538,199,339,True,1.0,1.0
recall_loss,113,539,v113_s0539,204,305,True,1.0,1.0
recall_loss,113,540,v113_s0540,202,313,True,1.0,1.0
recall_loss,113,541,v113_s0541,189,244,True,1.0,1.0
recall_loss,113,542,v113_s0542,174,219,True,1.0,1.0
recall_loss,113,543,v113_s0543,190,193,True,1.0,1.0
recall_loss,113,544,v113_s0544,133,194,True,1.0,1.0
recall_loss,113,545,v113_s0545,105,137,True,1.0,1.0
recall_loss,113,546,v113_s0546,86,118,False,1.0,0.2491455078125
recall_loss,113,547,v113_s0547,72,30,False,0.99951171875,5.960464477539063e-08
recall_loss,113,548,v113_s0548,59,29,False,0.99951171875,0.0
recall_loss,113,549,v113_s0549,0,48,False,1.0,
recall_loss,113,550,v113_s0550,0,64,False,1.0,
recall_loss,113,551,v113_s0551,0,49,False,1.0,
recall_loss,113,552,v113_s0552,0,0,False,0.037353515625,
recall_loss,113,553,v113_s0553,0,0,False,5.960464477539063e-08,
recall_loss,113,554,v113_s0554,0,0,False,0.0,
recall_loss,113,555,v113_s0555,0,0,False,0.0,
recall_loss,113,556,v113_s0556,0,20,False,1.0,
recall_loss,113,557,v113_s0557,0,39,False,1.0,
recall_loss,113,558,v113_s0558,21,45,True,1.0,1.0
recall_loss,113,559,v113_s0559,21,43,True,1.0,1.0
recall_loss,113,560,v113_s0560,18,44,True,1.0,1.0
recall_loss,113,561,v113_s0561,19,40,True,1.0,1.0
recall_loss,113,562,v113_s0562,17,40,True,1.0,1.0
recall_loss,113,563,v113_s0563,15,42,True,1.0,1.0
recall_loss,113,564,v113_s0564,17,27,True,1.0,1.0
recall_loss,113,565,v113_s0565,14,0,False,1.7881393432617188e-07,1.7881393432617188e-07
recall_loss,113,566,v113_s0566,12,0,False,0.0,0.0
recall_loss,113,567,v113_s0567,9,0,False,0.0,0.0
recall_loss,113,568,v113_s0568,0,0,False,0.0,
recall_loss,113,569,v113_s0569,0,0,False,0.0,
recall_loss,113,570,v113_s0570,0,0,False,0.0,
recall_loss,113,571,v113_s0571,0,0,False,0.0,
recall_loss,113,572,v113_s0572,0,0,False,2.384185791015625e-07,
recall_loss,113,573,v113_s0573,0,2,False,0.79296875,
recall_loss,113,574,v113_s0574,0,19,False,1.0,
recall_loss,113,575,v113_s0575,0,0,False,8.511543273925781e-05,
recall_loss,113,576,v113_s0576,0,0,False,0.0,
recall_loss,113,577,v113_s0577,0,0,False,0.0,
recall_loss,113,578,v113_s0578,0,0,False,0.0,
recall_loss,113,579,v113_s0579,0,0,False,0.0,
recall_loss,113,580,v113_s0580,0,0,False,0.0,
recall_loss,113,581,v113_s0581,0,0,False,0.0,
recall_loss,113,582,v113_s0582,0,0,False,0.0,
recall_loss,113,583,v113_s0583,0,0,False,0.0,
recall_loss,113,584,v113_s0584,0,0,False,0.0,
recall_loss,113,585,v113_s0585,0,0,False,0.0,
recall_loss,113,586,v113_s0586,0,0,False,0.0,
recall_loss,113,587,v113_s0587,0,0,False,0.0,
recall_loss,113,588,v113_s0588,0,0,False,0.0,
recall_loss,113,589,v113_s0589,0,0,False,0.0,
recall_loss,113,590,v113_s0590,0,0,False,0.0,
recall_loss,113,591,v113_s0591,0,0,False,0.0,
recall_loss,113,592,v113_s0592,0,0,False,0.0,
recall_loss,113,593,v113_s0593,0,0,False,0.0,
recall_loss,113,594,v113_s0594,0,0,False,0.0,
recall_loss,113,595,v113_s0595,0,0,False,0.0,
recall_loss,113,596,v113_s0596,0,0,False,0.0,
recall_loss,113,597,v113_s0597,0,0,False,0.0,
recall_loss,113,598,v113_s0598,0,0,False,0.0,
recall_loss,113,599,v113_s0599,0,0,False,0.0,
recall_loss,113,600,v113_s0600,0,0,False,0.0,
recall_loss,113,601,v113_s0601,0,0,False,0.0,
recall_loss,113,602,v113_s0602,0,0,False,0.0,
recall_loss,113,603,v113_s0603,0,0,False,0.0,
recall_loss,113,604,v113_s0604,0,0,False,0.0,
recall_loss,113,605,v113_s0605,0,0,False,0.0,
recall_loss,113,606,v113_s0606,0,0,False,0.0,
recall_loss,113,607,v113_s0607,0,0,False,0.0,
recall_loss,113,608,v113_s0608,0,0,False,0.0,
recall_loss,113,609,v113_s0609,0,0,False,0.0,
recall_loss,113,610,v113_s0610,0,0,False,0.0,
recall_loss,113,611,v113_s0611,0,0,False,0.0,
recall_loss,113,612,v113_s0612,0,0,False,0.0,
recall_loss,113,613,v113_s0613,0,0,False,0.0,
recall_loss,113,614,v113_s0614,0,0,False,0.0,
recall_loss,113,615,v113_s0615,0,0,False,0.0,
recall_loss,113,616,v113_s0616,0,0,False,0.0,
recall_loss,113,617,v113_s0617,0,0,False,0.0,
recall_loss,113,618,v113_s0618,0,0,False,0.0,
recall_loss,113,619,v113_s0619,0,0,False,0.0,
recall_loss,113,620,v113_s0620,0,0,False,0.0,
recall_loss,113,621,v113_s0621,0,0,False,0.0,
recall_loss,113,622,v113_s0622,0,0,False,0.0,
recall_loss,113,623,v113_s0623,0,0,False,0.0,
recall_loss,113,624,v113_s0624,0,0,False,0.0,
recall_loss,113,625,v113_s0625,0,0,False,0.0,
recall_loss,113,626,v113_s0626,0,0,False,0.0,
recall_loss,113,627,v113_s0627,0,0,False,0.0,
recall_loss,113,628,v113_s0628,0,0,False,0.0,
recall_loss,113,629,v113_s0629,0,0,False,0.0,
recall_loss,113,630,v113_s0630,0,0,False,0.0,
recall_loss,113,631,v113_s0631,0,0,False,0.0,
recall_loss,113,632,v113_s0632,0,0,False,0.0,
recall_loss,113,633,v113_s0633,0,0,False,0.0,
recall_loss,113,634,v113_s0634,0,0,False,0.0,
recall_loss,113,635,v113_s0635,0,0,False,0.0,
recall_loss,113,636,v113_s0636,0,0,False,0.0,
recall_loss,113,637,v113_s0637,0,0,False,0.0,
recall_loss,113,638,v113_s0638,0,0,False,0.0,
recall_loss,113,639,v113_s0639,0,0,False,0.0,
recall_loss,113,640,v113_s0640,0,0,False,0.0,
recall_loss,113,641,v113_s0641,0,0,False,0.0,
recall_loss,113,642,v113_s0642,0,0,False,0.0,
recall_loss,113,643,v113_s0643,0,0,False,0.0,
recall_loss,113,644,v113_s0644,0,0,False,0.0,
recall_loss,113,645,v113_s0645,0,0,False,0.0,
recall_loss,113,646,v113_s0646,0,0,False,0.0,
recall_loss,113,647,v113_s0647,0,0,False,0.0,
recall_loss,113,648,v113_s0648,0,0,False,0.0,
recall_loss,113,649,v113_s0649,0,0,False,0.0,
recall_loss,113,650,v113_s0650,0,0,False,0.0,
recall_loss,113,651,v113_s0651,0,0,False,0.0,
recall_loss,113,652,v113_s0652,0,0,False,0.0,
recall_loss,113,653,v113_s0653,0,0,False,0.0,
recall_loss,113,654,v113_s0654,0,0,False,0.0,
recall_loss,113,655,v113_s0655,0,0,False,0.0,
recall_loss,113,656,v113_s0656,0,0,False,0.0,
recall_loss,113,657,v113_s0657,0,0,False,0.0,
recall_loss,113,658,v113_s0658,0,0,False,0.0,
recall_loss,113,659,v113_s0659,0,0,False,0.0,
recall_loss,113,660,v113_s0660,0,0,False,0.0,
recall_loss,113,661,v113_s0661,0,0,False,0.0,
recall_loss,113,662,v113_s0662,0,0,False,0.0,
recall_loss,113,663,v113_s0663,0,0,False,0.0,
recall_loss,113,664,v113_s0664,0,0,False,0.0,
recall_loss,113,665,v113_s0665,0,0,False,0.0,
recall_loss,113,666,v113_s0666,0,0,False,0.0,
recall_loss,113,667,v113_s0667,0,0,False,0.0,
recall_loss,113,668,v113_s0668,0,0,False,0.0,
recall_loss,113,669,v113_s0669,0,0,False,0.0,
recall_loss,113,670,v113_s0670,0,0,False,0.0,
recall_loss,113,671,v113_s0671,0,0,False,0.0,
recall_loss,113,672,v113_s0672,0,0,False,0.0,
recall_loss,113,673,v113_s0673,0,0,False,0.0,
recall_loss,113,674,v113_s0674,0,0,False,0.0,
recall_loss,113,675,v113_s0675,0,0,False,0.0,
recall_loss,113,676,v113_s0676,0,0,False,0.0,
recall_loss,113,677,v113_s0677,0,0,False,0.0,
recall_loss,113,678,v113_s0678,0,0,False,0.0,
recall_loss,113,679,v113_s0679,0,0,False,0.0,
recall_loss,113,680,v113_s0680,0,0,False,0.0,
recall_loss,113,681,v113_s0681,0,0,False,0.0,
recall_loss,113,682,v113_s0682,0,0,False,0.0,
recall_loss,113,683,v113_s0683,0,0,False,0.0,
recall_loss,113,684,v113_s0684,0,0,False,0.0,
recall_loss,113,685,v113_s0685,0,0,False,0.0,
recall_loss,113,686,v113_s0686,0,0,False,0.0,
recall_loss,113,687,v113_s0687,0,0,False,0.0,
recall_loss,113,688,v113_s0688,0,0,False,0.0,
recall_loss,113,689,v113_s0689,0,0,False,0.0,
recall_loss,113,690,v113_s0690,0,0,False,0.0,
recall_loss,113,691,v113_s0691,0,0,False,0.0,
recall_loss,113,692,v113_s0692,0,0,False,0.0,
recall_loss,113,693,v113_s0693,0,0,False,0.0,
recall_loss,113,694,v113_s0694,0,0,False,0.0,
recall_loss,113,695,v113_s0695,0,0,False,0.0,
recall_loss,113,696,v113_s0696,0,0,False,0.0,
recall_loss,113,697,v113_s0697,0,0,False,0.0,
recall_loss,113,698,v113_s0698,0,0,False,0.0,
recall_loss,113,699,v113_s0699,0,0,False,0.0,
recall_loss,113,700,v113_s0700,0,0,False,0.0,
recall_loss,113,701,v113_s0701,0,0,False,0.0,
recall_loss,113,702,v113_s0702,0,0,False,0.0,
recall_loss,113,703,v113_s0703,0,0,False,0.0,
recall_loss,113,704,v113_s0704,0,0,False,0.0,
recall_loss,113,705,v113_s0705,0,0,False,0.0,
recall_loss,113,706,v113_s0706,0,0,False,0.0,
recall_loss,113,707,v113_s0707,0,0,False,0.0,
recall_loss,113,708,v113_s0708,0,0,False,0.0,
recall_loss,113,709,v113_s0709,0,0,False,0.0,
recall_loss,113,710,v113_s0710,0,0,False,0.0,
recall_loss,113,711,v113_s0711,0,0,False,0.0,
recall_loss,113,712,v113_s0712,0,0,False,0.0,
recall_loss,113,713,v113_s0713,0,0,False,0.0,
recall_loss,113,714,v113_s0714,0,0,False,0.0,
recall_loss,113,715,v113_s0715,0,0,False,0.0,
recall_loss,113,716,v113_s0716,0,0,False,0.0,
recall_loss,113,717,v113_s0717,0,0,False,0.0,
recall_loss,113,718,v113_s0718,0,0,False,0.0,
recall_loss,113,719,v113_s0719,0,0,False,0.0,
recall_loss,113,720,v113_s0720,0,0,False,0.0,
recall_loss,113,721,v113_s0721,0,0,False,0.0,
recall_loss,113,722,v113_s0722,0,0,False,0.0,
recall_loss,113,723,v113_s0723,0,0,False,0.0,
recall_loss,113,724,v113_s0724,0,0,False,0.0,
recall_loss,113,725,v113_s0725,0,0,False,0.0,
recall_loss,113,726,v113_s0726,0,0,False,0.0,
recall_loss,113,727,v113_s0727,0,0,False,0.0,
recall_loss,113,728,v113_s0728,0,0,False,0.0,
recall_loss,113,729,v113_s0729,0,0,False,0.0,
recall_loss,113,730,v113_s0730,0,0,False,0.0,
recall_loss,113,731,v113_s0731,0,0,False,0.0,
recall_loss,113,732,v113_s0732,0,0,False,0.0,
recall_loss,113,733,v113_s0733,0,0,False,0.0,
recall_loss,113,734,v113_s0734,0,0,False,0.0,
recall_loss,113,735,v113_s0735,0,0,False,0.0,
recall_loss,113,736,v113_s0736,0,0,False,0.0,
recall_loss,113,737,v113_s0737,0,0,False,0.0,
recall_loss,113,738,v113_s0738,0,0,False,0.0,
recall_loss,113,739,v113_s0739,0,0,False,0.0,
recall_loss,113,740,v113_s0740,0,0,False,0.0,
recall_loss,113,741,v113_s0741,0,0,False,0.0,
recall_loss,113,742,v113_s0742,0,0,False,0.0,
recall_loss,113,743,v113_s0743,0,0,False,0.0,
recall_loss,113,744,v113_s0744,0,0,False,0.0,
recall_loss,113,745,v113_s0745,0,0,False,0.0,
recall_loss,113,746,v113_s0746,0,0,False,0.0,
recall_loss,113,747,v113_s0747,0,0,False,0.0,
recall_loss,113,748,v113_s0748,0,0,False,0.0,
recall_loss,113,749,v113_s0749,0,0,False,0.0,
recall_loss,113,750,v113_s0750,0,0,False,0.0,
recall_loss,113,751,v113_s0751,0,0,False,0.0,
recall_loss,113,752,v113_s0752,0,0,False,0.0,
recall_loss,113,753,v113_s0753,0,0,False,0.0,
recall_loss,113,754,v113_s0754,0,0,False,0.0,
recall_loss,113,755,v113_s0755,0,0,False,0.0,
recall_loss,113,756,v113_s0756,0,0,False,0.0,
recall_loss,113,757,v113_s0757,0,0,False,0.0,
recall_loss,113,758,v113_s0758,0,0,False,0.0,
recall_loss,113,759,v113_s0759,0,0,False,0.0,
recall_loss,113,760,v113_s0760,0,0,False,0.0,
recall_loss,113,761,v113_s0761,0,0,False,0.0,
recall_loss,113,762,v113_s0762,0,0,False,0.0,
recall_loss,113,763,v113_s0763,0,0,False,0.0,
recall_loss,113,764,v113_s0764,0,0,False,0.0,
recall_loss,113,765,v113_s0765,0,0,False,0.0,
recall_loss,113,766,v113_s0766,0,0,False,0.0,
recall_loss,113,767,v113_s0767,0,0,False,0.0,
recall_loss,113,768,v113_s0768,0,0,False,0.0,
recall_loss,113,769,v113_s0769,0,0,False,0.0,
recall_loss,113,770,v113_s0770,0,0,False,0.0,
recall_loss,113,771,v113_s0771,0,0,False,0.0,
recall_loss,113,772,v113_s0772,0,0,False,0.0,
recall_loss,113,773,v113_s0773,0,0,False,0.0,
recall_loss,113,774,v113_s0774,0,0,False,0.0,
recall_loss,113,775,v113_s0775,0,0,False,0.0,
recall_loss,113,776,v113_s0776,0,0,False,0.0,
recall_loss,113,777,v113_s0777,0,0,False,0.0,
recall_loss,113,778,v113_s0778,0,0,False,0.0,
recall_loss,113,779,v113_s0779,0,0,False,0.0,
recall_loss,113,780,v113_s0780,0,0,False,0.0,
recall_loss,113,781,v113_s0781,0,0,False,0.0,
recall_loss,113,782,v113_s0782,0,0,False,0.0,
recall_loss,113,783,v113_s0783,0,0,False,0.0,
recall_loss,113,784,v113_s0784,0,0,False,0.0,
recall_loss,113,785,v113_s0785,0,0,False,0.0,
recall_loss,113,786,v113_s0786,0,0,False,0.0,
recall_loss,113,787,v113_s0787,0,0,False,0.0,
recall_loss,113,788,v113_s0788,0,0,False,0.0,
recall_loss,113,789,v113_s0789,0,0,False,0.0,
recall_loss,113,790,v113_s0790,0,0,False,0.0,
recall_loss,113,791,v113_s0791,0,0,False,0.0,
recall_loss,113,792,v113_s0792,0,0,False,0.0,
recall_loss,113,793,v113_s0793,0,0,False,0.0,
recall_loss,113,794,v113_s0794,0,0,False,0.0,
recall_loss,113,795,v113_s0795,0,0,False,0.0,
recall_loss,113,796,v113_s0796,0,0,False,0.0,
recall_loss,113,797,v113_s0797,0,0,False,0.0,
recall_loss,113,798,v113_s0798,0,0,False,0.0,
recall_loss,113,799,v113_s0799,0,0,False,0.0,
recall_loss,113,800,v113_s0800,0,0,False,0.0,
recall_loss,113,801,v113_s0801,0,0,False,0.0,
recall_loss,113,802,v113_s0802,0,0,False,0.0,
recall_loss,113,803,v113_s0803,0,0,False,0.0,
recall_loss,113,804,v113_s0804,0,0,False,0.0,
recall_loss,113,805,v113_s0805,0,0,False,0.0,
recall_loss,113,806,v113_s0806,0,0,False,0.0,
recall_loss,113,807,v113_s0807,0,0,False,0.0,
recall_loss,113,808,v113_s0808,0,0,False,0.0,
recall_loss,113,809,v113_s0809,0,0,False,0.0,
recall_loss,113,810,v113_s0810,0,0,False,0.0,
recall_loss,113,811,v113_s0811,0,0,False,0.0,
recall_loss,113,812,v113_s0812,0,0,False,0.0,
recall_loss,113,813,v113_s0813,0,0,False,0.0,
recall_loss,113,814,v113_s0814,0,0,False,0.0,
recall_loss,113,815,v113_s0815,0,0,False,0.0,
recall_loss,113,816,v113_s0816,0,0,False,0.0,
recall_loss,113,817,v113_s0817,0,0,False,0.0,
recall_loss,113,818,v113_s0818,0,0,False,0.0,
recall_loss,113,819,v113_s0819,0,0,False,0.0,
recall_loss,113,820,v113_s0820,0,0,False,0.0,
recall_loss,113,821,v113_s0821,0,0,False,0.0,
recall_loss,113,822,v113_s0822,0,0,False,0.0,
recall_loss,113,823,v113_s0823,0,0,False,0.0,
recall_loss,113,824,v113_s0824,0,0,False,0.0,
recall_loss,113,825,v113_s0825,0,0,False,0.0,
recall_loss,113,826,v113_s0826,0,0,False,0.0,
recall_loss,113,827,v113_s0827,0,0,False,0.0,
recall_loss,113,828,v113_s0828,0,0,False,0.0,
recall_loss,113,829,v113_s0829,0,0,False,0.0,
recall_loss,113,830,v113_s0830,0,0,False,0.0,
recall_loss,113,831,v113_s0831,0,0,False,0.0,
recall_loss,113,832,v113_s0832,0,0,False,0.0,
recall_loss,113,833,v113_s0833,0,0,False,0.0,
recall_loss,113,834,v113_s0834,0,0,False,0.0,
recall_loss,113,835,v113_s0835,0,0,False,0.0,
recall_loss,114,0,v114_s0000,0,0,False,0.0,
recall_loss,114,1,v114_s0001,0,0,False,0.0,
recall_loss,114,2,v114_s0002,0,0,False,0.0,
recall_loss,114,3,v114_s0003,0,0,False,0.0,
recall_loss,114,4,v114_s0004,0,0,False,0.0,
recall_loss,114,5,v114_s0005,0,0,False,0.0,
recall_loss,114,6,v114_s0006,0,0,False,0.0,
recall_loss,114,7,v114_s0007,0,0,False,0.0,
recall_loss,114,8,v114_s0008,0,0,False,0.0,
recall_loss,114,9,v114_s0009,0,0,False,0.0,
recall_loss,114,10,v114_s0010,0,0,False,0.0,
recall_loss,114,11,v114_s0011,0,0,False,0.0,
recall_loss,114,12,v114_s0012,0,0,False,0.0,
recall_loss,114,13,v114_s0013,0,0,False,0.0,
recall_loss,114,14,v114_s0014,0,0,False,0.0,
recall_loss,114,15,v114_s0015,0,0,False,0.0,
recall_loss,114,16,v114_s0016,0,0,False,0.0,
recall_loss,114,17,v114_s0017,0,0,False,0.0,
recall_loss,114,18,v114_s0018,0,0,False,0.0,
recall_loss,114,19,v114_s0019,0,0,False,0.0,
recall_loss,114,20,v114_s0020,0,0,False,0.0,
recall_loss,114,21,v114_s0021,0,0,False,0.0,
recall_loss,114,22,v114_s0022,0,0,False,0.0,
recall_loss,114,23,v114_s0023,0,0,False,0.0,
recall_loss,114,24,v114_s0024,0,0,False,0.0,
recall_loss,114,25,v114_s0025,0,0,False,0.0,
recall_loss,114,26,v114_s0026,0,0,False,0.0,
recall_loss,114,27,v114_s0027,0,0,False,0.0,
recall_loss,114,28,v114_s0028,0,0,False,0.0,
recall_loss,114,29,v114_s0029,0,0,False,0.0,
recall_loss,114,30,v114_s0030,0,0,False,0.0,
recall_loss,114,31,v114_s0031,0,0,False,0.0,
recall_loss,114,32,v114_s0032,0,0,False,0.0,
recall_loss,114,33,v114_s0033,0,0,False,0.0,
recall_loss,114,34,v114_s0034,0,0,False,0.0,
recall_loss,114,35,v114_s0035,0,0,False,0.0,
recall_loss,114,36,v114_s0036,0,0,False,0.0,
recall_loss,114,37,v114_s0037,0,0,False,0.0,
recall_loss,114,38,v114_s0038,0,0,False,0.0,
recall_loss,114,39,v114_s0039,0,0,False,0.0,
recall_loss,114,40,v114_s0040,0,0,False,0.0,
recall_loss,114,41,v114_s0041,0,0,False,0.0,
recall_loss,114,42,v114_s0042,0,0,False,0.0,
recall_loss,114,43,v114_s0043,0,0,False,0.0,
recall_loss,114,44,v114_s0044,0,0,False,0.0,
recall_loss,114,45,v114_s0045,0,0,False,0.0,
recall_loss,114,46,v114_s0046,0,0,False,0.0,
recall_loss,114,47,v114_s0047,0,0,False,0.0,
recall_loss,114,48,v114_s0048,0,0,False,0.0,
recall_loss,114,49,v114_s0049,0,0,False,0.0,
recall_loss,114,50,v114_s0050,0,0,False,0.0,
recall_loss,114,51,v114_s0051,0,0,False,0.0,
recall_loss,114,52,v114_s0052,0,0,False,0.0,
recall_loss,114,53,v114_s0053,0,0,False,0.0,
recall_loss,114,54,v114_s0054,0,0,False,0.0,
recall_loss,114,55,v114_s0055,0,0,False,0.0,
recall_loss,114,56,v114_s0056,0,0,False,0.0,
recall_loss,114,57,v114_s0057,0,0,False,0.0,
recall_loss,114,58,v114_s0058,0,0,False,0.0,
recall_loss,114,59,v114_s0059,0,0,False,0.0,
recall_loss,114,60,v114_s0060,0,0,False,0.0,
recall_loss,114,61,v114_s0061,0,0,False,0.0,
recall_loss,114,62,v114_s0062,0,0,False,0.0,
recall_loss,114,63,v114_s0063,0,0,False,0.0,
recall_loss,114,64,v114_s0064,0,0,False,0.0,
recall_loss,114,65,v114_s0065,0,0,False,0.0,
recall_loss,114,66,v114_s0066,0,0,False,0.0,
recall_loss,114,67,v114_s0067,0,0,False,0.0,
recall_loss,114,68,v114_s0068,0,0,False,0.0,
recall_loss,114,69,v114_s0069,0,0,False,0.0,
recall_loss,114,70,v114_s0070,0,0,False,0.0,
recall_loss,114,71,v114_s0071,0,0,False,0.0,
recall_loss,114,72,v114_s0072,0,0,False,0.0,
recall_loss,114,73,v114_s0073,0,0,False,0.0,
recall_loss,114,74,v114_s0074,0,0,False,0.0,
recall_loss,114,75,v114_s0075,0,0,False,0.0,
recall_loss,114,76,v114_s0076,0,0,False,0.0,
recall_loss,114,77,v114_s0077,0,0,False,0.0,
recall_loss,114,78,v114_s0078,0,0,False,0.0,
recall_loss,114,79,v114_s0079,0,0,False,0.0,
recall_loss,114,80,v114_s0080,0,0,False,0.0,
recall_loss,114,81,v114_s0081,0,0,False,0.0,
recall_loss,114,82,v114_s0082,0,0,False,0.0,
recall_loss,114,83,v114_s0083,0,0,False,0.0,
recall_loss,114,84,v114_s0084,0,0,False,0.0,
recall_loss,114,85,v114_s0085,0,0,False,0.0,
recall_loss,114,86,v114_s0086,0,0,False,0.0,
recall_loss,114,87,v114_s0087,0,0,False,0.0,
recall_loss,114,88,v114_s0088,0,0,False,0.0,
recall_loss,114,89,v114_s0089,0,0,False,0.0,
recall_loss,114,90,v114_s0090,0,0,False,0.0,
recall_loss,114,91,v114_s0091,0,0,False,0.0,
recall_loss,114,92,v114_s0092,0,0,False,0.0,
recall_loss,114,93,v114_s0093,0,0,False,0.0,
recall_loss,114,94,v114_s0094,0,0,False,0.0,
recall_loss,114,95,v114_s0095,0,0,False,0.0,
recall_loss,114,96,v114_s0096,0,0,False,0.0,
recall_loss,114,97,v114_s0097,0,0,False,0.0,
recall_loss,114,98,v114_s0098,0,0,False,0.0,
recall_loss,114,99,v114_s0099,0,0,False,0.0,
recall_loss,114,100,v114_s0100,0,0,False,0.0,
recall_loss,114,101,v114_s0101,0,0,False,0.0,
recall_loss,114,102,v114_s0102,0,0,False,0.0,
recall_loss,114,103,v114_s0103,0,0,False,0.0,
recall_loss,114,104,v114_s0104,0,0,False,0.0,
recall_loss,114,105,v114_s0105,0,0,False,0.0,
recall_loss,114,106,v114_s0106,0,0,False,0.0,
recall_loss,114,107,v114_s0107,0,0,False,0.0,
recall_loss,114,108,v114_s0108,0,0,False,0.0,
recall_loss,114,109,v114_s0109,0,0,False,0.0,
recall_loss,114,110,v114_s0110,0,0,False,0.0,
recall_loss,114,111,v114_s0111,0,0,False,0.0,
recall_loss,114,112,v114_s0112,0,0,False,0.0,
recall_loss,114,113,v114_s0113,0,0,False,0.0,
recall_loss,114,114,v114_s0114,0,0,False,0.0,
recall_loss,114,115,v114_s0115,0,0,False,0.0,
recall_loss,114,116,v114_s0116,0,0,False,0.0,
recall_loss,114,117,v114_s0117,0,0,False,0.0,
recall_loss,114,118,v114_s0118,0,0,False,0.0,
recall_loss,114,119,v114_s0119,0,0,False,0.0,
recall_loss,114,120,v114_s0120,0,0,False,0.0,
recall_loss,114,121,v114_s0121,0,0,False,0.0,
recall_loss,114,122,v114_s0122,0,0,False,0.0,
recall_loss,114,123,v114_s0123,0,0,False,0.0,
recall_loss,114,124,v114_s0124,0,0,False,0.0,
recall_loss,114,125,v114_s0125,0,0,False,0.0,
recall_loss,114,126,v114_s0126,0,0,False,0.0,
recall_loss,114,127,v114_s0127,0,0,False,0.0,
recall_loss,114,128,v114_s0128,0,0,False,0.0,
recall_loss,114,129,v114_s0129,0,0,False,0.0,
recall_loss,114,130,v114_s0130,0,0,False,0.0,
recall_loss,114,131,v114_s0131,0,0,False,0.0,
recall_loss,114,132,v114_s0132,0,0,False,0.0,
recall_loss,114,133,v114_s0133,0,0,False,0.0,
recall_loss,114,134,v114_s0134,0,0,False,0.0,
recall_loss,114,135,v114_s0135,0,0,False,0.0,
recall_loss,114,136,v114_s0136,0,0,False,0.0,
recall_loss,114,137,v114_s0137,0,0,False,0.0,
recall_loss,114,138,v114_s0138,0,0,False,0.0,
recall_loss,114,139,v114_s0139,0,0,False,0.0,
recall_loss,114,140,v114_s0140,0,0,False,0.0,
recall_loss,114,141,v114_s0141,0,0,False,0.0,
recall_loss,114,142,v114_s0142,0,0,False,0.0,
recall_loss,114,143,v114_s0143,0,0,False,0.0,
recall_loss,114,144,v114_s0144,0,0,False,0.0,
recall_loss,114,145,v114_s0145,0,0,False,0.0,
recall_loss,114,146,v114_s0146,0,0,False,0.0,
recall_loss,114,147,v114_s0147,0,0,False,0.0,
recall_loss,114,148,v114_s0148,0,0,False,0.0,
recall_loss,114,149,v114_s0149,0,0,False,0.0,
recall_loss,114,150,v114_s0150,0,0,False,0.0,
recall_loss,114,151,v114_s0151,0,0,False,0.0,
recall_loss,114,152,v114_s0152,0,0,False,0.0,
recall_loss,114,153,v114_s0153,0,0,False,0.0,
recall_loss,114,154,v114_s0154,0,0,False,0.0,
recall_loss,114,155,v114_s0155,0,0,False,0.0,
recall_loss,114,156,v114_s0156,0,0,False,0.0,
recall_loss,114,157,v114_s0157,0,0,False,0.0,
recall_loss,114,158,v114_s0158,0,0,False,0.0,
recall_loss,114,159,v114_s0159,0,0,False,0.0,
recall_loss,114,160,v114_s0160,0,0,False,0.0,
recall_loss,114,161,v114_s0161,0,0,False,0.0,
recall_loss,114,162,v114_s0162,0,0,False,0.0,
recall_loss,114,163,v114_s0163,0,0,False,0.0,
recall_loss,114,164,v114_s0164,0,0,False,0.0,
recall_loss,114,165,v114_s0165,0,0,False,0.0,
recall_loss,114,166,v114_s0166,0,0,False,0.0,
recall_loss,114,167,v114_s0167,0,0,False,0.0,
recall_loss,114,168,v114_s0168,0,0,False,0.0,
recall_loss,114,169,v114_s0169,0,0,False,0.0,
recall_loss,114,170,v114_s0170,0,0,False,0.0,
recall_loss,114,171,v114_s0171,0,0,False,0.0,
recall_loss,114,172,v114_s0172,0,0,False,0.0,
recall_loss,114,173,v114_s0173,0,0,False,0.0,
recall_loss,114,174,v114_s0174,0,0,False,0.0,
recall_loss,114,175,v114_s0175,0,0,False,0.0,
recall_loss,114,176,v114_s0176,0,0,False,0.0,
recall_loss,114,177,v114_s0177,0,0,False,0.0,
recall_loss,114,178,v114_s0178,0,0,False,0.0,
recall_loss,114,179,v114_s0179,0,0,False,0.0,
recall_loss,114,180,v114_s0180,0,0,False,0.0,
recall_loss,114,181,v114_s0181,0,0,False,0.0,
recall_loss,114,182,v114_s0182,0,0,False,0.0,
recall_loss,114,183,v114_s0183,0,0,False,0.0,
recall_loss,114,184,v114_s0184,0,0,False,0.0,
recall_loss,114,185,v114_s0185,0,0,False,0.0,
recall_loss,114,186,v114_s0186,0,0,False,0.0,
recall_loss,114,187,v114_s0187,0,0,False,0.0,
recall_loss,114,188,v114_s0188,0,0,False,0.0,
recall_loss,114,189,v114_s0189,0,0,False,0.0,
recall_loss,114,190,v114_s0190,0,0,False,0.0,
recall_loss,114,191,v114_s0191,0,0,False,0.0,
recall_loss,114,192,v114_s0192,0,0,False,0.0,
recall_loss,114,193,v114_s0193,0,0,False,0.0,
recall_loss,114,194,v114_s0194,0,0,False,0.0,
recall_loss,114,195,v114_s0195,0,0,False,0.0,
recall_loss,114,196,v114_s0196,0,0,False,0.0,
recall_loss,114,197,v114_s0197,0,0,False,0.0,
recall_loss,114,198,v114_s0198,0,0,False,0.0,
recall_loss,114,199,v114_s0199,0,0,False,0.0,
recall_loss,114,200,v114_s0200,0,0,False,0.0,
recall_loss,114,201,v114_s0201,0,0,False,0.0,
recall_loss,114,202,v114_s0202,0,0,False,0.0,
recall_loss,114,203,v114_s0203,0,0,False,0.0,
recall_loss,114,204,v114_s0204,0,0,False,0.0,
recall_loss,114,205,v114_s0205,0,0,False,0.0,
recall_loss,114,206,v114_s0206,0,0,False,0.0,
recall_loss,114,207,v114_s0207,0,0,False,0.0,
recall_loss,114,208,v114_s0208,0,0,False,0.0,
recall_loss,114,209,v114_s0209,0,0,False,0.0,
recall_loss,114,210,v114_s0210,0,0,False,0.0,
recall_loss,114,211,v114_s0211,0,0,False,0.0,
recall_loss,114,212,v114_s0212,0,0,False,0.0,
recall_loss,114,213,v114_s0213,0,0,False,0.0,
recall_loss,114,214,v114_s0214,0,0,False,0.0,
recall_loss,114,215,v114_s0215,0,0,False,0.0,
recall_loss,114,216,v114_s0216,0,0,False,0.0,
recall_loss,114,217,v114_s0217,0,0,False,0.0,
recall_loss,114,218,v114_s0218,0,0,False,0.0,
recall_loss,114,219,v114_s0219,0,0,False,0.0,
recall_loss,114,220,v114_s0220,0,0,False,0.0,
recall_loss,114,221,v114_s0221,0,0,False,0.0,
recall_loss,114,222,v114_s0222,0,0,False,0.0,
recall_loss,114,223,v114_s0223,0,0,False,0.0,
recall_loss,114,224,v114_s0224,0,0,False,0.0,
recall_loss,114,225,v114_s0225,0,0,False,0.0,
recall_loss,114,226,v114_s0226,0,0,False,0.0,
recall_loss,114,227,v114_s0227,0,0,False,0.0,
recall_loss,114,228,v114_s0228,0,0,False,0.0,
recall_loss,114,229,v114_s0229,0,0,False,0.0,
recall_loss,114,230,v114_s0230,0,0,False,0.0,
recall_loss,114,231,v114_s0231,0,0,False,0.0,
recall_loss,114,232,v114_s0232,0,0,False,0.0,
recall_loss,114,233,v114_s0233,0,0,False,0.0,
recall_loss,114,234,v114_s0234,0,0,False,0.0,
recall_loss,114,235,v114_s0235,0,0,False,0.0,
recall_loss,114,236,v114_s0236,0,0,False,0.0,
recall_loss,114,237,v114_s0237,0,0,False,0.0,
recall_loss,114,238,v114_s0238,0,0,False,0.0,
recall_loss,114,239,v114_s0239,0,0,False,0.0,
recall_loss,114,240,v114_s0240,0,0,False,0.0,
recall_loss,114,241,v114_s0241,0,0,False,0.0,
recall_loss,114,242,v114_s0242,0,0,False,0.0,
recall_loss,114,243,v114_s0243,0,0,False,0.0,
recall_loss,114,244,v114_s0244,0,0,False,0.0,
recall_loss,114,245,v114_s0245,0,0,False,0.0,
recall_loss,114,246,v114_s0246,0,0,False,0.0,
recall_loss,114,247,v114_s0247,0,0,False,0.0,
recall_loss,114,248,v114_s0248,0,0,False,0.0,
recall_loss,114,249,v114_s0249,0,0,False,0.0,
recall_loss,114,250,v114_s0250,0,0,False,0.0,
recall_loss,114,251,v114_s0251,0,0,False,0.0,
recall_loss,114,252,v114_s0252,0,0,False,0.0,
recall_loss,114,253,v114_s0253,0,0,False,0.0,
recall_loss,114,254,v114_s0254,0,0,False,0.0,
recall_loss,114,255,v114_s0255,0,0,False,0.0,
recall_loss,114,256,v114_s0256,0,0,False,0.0,
recall_loss,114,257,v114_s0257,0,0,False,0.0,
recall_loss,114,258,v114_s0258,0,0,False,0.0,
recall_loss,114,259,v114_s0259,0,0,False,0.0,
recall_loss,114,260,v114_s0260,0,0,False,0.0,
recall_loss,114,261,v114_s0261,0,0,False,0.0,
recall_loss,114,262,v114_s0262,0,0,False,0.0,
recall_loss,114,263,v114_s0263,0,0,False,0.0,
recall_loss,114,264,v114_s0264,0,0,False,0.0,
recall_loss,114,265,v114_s0265,0,0,False,0.0,
recall_loss,114,266,v114_s0266,0,0,False,0.0,
recall_loss,114,267,v114_s0267,0,0,False,0.0,
recall_loss,114,268,v114_s0268,0,0,False,0.0,
recall_loss,114,269,v114_s0269,0,0,False,0.0,
recall_loss,114,270,v114_s0270,0,0,False,0.0,
recall_loss,114,271,v114_s0271,0,0,False,0.0,
recall_loss,114,272,v114_s0272,0,0,False,0.0,
recall_loss,114,273,v114_s0273,0,0,False,0.0,
recall_loss,114,274,v114_s0274,0,0,False,0.0,
recall_loss,114,275,v114_s0275,0,0,False,0.0,
recall_loss,114,276,v114_s0276,0,0,False,0.0,
recall_loss,114,277,v114_s0277,0,0,False,0.0,
recall_loss,114,278,v114_s0278,0,0,False,0.0,
recall_loss,114,279,v114_s0279,0,0,False,0.0,
recall_loss,114,280,v114_s0280,0,0,False,0.0,
recall_loss,114,281,v114_s0281,0,0,False,0.0,
recall_loss,114,282,v114_s0282,0,0,False,0.0,
recall_loss,114,283,v114_s0283,0,0,False,0.0,
recall_loss,114,284,v114_s0284,0,0,False,0.0,
recall_loss,114,285,v114_s0285,0,0,False,0.0,
recall_loss,114,286,v114_s0286,0,0,False,0.0,
recall_loss,114,287,v114_s0287,0,0,False,0.0,
recall_loss,114,288,v114_s0288,0,0,False,0.0,
recall_loss,114,289,v114_s0289,0,0,False,0.0,
recall_loss,114,290,v114_s0290,0,0,False,0.0,
recall_loss,114,291,v114_s0291,0,0,False,0.0,
recall_loss,114,292,v114_s0292,0,0,False,0.0,
recall_loss,114,293,v114_s0293,0,0,False,0.0,
recall_loss,114,294,v114_s0294,0,0,False,0.0,
recall_loss,114,295,v114_s0295,0,0,False,0.0,
recall_loss,114,296,v114_s0296,0,0,False,0.0,
recall_loss,114,297,v114_s0297,0,0,False,0.0,
recall_loss,114,298,v114_s0298,0,0,False,0.0,
recall_loss,114,299,v114_s0299,0,0,False,0.0,
recall_loss,114,300,v114_s0300,0,0,False,0.0,
recall_loss,114,301,v114_s0301,0,0,False,0.0,
recall_loss,114,302,v114_s0302,0,0,False,0.0,
recall_loss,114,303,v114_s0303,0,0,False,0.0,
recall_loss,114,304,v114_s0304,0,0,False,0.0,
recall_loss,114,305,v114_s0305,0,0,False,0.0,
recall_loss,114,306,v114_s0306,0,0,False,0.0,
recall_loss,114,307,v114_s0307,0,0,False,0.0,
recall_loss,114,308,v114_s0308,0,0,False,0.0,
recall_loss,114,309,v114_s0309,0,0,False,0.0,
recall_loss,114,310,v114_s0310,0,0,False,0.0,
recall_loss,114,311,v114_s0311,0,0,False,0.0,
recall_loss,114,312,v114_s0312,0,0,False,0.0,
recall_loss,114,313,v114_s0313,0,0,False,0.0,
recall_loss,114,314,v114_s0314,0,0,False,0.0,
recall_loss,114,315,v114_s0315,0,0,False,0.0,
recall_loss,114,316,v114_s0316,0,0,False,0.0,
recall_loss,114,317,v114_s0317,0,0,False,0.0,
recall_loss,114,318,v114_s0318,0,0,False,0.0,
recall_loss,114,319,v114_s0319,0,0,False,0.0,
recall_loss,114,320,v114_s0320,0,0,False,0.0,
recall_loss,114,321,v114_s0321,0,0,False,0.0,
recall_loss,114,322,v114_s0322,0,0,False,0.0,
recall_loss,114,323,v114_s0323,0,0,False,0.0,
recall_loss,114,324,v114_s0324,0,0,False,0.0,
recall_loss,114,325,v114_s0325,0,0,False,0.0,
recall_loss,114,326,v114_s0326,0,0,False,0.0,
recall_loss,114,327,v114_s0327,0,0,False,0.0,
recall_loss,114,328,v114_s0328,0,0,False,0.0,
recall_loss,114,329,v114_s0329,0,0,False,0.0,
recall_loss,114,330,v114_s0330,0,0,False,0.0,
recall_loss,114,331,v114_s0331,0,0,False,0.0,
recall_loss,114,332,v114_s0332,0,0,False,0.0,
recall_loss,114,333,v114_s0333,0,0,False,0.0,
recall_loss,114,334,v114_s0334,0,0,False,0.0,
recall_loss,114,335,v114_s0335,0,0,False,0.0,
recall_loss,114,336,v114_s0336,0,0,False,0.0,
recall_loss,114,337,v114_s0337,0,0,False,0.0,
recall_loss,114,338,v114_s0338,0,0,False,0.0,
recall_loss,114,339,v114_s0339,0,0,False,0.0,
recall_loss,114,340,v114_s0340,0,0,False,0.0,
recall_loss,114,341,v114_s0341,0,0,False,0.0,
recall_loss,114,342,v114_s0342,0,0,False,0.0,
recall_loss,114,343,v114_s0343,0,0,False,0.0,
recall_loss,114,344,v114_s0344,0,0,False,0.0,
recall_loss,114,345,v114_s0345,0,0,False,0.0,
recall_loss,114,346,v114_s0346,0,0,False,0.0,
recall_loss,114,347,v114_s0347,0,0,False,0.0,
recall_loss,114,348,v114_s0348,0,0,False,0.0,
recall_loss,114,349,v114_s0349,0,0,False,0.0,
recall_loss,114,350,v114_s0350,0,0,False,0.0,
recall_loss,114,351,v114_s0351,0,0,False,0.0,
recall_loss,114,352,v114_s0352,0,0,False,0.0,
recall_loss,114,353,v114_s0353,0,0,False,0.0,
recall_loss,114,354,v114_s0354,0,0,False,0.0,
recall_loss,114,355,v114_s0355,0,0,False,0.0,
recall_loss,114,356,v114_s0356,0,0,False,0.0,
recall_loss,114,357,v114_s0357,0,0,False,0.0,
recall_loss,114,358,v114_s0358,0,0,False,0.0,
recall_loss,114,359,v114_s0359,0,0,False,0.0,
recall_loss,114,360,v114_s0360,0,0,False,0.0,
recall_loss,114,361,v114_s0361,0,0,False,0.0,
recall_loss,114,362,v114_s0362,0,0,False,0.0,
recall_loss,114,363,v114_s0363,0,0,False,0.0,
recall_loss,114,364,v114_s0364,0,0,False,0.0,
recall_loss,114,365,v114_s0365,0,0,False,0.0,
recall_loss,114,366,v114_s0366,0,0,False,0.0,
recall_loss,114,367,v114_s0367,0,0,False,0.0,
recall_loss,114,368,v114_s0368,0,0,False,0.0,
recall_loss,114,369,v114_s0369,0,0,False,0.0,
recall_loss,114,370,v114_s0370,0,0,False,0.0,
recall_loss,114,371,v114_s0371,0,0,False,0.0,
recall_loss,114,372,v114_s0372,0,0,False,0.0,
recall_loss,114,373,v114_s0373,0,0,False,0.0,
recall_loss,114,374,v114_s0374,0,0,False,0.0,
recall_loss,114,375,v114_s0375,0,0,False,0.0,
recall_loss,114,376,v114_s0376,0,0,False,0.0,
recall_loss,114,377,v114_s0377,0,0,False,0.0,
recall_loss,114,378,v114_s0378,0,0,False,0.0,
recall_loss,114,379,v114_s0379,0,0,False,0.0,
recall_loss,114,380,v114_s0380,0,0,False,0.0,
recall_loss,114,381,v114_s0381,0,1,False,0.611328125,
recall_loss,114,382,v114_s0382,0,0,False,0.0,
recall_loss,114,383,v114_s0383,0,0,False,0.0,
recall_loss,114,384,v114_s0384,0,0,False,0.0,
recall_loss,114,385,v114_s0385,0,0,False,0.0,
recall_loss,114,386,v114_s0386,0,0,False,0.0,
recall_loss,114,387,v114_s0387,0,0,False,0.0,
recall_loss,114,388,v114_s0388,0,0,False,0.0,
recall_loss,114,389,v114_s0389,0,0,False,0.0,
recall_loss,114,390,v114_s0390,0,0,False,0.0,
recall_loss,114,391,v114_s0391,0,0,False,0.0,
recall_loss,114,392,v114_s0392,0,0,False,0.0,
recall_loss,114,393,v114_s0393,0,0,False,5.960464477539063e-08,
recall_loss,114,394,v114_s0394,0,0,False,0.0,
recall_loss,114,395,v114_s0395,0,0,False,0.0,
recall_loss,114,396,v114_s0396,0,0,False,0.0,
recall_loss,114,397,v114_s0397,0,0,False,0.0,
recall_loss,114,398,v114_s0398,0,0,False,2.3305416107177734e-05,
recall_loss,114,399,v114_s0399,0,21,False,1.0,
recall_loss,114,400,v114_s0400,0,26,False,1.0,
recall_loss,114,401,v114_s0401,0,22,False,1.0,
recall_loss,114,402,v114_s0402,0,22,False,1.0,
recall_loss,114,403,v114_s0403,0,9,False,0.99951171875,
recall_loss,114,404,v114_s0404,0,0,False,0.0,
recall_loss,114,405,v114_s0405,0,0,False,0.0,
recall_loss,114,406,v114_s0406,0,0,False,0.0,
recall_loss,114,407,v114_s0407,0,0,False,0.0,
recall_loss,114,408,v114_s0408,0,0,False,0.0,
recall_loss,114,409,v114_s0409,0,0,False,0.0,
recall_loss,114,410,v114_s0410,0,0,False,0.0,
recall_loss,114,411,v114_s0411,0,0,False,0.0,
recall_loss,114,412,v114_s0412,0,0,False,0.0,
recall_loss,114,413,v114_s0413,0,0,False,0.0,
recall_loss,114,414,v114_s0414,0,0,False,0.0,
recall_loss,114,415,v114_s0415,0,0,False,0.0,
recall_loss,114,416,v114_s0416,0,0,False,0.0,
recall_loss,114,417,v114_s0417,0,0,False,0.0,
recall_loss,114,418,v114_s0418,0,0,False,0.0,
recall_loss,114,419,v114_s0419,0,0,False,0.0,
recall_loss,114,420,v114_s0420,0,0,False,0.0,
recall_loss,114,421,v114_s0421,0,0,False,0.0,
recall_loss,114,422,v114_s0422,0,0,False,0.0,
recall_loss,114,423,v114_s0423,0,0,False,0.0,
recall_loss,114,424,v114_s0424,0,0,False,0.0,
recall_loss,114,425,v114_s0425,0,0,False,0.0,
recall_loss,114,426,v114_s0426,0,0,False,1.6093254089355469e-06,
recall_loss,114,427,v114_s0427,0,0,False,0.0,
recall_loss,114,428,v114_s0428,0,0,False,0.0,
recall_loss,114,429,v114_s0429,0,0,False,0.0,
recall_loss,114,430,v114_s0430,0,0,False,0.0,
recall_loss,114,431,v114_s0431,0,0,False,0.0,
recall_loss,114,432,v114_s0432,0,0,False,0.0,
recall_loss,114,433,v114_s0433,0,0,False,0.359619140625,
recall_loss,114,434,v114_s0434,0,0,False,0.0,
recall_loss,114,435,v114_s0435,0,0,False,0.0,
recall_loss,114,436,v114_s0436,0,0,False,0.0,
recall_loss,114,437,v114_s0437,0,0,False,0.0,
recall_loss,114,438,v114_s0438,0,0,False,0.0,
recall_loss,114,439,v114_s0439,0,0,False,0.0,
recall_loss,114,440,v114_s0440,0,0,False,0.0,
recall_loss,114,441,v114_s0441,0,0,False,0.0,
recall_loss,114,442,v114_s0442,0,0,False,0.451904296875,
recall_loss,114,443,v114_s0443,0,0,False,0.0,
recall_loss,114,444,v114_s0444,0,0,False,0.0,
recall_loss,114,445,v114_s0445,0,0,False,0.0,
recall_loss,114,446,v114_s0446,0,0,False,0.0,
recall_loss,114,447,v114_s0447,0,0,False,0.0,
recall_loss,114,448,v114_s0448,0,0,False,0.0,
recall_loss,114,449,v114_s0449,0,0,False,0.0,
recall_loss,114,450,v114_s0450,0,0,False,0.0,
recall_loss,114,451,v114_s0451,0,0,False,0.0,
recall_loss,114,452,v114_s0452,0,0,False,0.0,
recall_loss,114,453,v114_s0453,0,0,False,0.0,
recall_loss,114,454,v114_s0454,0,0,False,0.0,
recall_loss,114,455,v114_s0455,0,0,False,0.0,
recall_loss,114,456,v114_s0456,0,0,False,0.0,
recall_loss,114,457,v114_s0457,0,0,False,0.0,
recall_loss,114,458,v114_s0458,0,0,False,0.0,
recall_loss,114,459,v114_s0459,0,0,False,0.0,
recall_loss,114,460,v114_s0460,0,0,False,0.0,
recall_loss,114,461,v114_s0461,0,0,False,0.0,
recall_loss,114,462,v114_s0462,0,0,False,0.0,
recall_loss,114,463,v114_s0463,0,1,False,0.576171875,
recall_loss,114,464,v114_s0464,0,0,False,0.0,
recall_loss,114,465,v114_s0465,0,0,False,0.0,
recall_loss,114,466,v114_s0466,0,37,False,1.0,
recall_loss,114,467,v114_s0467,0,22,False,1.0,
recall_loss,114,468,v114_s0468,0,10,False,0.99951171875,
recall_loss,114,469,v114_s0469,0,0,False,0.0,
recall_loss,114,470,v114_s0470,0,0,False,0.003940582275390625,
recall_loss,114,471,v114_s0471,0,0,False,0.0,
recall_loss,114,472,v114_s0472,0,0,False,0.0,
recall_loss,114,473,v114_s0473,0,0,False,0.0,
recall_loss,114,474,v114_s0474,0,0,False,0.0,
recall_loss,114,475,v114_s0475,0,0,False,1.4424324035644531e-05,
recall_loss,114,476,v114_s0476,0,0,False,0.0,
recall_loss,114,477,v114_s0477,0,0,False,0.0,
recall_loss,114,478,v114_s0478,0,0,False,0.0,
recall_loss,114,479,v114_s0479,0,0,False,0.0,
recall_loss,114,480,v114_s0480,0,0,False,0.0,
recall_loss,114,481,v114_s0481,0,0,False,0.00197601318359375,
recall_loss,114,482,v114_s0482,0,0,False,5.960464477539063e-08,
recall_loss,114,483,v114_s0483,0,30,False,1.0,
recall_loss,114,484,v114_s0484,0,16,False,1.0,
recall_loss,114,485,v114_s0485,0,6,False,0.94482421875,
recall_loss,114,486,v114_s0486,0,0,False,5.960464477539062e-07,
recall_loss,114,487,v114_s0487,0,0,False,0.0,
recall_loss,114,488,v114_s0488,0,0,False,0.0,
recall_loss,114,489,v114_s0489,0,6,False,0.966796875,
recall_loss,114,490,v114_s0490,0,0,False,0.0,
recall_loss,114,491,v114_s0491,0,0,False,0.0,
recall_loss,114,492,v114_s0492,0,0,False,0.0,
recall_loss,114,493,v114_s0493,0,32,False,0.9990234375,
recall_loss,114,494,v114_s0494,0,8,False,0.912109375,
recall_loss,114,495,v114_s0495,0,0,False,0.0,
recall_loss,114,496,v114_s0496,0,0,False,0.0,
recall_loss,114,497,v114_s0497,0,0,False,5.14984130859375e-05,
recall_loss,114,498,v114_s0498,0,0,False,0.00545501708984375,
recall_loss,114,499,v114_s0499,0,0,False,0.0,
recall_loss,114,500,v114_s0500,0,0,False,0.0,
recall_loss,114,501,v114_s0501,0,0,False,0.0,
recall_loss,114,502,v114_s0502,0,0,False,0.0,
recall_loss,114,503,v114_s0503,0,0,False,0.0,
recall_loss,114,504,v114_s0504,0,0,False,0.0,
recall_loss,114,505,v114_s0505,0,0,False,3.516674041748047e-06,
recall_loss,114,506,v114_s0506,0,0,False,0.0,
recall_loss,114,507,v114_s0507,0,0,False,0.0,
recall_loss,114,508,v114_s0508,0,0,False,0.0,
recall_loss,114,509,v114_s0509,0,0,False,0.0,
recall_loss,114,510,v114_s0510,0,0,False,5.960464477539063e-08,
recall_loss,114,511,v114_s0511,0,0,False,0.0,
recall_loss,114,512,v114_s0512,0,0,False,0.0,
recall_loss,114,513,v114_s0513,0,0,False,0.0,
recall_loss,114,514,v114_s0514,0,0,False,0.0,
recall_loss,114,515,v114_s0515,0,0,False,0.0,
recall_loss,114,516,v114_s0516,0,0,False,0.0,
recall_loss,114,517,v114_s0517,0,0,False,0.0,
recall_loss,114,518,v114_s0518,0,0,False,0.0,
recall_loss,114,519,v114_s0519,0,0,False,0.0,
recall_loss,114,520,v114_s0520,0,0,False,0.0,
recall_loss,114,521,v114_s0521,0,0,False,0.0,
recall_loss,114,522,v114_s0522,0,0,False,1.1920928955078125e-07,
recall_loss,114,523,v114_s0523,0,7,False,0.9990234375,
recall_loss,114,524,v114_s0524,0,16,False,1.0,
recall_loss,114,525,v114_s0525,0,0,False,0.001338958740234375,
recall_loss,114,526,v114_s0526,0,0,False,1.1920928955078125e-07,
recall_loss,114,527,v114_s0527,0,0,False,0.0,
recall_loss,114,528,v114_s0528,0,0,False,0.0,
recall_loss,114,529,v114_s0529,0,0,False,0.0,
recall_loss,114,530,v114_s0530,0,0,False,0.0,
recall_loss,114,531,v114_s0531,0,0,False,0.0,
recall_loss,114,532,v114_s0532,0,0,False,0.0,
recall_loss,114,533,v114_s0533,0,0,False,0.0,
recall_loss,114,534,v114_s0534,0,0,False,0.0,
recall_loss,114,535,v114_s0535,0,0,False,0.0,
recall_loss,114,536,v114_s0536,0,0,False,0.0,
recall_loss,114,537,v114_s0537,0,0,False,0.0,
recall_loss,114,538,v114_s0538,0,0,False,0.0,
recall_loss,114,539,v114_s0539,0,0,False,0.0,
recall_loss,114,540,v114_s0540,0,0,False,0.0,
recall_loss,114,541,v114_s0541,0,0,False,0.0,
recall_loss,114,542,v114_s0542,0,0,False,0.0,
recall_loss,114,543,v114_s0543,0,0,False,0.0,
recall_loss,114,544,v114_s0544,0,0,False,0.01337432861328125,
recall_loss,114,545,v114_s0545,0,0,False,0.0,
recall_loss,114,546,v114_s0546,0,0,False,0.0,
recall_loss,114,547,v114_s0547,0,0,False,0.0,
recall_loss,114,548,v114_s0548,0,0,False,0.0,
recall_loss,114,549,v114_s0549,0,0,False,0.0,
recall_loss,114,550,v114_s0550,0,0,False,0.0,
recall_loss,114,551,v114_s0551,0,0,False,0.0,
recall_loss,114,552,v114_s0552,0,0,False,0.0,
recall_loss,114,553,v114_s0553,0,0,False,0.0,
recall_loss,114,554,v114_s0554,0,0,False,0.0,
recall_loss,114,555,v114_s0555,0,0,False,0.0,
recall_loss,114,556,v114_s0556,0,0,False,0.0,
recall_loss,114,557,v114_s0557,0,0,False,0.0,
recall_loss,114,558,v114_s0558,0,0,False,0.0,
recall_loss,114,559,v114_s0559,0,0,False,5.960464477539063e-08,
recall_loss,114,560,v114_s0560,0,0,False,0.0,
recall_loss,114,561,v114_s0561,0,0,False,0.0,
recall_loss,114,562,v114_s0562,0,0,False,0.0,
recall_loss,114,563,v114_s0563,0,0,False,0.0,
recall_loss,114,564,v114_s0564,0,0,False,0.0,
recall_loss,114,565,v114_s0565,0,0,False,0.0,
recall_loss,114,566,v114_s0566,0,0,False,0.0,
recall_loss,114,567,v114_s0567,0,0,False,0.0,
recall_loss,114,568,v114_s0568,0,0,False,0.0,
recall_loss,114,569,v114_s0569,0,0,False,0.0,
recall_loss,114,570,v114_s0570,0,0,False,0.0,
recall_loss,114,571,v114_s0571,0,10,False,0.9970703125,
recall_loss,114,572,v114_s0572,0,27,False,0.99951171875,
recall_loss,114,573,v114_s0573,0,0,False,0.0,
recall_loss,114,574,v114_s0574,0,0,False,0.0,
recall_loss,114,575,v114_s0575,0,0,False,0.0,
recall_loss,114,576,v114_s0576,0,0,False,0.0,
recall_loss,114,577,v114_s0577,0,0,False,0.0,
recall_loss,114,578,v114_s0578,0,0,False,0.0,
recall_loss,114,579,v114_s0579,0,0,False,0.0,
recall_loss,114,580,v114_s0580,0,0,False,0.0,
recall_loss,114,581,v114_s0581,0,0,False,0.0,
recall_loss,114,582,v114_s0582,0,0,False,0.0,
recall_loss,114,583,v114_s0583,0,0,False,0.0,
recall_loss,114,584,v114_s0584,0,0,False,0.0,
recall_loss,114,585,v114_s0585,0,0,False,0.0,
recall_loss,114,586,v114_s0586,0,0,False,0.0,
recall_loss,114,587,v114_s0587,0,0,False,0.0,
recall_loss,114,588,v114_s0588,0,0,False,0.0,
recall_loss,114,589,v114_s0589,0,0,False,0.0,
recall_loss,114,590,v114_s0590,0,0,False,0.0,
recall_loss,114,591,v114_s0591,0,0,False,0.0,
recall_loss,114,592,v114_s0592,0,0,False,0.0,
recall_loss,114,593,v114_s0593,0,0,False,0.0,
recall_loss,114,594,v114_s0594,0,0,False,0.0,
recall_loss,114,595,v114_s0595,0,0,False,0.0,
recall_loss,114,596,v114_s0596,0,0,False,0.0,
recall_loss,114,597,v114_s0597,0,0,False,0.0,
recall_loss,114,598,v114_s0598,0,0,False,0.0,
recall_loss,114,599,v114_s0599,0,0,False,0.0,
recall_loss,114,600,v114_s0600,0,0,False,0.0,
recall_loss,114,601,v114_s0601,0,0,False,0.0,
recall_loss,114,602,v114_s0602,0,0,False,0.0,
recall_loss,114,603,v114_s0603,0,0,False,0.0,
recall_loss,114,604,v114_s0604,0,0,False,0.0,
recall_loss,114,605,v114_s0605,0,0,False,0.0,
recall_loss,114,606,v114_s0606,0,0,False,0.0,
recall_loss,114,607,v114_s0607,0,0,False,0.0,
recall_loss,114,608,v114_s0608,0,0,False,0.0,
recall_loss,114,609,v114_s0609,0,0,False,0.0,
recall_loss,114,610,v114_s0610,0,0,False,0.0,
recall_loss,114,611,v114_s0611,0,0,False,0.0,
recall_loss,114,612,v114_s0612,0,0,False,0.0,
recall_loss,114,613,v114_s0613,0,0,False,0.0,
recall_loss,114,614,v114_s0614,0,0,False,0.0,
recall_loss,114,615,v114_s0615,0,0,False,0.0,
recall_loss,114,616,v114_s0616,0,0,False,0.0,
recall_loss,114,617,v114_s0617,0,0,False,0.0,
recall_loss,114,618,v114_s0618,0,0,False,0.0,
recall_loss,114,619,v114_s0619,0,0,False,0.0,
recall_loss,114,620,v114_s0620,0,0,False,0.0,
recall_loss,114,621,v114_s0621,0,0,False,0.0,
recall_loss,114,622,v114_s0622,0,0,False,0.0,
recall_loss,114,623,v114_s0623,0,0,False,0.0,
recall_loss,114,624,v114_s0624,0,0,False,0.0,
recall_loss,114,625,v114_s0625,0,0,False,0.0,
recall_loss,114,626,v114_s0626,0,0,False,0.0,
recall_loss,114,627,v114_s0627,0,0,False,0.0,
recall_loss,114,628,v114_s0628,0,0,False,0.0,
recall_loss,114,629,v114_s0629,0,0,False,0.0,
recall_loss,114,630,v114_s0630,0,0,False,0.0,
recall_loss,114,631,v114_s0631,0,0,False,0.0,
recall_loss,114,632,v114_s0632,0,0,False,0.0,
recall_loss,114,633,v114_s0633,0,0,False,0.0,
recall_loss,114,634,v114_s0634,0,0,False,0.0,
recall_loss,114,635,v114_s0635,0,0,False,0.0,
recall_loss,114,636,v114_s0636,0,0,False,0.0,
recall_loss,114,637,v114_s0637,0,0,False,0.0,
recall_loss,114,638,v114_s0638,0,0,False,0.0,
recall_loss,114,639,v114_s0639,0,0,False,0.0,
recall_loss,114,640,v114_s0640,0,0,False,0.0,
recall_loss,114,641,v114_s0641,0,0,False,0.0,
recall_loss,114,642,v114_s0642,0,0,False,0.0,
recall_loss,114,643,v114_s0643,0,0,False,0.0,
recall_loss,114,644,v114_s0644,0,0,False,0.0,
recall_loss,114,645,v114_s0645,0,0,False,0.0,
recall_loss,114,646,v114_s0646,0,0,False,0.0,
recall_loss,114,647,v114_s0647,0,0,False,0.0,
recall_loss,114,648,v114_s0648,0,0,False,0.0,
recall_loss,114,649,v114_s0649,0,0,False,0.0,
recall_loss,114,650,v114_s0650,0,0,False,0.0,
recall_loss,114,651,v114_s0651,0,0,False,0.0,
recall_loss,114,652,v114_s0652,0,0,False,0.0,
recall_loss,114,653,v114_s0653,0,0,False,0.0,
recall_loss,114,654,v114_s0654,0,0,False,0.0,
recall_loss,114,655,v114_s0655,0,0,False,0.0,
recall_loss,114,656,v114_s0656,0,0,False,0.0,
recall_loss,114,657,v114_s0657,0,0,False,0.0,
recall_loss,114,658,v114_s0658,0,0,False,0.0,
recall_loss,114,659,v114_s0659,0,0,False,0.0,
recall_loss,114,660,v114_s0660,0,0,False,0.0,
recall_loss,114,661,v114_s0661,0,0,False,0.0,
recall_loss,114,662,v114_s0662,0,0,False,0.0,
recall_loss,114,663,v114_s0663,0,0,False,0.0,
recall_loss,114,664,v114_s0664,0,0,False,0.0,
recall_loss,114,665,v114_s0665,0,0,False,0.0,
recall_loss,114,666,v114_s0666,0,0,False,0.0,
recall_loss,114,667,v114_s0667,0,0,False,0.0,
recall_loss,114,668,v114_s0668,0,0,False,0.0,
recall_loss,114,669,v114_s0669,0,0,False,0.0,
recall_loss,114,670,v114_s0670,0,0,False,0.0,
recall_loss,114,671,v114_s0671,0,0,False,0.0,
recall_loss,114,672,v114_s0672,0,0,False,0.0,
recall_loss,114,673,v114_s0673,0,0,False,0.0,
recall_loss,114,674,v114_s0674,0,0,False,0.0,
recall_loss,114,675,v114_s0675,0,0,False,0.0,
recall_loss,114,676,v114_s0676,0,0,False,0.0,
recall_loss,114,677,v114_s0677,0,0,False,0.0,
recall_loss,114,678,v114_s0678,0,0,False,0.0,
recall_loss,114,679,v114_s0679,0,0,False,0.0,
recall_loss,114,680,v114_s0680,0,0,False,0.0,
recall_loss,114,681,v114_s0681,0,0,False,0.0,
recall_loss,114,682,v114_s0682,0,0,False,0.0,
recall_loss,114,683,v114_s0683,0,0,False,0.0,
recall_loss,114,684,v114_s0684,0,0,False,0.0,
recall_loss,114,685,v114_s0685,0,0,False,0.0,
recall_loss,114,686,v114_s0686,0,0,False,0.0,
recall_loss,114,687,v114_s0687,0,0,False,0.0,
recall_loss,114,688,v114_s0688,0,0,False,0.0,
recall_loss,114,689,v114_s0689,0,0,False,0.0,
recall_loss,114,690,v114_s0690,0,0,False,0.0,
recall_loss,114,691,v114_s0691,0,0,False,0.0,
recall_loss,114,692,v114_s0692,0,0,False,0.0,
recall_loss,114,693,v114_s0693,0,0,False,0.0,
recall_loss,114,694,v114_s0694,0,0,False,0.0,
recall_loss,114,695,v114_s0695,0,0,False,0.0,
recall_loss,114,696,v114_s0696,0,0,False,0.0,
recall_loss,114,697,v114_s0697,0,0,False,0.0,
recall_loss,114,698,v114_s0698,0,0,False,0.0,
recall_loss,114,699,v114_s0699,0,0,False,0.0,
recall_loss,114,700,v114_s0700,0,0,False,0.0,
recall_loss,114,701,v114_s0701,0,0,False,0.0,
recall_loss,114,702,v114_s0702,0,0,False,0.0,
recall_loss,114,703,v114_s0703,0,0,False,0.0,
recall_loss,114,704,v114_s0704,0,0,False,0.0,
recall_loss,114,705,v114_s0705,0,0,False,0.0,
recall_loss,114,706,v114_s0706,0,0,False,0.0,
recall_loss,114,707,v114_s0707,0,0,False,0.0,
recall_loss,114,708,v114_s0708,0,0,False,0.0,
recall_loss,114,709,v114_s0709,0,0,False,0.0,
recall_loss,114,710,v114_s0710,0,0,False,0.0,
recall_loss,114,711,v114_s0711,0,0,False,0.0,
recall_loss,114,712,v114_s0712,0,0,False,0.0,
recall_loss,114,713,v114_s0713,0,0,False,0.0,
recall_loss,114,714,v114_s0714,0,0,False,0.0,
recall_loss,114,715,v114_s0715,0,0,False,0.0,
recall_loss,114,716,v114_s0716,0,0,False,0.0,
recall_loss,114,717,v114_s0717,0,0,False,0.0,
recall_loss,114,718,v114_s0718,0,0,False,0.0,
recall_loss,114,719,v114_s0719,0,0,False,0.0,
recall_loss,114,720,v114_s0720,0,0,False,0.0,
recall_loss,114,721,v114_s0721,0,0,False,0.0,
recall_loss,114,722,v114_s0722,0,0,False,0.0,
recall_loss,114,723,v114_s0723,0,0,False,0.0,
recall_loss,114,724,v114_s0724,0,0,False,0.0,
recall_loss,114,725,v114_s0725,0,0,False,0.0,
recall_loss,114,726,v114_s0726,0,0,False,0.0,
recall_loss,114,727,v114_s0727,0,0,False,0.0,
recall_loss,114,728,v114_s0728,0,0,False,0.0,
recall_loss,114,729,v114_s0729,0,0,False,0.0,
recall_loss,114,730,v114_s0730,0,0,False,0.0,
recall_loss,114,731,v114_s0731,0,0,False,0.0,
recall_loss,114,732,v114_s0732,0,0,False,0.0,
recall_loss,114,733,v114_s0733,0,0,False,0.0,
recall_loss,114,734,v114_s0734,0,0,False,0.0,
recall_loss,114,735,v114_s0735,0,0,False,0.0,
recall_loss,114,736,v114_s0736,0,0,False,0.0,
recall_loss,114,737,v114_s0737,0,0,False,0.0,
recall_loss,114,738,v114_s0738,0,0,False,0.0,
recall_loss,114,739,v114_s0739,0,0,False,0.0,
recall_loss,114,740,v114_s0740,0,0,False,0.0,
recall_loss,114,741,v114_s0741,0,0,False,0.0,
recall_loss,114,742,v114_s0742,0,0,False,0.0,
recall_loss,114,743,v114_s0743,0,0,False,0.0,
recall_loss,114,744,v114_s0744,0,0,False,0.0,
recall_loss,114,745,v114_s0745,0,0,False,0.0,
recall_loss,114,746,v114_s0746,0,0,False,0.0,
recall_loss,114,747,v114_s0747,0,0,False,0.0,
recall_loss,114,748,v114_s0748,0,0,False,0.0,
recall_loss,114,749,v114_s0749,0,0,False,0.0,
recall_loss,114,750,v114_s0750,0,0,False,0.0,
recall_loss,114,751,v114_s0751,0,0,False,0.0,
recall_loss,114,752,v114_s0752,0,0,False,0.0,
recall_loss,114,753,v114_s0753,0,0,False,0.0,
recall_loss,114,754,v114_s0754,0,0,False,0.0,
recall_loss,114,755,v114_s0755,0,0,False,0.0,
recall_loss,114,756,v114_s0756,0,0,False,0.0,
recall_loss,114,757,v114_s0757,0,0,False,0.0,
recall_loss,114,758,v114_s0758,0,0,False,0.0,
recall_loss,114,759,v114_s0759,0,0,False,0.0,
recall_loss,114,760,v114_s0760,0,0,False,0.0,
recall_loss,114,761,v114_s0761,0,0,False,0.0,
recall_loss,114,762,v114_s0762,0,0,False,0.0,
recall_loss,114,763,v114_s0763,0,0,False,0.0,
recall_loss,114,764,v114_s0764,0,0,False,0.0,
recall_loss,114,765,v114_s0765,0,0,False,0.0,
recall_loss,114,766,v114_s0766,0,0,False,0.0,
recall_loss,114,767,v114_s0767,0,0,False,0.0,
recall_loss,114,768,v114_s0768,0,0,False,0.0,
recall_loss,114,769,v114_s0769,0,0,False,0.0,
recall_loss,114,770,v114_s0770,0,0,False,0.0,
recall_loss,114,771,v114_s0771,0,0,False,0.0,
recall_loss,114,772,v114_s0772,0,0,False,0.0,
recall_loss,114,773,v114_s0773,0,0,False,0.0,
recall_loss,114,774,v114_s0774,0,0,False,0.0,
recall_loss,114,775,v114_s0775,0,0,False,0.0,
recall_loss,114,776,v114_s0776,0,0,False,0.0,
recall_loss,114,777,v114_s0777,0,0,False,0.0,
recall_loss,114,778,v114_s0778,0,0,False,0.0,
recall_loss,114,779,v114_s0779,0,0,False,0.0,
recall_loss,114,780,v114_s0780,0,0,False,0.0,
recall_loss,114,781,v114_s0781,0,0,False,0.0,
recall_loss,114,782,v114_s0782,0,0,False,0.0,
recall_loss,114,783,v114_s0783,0,0,False,0.0,
recall_loss,114,784,v114_s0784,0,0,False,0.0,
recall_loss,114,785,v114_s0785,0,0,False,0.0,
recall_loss,114,786,v114_s0786,0,0,False,0.0,
recall_loss,114,787,v114_s0787,0,0,False,0.0,
recall_loss,114,788,v114_s0788,0,0,False,0.0,
recall_loss,114,789,v114_s0789,0,0,False,0.0,
recall_loss,114,790,v114_s0790,0,0,False,0.0,
recall_loss,114,791,v114_s0791,0,0,False,0.0,
recall_loss,114,792,v114_s0792,0,0,False,0.0,
recall_loss,114,793,v114_s0793,0,0,False,0.0,
recall_loss,114,794,v114_s0794,0,0,False,0.0,
recall_loss,114,795,v114_s0795,0,0,False,0.0,
recall_loss,114,796,v114_s0796,0,0,False,0.0,
recall_loss,114,797,v114_s0797,0,0,False,0.0,
recall_loss,114,798,v114_s0798,0,0,False,0.0,
recall_loss,114,799,v114_s0799,0,0,False,0.0,
recall_loss,114,800,v114_s0800,0,0,False,0.0,
recall_loss,114,801,v114_s0801,0,0,False,0.0,
recall_loss,114,802,v114_s0802,0,0,False,0.0,
recall_loss,114,803,v114_s0803,0,0,False,0.0,
recall_loss,114,804,v114_s0804,0,0,False,0.0,
recall_loss,114,805,v114_s0805,0,0,False,0.0,
recall_loss,114,806,v114_s0806,0,0,False,0.0,
recall_loss,114,807,v114_s0807,0,0,False,0.0,
recall_loss,114,808,v114_s0808,0,0,False,0.0,
recall_loss,114,809,v114_s0809,0,0,False,0.0,
recall_loss,114,810,v114_s0810,0,0,False,0.0,
recall_loss,114,811,v114_s0811,0,0,False,0.0,
recall_loss,114,812,v114_s0812,0,0,False,0.0,
recall_loss,114,813,v114_s0813,0,0,False,0.0,
recall_loss,114,814,v114_s0814,0,0,False,0.0,
recall_loss,114,815,v114_s0815,0,0,False,0.0,
recall_loss,114,816,v114_s0816,0,0,False,0.0,
recall_loss,114,817,v114_s0817,0,0,False,0.0,
recall_loss,114,818,v114_s0818,0,0,False,0.0,
recall_loss,114,819,v114_s0819,0,0,False,0.0,
recall_loss,114,820,v114_s0820,0,0,False,0.0,
recall_loss,114,821,v114_s0821,0,0,False,0.0,
recall_loss,114,822,v114_s0822,0,0,False,0.0,
recall_loss,114,823,v114_s0823,0,0,False,0.0,
recall_loss,114,824,v114_s0824,0,0,False,0.0,
recall_loss,114,825,v114_s0825,0,0,False,0.0,
recall_loss,114,826,v114_s0826,0,0,False,0.0,
recall_loss,114,827,v114_s0827,0,0,False,0.0,
recall_loss,114,828,v114_s0828,0,0,False,0.0,
recall_loss,114,829,v114_s0829,0,0,False,0.0,
recall_loss,114,830,v114_s0830,0,0,False,0.0,
recall_loss,114,831,v114_s0831,0,0,False,0.0,
recall_loss,114,832,v114_s0832,0,0,False,0.0,
recall_loss,114,833,v114_s0833,0,0,False,0.0,
recall_loss,114,834,v114_s0834,0,0,False,0.0,
recall_loss,114,835,v114_s0835,0,0,False,0.0,
recall_loss,114,836,v114_s0836,0,0,False,0.0,
recall_loss,114,837,v114_s0837,0,0,False,0.0,
recall_loss,114,838,v114_s0838,0,0,False,0.0,
recall_loss,114,839,v114_s0839,0,0,False,0.0,
recall_loss,114,840,v114_s0840,0,0,False,0.0,
recall_loss,114,841,v114_s0841,0,0,False,0.0,
recall_loss,114,842,v114_s0842,0,0,False,0.0,
recall_loss,114,843,v114_s0843,0,0,False,0.0,
recall_loss,114,844,v114_s0844,0,0,False,0.0,
recall_loss,114,845,v114_s0845,0,0,False,0.0,
recall_loss,115,0,v115_s0000,0,0,False,0.0,
recall_loss,115,1,v115_s0001,0,0,False,0.0,
recall_loss,115,2,v115_s0002,0,0,False,0.0,
recall_loss,115,3,v115_s0003,0,0,False,0.0,
recall_loss,115,4,v115_s0004,0,0,False,0.0,
recall_loss,115,5,v115_s0005,0,0,False,0.0,
recall_loss,115,6,v115_s0006,0,0,False,0.0,
recall_loss,115,7,v115_s0007,0,0,False,0.0,
recall_loss,115,8,v115_s0008,0,0,False,0.0,
recall_loss,115,9,v115_s0009,0,0,False,0.0,
recall_loss,115,10,v115_s0010,0,0,False,0.0,
recall_loss,115,11,v115_s0011,0,0,False,0.0,
recall_loss,115,12,v115_s0012,0,0,False,0.0,
recall_loss,115,13,v115_s0013,0,0,False,0.0,
recall_loss,115,14,v115_s0014,0,0,False,0.0,
recall_loss,115,15,v115_s0015,0,0,False,0.0,
recall_loss,115,16,v115_s0016,0,0,False,0.0,
recall_loss,115,17,v115_s0017,0,0,False,0.0,
recall_loss,115,18,v115_s0018,0,0,False,0.0,
recall_loss,115,19,v115_s0019,0,0,False,0.0,
recall_loss,115,20,v115_s0020,0,0,False,0.0,
recall_loss,115,21,v115_s0021,0,0,False,0.0,
recall_loss,115,22,v115_s0022,0,0,False,0.0,
recall_loss,115,23,v115_s0023,0,0,False,0.0,
recall_loss,115,24,v115_s0024,0,0,False,0.0,
recall_loss,115,25,v115_s0025,0,0,False,0.0,
recall_loss,115,26,v115_s0026,0,0,False,0.0,
recall_loss,115,27,v115_s0027,0,0,False,0.0,
recall_loss,115,28,v115_s0028,0,0,False,0.0,
recall_loss,115,29,v115_s0029,0,0,False,0.0,
recall_loss,115,30,v115_s0030,0,0,False,0.0,
recall_loss,115,31,v115_s0031,0,0,False,0.0,
recall_loss,115,32,v115_s0032,0,0,False,0.0,
recall_loss,115,33,v115_s0033,0,0,False,0.0,
recall_loss,115,34,v115_s0034,0,0,False,0.0,
recall_loss,115,35,v115_s0035,0,0,False,0.0,
recall_loss,115,36,v115_s0036,0,0,False,0.0,
recall_loss,115,37,v115_s0037,0,0,False,0.0,
recall_loss,115,38,v115_s0038,0,0,False,0.0,
recall_loss,115,39,v115_s0039,0,0,False,0.0,
recall_loss,115,40,v115_s0040,0,0,False,0.0,
recall_loss,115,41,v115_s0041,0,0,False,0.0,
recall_loss,115,42,v115_s0042,0,0,False,0.0,
recall_loss,115,43,v115_s0043,0,0,False,0.0,
recall_loss,115,44,v115_s0044,0,0,False,0.0,
recall_loss,115,45,v115_s0045,0,0,False,0.0,
recall_loss,115,46,v115_s0046,0,0,False,0.0,
recall_loss,115,47,v115_s0047,0,0,False,0.0,
recall_loss,115,48,v115_s0048,0,0,False,0.0,
recall_loss,115,49,v115_s0049,0,0,False,0.0,
recall_loss,115,50,v115_s0050,0,0,False,0.0,
recall_loss,115,51,v115_s0051,0,0,False,0.0,
recall_loss,115,52,v115_s0052,0,0,False,0.0,
recall_loss,115,53,v115_s0053,0,0,False,0.0,
recall_loss,115,54,v115_s0054,0,0,False,0.0,
recall_loss,115,55,v115_s0055,0,0,False,0.0,
recall_loss,115,56,v115_s0056,0,0,False,0.0,
recall_loss,115,57,v115_s0057,0,0,False,0.0,
recall_loss,115,58,v115_s0058,0,0,False,0.0,
recall_loss,115,59,v115_s0059,0,0,False,0.0,
recall_loss,115,60,v115_s0060,0,0,False,0.0,
recall_loss,115,61,v115_s0061,0,0,False,0.0,
recall_loss,115,62,v115_s0062,0,0,False,0.0,
recall_loss,115,63,v115_s0063,0,0,False,0.0,
recall_loss,115,64,v115_s0064,0,0,False,0.0,
recall_loss,115,65,v115_s0065,0,0,False,0.0,
recall_loss,115,66,v115_s0066,0,0,False,0.0,
recall_loss,115,67,v115_s0067,0,0,False,0.0,
recall_loss,115,68,v115_s0068,0,0,False,0.0,
recall_loss,115,69,v115_s0069,0,0,False,0.0,
recall_loss,115,70,v115_s0070,0,0,False,0.0,
recall_loss,115,71,v115_s0071,0,0,False,0.0,
recall_loss,115,72,v115_s0072,0,0,False,0.0,
recall_loss,115,73,v115_s0073,0,0,False,0.0,
recall_loss,115,74,v115_s0074,0,0,False,0.0,
recall_loss,115,75,v115_s0075,0,0,False,0.0,
recall_loss,115,76,v115_s0076,0,0,False,0.0,
recall_loss,115,77,v115_s0077,0,0,False,0.0,
recall_loss,115,78,v115_s0078,0,0,False,0.0,
recall_loss,115,79,v115_s0079,0,0,False,0.0,
recall_loss,115,80,v115_s0080,0,0,False,0.0,
recall_loss,115,81,v115_s0081,0,0,False,0.0,
recall_loss,115,82,v115_s0082,0,0,False,0.0,
recall_loss,115,83,v115_s0083,0,0,False,0.0,
recall_loss,115,84,v115_s0084,0,0,False,0.0,
recall_loss,115,85,v115_s0085,0,0,False,0.0,
recall_loss,115,86,v115_s0086,0,0,False,0.0,
recall_loss,115,87,v115_s0087,0,0,False,0.0,
recall_loss,115,88,v115_s0088,0,0,False,0.0,
recall_loss,115,89,v115_s0089,0,0,False,0.0,
recall_loss,115,90,v115_s0090,0,0,False,0.0,
recall_loss,115,91,v115_s0091,0,0,False,0.0,
recall_loss,115,92,v115_s0092,0,0,False,0.0,
recall_loss,115,93,v115_s0093,0,0,False,0.0,
recall_loss,115,94,v115_s0094,0,0,False,0.0,
recall_loss,115,95,v115_s0095,0,0,False,0.0,
recall_loss,115,96,v115_s0096,0,0,False,0.0,
recall_loss,115,97,v115_s0097,0,0,False,0.0,
recall_loss,115,98,v115_s0098,0,0,False,0.0,
recall_loss,115,99,v115_s0099,0,0,False,0.0,
recall_loss,115,100,v115_s0100,0,0,False,0.0,
recall_loss,115,101,v115_s0101,0,0,False,0.0,
recall_loss,115,102,v115_s0102,0,0,False,0.0,
recall_loss,115,103,v115_s0103,0,0,False,0.0,
recall_loss,115,104,v115_s0104,0,0,False,0.0,
recall_loss,115,105,v115_s0105,0,0,False,0.0,
recall_loss,115,106,v115_s0106,0,0,False,0.0,
recall_loss,115,107,v115_s0107,0,0,False,0.0,
recall_loss,115,108,v115_s0108,0,0,False,0.0,
recall_loss,115,109,v115_s0109,0,0,False,0.0,
recall_loss,115,110,v115_s0110,0,0,False,0.0,
recall_loss,115,111,v115_s0111,0,0,False,0.0,
recall_loss,115,112,v115_s0112,0,0,False,0.0,
recall_loss,115,113,v115_s0113,0,0,False,0.0,
recall_loss,115,114,v115_s0114,0,0,False,0.0,
recall_loss,115,115,v115_s0115,0,0,False,0.0,
recall_loss,115,116,v115_s0116,0,0,False,0.0,
recall_loss,115,117,v115_s0117,0,0,False,0.0,
recall_loss,115,118,v115_s0118,0,0,False,0.0,
recall_loss,115,119,v115_s0119,0,0,False,0.0,
recall_loss,115,120,v115_s0120,0,0,False,0.0,
recall_loss,115,121,v115_s0121,0,0,False,0.0,
recall_loss,115,122,v115_s0122,0,0,False,0.0,
recall_loss,115,123,v115_s0123,0,0,False,0.0,
recall_loss,115,124,v115_s0124,0,0,False,0.0,
recall_loss,115,125,v115_s0125,0,0,False,0.0,
recall_loss,115,126,v115_s0126,0,0,False,0.0,
recall_loss,115,127,v115_s0127,0,0,False,0.0,
recall_loss,115,128,v115_s0128,0,0,False,0.0,
recall_loss,115,129,v115_s0129,0,0,False,0.0,
recall_loss,115,130,v115_s0130,0,0,False,0.0,
recall_loss,115,131,v115_s0131,0,0,False,0.0,
recall_loss,115,132,v115_s0132,0,0,False,0.0,
recall_loss,115,133,v115_s0133,0,0,False,0.0,
recall_loss,115,134,v115_s0134,0,0,False,0.0,
recall_loss,115,135,v115_s0135,0,0,False,0.0,
recall_loss,115,136,v115_s0136,0,0,False,0.0,
recall_loss,115,137,v115_s0137,0,0,False,0.0,
recall_loss,115,138,v115_s0138,0,0,False,0.0,
recall_loss,115,139,v115_s0139,0,0,False,0.0,
recall_loss,115,140,v115_s0140,0,0,False,0.0,
recall_loss,115,141,v115_s0141,0,0,False,0.0,
recall_loss,115,142,v115_s0142,0,0,False,0.0,
recall_loss,115,143,v115_s0143,0,0,False,0.0,
recall_loss,115,144,v115_s0144,0,0,False,0.0,
recall_loss,115,145,v115_s0145,0,0,False,0.0,
recall_loss,115,146,v115_s0146,0,0,False,0.0,
recall_loss,115,147,v115_s0147,0,0,False,0.0,
recall_loss,115,148,v115_s0148,0,0,False,0.0,
recall_loss,115,149,v115_s0149,0,0,False,0.0,
recall_loss,115,150,v115_s0150,0,0,False,0.0,
recall_loss,115,151,v115_s0151,0,0,False,0.0,
recall_loss,115,152,v115_s0152,0,0,False,0.0,
recall_loss,115,153,v115_s0153,0,0,False,0.0,
recall_loss,115,154,v115_s0154,0,0,False,0.0,
recall_loss,115,155,v115_s0155,0,0,False,0.0,
recall_loss,115,156,v115_s0156,0,0,False,0.0,
recall_loss,115,157,v115_s0157,0,0,False,0.0,
recall_loss,115,158,v115_s0158,0,0,False,0.0,
recall_loss,115,159,v115_s0159,0,0,False,0.0,
recall_loss,115,160,v115_s0160,0,0,False,0.0,
recall_loss,115,161,v115_s0161,0,0,False,0.0,
recall_loss,115,162,v115_s0162,0,0,False,0.0,
recall_loss,115,163,v115_s0163,0,0,False,0.0,
recall_loss,115,164,v115_s0164,0,0,False,0.0,
recall_loss,115,165,v115_s0165,0,0,False,0.0,
recall_loss,115,166,v115_s0166,0,0,False,0.0,
recall_loss,115,167,v115_s0167,0,0,False,0.0,
recall_loss,115,168,v115_s0168,0,0,False,0.0,
recall_loss,115,169,v115_s0169,0,0,False,0.0,
recall_loss,115,170,v115_s0170,0,0,False,0.0,
recall_loss,115,171,v115_s0171,0,0,False,0.0,
recall_loss,115,172,v115_s0172,0,0,False,0.0,
recall_loss,115,173,v115_s0173,0,0,False,0.0,
recall_loss,115,174,v115_s0174,0,0,False,0.0,
recall_loss,115,175,v115_s0175,0,0,False,0.0,
recall_loss,115,176,v115_s0176,0,0,False,0.0,
recall_loss,115,177,v115_s0177,0,0,False,0.0,
recall_loss,115,178,v115_s0178,0,0,False,0.0,
recall_loss,115,179,v115_s0179,0,0,False,0.0,
recall_loss,115,180,v115_s0180,0,0,False,0.0,
recall_loss,115,181,v115_s0181,0,0,False,0.0,
recall_loss,115,182,v115_s0182,0,0,False,0.0,
recall_loss,115,183,v115_s0183,0,0,False,0.0,
recall_loss,115,184,v115_s0184,0,0,False,0.0,
recall_loss,115,185,v115_s0185,0,0,False,0.0,
recall_loss,115,186,v115_s0186,0,0,False,0.0,
recall_loss,115,187,v115_s0187,0,0,False,0.0,
recall_loss,115,188,v115_s0188,0,0,False,0.0,
recall_loss,115,189,v115_s0189,0,0,False,0.0,
recall_loss,115,190,v115_s0190,0,0,False,0.0,
recall_loss,115,191,v115_s0191,0,0,False,0.0,
recall_loss,115,192,v115_s0192,0,0,False,0.0,
recall_loss,115,193,v115_s0193,0,0,False,0.0,
recall_loss,115,194,v115_s0194,0,0,False,0.0,
recall_loss,115,195,v115_s0195,0,0,False,0.0,
recall_loss,115,196,v115_s0196,0,0,False,0.0,
recall_loss,115,197,v115_s0197,0,0,False,0.0,
recall_loss,115,198,v115_s0198,0,0,False,0.0,
recall_loss,115,199,v115_s0199,0,0,False,0.0,
recall_loss,115,200,v115_s0200,0,0,False,0.0,
recall_loss,115,201,v115_s0201,0,0,False,0.0,
recall_loss,115,202,v115_s0202,0,0,False,0.0,
recall_loss,115,203,v115_s0203,0,0,False,0.0,
recall_loss,115,204,v115_s0204,0,0,False,0.0,
recall_loss,115,205,v115_s0205,0,0,False,0.0,
recall_loss,115,206,v115_s0206,0,0,False,0.0,
recall_loss,115,207,v115_s0207,0,0,False,0.0,
recall_loss,115,208,v115_s0208,0,0,False,0.0,
recall_loss,115,209,v115_s0209,0,0,False,0.0,
recall_loss,115,210,v115_s0210,0,0,False,0.0,
recall_loss,115,211,v115_s0211,0,0,False,0.0,
recall_loss,115,212,v115_s0212,0,0,False,0.0,
recall_loss,115,213,v115_s0213,0,0,False,0.0,
recall_loss,115,214,v115_s0214,0,0,False,0.0,
recall_loss,115,215,v115_s0215,0,0,False,0.0,
recall_loss,115,216,v115_s0216,0,0,False,0.0,
recall_loss,115,217,v115_s0217,0,0,False,0.0,
recall_loss,115,218,v115_s0218,0,0,False,0.0,
recall_loss,115,219,v115_s0219,0,0,False,0.0,
recall_loss,115,220,v115_s0220,0,0,False,0.0,
recall_loss,115,221,v115_s0221,0,0,False,0.0,
recall_loss,115,222,v115_s0222,0,0,False,0.0,
recall_loss,115,223,v115_s0223,0,0,False,0.0,
recall_loss,115,224,v115_s0224,0,0,False,0.0,
recall_loss,115,225,v115_s0225,0,0,False,0.0,
recall_loss,115,226,v115_s0226,0,0,False,0.0,
recall_loss,115,227,v115_s0227,0,0,False,0.0,
recall_loss,115,228,v115_s0228,0,0,False,0.0,
recall_loss,115,229,v115_s0229,0,0,False,0.0,
recall_loss,115,230,v115_s0230,0,0,False,0.0,
recall_loss,115,231,v115_s0231,0,0,False,0.0,
recall_loss,115,232,v115_s0232,0,0,False,0.0,
recall_loss,115,233,v115_s0233,0,0,False,0.0,
recall_loss,115,234,v115_s0234,0,0,False,0.0,
recall_loss,115,235,v115_s0235,0,0,False,0.0,
recall_loss,115,236,v115_s0236,0,0,False,0.0,
recall_loss,115,237,v115_s0237,0,0,False,0.0,
recall_loss,115,238,v115_s0238,0,0,False,0.0,
recall_loss,115,239,v115_s0239,0,0,False,0.0,
recall_loss,115,240,v115_s0240,0,0,False,0.0,
recall_loss,115,241,v115_s0241,0,0,False,0.0,
recall_loss,115,242,v115_s0242,0,0,False,0.0,
recall_loss,115,243,v115_s0243,0,0,False,0.0,
recall_loss,115,244,v115_s0244,0,0,False,0.0,
recall_loss,115,245,v115_s0245,0,0,False,0.0,
recall_loss,115,246,v115_s0246,0,0,False,0.0,
recall_loss,115,247,v115_s0247,0,0,False,0.0,
recall_loss,115,248,v115_s0248,0,0,False,0.0,
recall_loss,115,249,v115_s0249,0,0,False,0.0,
recall_loss,115,250,v115_s0250,0,0,False,0.0,
recall_loss,115,251,v115_s0251,0,0,False,0.0,
recall_loss,115,252,v115_s0252,0,0,False,0.0,
recall_loss,115,253,v115_s0253,0,0,False,0.0,
recall_loss,115,254,v115_s0254,0,0,False,0.0,
recall_loss,115,255,v115_s0255,0,0,False,0.0,
recall_loss,115,256,v115_s0256,0,0,False,0.0,
recall_loss,115,257,v115_s0257,0,0,False,0.0,
recall_loss,115,258,v115_s0258,0,0,False,0.0,
recall_loss,115,259,v115_s0259,0,0,False,0.0,
recall_loss,115,260,v115_s0260,0,0,False,0.0,
recall_loss,115,261,v115_s0261,0,0,False,0.0,
recall_loss,115,262,v115_s0262,0,0,False,0.0,
recall_loss,115,263,v115_s0263,0,0,False,0.0,
recall_loss,115,264,v115_s0264,0,0,False,0.0,
recall_loss,115,265,v115_s0265,0,0,False,0.0,
recall_loss,115,266,v115_s0266,0,0,False,0.0,
recall_loss,115,267,v115_s0267,0,0,False,0.0,
recall_loss,115,268,v115_s0268,0,0,False,0.0,
recall_loss,115,269,v115_s0269,0,0,False,0.0,
recall_loss,115,270,v115_s0270,0,0,False,0.0,
recall_loss,115,271,v115_s0271,0,0,False,0.0,
recall_loss,115,272,v115_s0272,0,0,False,0.0,
recall_loss,115,273,v115_s0273,0,0,False,0.0,
recall_loss,115,274,v115_s0274,0,0,False,0.0,
recall_loss,115,275,v115_s0275,0,0,False,0.0,
recall_loss,115,276,v115_s0276,0,0,False,0.0,
recall_loss,115,277,v115_s0277,0,0,False,0.0,
recall_loss,115,278,v115_s0278,0,0,False,0.0,
recall_loss,115,279,v115_s0279,0,0,False,0.0,
recall_loss,115,280,v115_s0280,0,0,False,0.0,
recall_loss,115,281,v115_s0281,0,0,False,0.0,
recall_loss,115,282,v115_s0282,0,0,False,0.0,
recall_loss,115,283,v115_s0283,0,0,False,0.0,
recall_loss,115,284,v115_s0284,0,0,False,0.0,
recall_loss,115,285,v115_s0285,0,0,False,0.0,
recall_loss,115,286,v115_s0286,0,0,False,0.0,
recall_loss,115,287,v115_s0287,0,0,False,0.0,
recall_loss,115,288,v115_s0288,0,0,False,0.0,
recall_loss,115,289,v115_s0289,0,0,False,0.0,
recall_loss,115,290,v115_s0290,0,0,False,0.0,
recall_loss,115,291,v115_s0291,0,0,False,0.0,
recall_loss,115,292,v115_s0292,0,0,False,0.0,
recall_loss,115,293,v115_s0293,0,0,False,0.0,
recall_loss,115,294,v115_s0294,0,0,False,0.0,
recall_loss,115,295,v115_s0295,0,0,False,0.0,
recall_loss,115,296,v115_s0296,0,0,False,0.0,
recall_loss,115,297,v115_s0297,0,0,False,0.0,
recall_loss,115,298,v115_s0298,0,0,False,0.0,
recall_loss,115,299,v115_s0299,0,0,False,0.0,
recall_loss,115,300,v115_s0300,0,0,False,0.0,
recall_loss,115,301,v115_s0301,0,0,False,0.0,
recall_loss,115,302,v115_s0302,0,0,False,0.0,
recall_loss,115,303,v115_s0303,0,0,False,0.0,
recall_loss,115,304,v115_s0304,0,0,False,0.0,
recall_loss,115,305,v115_s0305,0,0,False,0.0,
recall_loss,115,306,v115_s0306,0,0,False,0.0,
recall_loss,115,307,v115_s0307,0,0,False,0.0,
recall_loss,115,308,v115_s0308,0,0,False,0.0,
recall_loss,115,309,v115_s0309,0,0,False,0.0,
recall_loss,115,310,v115_s0310,0,0,False,0.0,
recall_loss,115,311,v115_s0311,0,0,False,0.0,
recall_loss,115,312,v115_s0312,0,0,False,0.0,
recall_loss,115,313,v115_s0313,0,0,False,0.0,
recall_loss,115,314,v115_s0314,0,0,False,0.0,
recall_loss,115,315,v115_s0315,0,0,False,0.0,
recall_loss,115,316,v115_s0316,0,0,False,0.0,
recall_loss,115,317,v115_s0317,0,0,False,0.0,
recall_loss,115,318,v115_s0318,0,0,False,0.0,
recall_loss,115,319,v115_s0319,0,0,False,0.0,
recall_loss,115,320,v115_s0320,0,0,False,0.0,
recall_loss,115,321,v115_s0321,0,0,False,0.0,
recall_loss,115,322,v115_s0322,0,0,False,0.0,
recall_loss,115,323,v115_s0323,0,0,False,0.0,
recall_loss,115,324,v115_s0324,0,0,False,0.0,
recall_loss,115,325,v115_s0325,0,0,False,0.0,
recall_loss,115,326,v115_s0326,0,0,False,0.0,
recall_loss,115,327,v115_s0327,0,0,False,0.0,
recall_loss,115,328,v115_s0328,0,0,False,0.0,
recall_loss,115,329,v115_s0329,0,0,False,0.0,
recall_loss,115,330,v115_s0330,0,0,False,0.0,
recall_loss,115,331,v115_s0331,0,0,False,0.0,
recall_loss,115,332,v115_s0332,0,0,False,0.0,
recall_loss,115,333,v115_s0333,0,0,False,0.0,
recall_loss,115,334,v115_s0334,0,0,False,0.0,
recall_loss,115,335,v115_s0335,0,0,False,0.0,
recall_loss,115,336,v115_s0336,0,0,False,0.0,
recall_loss,115,337,v115_s0337,0,0,False,0.0,
recall_loss,115,338,v115_s0338,0,0,False,0.0,
recall_loss,115,339,v115_s0339,0,0,False,0.0,
recall_loss,115,340,v115_s0340,0,0,False,0.0,
recall_loss,115,341,v115_s0341,0,0,False,0.0,
recall_loss,115,342,v115_s0342,0,0,False,0.0,
recall_loss,115,343,v115_s0343,0,0,False,0.0,
recall_loss,115,344,v115_s0344,0,0,False,0.0,
recall_loss,115,345,v115_s0345,0,0,False,0.0,
recall_loss,115,346,v115_s0346,0,0,False,0.0,
recall_loss,115,347,v115_s0347,0,0,False,0.0,
recall_loss,115,348,v115_s0348,0,0,False,0.0,
recall_loss,115,349,v115_s0349,0,0,False,0.0,
recall_loss,115,350,v115_s0350,0,0,False,0.0,
recall_loss,115,351,v115_s0351,0,0,False,0.0,
recall_loss,115,352,v115_s0352,0,0,False,0.0,
recall_loss,115,353,v115_s0353,0,0,False,0.0,
recall_loss,115,354,v115_s0354,0,0,False,0.0,
recall_loss,115,355,v115_s0355,0,0,False,0.0,
recall_loss,115,356,v115_s0356,0,0,False,0.0,
recall_loss,115,357,v115_s0357,0,0,False,0.0,
recall_loss,115,358,v115_s0358,0,0,False,0.0,
recall_loss,115,359,v115_s0359,0,0,False,0.0,
recall_loss,115,360,v115_s0360,0,0,False,0.0,
recall_loss,115,361,v115_s0361,0,0,False,0.0,
recall_loss,115,362,v115_s0362,0,0,False,0.0,
recall_loss,115,363,v115_s0363,0,0,False,0.0,
recall_loss,115,364,v115_s0364,0,0,False,0.0,
recall_loss,115,365,v115_s0365,0,0,False,0.0,
recall_loss,115,366,v115_s0366,0,0,False,0.0,
recall_loss,115,367,v115_s0367,0,0,False,0.0,
recall_loss,115,368,v115_s0368,0,0,False,0.0,
recall_loss,115,369,v115_s0369,0,0,False,0.0,
recall_loss,115,370,v115_s0370,0,0,False,0.0,
recall_loss,115,371,v115_s0371,0,0,False,0.0,
recall_loss,115,372,v115_s0372,0,0,False,0.0,
recall_loss,115,373,v115_s0373,0,0,False,0.0,
recall_loss,115,374,v115_s0374,0,0,False,0.0,
recall_loss,115,375,v115_s0375,0,0,False,0.0,
recall_loss,115,376,v115_s0376,0,0,False,0.0,
recall_loss,115,377,v115_s0377,0,0,False,0.0,
recall_loss,115,378,v115_s0378,0,0,False,0.0,
recall_loss,115,379,v115_s0379,0,0,False,0.0,
recall_loss,115,380,v115_s0380,0,0,False,0.0,
recall_loss,115,381,v115_s0381,0,0,False,0.0,
recall_loss,115,382,v115_s0382,0,0,False,0.0,
recall_loss,115,383,v115_s0383,0,0,False,0.0,
recall_loss,115,384,v115_s0384,0,0,False,0.0,
recall_loss,115,385,v115_s0385,0,0,False,0.0,
recall_loss,115,386,v115_s0386,0,0,False,0.0,
recall_loss,115,387,v115_s0387,0,0,False,0.0,
recall_loss,115,388,v115_s0388,0,0,False,0.0,
recall_loss,115,389,v115_s0389,0,0,False,0.0,
recall_loss,115,390,v115_s0390,0,0,False,0.0,
recall_loss,115,391,v115_s0391,0,0,False,0.0,
recall_loss,115,392,v115_s0392,0,0,False,0.0,
recall_loss,115,393,v115_s0393,0,0,False,0.0,
recall_loss,115,394,v115_s0394,0,0,False,0.0,
recall_loss,115,395,v115_s0395,0,0,False,0.0,
recall_loss,115,396,v115_s0396,0,0,False,0.0,
recall_loss,115,397,v115_s0397,0,0,False,0.0,
recall_loss,115,398,v115_s0398,0,0,False,0.0,
recall_loss,115,399,v115_s0399,0,0,False,0.0,
recall_loss,115,400,v115_s0400,0,0,False,0.0,
recall_loss,115,401,v115_s0401,0,0,False,0.0,
recall_loss,115,402,v115_s0402,0,0,False,0.0,
recall_loss,115,403,v115_s0403,0,0,False,0.0,
recall_loss,115,404,v115_s0404,0,0,False,0.0,
recall_loss,115,405,v115_s0405,0,0,False,0.0,
recall_loss,115,406,v115_s0406,0,0,False,0.0,
recall_loss,115,407,v115_s0407,0,0,False,0.0,
recall_loss,115,408,v115_s0408,0,0,False,0.0,
recall_loss,115,409,v115_s0409,0,0,False,0.0,
recall_loss,115,410,v115_s0410,0,0,False,0.0,
recall_loss,115,411,v115_s0411,0,0,False,0.0,
recall_loss,115,412,v115_s0412,0,0,False,0.0,
recall_loss,115,413,v115_s0413,0,0,False,0.0,
recall_loss,115,414,v115_s0414,0,0,False,0.0,
recall_loss,115,415,v115_s0415,0,0,False,0.0,
recall_loss,115,416,v115_s0416,0,0,False,0.0,
recall_loss,115,417,v115_s0417,0,0,False,0.0,
recall_loss,115,418,v115_s0418,0,0,False,0.0,
recall_loss,115,419,v115_s0419,0,0,False,0.0,
recall_loss,115,420,v115_s0420,0,0,False,0.0,
recall_loss,115,421,v115_s0421,0,0,False,0.0,
recall_loss,115,422,v115_s0422,0,0,False,0.0,
recall_loss,115,423,v115_s0423,0,0,False,0.0,
recall_loss,115,424,v115_s0424,0,0,False,0.0,
recall_loss,115,425,v115_s0425,0,0,False,0.0,
recall_loss,115,426,v115_s0426,0,0,False,0.0,
recall_loss,115,427,v115_s0427,0,0,False,0.0,
recall_loss,115,428,v115_s0428,0,0,False,0.0,
recall_loss,115,429,v115_s0429,0,0,False,0.0,
recall_loss,115,430,v115_s0430,0,0,False,0.0,
recall_loss,115,431,v115_s0431,0,0,False,0.0,
recall_loss,115,432,v115_s0432,0,0,False,0.0,
recall_loss,115,433,v115_s0433,0,0,False,0.0,
recall_loss,115,434,v115_s0434,0,0,False,0.0,
recall_loss,115,435,v115_s0435,0,0,False,0.0,
recall_loss,115,436,v115_s0436,0,0,False,0.0,
recall_loss,115,437,v115_s0437,0,0,False,0.0,
recall_loss,115,438,v115_s0438,0,0,False,0.0,
recall_loss,115,439,v115_s0439,0,0,False,0.0,
recall_loss,115,440,v115_s0440,0,0,False,0.0,
recall_loss,115,441,v115_s0441,0,0,False,0.0,
recall_loss,115,442,v115_s0442,0,0,False,0.0,
recall_loss,115,443,v115_s0443,0,0,False,0.0,
recall_loss,115,444,v115_s0444,0,0,False,0.0,
recall_loss,115,445,v115_s0445,0,0,False,0.0,
recall_loss,115,446,v115_s0446,0,0,False,0.0,
recall_loss,115,447,v115_s0447,0,0,False,7.748603820800781e-07,
recall_loss,115,448,v115_s0448,0,5,False,0.96728515625,
recall_loss,115,449,v115_s0449,0,10,False,1.0,
recall_loss,115,450,v115_s0450,0,20,False,1.0,
recall_loss,115,451,v115_s0451,0,21,False,1.0,
recall_loss,115,452,v115_s0452,0,17,False,1.0,
recall_loss,115,453,v115_s0453,0,22,False,1.0,
recall_loss,115,454,v115_s0454,0,29,False,1.0,
recall_loss,115,455,v115_s0455,0,11,False,0.99951171875,
recall_loss,115,456,v115_s0456,0,9,False,1.0,
recall_loss,115,457,v115_s0457,0,11,False,1.0,
recall_loss,115,458,v115_s0458,0,11,False,1.0,
recall_loss,115,459,v115_s0459,0,20,False,1.0,
recall_loss,115,460,v115_s0460,0,16,False,1.0,
recall_loss,115,461,v115_s0461,0,25,False,0.99951171875,
recall_loss,115,462,v115_s0462,0,22,False,1.0,
recall_loss,115,463,v115_s0463,0,24,False,1.0,
recall_loss,115,464,v115_s0464,0,49,False,1.0,
recall_loss,115,465,v115_s0465,0,56,False,1.0,
recall_loss,115,466,v115_s0466,0,42,False,1.0,
recall_loss,115,467,v115_s0467,0,36,False,1.0,
recall_loss,115,468,v115_s0468,0,48,False,1.0,
recall_loss,115,469,v115_s0469,0,49,False,1.0,
recall_loss,115,470,v115_s0470,0,37,False,1.0,
recall_loss,115,471,v115_s0471,0,24,False,1.0,
recall_loss,115,472,v115_s0472,0,16,False,0.95654296875,
recall_loss,115,473,v115_s0473,0,9,False,0.98974609375,
recall_loss,115,474,v115_s0474,0,13,False,1.0,
recall_loss,115,475,v115_s0475,0,36,False,1.0,
recall_loss,115,476,v115_s0476,0,27,False,1.0,
recall_loss,115,477,v115_s0477,0,16,False,1.0,
recall_loss,115,478,v115_s0478,0,14,False,1.0,
recall_loss,115,479,v115_s0479,0,6,False,0.99365234375,
recall_loss,115,480,v115_s0480,0,7,False,0.9970703125,
recall_loss,115,481,v115_s0481,0,9,False,0.99951171875,
recall_loss,115,482,v115_s0482,0,18,False,1.0,
recall_loss,115,483,v115_s0483,0,12,False,1.0,
recall_loss,115,484,v115_s0484,0,9,False,1.0,
recall_loss,115,485,v115_s0485,0,7,False,0.9970703125,
recall_loss,115,486,v115_s0486,0,32,False,0.9990234375,
recall_loss,115,487,v115_s0487,0,161,False,1.0,
recall_loss,115,488,v115_s0488,0,198,False,1.0,
recall_loss,115,489,v115_s0489,0,256,False,1.0,
recall_loss,115,490,v115_s0490,0,366,False,1.0,
recall_loss,115,491,v115_s0491,0,306,False,1.0,
recall_loss,115,492,v115_s0492,0,190,False,1.0,
recall_loss,115,493,v115_s0493,0,202,False,1.0,
recall_loss,115,494,v115_s0494,0,170,False,1.0,
recall_loss,115,495,v115_s0495,0,88,False,0.99951171875,
recall_loss,115,496,v115_s0496,0,44,False,0.99169921875,
recall_loss,115,497,v115_s0497,0,21,False,1.0,
recall_loss,115,498,v115_s0498,0,9,False,0.9990234375,
recall_loss,115,499,v115_s0499,0,14,False,0.99658203125,
recall_loss,115,500,v115_s0500,0,1,False,0.52294921875,
recall_loss,115,501,v115_s0501,0,104,False,1.0,
recall_loss,115,502,v115_s0502,0,83,False,0.99951171875,
recall_loss,115,503,v115_s0503,0,169,False,1.0,
recall_loss,115,504,v115_s0504,0,65,False,1.0,
recall_loss,115,505,v115_s0505,0,24,False,1.0,
recall_loss,115,506,v115_s0506,0,221,False,1.0,
recall_loss,115,507,v115_s0507,0,244,False,1.0,
recall_loss,115,508,v115_s0508,0,115,False,1.0,
recall_loss,115,509,v115_s0509,0,90,False,1.0,
recall_loss,115,510,v115_s0510,0,42,False,1.0,
recall_loss,115,511,v115_s0511,0,48,False,1.0,
recall_loss,115,512,v115_s0512,0,21,False,0.99951171875,
recall_loss,115,513,v115_s0513,0,55,False,1.0,
recall_loss,115,514,v115_s0514,0,52,False,1.0,
recall_loss,115,515,v115_s0515,0,90,False,1.0,
recall_loss,115,516,v115_s0516,0,109,False,1.0,
recall_loss,115,517,v115_s0517,0,129,False,1.0,
recall_loss,115,518,v115_s0518,0,134,False,1.0,
recall_loss,115,519,v115_s0519,0,91,False,1.0,
recall_loss,115,520,v115_s0520,0,0,False,0.32373046875,
recall_loss,115,521,v115_s0521,0,11,False,1.0,
recall_loss,115,522,v115_s0522,0,30,False,1.0,
recall_loss,115,523,v115_s0523,0,23,False,1.0,
recall_loss,115,524,v115_s0524,0,27,False,1.0,
recall_loss,115,525,v115_s0525,0,78,False,1.0,
recall_loss,115,526,v115_s0526,0,27,False,1.0,
recall_loss,115,527,v115_s0527,0,16,False,1.0,
recall_loss,115,528,v115_s0528,0,12,False,1.0,
recall_loss,115,529,v115_s0529,0,0,False,0.00013065338134765625,
recall_loss,115,530,v115_s0530,0,38,False,1.0,
recall_loss,115,531,v115_s0531,0,8,False,0.99755859375,
recall_loss,115,532,v115_s0532,0,0,False,0.01399993896484375,
recall_loss,115,533,v115_s0533,0,0,False,0.0227203369140625,
recall_loss,115,534,v115_s0534,0,3,False,0.61962890625,
recall_loss,115,535,v115_s0535,0,0,False,0.0001690387725830078,
recall_loss,115,536,v115_s0536,0,3,False,0.896484375,
recall_loss,115,537,v115_s0537,0,43,False,1.0,
recall_loss,115,538,v115_s0538,0,59,False,1.0,
recall_loss,115,539,v115_s0539,0,62,False,1.0,
recall_loss,115,540,v115_s0540,0,44,False,1.0,
recall_loss,115,541,v115_s0541,0,48,False,1.0,
recall_loss,115,542,v115_s0542,0,47,False,1.0,
recall_loss,115,543,v115_s0543,0,24,False,1.0,
recall_loss,115,544,v115_s0544,0,11,False,0.998046875,
recall_loss,115,545,v115_s0545,0,17,False,1.0,
recall_loss,115,546,v115_s0546,0,15,False,1.0,
recall_loss,115,547,v115_s0547,0,48,False,1.0,
recall_loss,115,548,v115_s0548,0,118,False,1.0,
recall_loss,115,549,v115_s0549,0,90,False,1.0,
recall_loss,115,550,v115_s0550,0,80,False,1.0,
recall_loss,115,551,v115_s0551,0,70,False,1.0,
recall_loss,115,552,v115_s0552,0,70,False,1.0,
recall_loss,115,553,v115_s0553,0,58,False,1.0,
recall_loss,115,554,v115_s0554,0,41,False,1.0,
recall_loss,115,555,v115_s0555,0,45,False,1.0,
recall_loss,115,556,v115_s0556,0,58,False,1.0,
recall_loss,115,557,v115_s0557,0,65,False,1.0,
recall_loss,115,558,v115_s0558,0,49,False,1.0,
recall_loss,115,559,v115_s0559,0,25,False,1.0,
recall_loss,115,560,v115_s0560,0,35,False,1.0,
recall_loss,115,561,v115_s0561,0,33,False,1.0,
recall_loss,115,562,v115_s0562,0,27,False,1.0,
recall_loss,115,563,v115_s0563,0,18,False,1.0,
recall_loss,115,564,v115_s0564,0,17,False,1.0,
recall_loss,115,565,v115_s0565,0,2,False,0.693359375,
recall_loss,115,566,v115_s0566,0,30,False,1.0,
recall_loss,115,567,v115_s0567,0,36,False,1.0,
recall_loss,115,568,v115_s0568,0,30,False,1.0,
recall_loss,115,569,v115_s0569,0,18,False,1.0,
recall_loss,115,570,v115_s0570,0,4,False,0.87109375,
recall_loss,115,571,v115_s0571,0,0,False,0.0,
recall_loss,115,572,v115_s0572,0,0,False,0.0,
recall_loss,115,573,v115_s0573,0,0,False,0.0,
recall_loss,115,574,v115_s0574,0,0,False,0.0,
recall_loss,115,575,v115_s0575,0,0,False,0.0007596015930175781,
recall_loss,115,576,v115_s0576,0,0,False,0.0,
recall_loss,115,577,v115_s0577,0,0,False,0.0,
recall_loss,115,578,v115_s0578,0,0,False,0.0,
recall_loss,115,579,v115_s0579,0,0,False,0.0,
recall_loss,115,580,v115_s0580,0,0,False,0.0,
recall_loss,115,581,v115_s0581,0,0,False,0.0,
recall_loss,115,582,v115_s0582,0,0,False,0.0,
recall_loss,115,583,v115_s0583,0,0,False,0.0,
recall_loss,115,584,v115_s0584,0,0,False,0.0,
recall_loss,115,585,v115_s0585,0,0,False,0.0,
recall_loss,115,586,v115_s0586,0,0,False,0.0,
recall_loss,115,587,v115_s0587,0,0,False,0.0,
recall_loss,115,588,v115_s0588,0,0,False,0.0,
recall_loss,115,589,v115_s0589,0,0,False,0.0,
recall_loss,115,590,v115_s0590,0,0,False,0.0,
recall_loss,115,591,v115_s0591,0,0,False,0.0,
recall_loss,115,592,v115_s0592,0,0,False,0.0,
recall_loss,115,593,v115_s0593,0,0,False,0.0,
recall_loss,115,594,v115_s0594,0,0,False,0.0,
recall_loss,115,595,v115_s0595,0,0,False,0.0,
recall_loss,115,596,v115_s0596,0,0,False,0.0,
recall_loss,115,597,v115_s0597,0,0,False,0.0,
recall_loss,115,598,v115_s0598,0,0,False,0.0,
recall_loss,115,599,v115_s0599,0,0,False,0.0,
recall_loss,115,600,v115_s0600,0,15,False,0.99951171875,
recall_loss,115,601,v115_s0601,0,0,False,0.0,
recall_loss,115,602,v115_s0602,0,0,False,0.0,
recall_loss,115,603,v115_s0603,0,0,False,0.0,
recall_loss,115,604,v115_s0604,0,0,False,0.0,
recall_loss,115,605,v115_s0605,0,0,False,0.0,
recall_loss,115,606,v115_s0606,0,0,False,1.2516975402832031e-06,
recall_loss,115,607,v115_s0607,0,0,False,0.0,
recall_loss,115,608,v115_s0608,0,109,False,1.0,
recall_loss,115,609,v115_s0609,0,294,False,1.0,
recall_loss,115,610,v115_s0610,0,282,False,1.0,
recall_loss,115,611,v115_s0611,0,269,False,1.0,
recall_loss,115,612,v115_s0612,0,207,False,1.0,
recall_loss,115,613,v115_s0613,0,426,False,1.0,
recall_loss,115,614,v115_s0614,0,741,False,1.0,
recall_loss,115,615,v115_s0615,0,514,False,1.0,
recall_loss,115,616,v115_s0616,0,33,False,0.99609375,
recall_loss,115,617,v115_s0617,0,249,False,1.0,
recall_loss,115,618,v115_s0618,0,60,False,0.998046875,
recall_loss,115,619,v115_s0619,0,191,False,1.0,
recall_loss,115,620,v115_s0620,0,140,False,1.0,
recall_loss,115,621,v115_s0621,0,0,False,0.0,
recall_loss,115,622,v115_s0622,0,0,False,0.0,
recall_loss,115,623,v115_s0623,0,0,False,0.0,
recall_loss,115,624,v115_s0624,0,0,False,0.0,
recall_loss,115,625,v115_s0625,0,0,False,0.0,
recall_loss,115,626,v115_s0626,0,0,False,0.0,
recall_loss,115,627,v115_s0627,0,0,False,0.0,
recall_loss,115,628,v115_s0628,0,0,False,0.0,
recall_loss,115,629,v115_s0629,0,0,False,0.0,
recall_loss,115,630,v115_s0630,0,0,False,0.0,
recall_loss,115,631,v115_s0631,0,0,False,0.1678466796875,
recall_loss,115,632,v115_s0632,0,415,False,1.0,
recall_loss,115,633,v115_s0633,0,339,False,1.0,
recall_loss,115,634,v115_s0634,0,343,False,1.0,
recall_loss,115,635,v115_s0635,0,110,False,1.0,
recall_loss,115,636,v115_s0636,0,0,False,0.0,
recall_loss,115,637,v115_s0637,0,0,False,0.0,
recall_loss,115,638,v115_s0638,0,0,False,0.0,
recall_loss,115,639,v115_s0639,0,0,False,0.0,
recall_loss,115,640,v115_s0640,0,0,False,0.0,
recall_loss,115,641,v115_s0641,0,0,False,0.0,
recall_loss,115,642,v115_s0642,0,0,False,0.0,
recall_loss,115,643,v115_s0643,0,0,False,0.0,
recall_loss,115,644,v115_s0644,0,0,False,0.0,
recall_loss,115,645,v115_s0645,0,0,False,0.0,
recall_loss,115,646,v115_s0646,0,0,False,0.0,
recall_loss,115,647,v115_s0647,0,0,False,0.0,
recall_loss,115,648,v115_s0648,0,0,False,0.0,
recall_loss,115,649,v115_s0649,0,0,False,0.0,
recall_loss,115,650,v115_s0650,0,0,False,0.0,
recall_loss,115,651,v115_s0651,0,0,False,0.0,
recall_loss,115,652,v115_s0652,0,0,False,0.0,
recall_loss,115,653,v115_s0653,0,0,False,0.0,
recall_loss,115,654,v115_s0654,0,0,False,0.0,
recall_loss,115,655,v115_s0655,0,0,False,0.0,
recall_loss,115,656,v115_s0656,0,0,False,0.0,
recall_loss,115,657,v115_s0657,0,0,False,0.0,
recall_loss,115,658,v115_s0658,0,0,False,0.0,
recall_loss,115,659,v115_s0659,0,0,False,0.0,
recall_loss,115,660,v115_s0660,0,0,False,0.0,
recall_loss,115,661,v115_s0661,0,0,False,0.0,
recall_loss,115,662,v115_s0662,0,0,False,0.0,
recall_loss,115,663,v115_s0663,0,0,False,0.0,
recall_loss,115,664,v115_s0664,0,0,False,0.0,
recall_loss,115,665,v115_s0665,0,0,False,0.0,
recall_loss,115,666,v115_s0666,0,0,False,0.0,
recall_loss,115,667,v115_s0667,0,0,False,0.0,
recall_loss,115,668,v115_s0668,0,0,False,0.0,
recall_loss,115,669,v115_s0669,0,0,False,0.0,
recall_loss,115,670,v115_s0670,0,0,False,0.0,
recall_loss,115,671,v115_s0671,0,0,False,0.0,
recall_loss,115,672,v115_s0672,0,0,False,0.0,
recall_loss,115,673,v115_s0673,0,0,False,0.0,
recall_loss,115,674,v115_s0674,0,0,False,0.0,
recall_loss,115,675,v115_s0675,0,0,False,0.0,
recall_loss,115,676,v115_s0676,0,0,False,0.0,
recall_loss,115,677,v115_s0677,0,0,False,0.0,
recall_loss,115,678,v115_s0678,0,0,False,0.0,
recall_loss,115,679,v115_s0679,0,0,False,0.0,
recall_loss,115,680,v115_s0680,0,0,False,0.0,
recall_loss,115,681,v115_s0681,0,0,False,0.0,
recall_loss,115,682,v115_s0682,0,0,False,0.0,
recall_loss,115,683,v115_s0683,0,0,False,0.0,
recall_loss,115,684,v115_s0684,0,0,False,0.0,
recall_loss,115,685,v115_s0685,0,0,False,0.0,
recall_loss,115,686,v115_s0686,0,0,False,0.0,
recall_loss,115,687,v115_s0687,0,0,False,0.0,
recall_loss,115,688,v115_s0688,0,0,False,0.0,
recall_loss,115,689,v115_s0689,0,0,False,0.0,
recall_loss,115,690,v115_s0690,0,0,False,0.0,
recall_loss,115,691,v115_s0691,0,0,False,0.0,
recall_loss,115,692,v115_s0692,0,0,False,0.0,
recall_loss,115,693,v115_s0693,0,0,False,0.0,
recall_loss,115,694,v115_s0694,0,0,False,0.0,
recall_loss,115,695,v115_s0695,0,0,False,0.0,
recall_loss,115,696,v115_s0696,0,0,False,0.0,
recall_loss,115,697,v115_s0697,0,0,False,0.0,
recall_loss,115,698,v115_s0698,0,0,False,0.0,
recall_loss,115,699,v115_s0699,0,0,False,0.0,
recall_loss,115,700,v115_s0700,0,0,False,0.0,
recall_loss,115,701,v115_s0701,0,0,False,0.0,
recall_loss,115,702,v115_s0702,0,0,False,0.0,
recall_loss,115,703,v115_s0703,0,0,False,0.0,
recall_loss,115,704,v115_s0704,0,0,False,0.0,
recall_loss,115,705,v115_s0705,0,0,False,0.0,
recall_loss,115,706,v115_s0706,0,0,False,0.0,
recall_loss,115,707,v115_s0707,0,0,False,0.0,
recall_loss,115,708,v115_s0708,0,0,False,0.0,
recall_loss,115,709,v115_s0709,0,0,False,0.0,
recall_loss,115,710,v115_s0710,0,0,False,0.0,
recall_loss,115,711,v115_s0711,0,0,False,0.0,
recall_loss,115,712,v115_s0712,0,0,False,0.0,
recall_loss,115,713,v115_s0713,0,0,False,0.0,
recall_loss,115,714,v115_s0714,0,0,False,0.0,
recall_loss,115,715,v115_s0715,0,0,False,0.0,
recall_loss,115,716,v115_s0716,0,0,False,0.0,
recall_loss,115,717,v115_s0717,0,0,False,0.0,
recall_loss,115,718,v115_s0718,0,0,False,0.0,
recall_loss,115,719,v115_s0719,0,0,False,0.0,
recall_loss,115,720,v115_s0720,0,0,False,0.0,
recall_loss,115,721,v115_s0721,0,0,False,0.0,
recall_loss,115,722,v115_s0722,0,0,False,0.0,
recall_loss,115,723,v115_s0723,0,0,False,0.0,
recall_loss,115,724,v115_s0724,0,0,False,0.0,
recall_loss,115,725,v115_s0725,0,0,False,0.0,
recall_loss,115,726,v115_s0726,0,0,False,0.0,
recall_loss,115,727,v115_s0727,0,0,False,0.0,
recall_loss,115,728,v115_s0728,0,0,False,0.0,
recall_loss,115,729,v115_s0729,0,0,False,0.0,
recall_loss,115,730,v115_s0730,0,0,False,0.0,
recall_loss,115,731,v115_s0731,0,0,False,0.0,
recall_loss,115,732,v115_s0732,0,0,False,0.0,
recall_loss,115,733,v115_s0733,0,0,False,0.0,
recall_loss,115,734,v115_s0734,0,0,False,0.0,
recall_loss,115,735,v115_s0735,0,0,False,0.0,
recall_loss,115,736,v115_s0736,0,0,False,0.0,
recall_loss,115,737,v115_s0737,0,0,False,0.0,
recall_loss,115,738,v115_s0738,0,0,False,0.0,
recall_loss,115,739,v115_s0739,0,0,False,0.0,
recall_loss,115,740,v115_s0740,0,0,False,0.0,
recall_loss,115,741,v115_s0741,0,0,False,0.0,
recall_loss,115,742,v115_s0742,0,0,False,0.0,
recall_loss,115,743,v115_s0743,0,0,False,0.0,
recall_loss,115,744,v115_s0744,0,0,False,0.0,
recall_loss,115,745,v115_s0745,0,0,False,0.0,
recall_loss,115,746,v115_s0746,0,0,False,0.0,
recall_loss,115,747,v115_s0747,0,0,False,0.0,
recall_loss,115,748,v115_s0748,0,0,False,0.0,
recall_loss,115,749,v115_s0749,0,0,False,0.0,
recall_loss,115,750,v115_s0750,0,0,False,0.0,
recall_loss,115,751,v115_s0751,0,0,False,0.0,
recall_loss,115,752,v115_s0752,0,0,False,0.0,
recall_loss,115,753,v115_s0753,0,0,False,0.0,
recall_loss,115,754,v115_s0754,0,0,False,0.0,
recall_loss,115,755,v115_s0755,0,0,False,0.0,
recall_loss,115,756,v115_s0756,0,0,False,0.0,
recall_loss,115,757,v115_s0757,0,0,False,0.0,
recall_loss,115,758,v115_s0758,0,0,False,0.0,
recall_loss,115,759,v115_s0759,0,0,False,0.0,
recall_loss,115,760,v115_s0760,0,0,False,0.0,
recall_loss,115,761,v115_s0761,0,0,False,0.0,
recall_loss,115,762,v115_s0762,0,0,False,0.0,
recall_loss,115,763,v115_s0763,0,0,False,0.0,
recall_loss,115,764,v115_s0764,0,0,False,0.0,
recall_loss,115,765,v115_s0765,0,0,False,0.0,
recall_loss,115,766,v115_s0766,0,0,False,0.0,
recall_loss,115,767,v115_s0767,0,0,False,0.0,
recall_loss,115,768,v115_s0768,0,0,False,0.0,
recall_loss,115,769,v115_s0769,0,0,False,0.0,
recall_loss,115,770,v115_s0770,0,0,False,0.0,
recall_loss,115,771,v115_s0771,0,0,False,0.0,
recall_loss,115,772,v115_s0772,0,0,False,0.0,
recall_loss,115,773,v115_s0773,0,0,False,0.0,
recall_loss,115,774,v115_s0774,0,0,False,0.0,
recall_loss,115,775,v115_s0775,0,0,False,0.0,
recall_loss,115,776,v115_s0776,0,0,False,0.0,
recall_loss,115,777,v115_s0777,0,0,False,0.0,
recall_loss,115,778,v115_s0778,0,0,False,0.0,
recall_loss,115,779,v115_s0779,0,0,False,0.0,
recall_loss,115,780,v115_s0780,0,0,False,0.0,
recall_loss,115,781,v115_s0781,0,0,False,0.0,
recall_loss,115,782,v115_s0782,0,0,False,0.0,
recall_loss,115,783,v115_s0783,0,0,False,0.0,
recall_loss,115,784,v115_s0784,0,0,False,0.0,
recall_loss,115,785,v115_s0785,0,0,False,0.0,
recall_loss,115,786,v115_s0786,0,0,False,0.0,
recall_loss,115,787,v115_s0787,0,0,False,0.0,
recall_loss,115,788,v115_s0788,0,0,False,0.0,
recall_loss,115,789,v115_s0789,0,0,False,0.0,
recall_loss,115,790,v115_s0790,0,0,False,0.0,
recall_loss,115,791,v115_s0791,0,0,False,0.0,
recall_loss,115,792,v115_s0792,0,0,False,0.0,
recall_loss,115,793,v115_s0793,0,0,False,0.0,
recall_loss,115,794,v115_s0794,0,0,False,0.0,
recall_loss,115,795,v115_s0795,0,0,False,0.0,
recall_loss,115,796,v115_s0796,0,0,False,0.0,
recall_loss,115,797,v115_s0797,0,0,False,0.0,
recall_loss,115,798,v115_s0798,0,0,False,0.0,
recall_loss,115,799,v115_s0799,0,0,False,0.0,
recall_loss,115,800,v115_s0800,0,0,False,0.0,
recall_loss,115,801,v115_s0801,0,0,False,0.0,
recall_loss,115,802,v115_s0802,0,0,False,0.0,
recall_loss,115,803,v115_s0803,0,0,False,0.0,
recall_loss,115,804,v115_s0804,0,0,False,0.0,
recall_loss,115,805,v115_s0805,0,0,False,0.0,
recall_loss,115,806,v115_s0806,0,0,False,0.0,
recall_loss,115,807,v115_s0807,0,0,False,0.0,
recall_loss,115,808,v115_s0808,0,0,False,0.0,
recall_loss,115,809,v115_s0809,0,0,False,0.0,
recall_loss,115,810,v115_s0810,0,0,False,0.0,
recall_loss,115,811,v115_s0811,0,0,False,0.0,
recall_loss,115,812,v115_s0812,0,0,False,0.0,
recall_loss,115,813,v115_s0813,0,0,False,0.0,
recall_loss,115,814,v115_s0814,0,0,False,0.0,
recall_loss,115,815,v115_s0815,0,0,False,0.0,
recall_loss,115,816,v115_s0816,0,0,False,0.0,
recall_loss,115,817,v115_s0817,0,0,False,0.0,
recall_loss,115,818,v115_s0818,0,0,False,0.0,
recall_loss,115,819,v115_s0819,0,0,False,0.0,
recall_loss,115,820,v115_s0820,0,0,False,0.0,
recall_loss,115,821,v115_s0821,0,0,False,0.0,
recall_loss,115,822,v115_s0822,0,0,False,0.0,
recall_loss,115,823,v115_s0823,0,0,False,0.0,
recall_loss,115,824,v115_s0824,0,0,False,0.0,
recall_loss,115,825,v115_s0825,0,0,False,0.0,
recall_loss,115,826,v115_s0826,0,0,False,0.0,
recall_loss,115,827,v115_s0827,0,0,False,0.0,
recall_loss,115,828,v115_s0828,0,0,False,0.0,
recall_loss,115,829,v115_s0829,0,0,False,0.0,
recall_loss,115,830,v115_s0830,0,0,False,0.0,
recall_loss,115,831,v115_s0831,0,0,False,0.0,
recall_loss,115,832,v115_s0832,0,0,False,0.0,
recall_loss,115,833,v115_s0833,0,0,False,0.0,
recall_loss,115,834,v115_s0834,0,0,False,0.0,
recall_loss,115,835,v115_s0835,0,0,False,0.0,
recall_loss,115,836,v115_s0836,0,0,False,0.0,
recall_loss,115,837,v115_s0837,0,0,False,0.0,
recall_loss,115,838,v115_s0838,0,0,False,0.0,
recall_loss,115,839,v115_s0839,0,0,False,0.0,
recall_loss,115,840,v115_s0840,0,0,False,0.0,
recall_loss,115,841,v115_s0841,0,0,False,0.0,
recall_loss,115,842,v115_s0842,0,0,False,0.0,
recall_loss,115,843,v115_s0843,0,0,False,0.0,
recall_loss,115,844,v115_s0844,0,0,False,0.0,
recall_loss,115,845,v115_s0845,0,0,False,0.0,
recall_loss,116,0,v116_s0000,0,0,False,0.0,
recall_loss,116,1,v116_s0001,0,0,False,0.0,
recall_loss,116,2,v116_s0002,0,0,False,0.0,
recall_loss,116,3,v116_s0003,0,0,False,0.0,
recall_loss,116,4,v116_s0004,0,0,False,0.0,
recall_loss,116,5,v116_s0005,0,0,False,0.0,
recall_loss,116,6,v116_s0006,0,0,False,0.0,
recall_loss,116,7,v116_s0007,0,0,False,0.0,
recall_loss,116,8,v116_s0008,0,0,False,0.0,
recall_loss,116,9,v116_s0009,0,0,False,0.0,
recall_loss,116,10,v116_s0010,0,0,False,0.0,
recall_loss,116,11,v116_s0011,0,0,False,0.0,
recall_loss,116,12,v116_s0012,0,0,False,0.0,
recall_loss,116,13,v116_s0013,0,0,False,0.0,
recall_loss,116,14,v116_s0014,0,0,False,0.0,
recall_loss,116,15,v116_s0015,0,0,False,0.0,
recall_loss,116,16,v116_s0016,0,0,False,0.0,
recall_loss,116,17,v116_s0017,0,0,False,0.0,
recall_loss,116,18,v116_s0018,0,0,False,0.0,
recall_loss,116,19,v116_s0019,0,0,False,0.0,
recall_loss,116,20,v116_s0020,0,0,False,0.0,
recall_loss,116,21,v116_s0021,0,0,False,0.0,
recall_loss,116,22,v116_s0022,0,0,False,0.0,
recall_loss,116,23,v116_s0023,0,0,False,0.0,
recall_loss,116,24,v116_s0024,0,0,False,0.0,
recall_loss,116,25,v116_s0025,0,0,False,0.0,
recall_loss,116,26,v116_s0026,0,0,False,0.0,
recall_loss,116,27,v116_s0027,0,0,False,0.0,
recall_loss,116,28,v116_s0028,0,0,False,0.0,
recall_loss,116,29,v116_s0029,0,0,False,0.0,
recall_loss,116,30,v116_s0030,0,0,False,0.0,
recall_loss,116,31,v116_s0031,0,0,False,0.0,
recall_loss,116,32,v116_s0032,0,0,False,0.0,
recall_loss,116,33,v116_s0033,0,0,False,0.0,
recall_loss,116,34,v116_s0034,0,0,False,0.0,
recall_loss,116,35,v116_s0035,0,0,False,0.0,
recall_loss,116,36,v116_s0036,0,0,False,0.0,
recall_loss,116,37,v116_s0037,0,0,False,0.0,
recall_loss,116,38,v116_s0038,0,0,False,0.0,
recall_loss,116,39,v116_s0039,0,0,False,0.0,
recall_loss,116,40,v116_s0040,0,0,False,0.0,
recall_loss,116,41,v116_s0041,0,0,False,0.0,
recall_loss,116,42,v116_s0042,0,0,False,0.0,
recall_loss,116,43,v116_s0043,0,0,False,0.0,
recall_loss,116,44,v116_s0044,0,0,False,0.0,
recall_loss,116,45,v116_s0045,0,0,False,0.0,
recall_loss,116,46,v116_s0046,0,0,False,0.0,
recall_loss,116,47,v116_s0047,0,0,False,0.0,
recall_loss,116,48,v116_s0048,0,0,False,0.0,
recall_loss,116,49,v116_s0049,0,0,False,0.0,
recall_loss,116,50,v116_s0050,0,0,False,0.0,
recall_loss,116,51,v116_s0051,0,0,False,0.0,
recall_loss,116,52,v116_s0052,0,0,False,0.0,
recall_loss,116,53,v116_s0053,0,0,False,0.0,
recall_loss,116,54,v116_s0054,0,0,False,0.0,
recall_loss,116,55,v116_s0055,0,0,False,0.0,
recall_loss,116,56,v116_s0056,0,0,False,0.0,
recall_loss,116,57,v116_s0057,0,0,False,0.0,
recall_loss,116,58,v116_s0058,0,0,False,0.0,
recall_loss,116,59,v116_s0059,0,0,False,0.0,
recall_loss,116,60,v116_s0060,0,0,False,0.0,
recall_loss,116,61,v116_s0061,0,0,False,0.0,
recall_loss,116,62,v116_s0062,0,0,False,0.0,
recall_loss,116,63,v116_s0063,0,0,False,0.0,
recall_loss,116,64,v116_s0064,0,0,False,0.0,
recall_loss,116,65,v116_s0065,0,0,False,0.0,
recall_loss,116,66,v116_s0066,0,0,False,0.0,
recall_loss,116,67,v116_s0067,0,0,False,0.0,
recall_loss,116,68,v116_s0068,0,0,False,0.0,
recall_loss,116,69,v116_s0069,0,0,False,0.0,
recall_loss,116,70,v116_s0070,0,0,False,0.0,
recall_loss,116,71,v116_s0071,0,0,False,0.0,
recall_loss,116,72,v116_s0072,0,0,False,0.0,
recall_loss,116,73,v116_s0073,0,0,False,0.0,
recall_loss,116,74,v116_s0074,0,0,False,0.0,
recall_loss,116,75,v116_s0075,0,0,False,0.0,
recall_loss,116,76,v116_s0076,0,0,False,0.0,
recall_loss,116,77,v116_s0077,0,0,False,0.0,
recall_loss,116,78,v116_s0078,0,0,False,0.0,
recall_loss,116,79,v116_s0079,0,0,False,0.0,
recall_loss,116,80,v116_s0080,0,0,False,0.0,
recall_loss,116,81,v116_s0081,0,0,False,0.0,
recall_loss,116,82,v116_s0082,0,0,False,0.0,
recall_loss,116,83,v116_s0083,0,0,False,0.0,
recall_loss,116,84,v116_s0084,0,0,False,0.0,
recall_loss,116,85,v116_s0085,0,0,False,0.0,
recall_loss,116,86,v116_s0086,0,0,False,0.0,
recall_loss,116,87,v116_s0087,0,0,False,0.0,
recall_loss,116,88,v116_s0088,0,0,False,0.0,
recall_loss,116,89,v116_s0089,0,0,False,0.0,
recall_loss,116,90,v116_s0090,0,0,False,0.0,
recall_loss,116,91,v116_s0091,0,0,False,0.0,
recall_loss,116,92,v116_s0092,0,0,False,0.0,
recall_loss,116,93,v116_s0093,0,0,False,0.0,
recall_loss,116,94,v116_s0094,0,0,False,0.0,
recall_loss,116,95,v116_s0095,0,0,False,0.0,
recall_loss,116,96,v116_s0096,0,0,False,0.0,
recall_loss,116,97,v116_s0097,0,0,False,0.0,
recall_loss,116,98,v116_s0098,0,0,False,0.0,
recall_loss,116,99,v116_s0099,0,0,False,0.0,
recall_loss,116,100,v116_s0100,0,0,False,0.0,
recall_loss,116,101,v116_s0101,0,0,False,0.0,
recall_loss,116,102,v116_s0102,0,0,False,0.0,
recall_loss,116,103,v116_s0103,0,0,False,0.0,
recall_loss,116,104,v116_s0104,0,0,False,0.0,
recall_loss,116,105,v116_s0105,0,0,False,0.0,
recall_loss,116,106,v116_s0106,0,0,False,0.0,
recall_loss,116,107,v116_s0107,0,0,False,0.0,
recall_loss,116,108,v116_s0108,0,0,False,0.0,
recall_loss,116,109,v116_s0109,0,0,False,0.0,
recall_loss,116,110,v116_s0110,0,0,False,0.0,
recall_loss,116,111,v116_s0111,0,0,False,0.0,
recall_loss,116,112,v116_s0112,0,0,False,0.0,
recall_loss,116,113,v116_s0113,0,0,False,0.0,
recall_loss,116,114,v116_s0114,0,0,False,0.0,
recall_loss,116,115,v116_s0115,0,0,False,0.0,
recall_loss,116,116,v116_s0116,0,0,False,0.0,
recall_loss,116,117,v116_s0117,0,0,False,0.0,
recall_loss,116,118,v116_s0118,0,0,False,0.0,
recall_loss,116,119,v116_s0119,0,0,False,0.0,
recall_loss,116,120,v116_s0120,0,0,False,0.0,
recall_loss,116,121,v116_s0121,0,0,False,0.0,
recall_loss,116,122,v116_s0122,0,0,False,0.0,
recall_loss,116,123,v116_s0123,0,0,False,0.0,
recall_loss,116,124,v116_s0124,0,0,False,0.0,
recall_loss,116,125,v116_s0125,0,0,False,0.0,
recall_loss,116,126,v116_s0126,0,0,False,0.0,
recall_loss,116,127,v116_s0127,0,0,False,0.0,
recall_loss,116,128,v116_s0128,0,0,False,0.0,
recall_loss,116,129,v116_s0129,0,0,False,0.0,
recall_loss,116,130,v116_s0130,0,0,False,0.0,
recall_loss,116,131,v116_s0131,0,0,False,0.0,
recall_loss,116,132,v116_s0132,0,0,False,0.0,
recall_loss,116,133,v116_s0133,0,0,False,0.0,
recall_loss,116,134,v116_s0134,0,0,False,0.0,
recall_loss,116,135,v116_s0135,0,0,False,0.0,
recall_loss,116,136,v116_s0136,0,0,False,0.0,
recall_loss,116,137,v116_s0137,0,0,False,0.0,
recall_loss,116,138,v116_s0138,0,0,False,0.0,
recall_loss,116,139,v116_s0139,0,0,False,0.0,
recall_loss,116,140,v116_s0140,0,0,False,0.0,
recall_loss,116,141,v116_s0141,0,0,False,0.0,
recall_loss,116,142,v116_s0142,0,0,False,0.0,
recall_loss,116,143,v116_s0143,0,0,False,0.0,
recall_loss,116,144,v116_s0144,0,0,False,0.0,
recall_loss,116,145,v116_s0145,0,0,False,0.0,
recall_loss,116,146,v116_s0146,0,0,False,0.0,
recall_loss,116,147,v116_s0147,0,0,False,0.0,
recall_loss,116,148,v116_s0148,0,0,False,0.0,
recall_loss,116,149,v116_s0149,0,0,False,0.0,
recall_loss,116,150,v116_s0150,0,0,False,0.0,
recall_loss,116,151,v116_s0151,0,0,False,0.0,
recall_loss,116,152,v116_s0152,0,0,False,0.0,
recall_loss,116,153,v116_s0153,0,0,False,0.0,
recall_loss,116,154,v116_s0154,0,0,False,0.0,
recall_loss,116,155,v116_s0155,0,0,False,0.0,
recall_loss,116,156,v116_s0156,0,0,False,0.0,
recall_loss,116,157,v116_s0157,0,0,False,0.0,
recall_loss,116,158,v116_s0158,0,0,False,0.0,
recall_loss,116,159,v116_s0159,0,0,False,0.0,
recall_loss,116,160,v116_s0160,0,0,False,0.0,
recall_loss,116,161,v116_s0161,0,0,False,0.0,
recall_loss,116,162,v116_s0162,0,0,False,0.0,
recall_loss,116,163,v116_s0163,0,0,False,0.0,
recall_loss,116,164,v116_s0164,0,0,False,0.0,
recall_loss,116,165,v116_s0165,0,0,False,0.0,
recall_loss,116,166,v116_s0166,0,0,False,0.0,
recall_loss,116,167,v116_s0167,0,0,False,0.0,
recall_loss,116,168,v116_s0168,0,0,False,0.0,
recall_loss,116,169,v116_s0169,0,0,False,0.0,
recall_loss,116,170,v116_s0170,0,0,False,0.0,
recall_loss,116,171,v116_s0171,0,0,False,0.0,
recall_loss,116,172,v116_s0172,0,0,False,0.0,
recall_loss,116,173,v116_s0173,0,0,False,0.0,
recall_loss,116,174,v116_s0174,0,0,False,0.0,
recall_loss,116,175,v116_s0175,0,0,False,0.0,
recall_loss,116,176,v116_s0176,0,0,False,0.0,
recall_loss,116,177,v116_s0177,0,0,False,0.0,
recall_loss,116,178,v116_s0178,0,0,False,0.0,
recall_loss,116,179,v116_s0179,0,0,False,0.0,
recall_loss,116,180,v116_s0180,0,0,False,0.0,
recall_loss,116,181,v116_s0181,0,0,False,0.0,
recall_loss,116,182,v116_s0182,0,0,False,0.0,
recall_loss,116,183,v116_s0183,0,0,False,0.0,
recall_loss,116,184,v116_s0184,0,0,False,0.0,
recall_loss,116,185,v116_s0185,0,0,False,0.0,
recall_loss,116,186,v116_s0186,0,0,False,0.0,
recall_loss,116,187,v116_s0187,0,0,False,0.0,
recall_loss,116,188,v116_s0188,0,0,False,0.0,
recall_loss,116,189,v116_s0189,0,0,False,0.0,
recall_loss,116,190,v116_s0190,0,0,False,0.0,
recall_loss,116,191,v116_s0191,0,0,False,0.0,
recall_loss,116,192,v116_s0192,0,0,False,0.0,
recall_loss,116,193,v116_s0193,0,0,False,0.0,
recall_loss,116,194,v116_s0194,0,0,False,0.0,
recall_loss,116,195,v116_s0195,0,0,False,0.0,
recall_loss,116,196,v116_s0196,0,0,False,0.0,
recall_loss,116,197,v116_s0197,0,0,False,0.0,
recall_loss,116,198,v116_s0198,0,0,False,0.0,
recall_loss,116,199,v116_s0199,0,0,False,0.0,
recall_loss,116,200,v116_s0200,0,0,False,0.0,
recall_loss,116,201,v116_s0201,0,0,False,0.0,
recall_loss,116,202,v116_s0202,0,0,False,0.0,
recall_loss,116,203,v116_s0203,0,0,False,0.0,
recall_loss,116,204,v116_s0204,0,0,False,0.0,
recall_loss,116,205,v116_s0205,0,0,False,0.0,
recall_loss,116,206,v116_s0206,0,0,False,0.0,
recall_loss,116,207,v116_s0207,0,0,False,0.0,
recall_loss,116,208,v116_s0208,0,0,False,0.0,
recall_loss,116,209,v116_s0209,0,0,False,0.0,
recall_loss,116,210,v116_s0210,0,0,False,0.0,
recall_loss,116,211,v116_s0211,0,0,False,0.0,
recall_loss,116,212,v116_s0212,0,0,False,0.0,
recall_loss,116,213,v116_s0213,0,0,False,0.0,
recall_loss,116,214,v116_s0214,0,0,False,0.0,
recall_loss,116,215,v116_s0215,0,0,False,0.0,
recall_loss,116,216,v116_s0216,0,0,False,0.0,
recall_loss,116,217,v116_s0217,0,0,False,0.0,
recall_loss,116,218,v116_s0218,0,0,False,0.0,
recall_loss,116,219,v116_s0219,0,0,False,0.0,
recall_loss,116,220,v116_s0220,0,0,False,0.0,
recall_loss,116,221,v116_s0221,0,0,False,0.0,
recall_loss,116,222,v116_s0222,0,0,False,0.0,
recall_loss,116,223,v116_s0223,0,0,False,0.0,
recall_loss,116,224,v116_s0224,0,0,False,0.0,
recall_loss,116,225,v116_s0225,0,0,False,0.0,
recall_loss,116,226,v116_s0226,0,0,False,0.0,
recall_loss,116,227,v116_s0227,0,0,False,0.0,
recall_loss,116,228,v116_s0228,0,0,False,0.0,
recall_loss,116,229,v116_s0229,0,0,False,0.0,
recall_loss,116,230,v116_s0230,0,0,False,0.0,
recall_loss,116,231,v116_s0231,0,0,False,0.0,
recall_loss,116,232,v116_s0232,0,0,False,0.0,
recall_loss,116,233,v116_s0233,0,0,False,0.0,
recall_loss,116,234,v116_s0234,0,0,False,0.0,
recall_loss,116,235,v116_s0235,0,0,False,0.0,
recall_loss,116,236,v116_s0236,0,0,False,0.0,
recall_loss,116,237,v116_s0237,0,0,False,0.0,
recall_loss,116,238,v116_s0238,0,0,False,0.0,
recall_loss,116,239,v116_s0239,0,0,False,0.0,
recall_loss,116,240,v116_s0240,0,0,False,0.0,
recall_loss,116,241,v116_s0241,0,0,False,0.0,
recall_loss,116,242,v116_s0242,0,0,False,0.0,
recall_loss,116,243,v116_s0243,0,0,False,0.0,
recall_loss,116,244,v116_s0244,0,0,False,0.0,
recall_loss,116,245,v116_s0245,0,0,False,0.0,
recall_loss,116,246,v116_s0246,0,0,False,0.0,
recall_loss,116,247,v116_s0247,0,0,False,0.0,
recall_loss,116,248,v116_s0248,0,0,False,0.0,
recall_loss,116,249,v116_s0249,0,0,False,0.0,
recall_loss,116,250,v116_s0250,0,0,False,0.0,
recall_loss,116,251,v116_s0251,0,0,False,0.0,
recall_loss,116,252,v116_s0252,0,0,False,0.0,
recall_loss,116,253,v116_s0253,0,0,False,0.0,
recall_loss,116,254,v116_s0254,0,0,False,0.0,
recall_loss,116,255,v116_s0255,0,0,False,0.0,
recall_loss,116,256,v116_s0256,0,0,False,0.0,
recall_loss,116,257,v116_s0257,0,0,False,0.0,
recall_loss,116,258,v116_s0258,0,0,False,0.0,
recall_loss,116,259,v116_s0259,0,0,False,0.0,
recall_loss,116,260,v116_s0260,0,0,False,0.0,
recall_loss,116,261,v116_s0261,0,0,False,0.0,
recall_loss,116,262,v116_s0262,0,0,False,0.0,
recall_loss,116,263,v116_s0263,0,0,False,0.0,
recall_loss,116,264,v116_s0264,0,0,False,0.0,
recall_loss,116,265,v116_s0265,0,0,False,0.0,
recall_loss,116,266,v116_s0266,0,0,False,0.0,
recall_loss,116,267,v116_s0267,0,0,False,0.0,
recall_loss,116,268,v116_s0268,0,0,False,0.0,
recall_loss,116,269,v116_s0269,0,0,False,0.0,
recall_loss,116,270,v116_s0270,0,0,False,0.0,
recall_loss,116,271,v116_s0271,0,0,False,0.0,
recall_loss,116,272,v116_s0272,0,0,False,0.0,
recall_loss,116,273,v116_s0273,0,0,False,0.0,
recall_loss,116,274,v116_s0274,0,0,False,0.0,
recall_loss,116,275,v116_s0275,0,0,False,0.0,
recall_loss,116,276,v116_s0276,0,0,False,0.0,
recall_loss,116,277,v116_s0277,0,0,False,0.0,
recall_loss,116,278,v116_s0278,0,0,False,0.0,
recall_loss,116,279,v116_s0279,0,0,False,0.0,
recall_loss,116,280,v116_s0280,0,0,False,0.0,
recall_loss,116,281,v116_s0281,0,0,False,0.0,
recall_loss,116,282,v116_s0282,0,0,False,0.0,
recall_loss,116,283,v116_s0283,0,0,False,0.0,
recall_loss,116,284,v116_s0284,0,0,False,0.0,
recall_loss,116,285,v116_s0285,0,0,False,0.0,
recall_loss,116,286,v116_s0286,0,0,False,0.0,
recall_loss,116,287,v116_s0287,0,0,False,0.0,
recall_loss,116,288,v116_s0288,0,0,False,0.0,
recall_loss,116,289,v116_s0289,0,0,False,0.0,
recall_loss,116,290,v116_s0290,0,0,False,0.0,
recall_loss,116,291,v116_s0291,0,0,False,0.0,
recall_loss,116,292,v116_s0292,0,0,False,0.0,
recall_loss,116,293,v116_s0293,0,0,False,0.0,
recall_loss,116,294,v116_s0294,0,0,False,0.0,
recall_loss,116,295,v116_s0295,0,0,False,0.0,
recall_loss,116,296,v116_s0296,0,0,False,0.0,
recall_loss,116,297,v116_s0297,0,0,False,0.0,
recall_loss,116,298,v116_s0298,0,0,False,0.0,
recall_loss,116,299,v116_s0299,0,0,False,0.0,
recall_loss,116,300,v116_s0300,0,0,False,0.0,
recall_loss,116,301,v116_s0301,0,0,False,0.0,
recall_loss,116,302,v116_s0302,0,0,False,0.0,
recall_loss,116,303,v116_s0303,0,0,False,0.0,
recall_loss,116,304,v116_s0304,0,0,False,0.0,
recall_loss,116,305,v116_s0305,0,0,False,0.0,
recall_loss,116,306,v116_s0306,0,0,False,0.0,
recall_loss,116,307,v116_s0307,0,0,False,0.0,
recall_loss,116,308,v116_s0308,0,0,False,0.0,
recall_loss,116,309,v116_s0309,0,0,False,0.0,
recall_loss,116,310,v116_s0310,0,0,False,0.0,
recall_loss,116,311,v116_s0311,0,0,False,0.0,
recall_loss,116,312,v116_s0312,0,0,False,0.0,
recall_loss,116,313,v116_s0313,0,0,False,0.0,
recall_loss,116,314,v116_s0314,0,0,False,0.0,
recall_loss,116,315,v116_s0315,0,0,False,0.0,
recall_loss,116,316,v116_s0316,0,0,False,0.0,
recall_loss,116,317,v116_s0317,0,0,False,0.0,
recall_loss,116,318,v116_s0318,0,0,False,0.0,
recall_loss,116,319,v116_s0319,0,0,False,0.0,
recall_loss,116,320,v116_s0320,0,0,False,0.0,
recall_loss,116,321,v116_s0321,0,0,False,0.0,
recall_loss,116,322,v116_s0322,0,0,False,0.0,
recall_loss,116,323,v116_s0323,0,0,False,0.0,
recall_loss,116,324,v116_s0324,0,0,False,0.0,
recall_loss,116,325,v116_s0325,0,0,False,0.0,
recall_loss,116,326,v116_s0326,0,0,False,0.0,
recall_loss,116,327,v116_s0327,0,0,False,0.0,
recall_loss,116,328,v116_s0328,0,0,False,0.0,
recall_loss,116,329,v116_s0329,0,0,False,0.0,
recall_loss,116,330,v116_s0330,0,0,False,0.0,
recall_loss,116,331,v116_s0331,0,0,False,0.0,
recall_loss,116,332,v116_s0332,0,0,False,0.0,
recall_loss,116,333,v116_s0333,0,0,False,0.0,
recall_loss,116,334,v116_s0334,0,0,False,0.0,
recall_loss,116,335,v116_s0335,0,0,False,0.0,
recall_loss,116,336,v116_s0336,0,0,False,0.0,
recall_loss,116,337,v116_s0337,0,0,False,0.0,
recall_loss,116,338,v116_s0338,0,0,False,0.0,
recall_loss,116,339,v116_s0339,0,0,False,0.0,
recall_loss,116,340,v116_s0340,0,0,False,0.0,
recall_loss,116,341,v116_s0341,0,0,False,0.0,
recall_loss,116,342,v116_s0342,0,0,False,0.0,
recall_loss,116,343,v116_s0343,0,0,False,0.0,
recall_loss,116,344,v116_s0344,0,0,False,0.0,
recall_loss,116,345,v116_s0345,0,0,False,0.0,
recall_loss,116,346,v116_s0346,0,0,False,0.0,
recall_loss,116,347,v116_s0347,0,0,False,0.0,
recall_loss,116,348,v116_s0348,0,0,False,0.0,
recall_loss,116,349,v116_s0349,0,0,False,0.0,
recall_loss,116,350,v116_s0350,0,0,False,0.0,
recall_loss,116,351,v116_s0351,0,0,False,0.0,
recall_loss,116,352,v116_s0352,0,0,False,0.0,
recall_loss,116,353,v116_s0353,0,0,False,0.0,
recall_loss,116,354,v116_s0354,0,0,False,0.0,
recall_loss,116,355,v116_s0355,0,0,False,0.0,
recall_loss,116,356,v116_s0356,0,0,False,0.0,
recall_loss,116,357,v116_s0357,0,0,False,0.0,
recall_loss,116,358,v116_s0358,0,0,False,0.0,
recall_loss,116,359,v116_s0359,0,0,False,0.0,
recall_loss,116,360,v116_s0360,0,0,False,0.0,
recall_loss,116,361,v116_s0361,0,0,False,0.0,
recall_loss,116,362,v116_s0362,0,0,False,0.0,
recall_loss,116,363,v116_s0363,0,0,False,0.0,
recall_loss,116,364,v116_s0364,0,0,False,0.0,
recall_loss,116,365,v116_s0365,0,0,False,0.0,
recall_loss,116,366,v116_s0366,0,0,False,0.0,
recall_loss,116,367,v116_s0367,0,0,False,0.0,
recall_loss,116,368,v116_s0368,0,0,False,0.0,
recall_loss,116,369,v116_s0369,0,0,False,0.0,
recall_loss,116,370,v116_s0370,0,0,False,0.0,
recall_loss,116,371,v116_s0371,0,0,False,0.0,
recall_loss,116,372,v116_s0372,0,0,False,0.0,
recall_loss,116,373,v116_s0373,0,0,False,0.0,
recall_loss,116,374,v116_s0374,0,0,False,0.0,
recall_loss,116,375,v116_s0375,0,0,False,0.0,
recall_loss,116,376,v116_s0376,0,0,False,0.0,
recall_loss,116,377,v116_s0377,0,0,False,0.0,
recall_loss,116,378,v116_s0378,0,0,False,0.0,
recall_loss,116,379,v116_s0379,0,0,False,0.0,
recall_loss,116,380,v116_s0380,0,0,False,0.0,
recall_loss,116,381,v116_s0381,0,0,False,0.0,
recall_loss,116,382,v116_s0382,0,0,False,0.0,
recall_loss,116,383,v116_s0383,0,0,False,0.0,
recall_loss,116,384,v116_s0384,0,0,False,0.0,
recall_loss,116,385,v116_s0385,0,0,False,0.0,
recall_loss,116,386,v116_s0386,0,0,False,0.0,
recall_loss,116,387,v116_s0387,0,0,False,0.0,
recall_loss,116,388,v116_s0388,0,0,False,0.0,
recall_loss,116,389,v116_s0389,0,0,False,0.0,
recall_loss,116,390,v116_s0390,0,0,False,0.0,
recall_loss,116,391,v116_s0391,0,0,False,0.0,
recall_loss,116,392,v116_s0392,0,0,False,0.0,
recall_loss,116,393,v116_s0393,0,0,False,0.0,
recall_loss,116,394,v116_s0394,0,0,False,0.0,
recall_loss,116,395,v116_s0395,0,0,False,0.0,
recall_loss,116,396,v116_s0396,0,0,False,0.0,
recall_loss,116,397,v116_s0397,0,0,False,0.0,
recall_loss,116,398,v116_s0398,0,0,False,0.0,
recall_loss,116,399,v116_s0399,0,0,False,0.0,
recall_loss,116,400,v116_s0400,0,0,False,0.0,
recall_loss,116,401,v116_s0401,0,0,False,0.0,
recall_loss,116,402,v116_s0402,0,0,False,0.0,
recall_loss,116,403,v116_s0403,0,0,False,0.0,
recall_loss,116,404,v116_s0404,0,0,False,0.0,
recall_loss,116,405,v116_s0405,0,0,False,0.0,
recall_loss,116,406,v116_s0406,0,0,False,0.0,
recall_loss,116,407,v116_s0407,0,0,False,0.0,
recall_loss,116,408,v116_s0408,0,0,False,0.0,
recall_loss,116,409,v116_s0409,0,0,False,0.0,
recall_loss,116,410,v116_s0410,0,0,False,0.0,
recall_loss,116,411,v116_s0411,0,0,False,0.0,
recall_loss,116,412,v116_s0412,0,0,False,0.0,
recall_loss,116,413,v116_s0413,0,0,False,0.0,
recall_loss,116,414,v116_s0414,0,0,False,0.0,
recall_loss,116,415,v116_s0415,0,0,False,0.0,
recall_loss,116,416,v116_s0416,0,0,False,0.0,
recall_loss,116,417,v116_s0417,0,0,False,0.0,
recall_loss,116,418,v116_s0418,0,0,False,0.0,
recall_loss,116,419,v116_s0419,0,0,False,0.0,
recall_loss,116,420,v116_s0420,0,0,False,0.0,
recall_loss,116,421,v116_s0421,0,0,False,0.0,
recall_loss,116,422,v116_s0422,0,0,False,0.0,
recall_loss,116,423,v116_s0423,0,0,False,0.0,
recall_loss,116,424,v116_s0424,0,0,False,0.0,
recall_loss,116,425,v116_s0425,0,0,False,0.0,
recall_loss,116,426,v116_s0426,0,0,False,0.0,
recall_loss,116,427,v116_s0427,0,0,False,0.0,
recall_loss,116,428,v116_s0428,0,0,False,0.0,
recall_loss,116,429,v116_s0429,0,0,False,0.0,
recall_loss,116,430,v116_s0430,0,0,False,0.0,
recall_loss,116,431,v116_s0431,0,0,False,0.0,
recall_loss,116,432,v116_s0432,0,0,False,0.0,
recall_loss,116,433,v116_s0433,0,0,False,0.0,
recall_loss,116,434,v116_s0434,0,0,False,0.0,
recall_loss,116,435,v116_s0435,0,0,False,0.0,
recall_loss,116,436,v116_s0436,0,0,False,0.0,
recall_loss,116,437,v116_s0437,0,0,False,0.0,
recall_loss,116,438,v116_s0438,0,0,False,0.0,
recall_loss,116,439,v116_s0439,0,0,False,0.0,
recall_loss,116,440,v116_s0440,0,0,False,0.0,
recall_loss,116,441,v116_s0441,0,0,False,0.0,
recall_loss,116,442,v116_s0442,0,0,False,0.0,
recall_loss,116,443,v116_s0443,0,0,False,0.0,
recall_loss,116,444,v116_s0444,0,0,False,0.0,
recall_loss,116,445,v116_s0445,0,0,False,0.0,
recall_loss,116,446,v116_s0446,0,0,False,0.0,
recall_loss,116,447,v116_s0447,0,0,False,0.0,
recall_loss,116,448,v116_s0448,0,0,False,0.0,
recall_loss,116,449,v116_s0449,0,0,False,0.0,
recall_loss,116,450,v116_s0450,0,0,False,0.0,
recall_loss,116,451,v116_s0451,0,0,False,0.0,
recall_loss,116,452,v116_s0452,0,0,False,0.0,
recall_loss,116,453,v116_s0453,0,0,False,0.0,
recall_loss,116,454,v116_s0454,0,0,False,0.0,
recall_loss,116,455,v116_s0455,0,0,False,0.0,
recall_loss,116,456,v116_s0456,0,0,False,0.0,
recall_loss,116,457,v116_s0457,0,0,False,0.0,
recall_loss,116,458,v116_s0458,0,0,False,0.0,
recall_loss,116,459,v116_s0459,0,0,False,0.0,
recall_loss,116,460,v116_s0460,0,0,False,0.0,
recall_loss,116,461,v116_s0461,0,0,False,0.0,
recall_loss,116,462,v116_s0462,0,0,False,0.0,
recall_loss,116,463,v116_s0463,0,0,False,0.0,
recall_loss,116,464,v116_s0464,0,0,False,0.0,
recall_loss,116,465,v116_s0465,0,0,False,0.0,
recall_loss,116,466,v116_s0466,0,0,False,0.0,
recall_loss,116,467,v116_s0467,0,0,False,0.0,
recall_loss,116,468,v116_s0468,0,0,False,0.0,
recall_loss,116,469,v116_s0469,0,0,False,0.0,
recall_loss,116,470,v116_s0470,0,0,False,0.0,
recall_loss,116,471,v116_s0471,0,0,False,0.0,
recall_loss,116,472,v116_s0472,0,0,False,0.0,
recall_loss,116,473,v116_s0473,0,0,False,0.0,
recall_loss,116,474,v116_s0474,0,0,False,0.0,
recall_loss,116,475,v116_s0475,0,0,False,0.0,
recall_loss,116,476,v116_s0476,0,0,False,0.0,
recall_loss,116,477,v116_s0477,0,0,False,0.0,
recall_loss,116,478,v116_s0478,0,0,False,0.0,
recall_loss,116,479,v116_s0479,0,0,False,0.0,
recall_loss,116,480,v116_s0480,0,0,False,0.0,
recall_loss,116,481,v116_s0481,0,0,False,0.0,
recall_loss,116,482,v116_s0482,0,0,False,0.0,
recall_loss,116,483,v116_s0483,0,0,False,0.1171875,
recall_loss,116,484,v116_s0484,0,0,False,0.0,
recall_loss,116,485,v116_s0485,0,0,False,0.0,
recall_loss,116,486,v116_s0486,0,0,False,5.960464477539063e-08,
recall_loss,116,487,v116_s0487,0,66,False,1.0,
recall_loss,116,488,v116_s0488,0,28,False,0.99951171875,
recall_loss,116,489,v116_s0489,0,100,False,1.0,
recall_loss,116,490,v116_s0490,0,52,False,1.0,
recall_loss,116,491,v116_s0491,0,19,False,0.96142578125,
recall_loss,116,492,v116_s0492,0,24,False,0.99609375,
recall_loss,116,493,v116_s0493,0,56,False,1.0,
recall_loss,116,494,v116_s0494,0,0,False,1.1920928955078125e-06,
recall_loss,116,495,v116_s0495,89,0,False,0.0,0.0
recall_loss,116,496,v116_s0496,93,0,False,0.0,0.0
recall_loss,116,497,v116_s0497,100,0,False,0.0,0.0
recall_loss,116,498,v116_s0498,104,0,False,0.0,0.0
recall_loss,116,499,v116_s0499,112,0,False,0.0,0.0
recall_loss,116,500,v116_s0500,119,0,False,0.0,0.0
recall_loss,116,501,v116_s0501,123,0,False,0.0,0.0
recall_loss,116,502,v116_s0502,134,0,False,0.0,0.0
recall_loss,116,503,v116_s0503,134,0,False,0.0,0.0
recall_loss,116,504,v116_s0504,142,0,False,0.0,0.0
recall_loss,116,505,v116_s0505,145,0,False,0.0,0.0
recall_loss,116,506,v116_s0506,151,0,False,0.0,0.0
recall_loss,116,507,v116_s0507,154,0,False,0.0,0.0
recall_loss,116,508,v116_s0508,158,0,False,0.0,0.0
recall_loss,116,509,v116_s0509,162,0,False,0.0,0.0
recall_loss,116,510,v116_s0510,166,0,False,0.0,0.0
recall_loss,116,511,v116_s0511,170,0,False,0.0,0.0
recall_loss,116,512,v116_s0512,174,0,False,0.0,0.0
recall_loss,116,513,v116_s0513,181,0,False,0.0,0.0
recall_loss,116,514,v116_s0514,188,0,False,0.0,0.0
recall_loss,116,515,v116_s0515,196,0,False,0.0,0.0
recall_loss,116,516,v116_s0516,202,0,False,0.0,0.0
recall_loss,116,517,v116_s0517,204,0,False,0.0,0.0
recall_loss,116,518,v116_s0518,213,0,False,0.0,0.0
recall_loss,116,519,v116_s0519,225,0,False,0.0,0.0
recall_loss,116,520,v116_s0520,234,9,False,0.98828125,0.0
recall_loss,116,521,v116_s0521,245,0,False,0.0,0.0
recall_loss,116,522,v116_s0522,263,0,False,0.0,0.0
recall_loss,116,523,v116_s0523,280,0,False,0.0,0.0
recall_loss,116,524,v116_s0524,302,11,False,0.99853515625,0.0
recall_loss,116,525,v116_s0525,318,0,False,0.0,0.0
recall_loss,116,526,v116_s0526,340,0,False,0.0,0.0
recall_loss,116,527,v116_s0527,369,0,False,0.0,0.0
recall_loss,116,528,v116_s0528,394,0,False,0.0,0.0
recall_loss,116,529,v116_s0529,422,0,False,0.0,0.0
recall_loss,116,530,v116_s0530,456,0,False,0.0,0.0
recall_loss,116,531,v116_s0531,486,0,False,0.0,0.0
recall_loss,116,532,v116_s0532,527,0,False,0.0,0.0
recall_loss,116,533,v116_s0533,564,0,False,0.0,0.0
recall_loss,116,534,v116_s0534,560,0,False,0.0,0.0
recall_loss,116,535,v116_s0535,560,0,False,0.0,0.0
recall_loss,116,536,v116_s0536,569,0,False,5.644559860229492e-05,0.0
recall_loss,116,537,v116_s0537,565,0,False,0.0,0.0
recall_loss,116,538,v116_s0538,566,0,False,0.0,0.0
recall_loss,116,539,v116_s0539,580,0,False,5.960464477539063e-08,0.0
recall_loss,116,540,v116_s0540,581,0,False,0.00033974647521972656,0.0
recall_loss,116,541,v116_s0541,580,56,False,1.0,0.0
recall_loss,116,542,v116_s0542,578,0,False,0.0,0.0
recall_loss,116,543,v116_s0543,585,0,False,0.0,0.0
recall_loss,116,544,v116_s0544,585,0,False,0.0,0.0
recall_loss,116,545,v116_s0545,596,0,False,3.0994415283203125e-06,0.0
recall_loss,116,546,v116_s0546,600,0,False,5.960464477539063e-08,0.0
recall_loss,116,547,v116_s0547,606,24,False,0.99267578125,0.0
recall_loss,116,548,v116_s0548,606,0,False,0.0,0.0
recall_loss,116,549,v116_s0549,604,0,False,0.0,0.0
recall_loss,116,550,v116_s0550,604,0,False,0.0,0.0
recall_loss,116,551,v116_s0551,623,0,False,0.0,0.0
recall_loss,116,552,v116_s0552,624,0,False,1.0728836059570312e-05,1.0728836059570312e-05
recall_loss,116,553,v116_s0553,655,0,False,0.0,0.0
recall_loss,116,554,v116_s0554,707,0,False,0.0,0.0
recall_loss,116,555,v116_s0555,762,0,False,5.960464477539063e-08,5.960464477539063e-08
recall_loss,116,556,v116_s0556,819,0,False,0.0,0.0
recall_loss,116,557,v116_s0557,875,0,False,0.00024271011352539062,1.2218952178955078e-05
recall_loss,116,558,v116_s0558,953,455,False,1.0,0.0
recall_loss,116,559,v116_s0559,1042,0,False,0.0299835205078125,0.0
recall_loss,116,560,v116_s0560,1149,371,False,1.0,0.0
recall_loss,116,561,v116_s0561,1269,244,False,1.0,0.0
recall_loss,116,562,v116_s0562,1391,69,False,1.0,0.0
recall_loss,116,563,v116_s0563,1535,11,False,0.8828125,0.0
recall_loss,116,564,v116_s0564,1702,0,False,0.0,0.0
recall_loss,116,565,v116_s0565,1720,43,False,1.0,0.0
recall_loss,116,566,v116_s0566,1767,0,False,0.0,0.0
recall_loss,116,567,v116_s0567,1815,0,False,5.960464477539063e-08,0.0
recall_loss,116,568,v116_s0568,1857,0,False,0.0,0.0
recall_loss,116,569,v116_s0569,1903,0,False,0.0,0.0
recall_loss,116,570,v116_s0570,1934,0,False,0.0,0.0
recall_loss,116,571,v116_s0571,1995,0,False,0.0,0.0
recall_loss,116,572,v116_s0572,2029,21,True,1.0,1.0
recall_loss,116,573,v116_s0573,2069,0,False,0.0,0.0
recall_loss,116,574,v116_s0574,2115,0,False,0.0,0.0
recall_loss,116,575,v116_s0575,2163,0,False,0.0,0.0
recall_loss,116,576,v116_s0576,2199,0,False,0.0,0.0
recall_loss,116,577,v116_s0577,2252,0,False,4.172325134277344e-07,4.172325134277344e-07
recall_loss,116,578,v116_s0578,2304,0,False,0.0,0.0
recall_loss,116,579,v116_s0579,2367,0,False,0.0,0.0
recall_loss,116,580,v116_s0580,2418,0,False,0.0,0.0
recall_loss,116,581,v116_s0581,2487,0,False,0.0,0.0
recall_loss,116,582,v116_s0582,2542,0,False,0.0,0.0
recall_loss,116,583,v116_s0583,2621,0,False,0.0,0.0
recall_loss,116,584,v116_s0584,2585,0,False,0.0,0.0
recall_loss,116,585,v116_s0585,2559,0,False,2.205371856689453e-06,2.205371856689453e-06
recall_loss,116,586,v116_s0586,2526,0,False,0.0,0.0
recall_loss,116,587,v116_s0587,2513,0,False,0.0,0.0
recall_loss,116,588,v116_s0588,2491,0,False,0.03228759765625,0.03228759765625
recall_loss,116,589,v116_s0589,2462,0,False,5.960464477539062e-07,5.960464477539062e-07
recall_loss,116,590,v116_s0590,2431,0,False,0.0,0.0
recall_loss,116,591,v116_s0591,2413,0,False,0.0,0.0
recall_loss,116,592,v116_s0592,2390,0,False,0.0,0.0
recall_loss,116,593,v116_s0593,2365,0,False,0.0,0.0
recall_loss,116,594,v116_s0594,2349,0,False,0.0,0.0
recall_loss,116,595,v116_s0595,2324,29,True,1.0,1.0
recall_loss,116,596,v116_s0596,2310,0,False,0.0,0.0
recall_loss,116,597,v116_s0597,2284,91,False,0.998046875,0.0
recall_loss,116,598,v116_s0598,2266,0,False,1.7881393432617188e-07,1.7881393432617188e-07
recall_loss,116,599,v116_s0599,2249,0,False,0.0,0.0
recall_loss,116,600,v116_s0600,2231,0,False,0.0,0.0
recall_loss,116,601,v116_s0601,2210,0,False,0.0,0.0
recall_loss,116,602,v116_s0602,2183,0,False,0.0,0.0
recall_loss,116,603,v116_s0603,2167,0,False,0.0,0.0
recall_loss,116,604,v116_s0604,2142,0,False,0.0,0.0
recall_loss,116,605,v116_s0605,2130,0,False,0.0,0.0
recall_loss,116,606,v116_s0606,2117,5,False,0.890625,0.0
recall_loss,116,607,v116_s0607,1859,0,False,0.0,0.0
recall_loss,116,608,v116_s0608,1800,33,True,0.99951171875,0.9912109375
recall_loss,116,609,v116_s0609,1746,8,True,0.97705078125,0.97705078125
recall_loss,116,610,v116_s0610,1695,0,False,0.0,0.0
recall_loss,116,611,v116_s0611,1642,0,False,3.5762786865234375e-07,0.0
recall_loss,116,612,v116_s0612,1595,0,False,0.0,0.0
recall_loss,116,613,v116_s0613,1554,0,False,5.960464477539063e-08,5.960464477539063e-08
recall_loss,116,614,v116_s0614,1502,0,False,0.0,0.0
recall_loss,116,615,v116_s0615,1465,0,False,0.0,0.0
recall_loss,116,616,v116_s0616,1348,0,False,0.0,0.0
recall_loss,116,617,v116_s0617,1245,0,False,0.0,0.0
recall_loss,116,618,v116_s0618,1145,0,False,0.0,0.0
recall_loss,116,619,v116_s0619,1051,0,False,2.384185791015625e-07,2.384185791015625e-07
recall_loss,116,620,v116_s0620,966,0,False,0.0,0.0
recall_loss,116,621,v116_s0621,887,7,False,0.63671875,0.0
recall_loss,116,622,v116_s0622,818,5,False,0.59228515625,0.0
recall_loss,116,623,v116_s0623,743,56,False,0.98291015625,0.0
recall_loss,116,624,v116_s0624,682,37,False,0.99853515625,0.0
recall_loss,116,625,v116_s0625,620,1,False,0.54541015625,0.0
recall_loss,116,626,v116_s0626,563,0,False,1.3113021850585938e-06,0.0
recall_loss,116,627,v116_s0627,513,0,False,0.0,0.0
recall_loss,116,628,v116_s0628,0,0,False,2.384185791015625e-07,
recall_loss,116,629,v116_s0629,0,0,False,0.0,
recall_loss,116,630,v116_s0630,0,0,False,0.0,
recall_loss,116,631,v116_s0631,0,0,False,0.0,
recall_loss,116,632,v116_s0632,0,0,False,0.0,
recall_loss,116,633,v116_s0633,0,0,False,0.0,
recall_loss,116,634,v116_s0634,0,0,False,0.0,
recall_loss,116,635,v116_s0635,0,0,False,0.0,
recall_loss,116,636,v116_s0636,0,0,False,0.0,
recall_loss,116,637,v116_s0637,0,0,False,0.0,
recall_loss,116,638,v116_s0638,0,0,False,0.0,
recall_loss,116,639,v116_s0639,0,0,False,0.0,
recall_loss,116,640,v116_s0640,0,0,False,0.0,
recall_loss,116,641,v116_s0641,0,0,False,0.0,
recall_loss,116,642,v116_s0642,0,0,False,0.0,
recall_loss,116,643,v116_s0643,0,0,False,0.0,
recall_loss,116,644,v116_s0644,0,0,False,0.0,
recall_loss,116,645,v116_s0645,0,0,False,0.0,
recall_loss,116,646,v116_s0646,0,0,False,0.0,
recall_loss,116,647,v116_s0647,0,0,False,0.0,
recall_loss,116,648,v116_s0648,0,0,False,0.0,
recall_loss,116,649,v116_s0649,0,0,False,0.0,
recall_loss,116,650,v116_s0650,0,0,False,0.0,
recall_loss,116,651,v116_s0651,0,0,False,0.0,
recall_loss,116,652,v116_s0652,0,0,False,0.0,
recall_loss,116,653,v116_s0653,0,0,False,0.0,
recall_loss,116,654,v116_s0654,0,0,False,0.0,
recall_loss,116,655,v116_s0655,0,0,False,0.0,
recall_loss,116,656,v116_s0656,0,0,False,0.0,
recall_loss,116,657,v116_s0657,0,0,False,0.0,
recall_loss,116,658,v116_s0658,0,0,False,0.0,
recall_loss,116,659,v116_s0659,0,0,False,0.0,
recall_loss,116,660,v116_s0660,0,0,False,0.0,
recall_loss,116,661,v116_s0661,0,0,False,0.0,
recall_loss,116,662,v116_s0662,0,0,False,0.0,
recall_loss,116,663,v116_s0663,0,0,False,0.0,
recall_loss,116,664,v116_s0664,0,0,False,0.0125274658203125,
recall_loss,116,665,v116_s0665,0,0,False,0.0,
recall_loss,116,666,v116_s0666,0,0,False,0.0,
recall_loss,116,667,v116_s0667,0,0,False,0.0,
recall_loss,116,668,v116_s0668,0,0,False,0.0,
recall_loss,116,669,v116_s0669,0,0,False,0.0,
recall_loss,116,670,v116_s0670,0,0,False,0.0,
recall_loss,116,671,v116_s0671,0,0,False,0.0,
recall_loss,116,672,v116_s0672,0,0,False,0.0,
recall_loss,116,673,v116_s0673,0,0,False,0.0,
recall_loss,116,674,v116_s0674,0,0,False,0.0,
recall_loss,116,675,v116_s0675,0,0,False,0.0,
recall_loss,116,676,v116_s0676,0,0,False,0.0,
recall_loss,116,677,v116_s0677,0,0,False,0.0,
recall_loss,116,678,v116_s0678,0,0,False,0.0,
recall_loss,116,679,v116_s0679,0,0,False,0.0,
recall_loss,116,680,v116_s0680,0,0,False,0.0,
recall_loss,116,681,v116_s0681,0,0,False,0.0,
recall_loss,116,682,v116_s0682,0,0,False,0.0,
recall_loss,116,683,v116_s0683,0,0,False,0.0,
recall_loss,116,684,v116_s0684,0,0,False,0.0,
recall_loss,116,685,v116_s0685,0,0,False,0.0,
recall_loss,116,686,v116_s0686,0,0,False,0.0,
recall_loss,116,687,v116_s0687,0,0,False,0.0,
recall_loss,116,688,v116_s0688,0,0,False,0.0,
recall_loss,116,689,v116_s0689,0,0,False,0.0,
recall_loss,116,690,v116_s0690,0,0,False,0.0,
recall_loss,116,691,v116_s0691,0,0,False,0.0,
recall_loss,116,692,v116_s0692,0,0,False,0.0,
recall_loss,116,693,v116_s0693,0,0,False,0.0,
recall_loss,116,694,v116_s0694,0,0,False,0.0,
recall_loss,116,695,v116_s0695,0,0,False,0.0,
recall_loss,116,696,v116_s0696,0,0,False,0.0,
recall_loss,116,697,v116_s0697,0,0,False,0.0,
recall_loss,116,698,v116_s0698,0,0,False,0.0,
recall_loss,116,699,v116_s0699,0,0,False,0.0,
recall_loss,116,700,v116_s0700,0,0,False,0.0,
recall_loss,116,701,v116_s0701,0,0,False,0.0,
recall_loss,116,702,v116_s0702,0,0,False,0.0,
recall_loss,116,703,v116_s0703,0,0,False,0.0,
recall_loss,116,704,v116_s0704,0,0,False,0.0,
recall_loss,116,705,v116_s0705,0,0,False,0.0,
recall_loss,116,706,v116_s0706,0,0,False,0.0,
recall_loss,116,707,v116_s0707,0,0,False,0.0,
recall_loss,116,708,v116_s0708,0,0,False,0.0,
recall_loss,116,709,v116_s0709,0,0,False,0.0,
recall_loss,116,710,v116_s0710,0,0,False,0.0,
recall_loss,116,711,v116_s0711,0,0,False,0.0,
recall_loss,116,712,v116_s0712,0,0,False,0.0,
recall_loss,116,713,v116_s0713,0,0,False,0.0,
recall_loss,116,714,v116_s0714,0,0,False,0.0,
recall_loss,116,715,v116_s0715,0,0,False,0.0,
recall_loss,116,716,v116_s0716,0,0,False,0.0,
recall_loss,116,717,v116_s0717,0,0,False,0.0,
recall_loss,116,718,v116_s0718,0,0,False,0.0,
recall_loss,116,719,v116_s0719,0,0,False,0.0,
recall_loss,116,720,v116_s0720,0,0,False,0.0,
recall_loss,116,721,v116_s0721,0,0,False,0.0,
recall_loss,116,722,v116_s0722,0,0,False,0.0,
recall_loss,116,723,v116_s0723,0,0,False,0.0,
recall_loss,116,724,v116_s0724,0,0,False,0.0,
recall_loss,116,725,v116_s0725,0,0,False,0.0,
recall_loss,116,726,v116_s0726,0,0,False,0.0,
recall_loss,116,727,v116_s0727,0,0,False,0.0,
recall_loss,116,728,v116_s0728,0,0,False,0.0,
recall_loss,116,729,v116_s0729,0,0,False,0.0,
recall_loss,116,730,v116_s0730,0,0,False,0.0,
recall_loss,116,731,v116_s0731,0,0,False,0.0,
recall_loss,116,732,v116_s0732,0,0,False,0.0,
recall_loss,116,733,v116_s0733,0,0,False,0.0,
recall_loss,116,734,v116_s0734,0,0,False,0.0,
recall_loss,116,735,v116_s0735,0,0,False,0.0,
recall_loss,116,736,v116_s0736,0,0,False,0.0,
recall_loss,116,737,v116_s0737,0,0,False,0.0,
recall_loss,116,738,v116_s0738,0,0,False,0.0,
recall_loss,116,739,v116_s0739,0,0,False,0.0,
recall_loss,116,740,v116_s0740,0,0,False,0.0,
recall_loss,116,741,v116_s0741,0,0,False,0.0,
recall_loss,116,742,v116_s0742,0,0,False,0.0,
recall_loss,116,743,v116_s0743,0,0,False,0.0,
recall_loss,116,744,v116_s0744,0,0,False,0.0,
recall_loss,116,745,v116_s0745,0,0,False,0.0,
recall_loss,116,746,v116_s0746,0,0,False,0.0,
recall_loss,116,747,v116_s0747,0,0,False,0.0,
recall_loss,116,748,v116_s0748,0,0,False,0.0,
recall_loss,116,749,v116_s0749,0,0,False,0.0,
recall_loss,116,750,v116_s0750,0,0,False,0.0,
recall_loss,116,751,v116_s0751,0,0,False,0.0,
recall_loss,116,752,v116_s0752,0,0,False,0.0,
recall_loss,116,753,v116_s0753,0,0,False,0.0,
recall_loss,116,754,v116_s0754,0,0,False,0.0,
recall_loss,116,755,v116_s0755,0,0,False,0.0,
recall_loss,116,756,v116_s0756,0,0,False,0.0,
recall_loss,116,757,v116_s0757,0,0,False,0.0,
recall_loss,116,758,v116_s0758,0,0,False,0.0,
recall_loss,116,759,v116_s0759,0,0,False,0.0,
recall_loss,116,760,v116_s0760,0,0,False,0.0,
recall_loss,116,761,v116_s0761,0,0,False,0.0,
recall_loss,116,762,v116_s0762,0,0,False,0.0,
recall_loss,116,763,v116_s0763,0,0,False,0.0,
recall_loss,116,764,v116_s0764,0,0,False,0.0,
recall_loss,116,765,v116_s0765,0,0,False,0.0,
recall_loss,116,766,v116_s0766,0,0,False,0.0,
recall_loss,116,767,v116_s0767,0,0,False,0.0,
recall_loss,116,768,v116_s0768,0,0,False,0.0,
recall_loss,116,769,v116_s0769,0,0,False,0.0,
recall_loss,116,770,v116_s0770,0,0,False,0.0,
recall_loss,116,771,v116_s0771,0,0,False,0.0,
recall_loss,116,772,v116_s0772,0,0,False,0.0,
recall_loss,116,773,v116_s0773,0,0,False,0.0,
recall_loss,116,774,v116_s0774,0,0,False,0.0,
recall_loss,116,775,v116_s0775,0,0,False,0.0,
recall_loss,116,776,v116_s0776,0,0,False,0.0,
recall_loss,116,777,v116_s0777,0,0,False,0.0,
recall_loss,116,778,v116_s0778,0,0,False,0.0,
recall_loss,116,779,v116_s0779,0,0,False,0.0,
recall_loss,116,780,v116_s0780,0,0,False,0.0,
recall_loss,116,781,v116_s0781,0,0,False,0.0,
recall_loss,116,782,v116_s0782,0,0,False,0.0,
recall_loss,116,783,v116_s0783,0,0,False,0.0,
recall_loss,116,784,v116_s0784,0,0,False,0.0,
recall_loss,116,785,v116_s0785,0,0,False,0.0,
recall_loss,116,786,v116_s0786,0,0,False,0.0,
recall_loss,116,787,v116_s0787,0,0,False,0.0,
recall_loss,116,788,v116_s0788,0,0,False,0.0,
recall_loss,116,789,v116_s0789,0,0,False,0.0,
recall_loss,116,790,v116_s0790,0,0,False,0.0,
recall_loss,116,791,v116_s0791,0,0,False,0.0,
recall_loss,116,792,v116_s0792,0,0,False,0.0,
recall_loss,116,793,v116_s0793,0,0,False,0.0,
recall_loss,116,794,v116_s0794,0,0,False,0.0,
recall_loss,116,795,v116_s0795,0,0,False,0.0,
recall_loss,116,796,v116_s0796,0,0,False,0.0,
recall_loss,116,797,v116_s0797,0,0,False,0.0,
recall_loss,116,798,v116_s0798,0,0,False,0.0,
recall_loss,116,799,v116_s0799,0,0,False,0.0,
recall_loss,116,800,v116_s0800,0,0,False,0.0,
recall_loss,116,801,v116_s0801,0,0,False,0.0,
recall_loss,116,802,v116_s0802,0,0,False,0.0,
recall_loss,116,803,v116_s0803,0,0,False,0.0,
recall_loss,116,804,v116_s0804,0,0,False,0.0,
recall_loss,116,805,v116_s0805,0,0,False,0.0,
recall_loss,116,806,v116_s0806,0,0,False,0.0,
recall_loss,116,807,v116_s0807,0,0,False,0.0,
recall_loss,116,808,v116_s0808,0,0,False,0.0,
recall_loss,116,809,v116_s0809,0,0,False,0.0,
recall_loss,116,810,v116_s0810,0,0,False,0.0,
recall_loss,116,811,v116_s0811,0,0,False,0.0,
recall_loss,116,812,v116_s0812,0,0,False,0.0,
recall_loss,116,813,v116_s0813,0,0,False,0.0,
recall_loss,116,814,v116_s0814,0,0,False,0.0,
recall_loss,116,815,v116_s0815,0,0,False,0.0,
recall_loss,116,816,v116_s0816,0,0,False,0.0,
recall_loss,116,817,v116_s0817,0,0,False,0.0,
recall_loss,116,818,v116_s0818,0,0,False,0.0,
recall_loss,116,819,v116_s0819,0,0,False,0.0,
recall_loss,116,820,v116_s0820,0,0,False,0.0,
recall_loss,116,821,v116_s0821,0,0,False,0.0,
recall_loss,116,822,v116_s0822,0,0,False,0.0,
recall_loss,116,823,v116_s0823,0,0,False,0.0,
recall_loss,116,824,v116_s0824,0,0,False,0.0,
recall_loss,116,825,v116_s0825,0,0,False,0.0,
recall_loss,116,826,v116_s0826,0,0,False,0.0,
recall_loss,116,827,v116_s0827,0,0,False,0.0,
recall_loss,116,828,v116_s0828,0,0,False,0.0,
recall_loss,116,829,v116_s0829,0,0,False,0.0,
recall_loss,116,830,v116_s0830,0,0,False,0.0,
recall_loss,116,831,v116_s0831,0,0,False,0.0,
recall_loss,116,832,v116_s0832,0,0,False,0.0,
recall_loss,116,833,v116_s0833,0,0,False,0.0,
recall_loss,116,834,v116_s0834,0,0,False,0.0,
recall_loss,116,835,v116_s0835,0,0,False,0.0,
recall_loss,116,836,v116_s0836,0,0,False,0.0,
recall_loss,116,837,v116_s0837,0,0,False,0.0,
recall_loss,116,838,v116_s0838,0,0,False,0.0,
recall_loss,116,839,v116_s0839,0,0,False,0.0,
recall_loss,116,840,v116_s0840,0,0,False,0.0,
recall_loss,116,841,v116_s0841,0,0,False,0.0,
recall_loss,116,842,v116_s0842,0,0,False,0.0,
recall_loss,116,843,v116_s0843,0,0,False,0.0,
recall_loss,116,844,v116_s0844,0,0,False,0.0,
recall_loss,116,845,v116_s0845,0,0,False,0.0,
recall_loss,116,846,v116_s0846,0,0,False,0.0,
recall_loss,116,847,v116_s0847,0,0,False,0.0,
recall_loss,116,848,v116_s0848,0,0,False,0.0,
recall_loss,116,849,v116_s0849,0,0,False,0.0,
recall_loss,116,850,v116_s0850,0,0,False,0.0,
recall_loss,116,851,v116_s0851,0,0,False,0.0,
recall_loss,116,852,v116_s0852,0,0,False,0.0,
recall_loss,116,853,v116_s0853,0,0,False,0.0,
recall_loss,116,854,v116_s0854,0,0,False,0.0,
recall_loss,116,855,v116_s0855,0,0,False,0.0,
recall_loss,116,856,v116_s0856,0,0,False,0.0,
recall_loss,116,857,v116_s0857,0,0,False,0.0,
recall_loss,116,858,v116_s0858,0,0,False,0.0,
recall_loss,116,859,v116_s0859,0,0,False,0.0,
recall_loss,116,860,v116_s0860,0,0,False,0.0,
recall_loss,116,861,v116_s0861,0,0,False,0.0,
recall_loss,116,862,v116_s0862,0,0,False,0.0,
recall_loss,116,863,v116_s0863,0,0,False,0.0,
recall_loss,116,864,v116_s0864,0,0,False,0.0,
recall_loss,116,865,v116_s0865,0,0,False,0.0,
recall_loss,116,866,v116_s0866,0,0,False,0.0,
recall_loss,116,867,v116_s0867,0,0,False,0.0,
recall_loss,116,868,v116_s0868,0,0,False,0.0,
recall_loss,116,869,v116_s0869,0,0,False,0.0,
recall_loss,116,870,v116_s0870,0,0,False,0.0,
recall_loss,116,871,v116_s0871,0,0,False,0.0,
recall_loss,116,872,v116_s0872,0,0,False,0.0,
recall_loss,116,873,v116_s0873,0,0,False,0.0,
recall_loss,116,874,v116_s0874,0,0,False,0.0,
recall_loss,116,875,v116_s0875,0,0,False,0.0,
recall_loss,116,876,v116_s0876,0,0,False,0.0,
recall_loss,116,877,v116_s0877,0,0,False,0.0,
recall_loss,116,878,v116_s0878,0,0,False,0.0,
recall_loss,116,879,v116_s0879,0,0,False,0.0,
recall_loss,116,880,v116_s0880,0,0,False,0.0,
recall_loss,116,881,v116_s0881,0,0,False,0.0,
recall_loss,116,882,v116_s0882,0,0,False,0.0,
recall_loss,116,883,v116_s0883,0,0,False,0.0,
recall_loss,116,884,v116_s0884,0,0,False,0.0,
recall_loss,116,885,v116_s0885,0,0,False,0.0,
recall_loss,116,886,v116_s0886,0,0,False,0.0,
recall_loss,116,887,v116_s0887,0,0,False,0.0,
recall_loss,116,888,v116_s0888,0,0,False,0.0,
recall_loss,116,889,v116_s0889,0,0,False,0.0,
recall_loss,116,890,v116_s0890,0,0,False,0.0,
recall_loss,116,891,v116_s0891,0,0,False,0.0,
recall_loss,116,892,v116_s0892,0,0,False,0.0,
recall_loss,116,893,v116_s0893,0,0,False,0.0,
recall_loss,116,894,v116_s0894,0,0,False,0.0,
recall_loss,116,895,v116_s0895,0,0,False,0.0,
recall_loss,116,896,v116_s0896,0,0,False,0.0,
recall_loss,116,897,v116_s0897,0,0,False,0.0,
recall_loss,116,898,v116_s0898,0,0,False,0.0,
recall_loss,116,899,v116_s0899,0,0,False,0.0,
recall_loss,116,900,v116_s0900,0,0,False,0.0,
recall_loss,116,901,v116_s0901,0,0,False,0.0,
recall_loss,116,902,v116_s0902,0,0,False,0.0,
recall_loss,116,903,v116_s0903,0,0,False,0.0,
recall_loss,116,904,v116_s0904,0,0,False,0.0,
recall_loss,116,905,v116_s0905,0,0,False,0.0,
recall_loss,116,906,v116_s0906,0,0,False,0.0,
recall_loss,116,907,v116_s0907,0,0,False,0.0,
