sample_id,volume_id,slice_index,true_pixels,predicted_pixels,intersection_pixels,dice,mean_probability,max_probability
v104_s0000,104,0,0,0,0,1.0,1.3889384717913345e-06,0.008633776567876339
v104_s0001,104,1,0,0,0,1.0,5.3836147344554774e-06,0.0856732651591301
v104_s0002,104,2,0,0,0,1.0,5.620808224193752e-06,0.09077363461256027
v104_s0003,104,3,0,0,0,1.0,5.989744295220589e-06,0.07897038757801056
v104_s0004,104,4,0,0,0,1.0,1.3068497537460644e-06,0.0016938410699367523
v104_s0005,104,5,0,0,0,1.0,1.4227957763068844e-06,0.002342203864827752
v104_s0006,104,6,0,0,0,1.0,1.5593122952850536e-06,0.003910831641405821
v104_s0007,104,7,0,0,0,1.0,1.5964583326422144e-06,0.0018396158702671528
v104_s0008,104,8,0,0,0,1.0,1.5202605254671653e-06,0.0020211604423820972
v104_s0009,104,9,0,0,0,1.0,1.5342557162512094e-06,0.010678503662347794
v104_s0010,104,10,0,0,0,1.0,1.5210328001558082e-06,0.001737853861413896
v104_s0011,104,11,0,0,0,1.0,1.7220299923792481e-06,0.0017142384313046932
v104_s0012,104,12,0,0,0,1.0,1.5244988844642648e-06,0.0021650376729667187
v104_s0013,104,13,0,0,0,1.0,1.432810677215457e-06,0.0019704883452504873
v104_s0014,104,14,0,0,0,1.0,1.4065052482692408e-06,0.0022213018964976072
v104_s0015,104,15,0,0,0,1.0,1.2351138138910756e-06,0.0018136322032660246
v104_s0016,104,16,0,0,0,1.0,1.9664735191327054e-06,0.006465275306254625
v104_s0017,104,17,0,0,0,1.0,1.3367434803512879e-06,0.00268138712272048
v104_s0018,104,18,0,0,0,1.0,1.3733651940128766e-06,0.0017818136839196086
v104_s0019,104,19,0,0,0,1.0,1.4410438780032564e-06,0.002125620376318693
v104_s0020,104,20,0,0,0,1.0,1.953199671334005e-06,0.001598466420546174
v104_s0021,104,21,0,0,0,1.0,2.4618625502625946e-06,0.005813579075038433
v104_s0022,104,22,0,0,0,1.0,1.068511755875079e-05,0.10443327575922012
v104_s0023,104,23,0,0,0,1.0,1.4277263744588709e-06,0.002282294910401106
v104_s0024,104,24,0,0,0,1.0,9.768582458491437e-07,0.0011331625282764435
v104_s0025,104,25,0,0,0,1.0,9.862587830866687e-07,0.0010768212378025055
v104_s0026,104,26,0,0,0,1.0,8.3770135006489e-07,0.0012898803688585758
v104_s0027,104,27,0,0,0,1.0,1.0024341463577002e-06,0.001117441221140325
v104_s0028,104,28,0,24,0,4.166666493055563e-08,0.00041370216058567166,0.9962260723114014
v104_s0029,104,29,0,15,0,6.666666222222252e-08,0.000240612484049052,0.9611469507217407
v104_s0030,104,30,0,0,0,1.0,2.26541828851623e-06,0.013735782355070114
v104_s0031,104,31,0,0,0,1.0,1.2099335435777903e-06,0.007251327857375145
v104_s0032,104,32,0,0,0,1.0,7.862653319534729e-07,0.0008356833714060485
v104_s0033,104,33,0,0,0,1.0,8.299313094539684e-07,0.0008318808395415545
v104_s0034,104,34,0,0,0,1.0,1.0713662277339608e-06,0.0030140208546072245
v104_s0035,104,35,0,0,0,1.0,1.4000758028487326e-06,0.011614165268838406
v104_s0036,104,36,0,0,0,1.0,1.9846775103360415e-06,0.01335463859140873
v104_s0037,104,37,0,0,0,1.0,2.8738033961417386e-06,0.030563896521925926
v104_s0038,104,38,0,0,0,1.0,1.826375978453143e-06,0.024601534008979797
v104_s0039,104,39,0,0,0,1.0,5.701846021111123e-06,0.12803903222084045
v104_s0040,104,40,0,0,0,1.0,8.979714039014652e-06,0.22236284613609314
v104_s0041,104,41,0,0,0,1.0,3.9572005334775895e-06,0.05560361221432686
v104_s0042,104,42,0,0,0,1.0,6.095536718930816e-06,0.1553162932395935
v104_s0043,104,43,0,0,0,1.0,4.415887360664783e-06,0.03686525300145149
v104_s0044,104,44,0,0,0,1.0,4.2834935811697505e-06,0.011902290396392345
v104_s0045,104,45,0,0,0,1.0,9.71309873420978e-06,0.16302567720413208
v104_s0046,104,46,0,0,0,1.0,1.2806812264898326e-05,0.07459552586078644
v104_s0047,104,47,0,0,0,1.0,4.0250265556096565e-06,0.014643358998000622
v104_s0048,104,48,0,0,0,1.0,2.1435571397887543e-06,0.0032678747083991766
v104_s0049,104,49,0,0,0,1.0,3.4314973618165823e-06,0.02046477049589157
v104_s0050,104,50,0,0,0,1.0,2.4181912522180937e-05,0.4451398551464081
v104_s0051,104,51,0,1,0,9.99999000001e-07,3.351047053001821e-05,0.5989511013031006
v104_s0052,104,52,0,0,0,1.0,5.8182959037367254e-06,0.08406619727611542
v104_s0053,104,53,0,0,0,1.0,2.4042856239248067e-06,0.008783873170614243
v104_s0054,104,54,0,0,0,1.0,2.3165050606621662e-06,0.003111266065388918
v104_s0055,104,55,0,0,0,1.0,3.3329633879475296e-06,0.017769483849406242
v104_s0056,104,56,0,0,0,1.0,2.000347649300238e-06,0.004120929632335901
v104_s0057,104,57,0,0,0,1.0,1.7018263633872266e-06,0.00909180473536253
v104_s0058,104,58,0,0,0,1.0,1.5399418771266937e-06,0.003208603709936142
v104_s0059,104,59,0,0,0,1.0,1.345218606729759e-06,0.003204872366040945
v104_s0060,104,60,0,0,0,1.0,1.437294258721522e-06,0.002213340951129794
v104_s0061,104,61,0,0,0,1.0,1.1840985507660662e-06,0.001416719751432538
v104_s0062,104,62,0,0,0,1.0,1.3088193782095914e-06,0.00447076465934515
v104_s0063,104,63,0,0,0,1.0,2.4754176592978183e-06,0.01836194097995758
v104_s0064,104,64,0,0,0,1.0,2.32051866078109e-06,0.003988686483353376
v104_s0065,104,65,0,0,0,1.0,2.7209871404920705e-06,0.015298279002308846
v104_s0066,104,66,0,0,0,1.0,2.067881723633036e-06,0.007566172629594803
v104_s0067,104,67,0,0,0,1.0,1.3637582924275193e-05,0.1236923336982727
v104_s0068,104,68,0,0,0,1.0,2.296272668900201e-06,0.011890592984855175
v104_s0069,104,69,0,0,0,1.0,2.200236849603243e-06,0.012668497860431671
v104_s0070,104,70,0,0,0,1.0,2.240255071228603e-06,0.026757551357150078
v104_s0071,104,71,0,0,0,1.0,1.7012367834468023e-06,0.0016069515841081738
v104_s0072,104,72,0,0,0,1.0,1.704290411908005e-06,0.002094790106639266
v104_s0073,104,73,0,0,0,1.0,1.5241546407196438e-06,0.0013236815575510263
v104_s0074,104,74,0,0,0,1.0,1.6565343230467988e-06,0.0013451934792101383
v104_s0075,104,75,0,0,0,1.0,2.904806706283125e-06,0.004068531561642885
v104_s0076,104,76,0,0,0,1.0,3.4078761927958112e-06,0.010201636701822281
v104_s0077,104,77,0,0,0,1.0,6.041763299435843e-06,0.05823564529418945
v104_s0078,104,78,0,0,0,1.0,3.935325821657898e-06,0.011541127227246761
v104_s0079,104,79,0,0,0,1.0,4.750908374262508e-06,0.06611058861017227
v104_s0080,104,80,0,0,0,1.0,9.355602742289193e-06,0.02819562703371048
v104_s0081,104,81,0,0,0,1.0,6.425229912565555e-06,0.02314779907464981
v104_s0082,104,82,0,0,0,1.0,6.22861352894688e-06,0.038338303565979004
v104_s0083,104,83,0,0,0,1.0,3.204949962309911e-06,0.015614750795066357
v104_s0084,104,84,0,0,0,1.0,1.0361773092881776e-05,0.14640428125858307
v104_s0085,104,85,0,0,0,1.0,2.4881759600248188e-05,0.4396604001522064
v104_s0086,104,86,0,0,0,1.0,5.840820449520834e-06,0.04681858420372009
v104_s0087,104,87,0,0,0,1.0,2.941454113170039e-06,0.005423189140856266
v104_s0088,104,88,0,0,0,1.0,2.7691296509146923e-06,0.00819607637822628
v104_s0089,104,89,0,0,0,1.0,3.808848077824223e-06,0.02079380303621292
v104_s0090,104,90,0,0,0,1.0,3.81692370865494e-06,0.028786946088075638
v104_s0091,104,91,0,0,0,1.0,3.38713016390102e-06,0.02780289016664028
v104_s0092,104,92,0,0,0,1.0,4.464462563191773e-06,0.07398323714733124
v104_s0093,104,93,0,0,0,1.0,3.1449867492483463e-06,0.026188552379608154
v104_s0094,104,94,0,0,0,1.0,2.1406717678473797e-06,0.010709760710597038
v104_s0095,104,95,0,0,0,1.0,1.6023782336560544e-06,0.004265632946044207
v104_s0096,104,96,0,0,0,1.0,1.8386795090918895e-06,0.0018512450624257326
v104_s0097,104,97,0,0,0,1.0,1.8324358279642183e-06,0.005520954262465239
v104_s0098,104,98,0,0,0,1.0,4.1288362808700185e-06,0.08878058940172195
v104_s0099,104,99,0,0,0,1.0,2.4669668619026197e-06,0.007558607496321201
v104_s0100,104,100,0,0,0,1.0,4.273611466487637e-06,0.07087455689907074
v104_s0101,104,101,0,0,0,1.0,3.2514085432922e-06,0.07816439867019653
v104_s0102,104,102,0,0,0,1.0,5.94833090872271e-06,0.13707152009010315
v104_s0103,104,103,0,0,0,1.0,1.7083128796002711e-06,0.00939797330647707
v104_s0104,104,104,0,0,0,1.0,1.2550815426948247e-06,0.0010776144918054342
v104_s0105,104,105,0,0,0,1.0,1.4189970443112543e-06,0.007512048818171024
v104_s0106,104,106,0,1,0,9.99999000001e-07,5.078945468994789e-05,0.7780498266220093
v104_s0107,104,107,0,0,0,1.0,1.4432916941586882e-06,0.003942941781133413
v104_s0108,104,108,0,0,0,1.0,1.0922987030426157e-06,0.0009326044237241149
v104_s0109,104,109,0,0,0,1.0,9.759875183590339e-07,0.0012898299610242248
v104_s0110,104,110,0,0,0,1.0,1.0950270734610967e-06,0.0022427174262702465
v104_s0111,104,111,0,0,0,1.0,1.198297240989632e-06,0.002163682598620653
v104_s0112,104,112,0,0,0,1.0,1.5631444512109738e-06,0.006367479916661978
v104_s0113,104,113,0,0,0,1.0,5.392965704231756e-06,0.17802032828330994
v104_s0114,104,114,0,0,0,1.0,1.849343789217528e-06,0.015692200511693954
v104_s0115,104,115,0,0,0,1.0,1.35396817313449e-06,0.0030242903158068657
v104_s0116,104,116,0,0,0,1.0,1.0421970273455372e-06,0.001791741349734366
v104_s0117,104,117,0,0,0,1.0,1.1391712178010494e-06,0.0018048157216981053
v104_s0118,104,118,0,0,0,1.0,1.3839410257787677e-06,0.004698575008660555
v104_s0119,104,119,0,0,0,1.0,2.184826598750078e-06,0.003632240230217576
v104_s0120,104,120,0,0,0,1.0,2.732056145759998e-06,0.01004104409366846
v104_s0121,104,121,0,0,0,1.0,5.2735963436134625e-06,0.040792468935251236
v104_s0122,104,122,0,0,0,1.0,1.070511416401132e-06,0.0018974997801706195
v104_s0123,104,123,0,0,0,1.0,1.1558955748114386e-06,0.0021134766284376383
v104_s0124,104,124,0,0,0,1.0,1.29613886201696e-06,0.0039846934378147125
v104_s0125,104,125,0,6,0,1.666666388888935e-07,8.999472629511729e-05,0.7466741800308228
v104_s0126,104,126,0,5,0,1.99999960000008e-07,0.00011423149408074096,0.8652464747428894
v104_s0127,104,127,0,0,0,1.0,2.587778226370574e-06,0.004519390873610973
v104_s0128,104,128,0,0,0,1.0,3.589255584302009e-06,0.08302294462919235
v104_s0129,104,129,0,0,0,1.0,6.095465323596727e-06,0.18967337906360626
v104_s0130,104,130,0,0,0,1.0,1.582110826348071e-06,0.006314852274954319
v104_s0131,104,131,0,0,0,1.0,1.7805189145292388e-06,0.01450436282902956
v104_s0132,104,132,0,0,0,1.0,1.7943975763046183e-06,0.011601516976952553
v104_s0133,104,133,0,0,0,1.0,1.6331609913322609e-06,0.0020346688106656075
v104_s0134,104,134,0,0,0,1.0,1.486598989686172e-06,0.001560797798447311
v104_s0135,104,135,0,0,0,1.0,1.1508473107824102e-05,0.10089392960071564
v104_s0136,104,136,0,0,0,1.0,3.3654314393061213e-06,0.012478266842663288
v104_s0137,104,137,0,0,0,1.0,3.7244590203044936e-06,0.018661679700016975
v104_s0138,104,138,0,0,0,1.0,2.0646120901801623e-05,0.10347780585289001
v104_s0139,104,139,0,0,0,1.0,4.188207094557583e-05,0.23270651698112488
v104_s0140,104,140,0,0,0,1.0,4.974305284122238e-06,0.034463416785001755
v104_s0141,104,141,0,0,0,1.0,6.317860425042454e-06,0.0564752034842968
v104_s0142,104,142,0,0,0,1.0,2.600596872071037e-06,0.01516907662153244
v104_s0143,104,143,0,0,0,1.0,4.4715311560139526e-06,0.03915936127305031
v104_s0144,104,144,0,0,0,1.0,1.2555035027617123e-05,0.17078782618045807
v104_s0145,104,145,0,0,0,1.0,2.0728768504341133e-05,0.2963104844093323
v104_s0146,104,146,0,0,0,1.0,3.5538851079763845e-05,0.36787647008895874
v104_s0147,104,147,0,0,0,1.0,9.963582670025062e-06,0.10126572847366333
v104_s0148,104,148,0,0,0,1.0,4.1653729567769915e-06,0.0281705092638731
v104_s0149,104,149,0,0,0,1.0,1.3529079296858981e-06,0.0024712486192584038
v104_s0150,104,150,0,0,0,1.0,1.0616129202389857e-06,0.0020033924374729395
v104_s0151,104,151,0,0,0,1.0,1.3083085832477082e-06,0.0033034393563866615
v104_s0152,104,152,0,0,0,1.0,1.7559597154104267e-06,0.003951814956963062
v104_s0153,104,153,0,0,0,1.0,2.10700954994536e-06,0.013138528913259506
v104_s0154,104,154,0,0,0,1.0,1.634350155654829e-06,0.00770682655274868
v104_s0155,104,155,0,0,0,1.0,2.540000423323363e-06,0.030605435371398926
v104_s0156,104,156,0,0,0,1.0,1.1606177849898813e-06,0.0016575504560023546
v104_s0157,104,157,0,0,0,1.0,2.4694290914339945e-06,0.04405995458364487
v104_s0158,104,158,0,0,0,1.0,1.018681246023334e-06,0.0015025394968688488
v104_s0159,104,159,0,0,0,1.0,1.367944150842959e-06,0.005589668173342943
v104_s0160,104,160,0,0,0,1.0,9.721296009956859e-06,0.1950412392616272
v104_s0161,104,161,0,0,0,1.0,1.9352673916728236e-06,0.02034456469118595
v104_s0162,104,162,0,0,0,1.0,1.9646263353934046e-06,0.018316587433218956
v104_s0163,104,163,0,2,0,4.99999750000125e-07,3.175090387230739e-05,0.5910066366195679
v104_s0164,104,164,0,0,0,1.0,4.273431841284037e-06,0.04313282668590546
v104_s0165,104,165,0,0,0,1.0,3.277143605373567e-06,0.012056016363203526
v104_s0166,104,166,0,0,0,1.0,2.4486653273925185e-06,0.011049982160329819
v104_s0167,104,167,0,0,0,1.0,2.5620156520744786e-06,0.021286582574248314
v104_s0168,104,168,0,0,0,1.0,1.549374928799807e-06,0.0033672030549496412
v104_s0169,104,169,0,0,0,1.0,1.176649334411195e-06,0.0017460320377722383
v104_s0170,104,170,0,0,0,1.0,1.9296635400678497e-06,0.013293212279677391
v104_s0171,104,171,0,0,0,1.0,1.578358592269069e-06,0.0028404060285538435
v104_s0172,104,172,0,0,0,1.0,2.9031652957201004e-06,0.016544632613658905
v104_s0173,104,173,0,0,0,1.0,2.68621124632773e-06,0.007609163876622915
v104_s0174,104,174,0,0,0,1.0,2.367908564337995e-06,0.008692984469234943
v104_s0175,104,175,0,0,0,1.0,1.9938265722885262e-06,0.008643556386232376
v104_s0176,104,176,0,0,0,1.0,2.667669832590036e-06,0.02104830928146839
v104_s0177,104,177,0,0,0,1.0,1.2881581596957403e-06,0.0017174138920381665
v104_s0178,104,178,0,0,0,1.0,1.4701940926897805e-06,0.0023259161971509457
v104_s0179,104,179,0,0,0,1.0,1.2048274129483616e-06,0.0013128388673067093
v104_s0180,104,180,0,0,0,1.0,1.2491968846006785e-06,0.0013779846485704184
v104_s0181,104,181,0,0,0,1.0,1.1235226793360198e-06,0.0013048615073785186
v104_s0182,104,182,0,0,0,1.0,1.1542314268808695e-06,0.002097159856930375
v104_s0183,104,183,0,0,0,1.0,1.2266162912055734e-06,0.0015515427803620696
v104_s0184,104,184,0,0,0,1.0,2.4823646072036354e-06,0.019333261996507645
v104_s0185,104,185,0,0,0,1.0,1.8646397847987828e-06,0.014460437931120396
v104_s0186,104,186,0,0,0,1.0,1.0273208772559883e-06,0.0016026573721319437
v104_s0187,104,187,0,0,0,1.0,9.982966275856597e-07,0.0014152404619380832
v104_s0188,104,188,0,0,0,1.0,1.340908511338057e-06,0.0025215824134647846
v104_s0189,104,189,0,0,0,1.0,1.3108551684126724e-06,0.0015047852648422122
v104_s0190,104,190,0,0,0,1.0,1.0417827525088796e-06,0.0016449128743261099
v104_s0191,104,191,0,0,0,1.0,3.0669539228256326e-06,0.07087734341621399
v104_s0192,104,192,0,0,0,1.0,9.799412055144785e-07,0.0014641386223956943
v104_s0193,104,193,0,0,0,1.0,9.580465984981856e-07,0.0011654632398858666
v104_s0194,104,194,0,0,0,1.0,9.770626547833672e-07,0.0015759404050186276
v104_s0195,104,195,0,0,0,1.0,9.705100865176064e-07,0.0015784634742885828
v104_s0196,104,196,0,0,0,1.0,1.021700427372707e-06,0.001143579720519483
v104_s0197,104,197,0,0,0,1.0,1.8755714563667425e-06,0.002254675142467022
v104_s0198,104,198,0,0,0,1.0,1.8366113181400578e-06,0.0017763815121725202
v104_s0199,104,199,0,0,0,1.0,1.6927023125390406e-06,0.0030950296204537153
v104_s0200,104,200,0,0,0,1.0,1.1443839866842609e-06,0.001889847218990326
v104_s0201,104,201,0,0,0,1.0,1.1336775287418277e-06,0.0016722071450203657
v104_s0202,104,202,0,0,0,1.0,1.0828052836586721e-06,0.0014965016162022948
v104_s0203,104,203,0,0,0,1.0,1.2336902273091255e-06,0.0014028976438567042
v104_s0204,104,204,0,0,0,1.0,1.1493602869450115e-06,0.0015392994973808527
v104_s0205,104,205,0,0,0,1.0,1.097617769119097e-06,0.001291564665734768
v104_s0206,104,206,0,0,0,1.0,1.1137785804749e-06,0.0011468918528407812
v104_s0207,104,207,0,0,0,1.0,9.31762201616948e-07,0.0009091781685128808
v104_s0208,104,208,0,0,0,1.0,9.851443110164837e-07,0.0009728905279189348
v104_s0209,104,209,0,0,0,1.0,1.028029146254994e-06,0.0011886112624779344
v104_s0210,104,210,0,0,0,1.0,9.91595015875646e-07,0.0014752376591786742
v104_s0211,104,211,0,0,0,1.0,1.0924749176410842e-06,0.0014021263923496008
v104_s0212,104,212,0,0,0,1.0,1.3189487617637496e-06,0.00127222400624305
v104_s0213,104,213,0,0,0,1.0,3.4751021757983835e-06,0.03231790289282799
v104_s0214,104,214,0,0,0,1.0,3.4571439755382016e-06,0.027791660279035568
v104_s0215,104,215,0,0,0,1.0,1.0970090897899354e-06,0.0017222983296960592
v104_s0216,104,216,0,0,0,1.0,1.1522879503900185e-06,0.001693606493063271
v104_s0217,104,217,0,0,0,1.0,1.1937713679799344e-06,0.0017034197226166725
v104_s0218,104,218,0,0,0,1.0,1.1758363598346477e-06,0.001799176330678165
v104_s0219,104,219,0,9,0,1.1111109876543348e-07,0.00015187800454441458,0.9889717698097229
v104_s0220,104,220,0,0,0,1.0,2.6985339900420513e-06,0.013433219864964485
v104_s0221,104,221,0,0,0,1.0,1.3667133771377848e-06,0.0019299861742183566
v104_s0222,104,222,0,0,0,1.0,1.4330335034173913e-06,0.0036507935728877783
v104_s0223,104,223,0,0,0,1.0,1.8445512068865355e-06,0.0019375060219317675
v104_s0224,104,224,0,0,0,1.0,1.996823357330868e-06,0.0023267061915248632
v104_s0225,104,225,0,0,0,1.0,1.6675419374223566e-06,0.0015500166919082403
v104_s0226,104,226,0,0,0,1.0,1.350926140730735e-06,0.0020160432904958725
v104_s0227,104,227,0,0,0,1.0,1.3684175428352319e-06,0.003309022169560194
v104_s0228,104,228,0,0,0,1.0,1.2925831924803788e-06,0.0023051765747368336
v104_s0229,104,229,0,0,0,1.0,1.0430087513668695e-06,0.0023163477890193462
v104_s0230,104,230,0,0,0,1.0,9.382769690091664e-07,0.0027840659022331238
v104_s0231,104,231,0,0,0,1.0,1.0477904197614407e-06,0.001808424829505384
v104_s0232,104,232,0,0,0,1.0,1.2672351203946164e-06,0.0017008681315928698
v104_s0233,104,233,0,0,0,1.0,1.1647864539554575e-06,0.0020732020493596792
v104_s0234,104,234,0,0,0,1.0,1.1703442623911542e-06,0.0021276199258863926
v104_s0235,104,235,0,0,0,1.0,1.1334104783600196e-06,0.0017528230091556907
v104_s0236,104,236,0,0,0,1.0,9.573218449077103e-07,0.0014111759373918176
v104_s0237,104,237,0,0,0,1.0,1.2889342997368658e-06,0.004595983773469925
v104_s0238,104,238,0,0,0,1.0,8.513732154824538e-07,0.0020061468239873648
v104_s0239,104,239,0,0,0,1.0,9.190001719616703e-07,0.0019315399695187807
v104_s0240,104,240,0,0,0,1.0,8.931618253882334e-07,0.0015313851181417704
v104_s0241,104,241,0,0,0,1.0,1.057075678545516e-06,0.0030139435548335314
v104_s0242,104,242,0,0,0,1.0,9.977064792110468e-07,0.0011852940078824759
v104_s0243,104,243,0,0,0,1.0,1.0240468100164435e-06,0.0018310872837901115
v104_s0244,104,244,0,0,0,1.0,1.115838927034929e-06,0.0024222279898822308
v104_s0245,104,245,0,0,0,1.0,8.388594778807601e-07,0.0016373979160562158
v104_s0246,104,246,0,0,0,1.0,8.283560646304977e-07,0.0012960154563188553
v104_s0247,104,247,0,0,0,1.0,7.787820095472853e-07,0.0013470986159518361
v104_s0248,104,248,0,0,0,1.0,1.3767503332928754e-06,0.007300918456166983
v104_s0249,104,249,0,0,0,1.0,1.4364820799528388e-06,0.0070291305892169476
v104_s0250,104,250,0,0,0,1.0,1.4182262475515017e-06,0.0027789566665887833
v104_s0251,104,251,0,0,0,1.0,8.770201702645863e-07,0.0013940618373453617
v104_s0252,104,252,0,0,0,1.0,9.785005659068702e-07,0.001240963814780116
v104_s0253,104,253,0,0,0,1.0,1.078509967555874e-06,0.005288078915327787
v104_s0254,104,254,0,0,0,1.0,8.934099469115608e-07,0.0032228336203843355
v104_s0255,104,255,0,0,0,1.0,9.512492624708102e-07,0.0035746509674936533
v104_s0256,104,256,0,0,0,1.0,8.371929425265989e-07,0.0012144928332418203
v104_s0257,104,257,0,0,0,1.0,1.0277151432092069e-06,0.0019591536838561296
v104_s0258,104,258,0,0,0,1.0,1.3107663789924118e-06,0.008113997988402843
v104_s0259,104,259,0,0,0,1.0,8.032313871808583e-07,0.0011882541002705693
v104_s0260,104,260,0,0,0,1.0,8.178916459655738e-07,0.0010961545631289482
v104_s0261,104,261,0,0,0,1.0,9.615163207854494e-07,0.0029950521420687437
v104_s0262,104,262,0,0,0,1.0,9.683271855465136e-07,0.0011586793698370457
v104_s0263,104,263,0,0,0,1.0,1.1677418569888687e-06,0.01090626697987318
v104_s0264,104,264,0,0,0,1.0,9.528321811558271e-07,0.006312850397080183
v104_s0265,104,265,0,0,0,1.0,8.756148872635094e-07,0.0016076932661235332
v104_s0266,104,266,0,0,0,1.0,7.257698371176957e-07,0.0012400109553709626
v104_s0267,104,267,0,0,0,1.0,6.096363449614728e-07,0.0016730264760553837
v104_s0268,104,268,0,0,0,1.0,6.694108378724195e-07,0.001787429442629218
v104_s0269,104,269,0,0,0,1.0,7.397708827738825e-07,0.001244017737917602
v104_s0270,104,270,0,0,0,1.0,6.842366246928577e-07,0.0012426694156602025
v104_s0271,104,271,0,0,0,1.0,7.114753088899306e-07,0.0012550725368782878
v104_s0272,104,272,0,0,0,1.0,7.049441137496615e-07,0.0015302792889997363
v104_s0273,104,273,0,0,0,1.0,6.062651891625137e-07,0.0011005260748788714
v104_s0274,104,274,0,0,0,1.0,6.092156468184839e-07,0.0010304059833288193
v104_s0275,104,275,0,0,0,1.0,6.308528099907562e-07,0.0009577953023836017
v104_s0276,104,276,0,0,0,1.0,6.845521056675352e-07,0.0009109253296628594
v104_s0277,104,277,0,0,0,1.0,6.714536766594392e-07,0.0008426250424236059
v104_s0278,104,278,0,0,0,1.0,6.564107479789527e-07,0.0008897700463421643
v104_s0279,104,279,0,0,0,1.0,5.975064141239272e-07,0.0010162474354729056
v104_s0280,104,280,0,0,0,1.0,6.480646561612957e-07,0.0009959101444110274
v104_s0281,104,281,0,0,0,1.0,6.699792720610276e-07,0.0010638260282576084
v104_s0282,104,282,27,0,0,3.703703566529497e-08,6.534967269544723e-07,0.0011675150599330664
v104_s0283,104,283,34,0,0,2.9411763840830475e-08,7.272370794453309e-07,0.0011000417871400714
v104_s0284,104,284,48,0,0,2.0833332899305566e-08,7.54280051751266e-07,0.0013302996521815658
v104_s0285,104,285,68,0,0,1.4705882136678204e-08,6.801736844863626e-07,0.0013401027536019683
v104_s0286,104,286,69,0,0,1.4492753413148501e-08,6.612486913581961e-07,0.0016002129996195436
v104_s0287,104,287,76,0,0,1.3157894563711913e-08,9.79788296717743e-07,0.00215121335349977
v104_s0288,104,288,79,0,0,1.2658227687870536e-08,5.2103441703366116e-06,0.07318565994501114
v104_s0289,104,289,87,14,0,9.900990000980297e-09,0.00020976021187379956,0.9999101161956787
v104_s0290,104,290,96,16,0,8.928571348852042e-09,0.00024167689844034612,0.9999912977218628
v104_s0291,104,291,93,14,0,9.345794305179493e-09,0.00021694779570680112,0.9999586343765259
v104_s0292,104,292,74,13,0,1.149425274144537e-08,0.00018581414769869298,0.9999277591705322
v104_s0293,104,293,74,13,0,1.149425274144537e-08,0.00020596796821337193,0.9999992847442627
v104_s0294,104,294,79,14,0,1.075268805642271e-08,0.00020941562252119184,0.9999994039535522
v104_s0295,104,295,83,16,0,1.0101009998979696e-08,0.0002395292540313676,0.9999996423721313
v104_s0296,104,296,98,14,0,8.928571348852042e-09,0.00021864924929104745,0.9999988079071045
v104_s0297,104,297,135,11,0,6.849315021580034e-09,0.00016542883531656116,0.9999450445175171
v104_s0298,104,298,180,0,0,5.555555524691358e-09,1.7437503174733138e-06,0.020372817292809486
v104_s0299,104,299,167,0,0,5.9880239162393775e-09,8.021477810871147e-07,0.0019301037536934018
v104_s0300,104,300,155,0,0,6.451612861602497e-09,6.633060252170253e-07,0.00145097472704947
v104_s0301,104,301,165,0,0,6.060606023875115e-09,6.02838326813071e-07,0.0015202282229438424
v104_s0302,104,302,159,0,0,6.2893081365452314e-09,1.1176786074429401e-06,0.006257400847971439
v104_s0303,104,303,135,0,0,7.407407352537723e-09,6.148529337224318e-06,0.06877193599939346
v104_s0304,104,304,120,0,0,8.333333263888889e-09,5.938325557508506e-06,0.08465636521577835
v104_s0305,104,305,130,0,0,7.692307633136095e-09,2.4349983505089767e-06,0.018861548975110054
v104_s0306,104,306,106,0,0,9.4339621751513e-09,1.0811963875312358e-06,0.011866359040141106
v104_s0307,104,307,100,0,0,9.9999999e-09,2.4917555947467918e-06,0.04036465287208557
v104_s0308,104,308,97,0,0,1.0309278244234245e-08,7.354805347858928e-06,0.17425240576267242
v104_s0309,104,309,105,0,0,9.523809433106576e-09,7.366268619080074e-06,0.1232990175485611
v104_s0310,104,310,121,0,0,8.26446274161601e-09,2.1298194496921496e-06,0.02400556206703186
v104_s0311,104,311,148,0,0,6.756756711102995e-09,1.855881578194385e-06,0.015313766896724701
v104_s0312,104,312,203,1,0,4.901960760284506e-09,4.240238922648132e-05,0.5549154877662659
v104_s0313,104,313,313,0,0,3.1948881687064275e-09,3.222643135813996e-05,0.39372894167900085
v104_s0314,104,314,338,0,0,2.95857987290361e-09,2.4898913579818327e-06,0.028654731810092926
v104_s0315,104,315,388,0,0,2.5773195809862898e-09,2.1221690076345112e-06,0.017367232590913773
v104_s0316,104,316,471,0,0,2.1231422460230526e-09,2.9903317226853687e-06,0.07234826683998108
v104_s0317,104,317,506,0,0,1.9762845810745364e-09,1.0631619034029427e-06,0.00299790408462286
v104_s0318,104,318,520,0,0,1.9230769193786983e-09,9.842519830272067e-07,0.003155258484184742
v104_s0319,104,319,594,0,0,1.6835016806675055e-09,1.0986772167598247e-06,0.004442695993930101
v104_s0320,104,320,631,0,0,1.5847860513711789e-09,2.175296231143875e-06,0.021182943135499954
v104_s0321,104,321,665,2,0,1.499250372564842e-09,5.6775570556055754e-05,0.7368163466453552
v104_s0322,104,322,705,4,0,1.4104372335536852e-09,7.803167682141066e-05,0.9415274858474731
v104_s0323,104,323,754,0,0,1.3262599451906366e-09,2.2744265152141452e-05,0.2580225169658661
v104_s0324,104,324,773,0,0,1.2936610591285109e-09,1.2094222256564535e-05,0.26944318413734436
v104_s0325,104,325,814,0,0,1.2285012269920133e-09,2.0291245164116845e-06,0.03838790953159332
v104_s0326,104,326,837,0,0,1.19474312879959e-09,1.186916051665321e-06,0.002968647750094533
v104_s0327,104,327,854,0,0,1.170960185982482e-09,1.5170371625572443e-06,0.014374003745615482
v104_s0328,104,328,864,0,0,1.1574074060678155e-09,1.2079518455720972e-05,0.23518940806388855
v104_s0329,104,329,913,0,0,1.095290250717097e-09,2.7954106371907983e-06,0.016557058319449425
v104_s0330,104,330,977,0,0,1.0235414523812268e-09,5.071191026218003e-06,0.09385687857866287
v104_s0331,104,331,1006,0,0,9.940357843001632e-10,1.2804430298274383e-06,0.0035993338096886873
v104_s0332,104,332,1038,0,0,9.633911358734189e-10,1.241051904798951e-06,0.003509423229843378
v104_s0333,104,333,1068,0,0,9.36329587138268e-10,9.618474905437324e-07,0.003356117522343993
v104_s0334,104,334,1046,5,0,9.514747850128688e-10,9.35635034693405e-05,0.6752379536628723
v104_s0335,104,335,1079,64,0,8.748906379047325e-10,0.000995040056295693,0.9999957084655762
v104_s0336,104,336,1098,1,0,9.099181065423856e-10,3.208109046681784e-05,0.8546075224876404
v104_s0337,104,337,1125,6,0,8.841732971846389e-10,9.044125181389973e-05,0.9987785220146179
v104_s0338,104,338,1141,46,0,8.424599824410614e-10,0.000699895725119859,0.9999862909317017
v104_s0339,104,339,1145,80,0,8.163265299458558e-10,0.001232739188708365,1.0
v104_s0340,104,340,1145,60,0,8.298755179835056e-10,0.0009270990849472582,1.0
v104_s0341,104,341,1165,7,0,8.532423200910901e-10,0.00010969102731905878,0.9770036339759827
v104_s0342,104,342,1169,0,0,8.554319924247801e-10,2.340166065550875e-05,0.47505879402160645
v104_s0343,104,343,1179,5,0,8.445945938812544e-10,7.445467781508341e-05,0.9568424224853516
v104_s0344,104,344,1180,1,0,8.467400500874343e-10,3.219048085156828e-05,0.7964161038398743
v104_s0345,104,345,1191,0,0,8.396305618474973e-10,2.3480515665141866e-06,0.026362424716353416
v104_s0346,104,346,1207,0,0,8.285004135637941e-10,1.0473115253262222e-05,0.1009465828537941
v104_s0347,104,347,1221,3,0,8.169934633848091e-10,6.869474600534886e-05,0.8778751492500305
v104_s0348,104,348,1242,16,0,7.949125589865559e-10,0.00025713397189974785,0.9989129304885864
v104_s0349,104,349,1227,23,0,7.999999993599998e-10,0.0003710469463840127,0.9999855756759644
v104_s0350,104,350,1218,28,0,8.025682176544395e-10,0.0006901638698764145,0.9999985694885254
v104_s0351,104,351,1207,44,0,7.993605109517501e-10,0.0006823904695920646,0.9999691247940063
v104_s0352,104,352,1226,25,0,7.993605109517501e-10,0.0003955951251555234,0.99997878074646
v104_s0353,104,353,1239,20,0,7.942811749052571e-10,0.0003194630262441933,0.9999676942825317
v104_s0354,104,354,1267,20,0,7.770007763970467e-10,0.00031000981107354164,0.9999890327453613
v104_s0355,104,355,1273,5,0,7.824726128462654e-10,7.847145025152713e-05,0.972658634185791
v104_s0356,104,356,1230,6,0,8.090614880185585e-10,9.887027408694848e-05,0.9957952499389648
v104_s0357,104,357,1225,5,0,8.130081294203185e-10,8.921810513129458e-05,0.9792386889457703
v104_s0358,104,358,1216,2,0,8.210180617233019e-10,5.8961381000699475e-05,0.9551703929901123
v104_s0359,104,359,1214,4,0,8.210180617233019e-10,7.706321775913239e-05,0.9778413772583008
v104_s0360,104,360,1193,5,0,8.347245402047373e-10,0.00010141510574612767,0.9674131870269775
v104_s0361,104,361,1155,3,0,8.635578576307789e-10,0.00016433780547231436,0.618179202079773
v104_s0362,104,362,1149,0,0,8.703220183896238e-10,1.2775863979186397e-05,0.274897038936615
v104_s0363,104,363,1110,0,0,9.009009000892784e-10,1.756962547005969e-06,0.008063314482569695
v104_s0364,104,364,1089,0,0,9.182736447031462e-10,5.287688509270083e-06,0.09287658333778381
v104_s0365,104,365,1062,2,0,9.398496231768328e-10,3.480222221696749e-05,0.9046801924705505
v104_s0366,104,366,1050,0,0,9.523809514739228e-10,6.512039362860378e-06,0.06454794108867645
v104_s0367,104,367,1037,0,0,9.643201533613112e-10,1.3688512808585074e-05,0.3342350721359253
v104_s0368,104,368,988,0,0,1.0121457479634151e-09,2.490647602826357e-06,0.032055191695690155
v104_s0369,104,369,975,2,0,1.0235414523812268e-09,4.107645872863941e-05,0.7251832485198975
v104_s0370,104,370,960,0,0,1.0416666655815972e-09,1.364376748824725e-05,0.39213475584983826
v104_s0371,104,371,892,3,0,1.1173184345057893e-09,5.5945398344192654e-05,0.918361246585846
v104_s0372,104,372,867,1,0,1.1520737313916201e-09,3.0303868697956204e-05,0.5473395586013794
v104_s0373,104,373,826,0,0,1.2106537515609518e-09,2.9046263989584986e-06,0.00694237882271409
v104_s0374,104,374,749,0,0,1.3351134828636668e-09,4.542892384051811e-06,0.0057211387902498245
v104_s0375,104,375,696,25,25,0.06934812889133407,0.00048678540042601526,0.9109792113304138
v104_s0376,104,376,644,136,115,0.2948717957758054,0.0021958358120173216,0.9997599720954895
v104_s0377,104,377,601,84,84,0.24525547555437158,0.001310403342358768,0.9979531764984131
v104_s0378,104,378,561,107,105,0.3143712585114203,0.0016803971957415342,0.9998507499694824
v104_s0379,104,379,507,40,38,0.13893967250650882,0.0006447704508900642,0.9895588159561157
v104_s0380,104,380,452,26,26,0.10878661274312423,0.000372524606063962,0.8982075452804565
v104_s0381,104,381,412,0,0,2.427184460128193e-09,4.7228208131855354e-05,0.33975058794021606
v104_s0382,104,382,364,34,27,0.13567839413146132,0.0005004730192013085,0.9598689675331116
v104_s0383,104,383,202,10,0,4.716981109825561e-09,0.0002005386631935835,0.9990313053131104
v104_s0384,104,384,130,7,0,7.299270019713357e-09,0.00015298021025955677,0.9842274785041809
v104_s0385,104,385,25,6,0,3.225806347554634e-08,0.00011006150452885777,0.9979729056358337
v104_s0386,104,386,14,0,0,7.142856632653097e-08,5.258854343992425e-06,0.06504196673631668
v104_s0387,104,387,0,33,0,3.0303029384756685e-08,0.00051287462702021,0.9999994039535522
v104_s0388,104,388,0,9,0,1.1111109876543348e-07,0.00014633424871135503,0.9999935626983643
v104_s0389,104,389,0,0,0,1.0,9.735351795825409e-07,0.0025598369538784027
v104_s0390,104,390,0,0,0,1.0,8.843308023642749e-07,0.0027274650055915117
v104_s0391,104,391,0,0,0,1.0,9.320543199464737e-07,0.002934273798018694
v104_s0392,104,392,0,0,0,1.0,1.5796955494806753e-06,0.017384998500347137
v104_s0393,104,393,0,0,0,1.0,1.1597311413424904e-06,0.009221251122653484
v104_s0394,104,394,0,0,0,1.0,7.766529961372726e-07,0.0022334186360239983
v104_s0395,104,395,0,0,0,1.0,7.492296845157398e-07,0.0028196012135595083
v104_s0396,104,396,0,3,0,3.3333322222225924e-07,6.030492659192532e-05,0.9572811722755432
v104_s0397,104,397,0,19,0,5.263157617728546e-08,0.0002981183060910553,0.9997761845588684
v104_s0398,104,398,0,66,0,1.5151514921946744e-08,0.0010079481871798635,0.999998927116394
v104_s0399,104,399,0,76,0,1.3157894563711913e-08,0.0011526703601703048,0.9999980926513672
v104_s0400,104,400,0,63,0,1.5873015621063245e-08,0.0009692527237348258,0.9999979734420776
v104_s0401,104,401,0,42,0,2.38095232426304e-08,0.000651071488391608,0.9999654293060303
v104_s0402,104,402,0,36,0,2.7777777006172862e-08,0.0005454094498418272,0.9999265670776367
v104_s0403,104,403,0,45,0,2.2222221728395074e-08,0.0007234385120682418,0.999996542930603
v104_s0404,104,404,0,30,0,3.3333332222222255e-08,0.0004381231847219169,0.9998365640640259
v104_s0405,104,405,0,35,0,2.8571427755102065e-08,0.0005366756813600659,0.999993085861206
v104_s0406,104,406,0,37,0,2.7027026296566858e-08,0.0005504497676156461,0.9999977350234985
v104_s0407,104,407,0,23,0,4.347825897920613e-08,0.0003618517657741904,0.9999856948852539
v104_s0408,104,408,0,9,0,1.1111109876543348e-07,0.00013082743680570275,0.9998748302459717
v104_s0409,104,409,0,12,0,8.333332638888946e-08,0.0001904213277157396,0.999981164932251
v104_s0410,104,410,0,25,0,3.999999840000006e-08,0.00037971814163029194,0.999996542930603
v104_s0411,104,411,0,21,0,4.761904535147403e-08,0.0003177248581778258,0.9995494484901428
v104_s0412,104,412,0,13,0,7.692307100591761e-08,0.0002390182635281235,0.9997121691703796
v104_s0413,104,413,5,37,0,2.38095232426304e-08,0.0005750531563535333,0.9969182014465332
v104_s0414,104,414,8,19,1,0.07407410836762562,0.00034013704862445593,0.9987950325012207
v104_s0415,104,415,7,6,0,7.692307100591761e-08,0.00013341684825718403,0.8549811244010925
v104_s0416,104,416,6,1,0,1.428571224489825e-07,1.4026968528924044e-05,0.5335054397583008
v104_s0417,104,417,2,1,0,3.3333322222225924e-07,1.8858356270357035e-05,0.519096314907074
v104_s0418,104,418,0,7,0,1.428571224489825e-07,0.00011931305198231712,0.9880254864692688
v104_s0419,104,419,0,18,0,5.555555246913597e-08,0.00029232760425657034,0.9999996423721313
v104_s0420,104,420,0,5,0,1.99999960000008e-07,9.192738070851192e-05,0.9851449728012085
v104_s0421,104,421,0,5,0,1.99999960000008e-07,8.583457383792847e-05,0.9976266026496887
v104_s0422,104,422,0,0,0,1.0,2.500976279407041e-06,0.014452965930104256
v104_s0423,104,423,2,7,0,1.1111109876543348e-07,0.00011110374907730147,0.999061644077301
v104_s0424,104,424,3,4,0,1.428571224489825e-07,5.7113113143714145e-05,0.9502359628677368
v104_s0425,104,425,5,0,0,1.99999960000008e-07,9.835356422627228e-07,0.004140746314078569
v104_s0426,104,426,8,0,0,1.2499998437500196e-07,4.012302269984502e-06,0.06528318673372269
v104_s0427,104,427,10,12,7,0.6363636528925611,0.00018070561054628342,0.999826967716217
v104_s0428,104,428,12,11,7,0.6086956691871448,0.00015395361697301269,0.9988338351249695
v104_s0429,104,429,13,12,7,0.5600000175999993,0.0001766990899341181,0.9975470900535583
v104_s0430,104,430,10,15,9,0.7200000111999996,0.00022552059090230614,0.9984013438224792
v104_s0431,104,431,5,28,5,0.3030303241505962,0.00040254020132124424,0.9998494386672974
v104_s0432,104,432,3,23,2,0.1538461863905313,0.0003371815837454051,0.9980289340019226
v104_s0433,104,433,4,12,0,6.249999609375024e-08,0.00019981471996288747,0.9998167157173157
v104_s0434,104,434,4,0,0,2.499999375000156e-07,2.3000926375971176e-05,0.40896284580230713
v104_s0435,104,435,0,5,0,1.99999960000008e-07,7.832251867512241e-05,0.9915540814399719
v104_s0436,104,436,0,0,0,1.0,3.906744495907333e-06,0.0968431681394577
v104_s0437,104,437,0,8,0,1.2499998437500196e-07,0.0001007281243801117,0.974065899848938
v104_s0438,104,438,0,10,0,9.9999990000001e-08,0.0001612565974937752,0.999211311340332
v104_s0439,104,439,0,0,0,1.0,9.163601362160989e-07,0.00802616123110056
v104_s0440,104,440,0,0,0,1.0,5.503912348103768e-07,0.002019628882408142
v104_s0441,104,441,0,0,0,1.0,8.99354290595511e-07,0.00534429494291544
v104_s0442,104,442,0,0,0,1.0,2.0994415535824373e-05,0.3264658749103546
v104_s0443,104,443,0,0,0,1.0,4.792681011167588e-06,0.04679352045059204
v104_s0444,104,444,0,1,0,9.99999000001e-07,2.4025242964853533e-05,0.5702903866767883
v104_s0445,104,445,0,0,0,1.0,3.3483811421319842e-06,0.06916768103837967
v104_s0446,104,446,0,0,0,1.0,1.9533646991476417e-05,0.35492852330207825
v104_s0447,104,447,0,0,0,1.0,5.514361419045599e-06,0.07879410684108734
v104_s0448,104,448,0,0,0,1.0,5.780895207863068e-06,0.1431000828742981
v104_s0449,104,449,0,0,0,1.0,3.5676403058459982e-06,0.05915414169430733
v104_s0450,104,450,0,0,0,1.0,4.155103283665085e-07,0.0006231299485079944
v104_s0451,104,451,0,0,0,1.0,3.9485530578531325e-07,0.0006817419198341668
v104_s0452,104,452,0,0,0,1.0,4.960635351380915e-07,0.0031746409367769957
v104_s0453,104,453,0,0,0,1.0,3.9639979831918026e-07,0.0006853946833871305
v104_s0454,104,454,0,0,0,1.0,4.966918822901789e-07,0.0011609502835199237
v104_s0455,104,455,0,0,0,1.0,4.731450644612778e-07,0.0010786883067339659
v104_s0456,104,456,0,0,0,1.0,4.431780382674333e-07,0.0007115679909475148
v104_s0457,104,457,0,0,0,1.0,4.875944341620198e-07,0.0007462984067387879
v104_s0458,104,458,0,0,0,1.0,5.418046384875197e-07,0.0008334086160175502
v104_s0459,104,459,0,0,0,1.0,6.6128104663221166e-06,0.12587980926036835
v104_s0460,104,460,0,0,0,1.0,5.646494400934898e-07,0.0008502265554852784
v104_s0461,104,461,0,0,0,1.0,4.6351030391633685e-07,0.0007218688260763884
v104_s0462,104,462,0,0,0,1.0,1.8518278466217453e-06,0.03110581450164318
v104_s0463,104,463,0,0,0,1.0,6.048928185009572e-07,0.0008732141577638686
v104_s0464,104,464,0,0,0,1.0,8.693066320120124e-07,0.0042157298885285854
v104_s0465,104,465,0,0,0,1.0,7.210633157228585e-07,0.0027719091158360243
v104_s0466,104,466,0,0,0,1.0,5.849311150996073e-07,0.0011295693693682551
v104_s0467,104,467,0,0,0,1.0,5.596258461082471e-07,0.0010118155041709542
v104_s0468,104,468,0,0,0,1.0,6.890572876727674e-07,0.00368256913498044
v104_s0469,104,469,0,0,0,1.0,6.933917120477417e-07,0.0028642385732382536
v104_s0470,104,470,0,0,0,1.0,5.902761586185079e-07,0.0012182507198303938
v104_s0471,104,471,0,0,0,1.0,3.795938255279907e-06,0.0720030665397644
v104_s0472,104,472,0,0,0,1.0,5.951706953055691e-06,0.12044111639261246
v104_s0473,104,473,0,0,0,1.0,9.86099894362269e-06,0.1788482367992401
v104_s0474,104,474,0,10,0,9.9999990000001e-08,0.00017131360073108226,0.9930673837661743
v104_s0475,104,475,0,18,0,5.555555246913597e-08,0.0002872409822884947,0.9997640252113342
v104_s0476,104,476,0,10,0,9.9999990000001e-08,0.00014790217392146587,0.974726140499115
v104_s0477,104,477,0,0,0,1.0,4.265220195520669e-05,0.4880482852458954
v104_s0478,104,478,0,9,0,1.1111109876543348e-07,0.0001505861000623554,0.9949817061424255
v104_s0479,104,479,0,19,0,5.263157617728546e-08,0.00028107810067012906,0.999942421913147
v104_s0480,104,480,0,14,0,7.142856632653097e-08,0.00020330367260612547,0.9899851083755493
v104_s0481,104,481,0,3,0,3.3333322222225924e-07,5.92785254411865e-05,0.933754563331604
v104_s0482,104,482,0,2,0,4.99999750000125e-07,5.59865620743949e-05,0.7701956033706665
v104_s0483,104,483,0,0,0,1.0,8.316171715705423e-07,0.0036386100109666586
v104_s0484,104,484,0,0,0,1.0,1.4242023098631762e-06,0.013911016285419464
v104_s0485,104,485,0,0,0,1.0,1.071887254511239e-06,0.008494672365486622
v104_s0486,104,486,0,0,0,1.0,1.3537019185605459e-06,0.006895882077515125
v104_s0487,104,487,0,0,0,1.0,1.0096186997543555e-06,0.0051303766667842865
v104_s0488,104,488,0,0,0,1.0,1.367707682220498e-06,0.013486255891621113
v104_s0489,104,489,0,0,0,1.0,9.910017070069443e-06,0.25722429156303406
v104_s0490,104,490,0,0,0,1.0,1.1507654562592506e-06,0.007849450223147869
v104_s0491,104,491,0,0,0,1.0,3.0625196814071387e-06,0.024654489010572433
v104_s0492,104,492,0,0,0,1.0,7.66233370086411e-07,0.002346134977415204
v104_s0493,104,493,0,0,0,1.0,1.3954080486655585e-06,0.005028456915169954
v104_s0494,104,494,0,0,0,1.0,2.0622010197257623e-06,0.014027295634150505
v104_s0495,104,495,0,0,0,1.0,2.4627884158689994e-06,0.013938561081886292
v104_s0496,104,496,0,0,0,1.0,2.222526745754294e-06,0.017840564250946045
v104_s0497,104,497,0,0,0,1.0,1.186609324577148e-06,0.0038361973129212856
v104_s0498,104,498,0,1,0,9.99999000001e-07,2.1106161511852406e-05,0.7770941853523254
v104_s0499,104,499,0,9,0,1.1111109876543348e-07,0.00012585816148202866,0.9999847412109375
v104_s0500,104,500,0,11,0,9.090908264462886e-08,0.00016672264609951526,0.9999986886978149
v104_s0501,104,501,0,14,0,7.142856632653097e-08,0.00020294268324505538,0.9999912977218628
v104_s0502,104,502,0,3,0,3.3333322222225924e-07,9.32462207856588e-05,0.8919369578361511
v104_s0503,104,503,0,4,0,2.499999375000156e-07,6.551406113430858e-05,0.9254357814788818
v104_s0504,104,504,0,0,0,1.0,2.6233321932522813e-06,0.048044949769973755
v104_s0505,104,505,0,0,0,1.0,4.091828031960176e-06,0.05457901209592819
v104_s0506,104,506,0,4,0,2.499999375000156e-07,7.204230496427044e-05,0.9879871010780334
v104_s0507,104,507,0,2,0,4.99999750000125e-07,3.86604260711465e-05,0.9350950717926025
v104_s0508,104,508,0,0,0,1.0,4.325272584537743e-06,0.09301946312189102
v104_s0509,104,509,0,0,0,1.0,9.121484936258639e-07,0.0021210426930338144
v104_s0510,104,510,0,0,0,1.0,7.711477110206033e-07,0.0019152864115312696
v104_s0511,104,511,0,0,0,1.0,1.8938312678073999e-06,0.017085421830415726
v104_s0512,104,512,0,0,0,1.0,7.513413038395811e-07,0.00221080775372684
v104_s0513,104,513,0,0,0,1.0,8.082635076789302e-07,0.0029223740566521883
v104_s0514,104,514,0,0,0,1.0,1.0443209248478524e-06,0.0032396428287029266
v104_s0515,104,515,0,0,0,1.0,1.613120844012883e-06,0.011037467047572136
v104_s0516,104,516,0,0,0,1.0,1.5368177628261037e-06,0.007471848279237747
v104_s0517,104,517,0,0,0,1.0,1.3350786502996925e-06,0.008483698591589928
v104_s0518,104,518,0,0,0,1.0,1.7193619896715973e-06,0.021088123321533203
v104_s0519,104,519,0,0,0,1.0,1.190833245345857e-06,0.006010986864566803
v104_s0520,104,520,0,0,0,1.0,1.0912029893006547e-06,0.008052212186157703
v104_s0521,104,521,0,0,0,1.0,6.688306939395261e-07,0.0022294807713478804
v104_s0522,104,522,0,0,0,1.0,8.636228017167014e-07,0.0023487715516239405
v104_s0523,104,523,0,0,0,1.0,8.985181239040685e-07,0.0025937287136912346
v104_s0524,104,524,0,0,0,1.0,7.285577794391429e-07,0.0025591282173991203
v104_s0525,104,525,0,0,0,1.0,9.948693104888662e-07,0.004418657161295414
v104_s0526,104,526,0,0,0,1.0,2.3990196496015415e-06,0.02375503070652485
v104_s0527,104,527,0,0,0,1.0,1.1262960697422386e-06,0.0028950858395546675
v104_s0528,104,528,0,0,0,1.0,1.0908554486377398e-06,0.0041614556685090065
v104_s0529,104,529,0,0,0,1.0,1.309338585997466e-06,0.0038943912368267775
v104_s0530,104,530,0,0,0,1.0,1.4561487660103012e-06,0.011060470715165138
v104_s0531,104,531,0,0,0,1.0,1.023405843625369e-06,0.006316710729151964
v104_s0532,104,532,0,0,0,1.0,8.45581496378145e-07,0.0029038134962320328
v104_s0533,104,533,0,0,0,1.0,8.834114169076202e-07,0.0038204113952815533
v104_s0534,104,534,0,0,0,1.0,5.88090870223823e-07,0.002160665113478899
v104_s0535,104,535,0,0,0,1.0,5.736840194003889e-07,0.002515709027647972
v104_s0536,104,536,0,0,0,1.0,6.069958544685505e-07,0.002069359878078103
v104_s0537,104,537,0,0,0,1.0,1.2068317118973937e-06,0.011001749895513058
v104_s0538,104,538,0,0,0,1.0,3.1311808470491087e-06,0.051996197551488876
v104_s0539,104,539,0,0,0,1.0,9.106043989959289e-07,0.005277950316667557
v104_s0540,104,540,0,0,0,1.0,1.2519733445515158e-06,0.00452638603746891
v104_s0541,104,541,0,0,0,1.0,4.723060555988923e-06,0.06315821409225464
v104_s0542,104,542,0,1,0,9.99999000001e-07,3.8281174056464806e-05,0.5515289306640625
v104_s0543,104,543,0,0,0,1.0,3.2349207685911097e-06,0.0515417717397213
v104_s0544,104,544,0,0,0,1.0,1.8192328070654185e-06,0.012837313115596771
v104_s0545,104,545,0,0,0,1.0,1.7016377569234464e-06,0.012869489379227161
v104_s0546,104,546,0,0,0,1.0,9.341223403680488e-07,0.0030783447436988354
v104_s0547,104,547,0,0,0,1.0,1.4580349443349405e-06,0.007462642155587673
v104_s0548,104,548,0,0,0,1.0,1.7653974282438867e-06,0.012385050766170025
v104_s0549,104,549,0,0,0,1.0,2.3874572434579022e-06,0.020172173157334328
v104_s0550,104,550,0,0,0,1.0,2.1595415091724135e-06,0.012358050793409348
v104_s0551,104,551,0,0,0,1.0,1.1497099876578432e-06,0.0025371701922267675
v104_s0552,104,552,0,0,0,1.0,1.9298290681035724e-06,0.013970613479614258
v104_s0553,104,553,0,0,0,1.0,1.0196554285357706e-05,0.19897228479385376
v104_s0554,104,554,0,0,0,1.0,2.1821965674462263e-06,0.02382972091436386
v104_s0555,104,555,0,0,0,1.0,2.2280871689872583e-06,0.020853640511631966
v104_s0556,104,556,0,0,0,1.0,2.1506519260583445e-05,0.37455397844314575
v104_s0557,104,557,0,0,0,1.0,6.457738663812052e-07,0.003099502297118306
v104_s0558,104,558,0,0,0,1.0,6.166878847579937e-07,0.0028600050136446953
v104_s0559,104,559,0,0,0,1.0,5.6178578233812e-07,0.002447275212034583
v104_s0560,104,560,0,2,0,4.99999750000125e-07,3.2105101126944646e-05,0.583400309085846
v104_s0561,104,561,0,10,0,9.9999990000001e-08,0.0001678025146247819,0.9993904829025269
v104_s0562,104,562,0,2,0,4.99999750000125e-07,5.540725396713242e-05,0.7567729949951172
v104_s0563,104,563,0,0,0,1.0,9.815710200200556e-07,0.004333789460361004
v104_s0564,104,564,0,0,0,1.0,6.381366119967424e-07,0.0021170892287045717
v104_s0565,104,565,0,0,0,1.0,8.505361961397284e-07,0.003181642387062311
v104_s0566,104,566,0,0,0,1.0,3.5038208352489164e-06,0.08952827006578445
v104_s0567,104,567,0,1,0,9.99999000001e-07,2.9522689146688208e-05,0.5713260173797607
v104_s0568,104,568,0,0,0,1.0,1.1833052667498123e-05,0.3052854835987091
v104_s0569,104,569,0,0,0,1.0,3.864302016154397e-06,0.12895534932613373
v104_s0570,104,570,0,0,0,1.0,7.662309258194e-07,0.004986289888620377
v104_s0571,104,571,0,0,0,1.0,9.123965583057725e-07,0.0035474137403070927
v104_s0572,104,572,0,0,0,1.0,1.1933072983083548e-06,0.002965098712593317
v104_s0573,104,573,0,0,0,1.0,2.3148190848587546e-06,0.025029528886079788
v104_s0574,104,574,0,2,0,4.99999750000125e-07,3.824079249170609e-05,0.7591632604598999
v104_s0575,104,575,0,4,0,2.499999375000156e-07,8.450108725810423e-05,0.9596087336540222
v104_s0576,104,576,0,10,0,9.9999990000001e-08,0.00015687683480791748,0.9982407093048096
v104_s0577,104,577,0,11,0,9.090908264462886e-08,0.0001565627462696284,0.9944474697113037
v104_s0578,104,578,0,2,0,4.99999750000125e-07,4.1646810132078826e-05,0.6635097861289978
v104_s0579,104,579,0,0,0,1.0,2.452324679325102e-06,0.029120516031980515
v104_s0580,104,580,0,0,0,1.0,9.003002787721925e-07,0.0023434902541339397
v104_s0581,104,581,0,0,0,1.0,7.590155064463033e-07,0.002461005700752139
v104_s0582,104,582,0,0,0,1.0,6.696437822029111e-07,0.002515626372769475
v104_s0583,104,583,0,0,0,1.0,7.007848807916162e-07,0.0017575542442500591
v104_s0584,104,584,0,0,0,1.0,7.447991379194718e-07,0.0018292448949068785
v104_s0585,104,585,0,0,0,1.0,6.401147061296797e-07,0.0018308196449652314
v104_s0586,104,586,0,0,0,1.0,5.722251330553263e-07,0.0017796015599742532
v104_s0587,104,587,0,0,0,1.0,6.577587328138179e-07,0.0016670154873281717
v104_s0588,104,588,0,0,0,1.0,6.785743380532949e-07,0.0022093565203249454
v104_s0589,104,589,0,0,0,1.0,6.930045515218808e-07,0.0024179043248295784
v104_s0590,104,590,0,0,0,1.0,7.022954378044233e-07,0.0024506114423274994
v104_s0591,104,591,0,0,0,1.0,8.475116146655637e-07,0.002211995655670762
v104_s0592,104,592,0,0,0,1.0,7.774237928970251e-07,0.001637680921703577
v104_s0593,104,593,0,0,0,1.0,9.906225386657752e-07,0.0027305225376039743
v104_s0594,104,594,0,0,0,1.0,2.377700639044633e-06,0.010451179929077625
v104_s0595,104,595,0,0,0,1.0,1.295694119107793e-06,0.004087229259312153
v104_s0596,104,596,0,0,0,1.0,6.066384230507538e-07,0.0014017713256180286
v104_s0597,104,597,0,0,0,1.0,6.005501518302481e-07,0.0016569066792726517
v104_s0598,104,598,0,0,0,1.0,7.131251322789467e-07,0.0020355647429823875
v104_s0599,104,599,0,0,0,1.0,1.1670749699987937e-06,0.002753953216597438
v104_s0600,104,600,0,0,0,1.0,1.0639037100190762e-06,0.002714012051001191
v104_s0601,104,601,0,0,0,1.0,1.160973170044599e-06,0.0039243851788342
v104_s0602,104,602,0,0,0,1.0,1.0143778581550578e-06,0.0022690249606966972
v104_s0603,104,603,0,0,0,1.0,1.3583196505351225e-06,0.0026379041373729706
v104_s0604,104,604,0,0,0,1.0,1.8789355635817628e-06,0.005622352473437786
v104_s0605,104,605,0,0,0,1.0,3.845593255391577e-06,0.017748314887285233
v104_s0606,104,606,0,0,0,1.0,1.0779863259813283e-06,0.002825309056788683
v104_s0607,104,607,0,0,0,1.0,7.48113507142989e-07,0.0031668127048760653
v104_s0608,104,608,0,0,0,1.0,7.208755619103613e-07,0.0031101377680897713
v104_s0609,104,609,0,0,0,1.0,7.908079737717344e-07,0.0030480348505079746
v104_s0610,104,610,0,0,0,1.0,8.437463066002238e-07,0.0026401584036648273
v104_s0611,104,611,0,0,0,1.0,7.276667588484997e-07,0.002234288025647402
v104_s0612,104,612,0,0,0,1.0,8.573164791414456e-07,0.0017443042015656829
v104_s0613,104,613,0,0,0,1.0,1.1320495332256542e-06,0.0031343635637313128
v104_s0614,104,614,0,0,0,1.0,1.2808321798729594e-06,0.00406620604917407
v104_s0615,104,615,0,0,0,1.0,1.1934237136301817e-06,0.0021631759591400623
v104_s0616,104,616,0,0,0,1.0,1.1307591876175138e-06,0.0020996651146560907
v104_s0617,104,617,0,0,0,1.0,9.360034027849906e-07,0.0022198003716766834
v104_s0618,104,618,0,0,0,1.0,8.886950126907323e-07,0.0023634040262550116
v104_s0619,104,619,0,0,0,1.0,1.0186508916376624e-06,0.0022233594208955765
v104_s0620,104,620,0,0,0,1.0,1.3006940662307898e-06,0.010574025101959705
v104_s0621,104,621,0,0,0,1.0,9.871583870335598e-07,0.0017551322234794497
v104_s0622,104,622,0,0,0,1.0,9.780171694728779e-07,0.0015897175762802362
v104_s0623,104,623,0,0,0,1.0,1.1223894489376107e-06,0.0023221755400300026
v104_s0624,104,624,0,0,0,1.0,1.1072197594330646e-06,0.003001374891027808
v104_s0625,104,625,0,0,0,1.0,2.213181460319902e-06,0.008206335827708244
v104_s0626,104,626,0,0,0,1.0,1.6635453903290909e-06,0.0048216767609119415
v104_s0627,104,627,0,0,0,1.0,1.2606974451045971e-06,0.001700167777016759
v104_s0628,104,628,0,0,0,1.0,1.4449785794568015e-06,0.001977552892640233
v104_s0629,104,629,0,0,0,1.0,2.357677431064076e-06,0.008132394403219223
v104_s0630,104,630,0,0,0,1.0,4.843439455726184e-06,0.009484284557402134
v104_s0631,104,631,0,0,0,1.0,5.054448138253065e-06,0.00890919379889965
v104_s0632,104,632,0,0,0,1.0,1.9678145690704696e-06,0.00787969958037138
v104_s0633,104,633,0,0,0,1.0,1.235654735864955e-06,0.002097118878737092
v104_s0634,104,634,0,0,0,1.0,5.978595254418906e-07,0.00151225202716887
v104_s0635,104,635,0,0,0,1.0,5.7600223044573795e-06,0.09872442483901978
v104_s0636,104,636,0,0,0,1.0,1.5280530760719557e-06,0.011921635828912258
v104_s0637,104,637,0,0,0,1.0,1.164455056823499e-06,0.0026527894660830498
v104_s0638,104,638,0,0,0,1.0,1.2979700159121421e-06,0.0053205667063593864
v104_s0639,104,639,0,0,0,1.0,1.3136843790562125e-06,0.0031723089050501585
v104_s0640,104,640,0,0,0,1.0,1.2898001386929536e-06,0.00412624841555953
v104_s0641,104,641,0,0,0,1.0,8.255347552221792e-07,0.0029801016207784414
v104_s0642,104,642,0,0,0,1.0,7.576639973194688e-07,0.0027264237869530916
v104_s0643,104,643,0,0,0,1.0,8.967685403149517e-07,0.0035498682409524918
v104_s0644,104,644,0,0,0,1.0,9.00460179309448e-07,0.002703700214624405
v104_s0645,104,645,0,0,0,1.0,1.0677363206923474e-06,0.0024799068924039602
v104_s0646,104,646,0,0,0,1.0,8.986381772047025e-07,0.0026153726503252983
v104_s0647,104,647,0,0,0,1.0,7.568772844024352e-07,0.002907108049839735
v104_s0648,104,648,0,0,0,1.0,7.247408575494774e-07,0.0024068932980298996
v104_s0649,104,649,0,0,0,1.0,6.906091698510863e-07,0.0018460135906934738
v104_s0650,104,650,0,0,0,1.0,6.908487080181658e-07,0.0014097737148404121
v104_s0651,104,651,0,0,0,1.0,8.492031042806047e-07,0.00299778557382524
v104_s0652,104,652,0,0,0,1.0,1.0279826483383658e-06,0.0019756651017814875
v104_s0653,104,653,0,0,0,1.0,1.0248468242934905e-06,0.0024428823962807655
v104_s0654,104,654,0,0,0,1.0,1.137373260462482e-06,0.004706868436187506
v104_s0655,104,655,0,0,0,1.0,1.0440007827128284e-06,0.004561528097838163
v104_s0656,104,656,0,0,0,1.0,9.680771881903638e-07,0.0023275299463421106
v104_s0657,104,657,0,0,0,1.0,1.3142470152160968e-06,0.0026368743274360895
v104_s0658,104,658,0,0,0,1.0,1.5869242133703665e-06,0.008879274129867554
v104_s0659,104,659,0,0,0,1.0,1.411415951224626e-06,0.005016278009861708
v104_s0660,104,660,0,0,0,1.0,1.5904286101431353e-06,0.006696164142340422
v104_s0661,104,661,0,0,0,1.0,1.4756416248928872e-06,0.0063980198465287685
v104_s0662,104,662,0,0,0,1.0,1.3591259175882442e-06,0.0041550537571311
v104_s0663,104,663,0,0,0,1.0,1.0768533229565946e-06,0.0024975105188786983
v104_s0664,104,664,0,0,0,1.0,9.116884598370234e-07,0.0011131225619465113
v104_s0665,104,665,0,0,0,1.0,7.777832706779009e-07,0.0013564313994720578
v104_s0666,104,666,0,0,0,1.0,8.052130624491838e-07,0.0011845924891531467
v104_s0667,104,667,0,0,0,1.0,8.323863767145667e-07,0.0015045847976580262
v104_s0668,104,668,0,0,0,1.0,8.230812227338902e-07,0.0020318077877163887
v104_s0669,104,669,0,0,0,1.0,7.087747349032725e-07,0.0031792630907148123
v104_s0670,104,670,0,0,0,1.0,9.436536743123725e-07,0.007061621639877558
v104_s0671,104,671,0,0,0,1.0,9.083928489417303e-07,0.004456523340195417
v104_s0672,104,672,0,0,0,1.0,8.146331538227969e-07,0.002305443398654461
v104_s0673,104,673,0,0,0,1.0,8.831465265757288e-07,0.0028005503118038177
v104_s0674,104,674,0,0,0,1.0,9.52562686507008e-07,0.002782888012006879
v104_s0675,104,675,0,0,0,1.0,8.225803185268887e-07,0.002532592508941889
v104_s0676,104,676,0,0,0,1.0,7.402629762509605e-07,0.002863578498363495
v104_s0677,104,677,0,0,0,1.0,7.018142014203477e-07,0.0031731247436255217
v104_s0678,104,678,0,0,0,1.0,9.04841272131307e-07,0.003347205463796854
v104_s0679,104,679,0,7,0,1.428571224489825e-07,0.000120860269817058,0.9026557207107544
v104_s0680,104,680,0,0,0,1.0,1.2449271480363677e-06,0.006116307806223631
v104_s0681,104,681,0,0,0,1.0,7.434952067342238e-07,0.002696335082873702
v104_s0682,104,682,0,0,0,1.0,6.420594900191645e-07,0.001761245890520513
v104_s0683,104,683,0,0,0,1.0,7.460490678568021e-07,0.002130837645381689
v104_s0684,104,684,0,0,0,1.0,6.547517159560812e-07,0.0016862023621797562
v104_s0685,104,685,0,0,0,1.0,5.70332417737518e-07,0.001364376861602068
v104_s0686,104,686,0,0,0,1.0,6.572414008587657e-07,0.0014737359015271068
v104_s0687,104,687,0,0,0,1.0,6.072682481317315e-07,0.0018681366927921772
v104_s0688,104,688,0,0,0,1.0,6.492922466350137e-07,0.001403913600370288
v104_s0689,104,689,0,0,0,1.0,6.691271892123041e-07,0.0016480630729347467
v104_s0690,104,690,0,0,0,1.0,6.221329726940894e-07,0.0015149572864174843
v104_s0691,104,691,0,0,0,1.0,8.501519914716482e-07,0.003441818058490753
v104_s0692,104,692,0,0,0,1.0,1.2393129509291612e-05,0.240861177444458
v104_s0693,104,693,0,0,0,1.0,8.529671049473109e-07,0.0013576772762462497
v104_s0694,104,694,0,0,0,1.0,1.0673732049326645e-06,0.001966275041922927
v104_s0695,104,695,0,3,0,3.3333322222225924e-07,5.717840394936502e-05,0.8388583660125732
v104_s0696,104,696,0,2,0,4.99999750000125e-07,3.5981043765787035e-05,0.5967780947685242
v104_s0697,104,697,0,0,0,1.0,1.4613322036893805e-06,0.0056814467534422874
v104_s0698,104,698,0,0,0,1.0,1.5900110383881838e-06,0.00813685730099678
v104_s0699,104,699,0,0,0,1.0,9.221059826813871e-07,0.001830394729040563
v104_s0700,104,700,0,0,0,1.0,6.714020628351136e-07,0.0015534666599705815
v104_s0701,104,701,0,0,0,1.0,6.867274464639195e-07,0.0012642894871532917
v104_s0702,104,702,0,0,0,1.0,7.156415904319147e-07,0.001351929735392332
v104_s0703,104,703,0,0,0,1.0,6.196561344040674e-07,0.0013350676745176315
v104_s0704,104,704,0,0,0,1.0,6.117477369116386e-07,0.0014351637801155448
v104_s0705,104,705,0,0,0,1.0,1.1647063047348638e-06,0.0057487934827804565
v104_s0706,104,706,0,0,0,1.0,1.037401489156764e-06,0.0056296298280358315
v104_s0707,104,707,0,0,0,1.0,6.565724675056117e-07,0.0009950143285095692
v104_s0708,104,708,0,0,0,1.0,1.1521808573888848e-06,0.004533800296485424
v104_s0709,104,709,0,0,0,1.0,1.2055554634571308e-06,0.0029982691630721092
v104_s0710,104,710,0,0,0,1.0,1.3437204415822634e-06,0.003300126874819398
v104_s0711,104,711,0,0,0,1.0,1.0873412747969269e-06,0.0021207863464951515
v104_s0712,104,712,0,0,0,1.0,1.2393533097565523e-06,0.0013951495056971908
v104_s0713,104,713,0,0,0,1.0,1.513900542704505e-06,0.003956465050578117
v104_s0714,104,714,0,0,0,1.0,1.205881289934041e-06,0.007438311353325844
v104_s0715,104,715,0,0,0,1.0,7.677597295696614e-07,0.0013331109657883644
v104_s0716,104,716,0,0,0,1.0,1.055437678587623e-06,0.0055985888466238976
v104_s0717,104,717,0,0,0,1.0,7.616960147061036e-07,0.002301323926076293
v104_s0718,104,718,0,0,0,1.0,7.128017500690476e-07,0.0011463041882961988
v104_s0719,104,719,0,0,0,1.0,1.0193296020588605e-06,0.010743348859250546
v104_s0720,104,720,0,0,0,1.0,7.060384064061509e-07,0.0015993730630725622
v104_s0721,104,721,0,0,0,1.0,7.284161824827606e-07,0.0016242965357378125
v104_s0722,104,722,0,0,0,1.0,2.158684083042317e-06,0.018343156203627586
v104_s0723,104,723,0,0,0,1.0,7.77628031300992e-07,0.0017603131709620357
v104_s0724,104,724,0,0,0,1.0,7.283651939360425e-07,0.0015505406772717834
v104_s0725,104,725,0,0,0,1.0,8.676404377183644e-07,0.003193149110302329
v104_s0726,104,726,0,0,0,1.0,7.778182293805003e-07,0.0017691111424937844
v104_s0727,104,727,0,0,0,1.0,6.698382435388339e-07,0.0017063745763152838
v104_s0728,104,728,0,0,0,1.0,6.83253119859728e-07,0.0019145847763866186
v104_s0729,104,729,0,0,0,1.0,6.295236403275339e-07,0.0016180165112018585
v104_s0730,104,730,0,0,0,1.0,7.076818064888357e-07,0.0020071903709322214
v104_s0731,104,731,0,0,0,1.0,7.954159286782669e-07,0.0016082834918051958
v104_s0732,104,732,0,0,0,1.0,7.725319051132828e-07,0.00175574142485857
v104_s0733,104,733,0,0,0,1.0,9.075096158994711e-07,0.0019100395729765296
v104_s0734,104,734,0,0,0,1.0,8.921621201807284e-07,0.0016898398753255606
v104_s0735,104,735,0,0,0,1.0,8.720774076209636e-07,0.0013346131891012192
v104_s0736,104,736,0,0,0,1.0,8.387481216232118e-07,0.0012811255874112248
v104_s0737,104,737,0,0,0,1.0,8.194986662601877e-07,0.001684879302047193
v104_s0738,104,738,0,0,0,1.0,7.581681416013453e-07,0.0015620423946529627
v104_s0739,104,739,0,0,0,1.0,7.420070460284478e-07,0.0014657486462965608
v104_s0740,104,740,0,0,0,1.0,9.190910077450098e-07,0.0014044283889234066
v104_s0741,104,741,0,0,0,1.0,1.7564099152878043e-06,0.006838147062808275
v104_s0742,104,742,0,11,0,9.090908264462886e-08,0.00020562877762131393,0.7644556164741516
v104_s0743,104,743,0,0,0,1.0,8.859377658154699e-07,0.0019559909123927355
v104_s0744,104,744,0,0,0,1.0,8.417151775574894e-07,0.001467541791498661
v104_s0745,104,745,0,0,0,1.0,2.6896291274169926e-06,0.0363047830760479
v104_s0746,104,746,0,0,0,1.0,7.063424618536374e-07,0.0013793343678116798
v104_s0747,104,747,0,0,0,1.0,7.096904255377012e-07,0.0012132007395848632
v104_s0748,104,748,0,0,0,1.0,1.0536842864894425e-06,0.0019587769638746977
v104_s0749,104,749,0,0,0,1.0,8.217956519729341e-07,0.0015021917643025517
v104_s0750,104,750,0,0,0,1.0,8.084724640866625e-07,0.0010959304636344314
v104_s0751,104,751,0,0,0,1.0,9.344930163024401e-07,0.0018998023588210344
v104_s0752,104,752,0,0,0,1.0,7.726108606220805e-07,0.001210286864079535
v104_s0753,104,753,0,0,0,1.0,6.518653776765859e-07,0.0010557420318946242
v104_s0754,104,754,0,0,0,1.0,6.951922841835767e-07,0.0013294739183038473
v104_s0755,104,755,0,0,0,1.0,6.087578867663979e-07,0.0009660609648562968
v104_s0756,104,756,0,0,0,1.0,6.3049884602151e-07,0.0011078702518716455
v104_s0757,104,757,0,0,0,1.0,6.579666660400108e-07,0.0019342188024893403
v104_s0758,104,758,0,0,0,1.0,7.757182061141066e-07,0.0011005151318386197
v104_s0759,104,759,0,0,0,1.0,7.384576292679412e-07,0.0011098624672740698
v104_s0760,104,760,0,0,0,1.0,7.185010417742888e-07,0.0019727451726794243
v104_s0761,104,761,0,0,0,1.0,7.562960604445834e-07,0.001358000678010285
v104_s0762,104,762,0,0,0,1.0,7.093694875948131e-07,0.0017476059729233384
v104_s0763,104,763,0,0,0,1.0,7.034357167867711e-07,0.0021830799523741007
v104_s0764,104,764,0,0,0,1.0,7.818109111212834e-07,0.0021643806248903275
v104_s0765,104,765,0,0,0,1.0,7.977080258569913e-07,0.002482711337506771
v104_s0766,104,766,0,0,0,1.0,8.797254054115911e-07,0.005721594672650099
v104_s0767,104,767,0,0,0,1.0,8.196348062483594e-07,0.003871481167152524
v104_s0768,104,768,0,0,0,1.0,7.356279638770502e-07,0.001864632242359221
v104_s0769,104,769,0,0,0,1.0,7.200480922620045e-07,0.0022515407763421535
v104_s0770,104,770,0,0,0,1.0,7.290002486115554e-07,0.0016959629720076919
v104_s0771,104,771,0,0,0,1.0,6.691885801046737e-07,0.0018894174136221409
v104_s0772,104,772,0,0,0,1.0,7.6818542993351e-07,0.0016919521149247885
v104_s0773,104,773,0,0,0,1.0,1.153601147052541e-06,0.005280757322907448
v104_s0774,104,774,0,15,0,6.666666222222252e-08,0.00026329903630539775,0.9972655773162842
v104_s0775,104,775,0,0,0,1.0,1.1569337630135124e-06,0.006358347833156586
v104_s0776,104,776,0,0,0,1.0,1.1406444855310838e-06,0.008236093446612358
v104_s0777,104,777,0,0,0,1.0,1.1733942528735497e-06,0.009786546230316162
v104_s0778,104,778,0,0,0,1.0,1.457503458368592e-06,0.005738269537687302
v104_s0779,104,779,0,0,0,1.0,1.3462483366311062e-05,0.16426533460617065
v104_s0780,104,780,0,27,0,3.703703566529497e-08,0.00042689021211117506,0.999883770942688
v105_s0000,105,0,0,0,0,1.0,5.010493850932107e-07,0.000615689845290035
v105_s0001,105,1,0,0,0,1.0,5.972601115900034e-07,0.0010470343986526132
v105_s0002,105,2,0,0,0,1.0,5.801769020763459e-07,0.0005435344064608216
v105_s0003,105,3,0,0,0,1.0,6.090675697123515e-07,0.0014326389646157622
v105_s0004,105,4,0,0,0,1.0,8.403156357417174e-07,0.0025039168540388346
v105_s0005,105,5,0,0,0,1.0,8.118843766169448e-07,0.003024268662557006
v105_s0006,105,6,0,0,0,1.0,9.18512284897588e-07,0.00588059751316905
v105_s0007,105,7,0,0,0,1.0,5.471507620313787e-07,0.0007323661702685058
v105_s0008,105,8,0,0,0,1.0,7.007505473666242e-07,0.0017985607264563441
v105_s0009,105,9,0,0,0,1.0,5.572443342316546e-07,0.0011223235633224249
v105_s0010,105,10,0,0,0,1.0,7.533528787462274e-07,0.007327098399400711
v105_s0011,105,11,0,0,0,1.0,6.29957298770023e-07,0.005006472580134869
v105_s0012,105,12,0,0,0,1.0,5.936381057836115e-07,0.0030148676596581936
v105_s0013,105,13,0,0,0,1.0,1.5000302937551169e-06,0.012918149121105671
v105_s0014,105,14,0,0,0,1.0,2.4946518806245876e-06,0.04179280996322632
v105_s0015,105,15,0,0,0,1.0,1.1163187991769519e-06,0.010316013358533382
v105_s0016,105,16,0,0,0,1.0,1.3270805538923014e-06,0.00842052698135376
v105_s0017,105,17,0,0,0,1.0,7.608277883264236e-07,0.00128468731418252
v105_s0018,105,18,0,0,0,1.0,1.0138544439541874e-06,0.006401752587407827
v105_s0019,105,19,0,0,0,1.0,8.038228997975239e-07,0.0038176842499524355
v105_s0020,105,20,0,0,0,1.0,8.192447467081365e-07,0.002339276485145092
v105_s0021,105,21,0,0,0,1.0,5.934734872425906e-07,0.0003369250043760985
v105_s0022,105,22,0,0,0,1.0,6.288084932748461e-07,0.0006374703370966017
v105_s0023,105,23,0,0,0,1.0,5.415781743067782e-07,0.0004586629511322826
v105_s0024,105,24,0,0,0,1.0,6.260437430682941e-07,0.0005513679352588952
v105_s0025,105,25,0,0,0,1.0,7.873223353271896e-07,0.004074551165103912
v105_s0026,105,26,0,0,0,1.0,5.538821028494567e-07,0.0005247644148766994
v105_s0027,105,27,0,0,0,1.0,6.448134399761329e-07,0.0009802739368751645
v105_s0028,105,28,0,0,0,1.0,1.1236829777772073e-06,0.013281352818012238
v105_s0029,105,29,0,0,0,1.0,4.109050678380299e-06,0.12232103198766708
v105_s0030,105,30,0,0,0,1.0,2.9084153538860846e-06,0.0317489318549633
v105_s0031,105,31,0,0,0,1.0,1.8970429209730355e-06,0.020042814314365387
v105_s0032,105,32,0,0,0,1.0,1.276214788958896e-06,0.008945357985794544
v105_s0033,105,33,0,0,0,1.0,8.86572763647564e-07,0.002042353618890047
v105_s0034,105,34,0,0,0,1.0,7.954889724715031e-07,0.001073801307938993
v105_s0035,105,35,0,0,0,1.0,1.03302363640978e-06,0.0029858637135475874
v105_s0036,105,36,0,0,0,1.0,2.087980647047516e-06,0.01920957677066326
v105_s0037,105,37,0,0,0,1.0,1.5321386399591574e-06,0.007616736460477114
v105_s0038,105,38,0,0,0,1.0,1.5223105265249615e-06,0.008104750886559486
v105_s0039,105,39,0,0,0,1.0,1.882243395812111e-06,0.015254099853336811
v105_s0040,105,40,0,0,0,1.0,3.944089257856831e-06,0.05513041466474533
v105_s0041,105,41,0,0,0,1.0,4.918571903544944e-06,0.04119483008980751
v105_s0042,105,42,0,0,0,1.0,7.4060963015654124e-06,0.09957996755838394
v105_s0043,105,43,0,0,0,1.0,7.479904525098391e-06,0.07478278130292892
v105_s0044,105,44,0,0,0,1.0,4.944617103319615e-06,0.06968081742525101
v105_s0045,105,45,0,0,0,1.0,1.3355124792724382e-05,0.21290889382362366
v105_s0046,105,46,0,0,0,1.0,2.2260912373894826e-05,0.4094116985797882
v105_s0047,105,47,0,0,0,1.0,4.083217390871141e-06,0.045100267976522446
v105_s0048,105,48,0,0,0,1.0,2.9271980110934237e-06,0.019589463248848915
v105_s0049,105,49,0,0,0,1.0,2.8865408694400685e-06,0.03680865094065666
v105_s0050,105,50,0,0,0,1.0,1.569758524055942e-06,0.008032245561480522
v105_s0051,105,51,0,0,0,1.0,4.1328939914819784e-06,0.0752229392528534
v105_s0052,105,52,0,1,0,9.99999000001e-07,2.181295167247299e-05,0.5027170181274414
v105_s0053,105,53,0,0,0,1.0,5.836405762238428e-06,0.11863569915294647
v105_s0054,105,54,0,0,0,1.0,3.5910065889765974e-06,0.04406590014696121
v105_s0055,105,55,0,0,0,1.0,2.5626318347349297e-06,0.02316238544881344
v105_s0056,105,56,0,0,0,1.0,2.2331407762976596e-06,0.020807204768061638
v105_s0057,105,57,0,0,0,1.0,8.64355024532415e-06,0.18729835748672485
v105_s0058,105,58,0,0,0,1.0,1.9190953025827184e-05,0.3988589346408844
v105_s0059,105,59,0,0,0,1.0,1.2521809367171954e-05,0.25000566244125366
v105_s0060,105,60,0,0,0,1.0,1.3896024029236287e-06,0.0156091982498765
v105_s0061,105,61,0,0,0,1.0,1.047572254719853e-06,0.011316671967506409
v105_s0062,105,62,0,0,0,1.0,8.979512244877697e-07,0.00589635968208313
v105_s0063,105,63,0,0,0,1.0,6.152109222057334e-07,0.0019291614880785346
v105_s0064,105,64,0,0,0,1.0,7.324725856960868e-07,0.0024614573922008276
v105_s0065,105,65,0,0,0,1.0,7.817248501851282e-07,0.0017555409576743841
v105_s0066,105,66,0,0,0,1.0,8.205270205507986e-07,0.004350761882960796
v105_s0067,105,67,0,0,0,1.0,7.707972144999076e-07,0.003839987562969327
v105_s0068,105,68,0,0,0,1.0,9.692314506537514e-07,0.0034882875625044107
v105_s0069,105,69,0,0,0,1.0,7.820362952770665e-07,0.0036511803045868874
v105_s0070,105,70,0,0,0,1.0,6.268203947001894e-07,0.0022826087661087513
v105_s0071,105,71,0,0,0,1.0,7.756084414722864e-07,0.0010799288284033537
v105_s0072,105,72,0,0,0,1.0,1.169923280031071e-06,0.0027750269509851933
v105_s0073,105,73,0,0,0,1.0,1.3751139249507105e-06,0.0034613667521625757
v105_s0074,105,74,0,0,0,1.0,1.2631958270503674e-06,0.0029422699008136988
v105_s0075,105,75,0,0,0,1.0,9.437415542379313e-07,0.0015526991337537766
v105_s0076,105,76,0,0,0,1.0,9.420920150660095e-07,0.0016939749475568533
v105_s0077,105,77,0,0,0,1.0,9.223673487213091e-07,0.00126049539539963
v105_s0078,105,78,0,0,0,1.0,1.1046086001442745e-06,0.005801181308925152
v105_s0079,105,79,0,0,0,1.0,1.0359625548517215e-06,0.003860239638015628
v105_s0080,105,80,0,0,0,1.0,1.0992065426762565e-06,0.002501952461898327
v105_s0081,105,81,0,0,0,1.0,1.2571273373396252e-06,0.006315977778285742
v105_s0082,105,82,0,0,0,1.0,1.4015215583640384e-06,0.004856635816395283
v105_s0083,105,83,0,0,0,1.0,9.142737553702318e-07,0.0010263113072142005
v105_s0084,105,84,0,0,0,1.0,8.113659077935154e-07,0.0007683789590373635
v105_s0085,105,85,0,0,0,1.0,6.873578968225047e-07,0.0009507449576631188
v105_s0086,105,86,0,0,0,1.0,7.167613489400537e-07,0.0006358872051350772
v105_s0087,105,87,0,0,0,1.0,9.820150808081962e-07,0.003174956189468503
v105_s0088,105,88,0,0,0,1.0,9.640943972044624e-07,0.0017104579601436853
v105_s0089,105,89,0,0,0,1.0,9.597679309081286e-07,0.0006188511615619063
v105_s0090,105,90,0,0,0,1.0,9.358029728900874e-07,0.0009097422007471323
v105_s0091,105,91,0,0,0,1.0,8.39167455524148e-07,0.0014190387446433306
v105_s0092,105,92,0,0,0,1.0,1.2613741091627162e-06,0.0018575761932879686
v105_s0093,105,93,0,0,0,1.0,1.1578865724004572e-06,0.0051077259704470634
v105_s0094,105,94,0,0,0,1.0,1.1211773198738229e-06,0.0017699407180771232
v105_s0095,105,95,0,0,0,1.0,5.946699275227729e-06,0.1811528503894806
v105_s0096,105,96,0,0,0,1.0,6.848591056041187e-06,0.1864527016878128
v105_s0097,105,97,0,3,0,3.3333322222225924e-07,6.524446507683024e-05,0.9125627279281616
v105_s0098,105,98,0,1,0,9.99999000001e-07,2.4354443667107262e-05,0.527971625328064
v105_s0099,105,99,0,3,0,3.3333322222225924e-07,4.555758641799912e-05,0.6680331826210022
v105_s0100,105,100,0,0,0,1.0,2.1291269149514847e-05,0.28239649534225464
v105_s0101,105,101,0,15,0,6.666666222222252e-08,0.0002551794168539345,0.9998996257781982
v105_s0102,105,102,0,6,0,1.666666388888935e-07,9.971388499252498e-05,0.8945884704589844
v105_s0103,105,103,0,0,0,1.0,8.059497531576199e-07,0.002794526983052492
v105_s0104,105,104,0,0,0,1.0,5.620082106361224e-07,0.0006205530371516943
v105_s0105,105,105,0,0,0,1.0,7.58994019633974e-07,0.001387339667417109
v105_s0106,105,106,0,0,0,1.0,9.873217550193658e-07,0.004033529665321112
v105_s0107,105,107,0,0,0,1.0,8.301495313389751e-07,0.002709385007619858
v105_s0108,105,108,0,0,0,1.0,6.656203368038405e-06,0.1260421872138977
v105_s0109,105,109,0,0,0,1.0,1.4361770581672317e-06,0.01766795851290226
v105_s0110,105,110,0,0,0,1.0,1.0755416042229626e-06,0.004439685493707657
v105_s0111,105,111,0,0,0,1.0,1.359992211291683e-06,0.016196943819522858
v105_s0112,105,112,0,0,0,1.0,1.3462099559546914e-06,0.007832101546227932
v105_s0113,105,113,0,0,0,1.0,8.224104135479138e-07,0.001468542730435729
v105_s0114,105,114,0,0,0,1.0,1.0055567827293999e-06,0.00335016380995512
v105_s0115,105,115,0,0,0,1.0,9.641686347094947e-07,0.00299077364616096
v105_s0116,105,116,0,0,0,1.0,9.907633966577123e-07,0.005139459855854511
v105_s0117,105,117,0,0,0,1.0,8.044358992265188e-07,0.0010358390863984823
v105_s0118,105,118,0,0,0,1.0,2.8138235848018667e-06,0.02463698573410511
v105_s0119,105,119,0,3,0,3.3333322222225924e-07,6.124109495431185e-05,0.7158827185630798
v105_s0120,105,120,0,6,0,1.666666388888935e-07,9.070652595255524e-05,0.8607023358345032
v105_s0121,105,121,0,0,0,1.0,1.048516423907131e-05,0.12753619253635406
v105_s0122,105,122,0,0,0,1.0,4.715423983725486e-06,0.03369450941681862
v105_s0123,105,123,0,0,0,1.0,1.1158731467730831e-06,0.006469439249485731
v105_s0124,105,124,0,0,0,1.0,6.313381391009898e-07,0.0006689984002150595
v105_s0125,105,125,0,0,0,1.0,5.822691946377745e-07,0.0005755969905294478
v105_s0126,105,126,0,0,0,1.0,6.665563319074863e-07,0.0016581574454903603
v105_s0127,105,127,0,0,0,1.0,7.019217491688323e-07,0.0021754764020442963
v105_s0128,105,128,0,0,0,1.0,6.868116315672523e-07,0.00030041293939575553
v105_s0129,105,129,0,0,0,1.0,5.832831106999947e-07,0.00026990496553480625
v105_s0130,105,130,0,0,0,1.0,6.589160079784051e-07,0.002026472706347704
v105_s0131,105,131,0,0,0,1.0,8.300893910018203e-07,0.006634274963289499
v105_s0132,105,132,0,0,0,1.0,7.657407081751444e-07,0.005367071833461523
v105_s0133,105,133,0,0,0,1.0,7.367459033957857e-07,0.004527956712990999
v105_s0134,105,134,0,0,0,1.0,1.0871929134737002e-06,0.009200611151754856
v105_s0135,105,135,0,0,0,1.0,2.222695457021473e-06,0.04245886206626892
v105_s0136,105,136,0,0,0,1.0,1.5567384252790362e-06,0.024804025888442993
v105_s0137,105,137,0,0,0,1.0,2.759164544841042e-06,0.060777902603149414
v105_s0138,105,138,0,0,0,1.0,5.365726565287332e-07,0.0006968210800550878
v105_s0139,105,139,0,0,0,1.0,5.427796736512391e-07,0.00113539001904428
v105_s0140,105,140,0,0,0,1.0,6.507057150884066e-07,0.001203977270051837
v105_s0141,105,141,0,0,0,1.0,7.971345894475235e-07,0.0037376799155026674
v105_s0142,105,142,0,0,0,1.0,6.796506113460055e-07,0.0030458983965218067
v105_s0143,105,143,0,0,0,1.0,6.825972036494932e-07,0.001259988872334361
v105_s0144,105,144,0,0,0,1.0,1.675184989835543e-06,0.03203968703746796
v105_s0145,105,145,0,0,0,1.0,7.92153696238529e-06,0.22862480580806732
v105_s0146,105,146,0,4,0,2.499999375000156e-07,5.565145693253726e-05,0.8725966215133667
v105_s0147,105,147,0,5,0,1.99999960000008e-07,5.828231223858893e-05,0.8720947504043579
v105_s0148,105,148,0,0,0,1.0,7.825206921552308e-06,0.17941328883171082
v105_s0149,105,149,0,0,0,1.0,7.024561909929616e-07,0.0014247539220377803
v105_s0150,105,150,0,0,0,1.0,7.17545731276914e-07,0.0018994052661582828
v105_s0151,105,151,0,0,0,1.0,8.499986279275618e-07,0.008049280382692814
v105_s0152,105,152,0,0,0,1.0,1.0871444828808308e-06,0.019702916964888573
v105_s0153,105,153,0,0,0,1.0,5.962951377114223e-07,0.0011769251432269812
v105_s0154,105,154,0,0,0,1.0,1.2565305951284245e-06,0.007522874977439642
v105_s0155,105,155,0,2,0,4.99999750000125e-07,4.5677741582039744e-05,0.7962613105773926
v105_s0156,105,156,0,0,0,1.0,7.294015631487127e-07,0.0015457805711776018
v105_s0157,105,157,0,0,0,1.0,1.059525175151066e-06,0.005082727409899235
v105_s0158,105,158,0,0,0,1.0,1.0814143251991482e-06,0.00319485692307353
v105_s0159,105,159,0,0,0,1.0,2.1038486011093482e-06,0.035764023661613464
v105_s0160,105,160,0,1,0,9.99999000001e-07,2.5905117581714876e-05,0.5323526859283447
v105_s0161,105,161,0,0,0,1.0,1.0248620583297452e-06,0.004223071038722992
v105_s0162,105,162,0,0,0,1.0,7.860797381908924e-07,0.003534900024533272
v105_s0163,105,163,0,0,0,1.0,1.5228788470267318e-06,0.014881416223943233
v105_s0164,105,164,0,0,0,1.0,5.215086957832682e-07,0.0004790037637576461
v105_s0165,105,165,0,0,0,1.0,5.306027333062957e-07,0.0005724268266931176
v105_s0166,105,166,0,0,0,1.0,7.407098223666253e-07,0.002078327350318432
v105_s0167,105,167,0,4,0,2.499999375000156e-07,7.57357629481703e-05,0.9699540734291077
v105_s0168,105,168,0,2,0,4.99999750000125e-07,4.426778468769044e-05,0.820427417755127
v105_s0169,105,169,0,0,0,1.0,7.49079731576785e-07,0.0015642732614651322
v105_s0170,105,170,0,0,0,1.0,6.961375902392319e-07,0.0009476510458625853
v105_s0171,105,171,0,0,0,1.0,7.399088417514577e-07,0.0013759741559624672
v105_s0172,105,172,0,0,0,1.0,6.899441018504149e-07,0.002501831157132983
v105_s0173,105,173,0,0,0,1.0,7.926894340926083e-07,0.004337354563176632
v105_s0174,105,174,0,0,0,1.0,7.019691565801622e-07,0.0032928073778748512
v105_s0175,105,175,0,0,0,1.0,7.530759376095375e-07,0.0017540565459057689
v105_s0176,105,176,0,0,0,1.0,7.709411420364631e-07,0.0029197577387094498
v105_s0177,105,177,0,0,0,1.0,7.466929332622385e-07,0.0017683969344943762
v105_s0178,105,178,0,0,0,1.0,7.917284392533475e-07,0.001571121159940958
v105_s0179,105,179,0,0,0,1.0,1.054435529113107e-06,0.008447883650660515
v105_s0180,105,180,0,0,0,1.0,1.570949734741589e-06,0.01784738339483738
v105_s0181,105,181,0,0,0,1.0,2.1746507172792917e-06,0.028392087668180466
v105_s0182,105,182,0,0,0,1.0,1.6662036159686977e-06,0.019271019846200943
v105_s0183,105,183,0,0,0,1.0,9.950667845259886e-07,0.005783055908977985
v105_s0184,105,184,0,0,0,1.0,1.210353048008983e-06,0.008550755679607391
v105_s0185,105,185,0,0,0,1.0,1.1394950888643507e-05,0.2485531121492386
v105_s0186,105,186,0,0,0,1.0,1.2436482847988373e-06,0.009573567658662796
v105_s0187,105,187,0,0,0,1.0,1.274991632271849e-06,0.011200517416000366
v105_s0188,105,188,0,0,0,1.0,1.017263002722757e-06,0.00236420682631433
v105_s0189,105,189,0,0,0,1.0,1.2328465572863934e-06,0.004176260903477669
v105_s0190,105,190,0,0,0,1.0,1.6904861013244954e-06,0.008044077083468437
v105_s0191,105,191,0,0,0,1.0,1.2775773257089895e-06,0.0024870182387530804
v105_s0192,105,192,0,0,0,1.0,3.159509333272581e-06,0.01945553347468376
v105_s0193,105,193,0,0,0,1.0,3.63575099981972e-06,0.024133190512657166
v105_s0194,105,194,0,0,0,1.0,1.2089819847460603e-06,0.0024073515087366104
v105_s0195,105,195,0,0,0,1.0,2.1986779756844044e-06,0.012390568852424622
v105_s0196,105,196,0,0,0,1.0,1.1009489753632806e-05,0.1806647777557373
v105_s0197,105,197,0,4,0,2.499999375000156e-07,8.513159264111891e-05,0.9613395929336548
v105_s0198,105,198,0,4,0,2.499999375000156e-07,6.332451448542997e-05,0.8194936513900757
v105_s0199,105,199,0,1,0,9.99999000001e-07,2.5913303034030832e-05,0.7214263677597046
v105_s0200,105,200,0,1,0,9.99999000001e-07,3.996774466941133e-05,0.7907043099403381
v105_s0201,105,201,0,0,0,1.0,1.1730285223165993e-06,0.00755302282050252
v105_s0202,105,202,0,0,0,1.0,6.590742032130947e-07,0.0022938628681004047
v105_s0203,105,203,0,0,0,1.0,1.0311008509233943e-06,0.0071919867768883705
v105_s0204,105,204,0,0,0,1.0,1.4662018656963482e-06,0.010915334336459637
v105_s0205,105,205,0,0,0,1.0,7.40651557862293e-06,0.16623398661613464
v105_s0206,105,206,0,0,0,1.0,1.2791715562343597e-05,0.25156596302986145
v105_s0207,105,207,0,0,0,1.0,6.681841568934033e-07,0.00277539249509573
v105_s0208,105,208,0,0,0,1.0,5.421222795121139e-07,0.0008023179252631962
v105_s0209,105,209,0,0,0,1.0,6.782874493183044e-07,0.0007471786811947823
v105_s0210,105,210,0,0,0,1.0,1.0577520015431219e-06,0.004336053039878607
v105_s0211,105,211,0,0,0,1.0,8.519625680492027e-07,0.0027250992134213448
v105_s0212,105,212,0,0,0,1.0,2.9096386242599692e-06,0.07030029594898224
v105_s0213,105,213,0,0,0,1.0,1.308142032030446e-06,0.009404505603015423
v105_s0214,105,214,0,0,0,1.0,7.122844749574142e-07,0.003909890074282885
v105_s0215,105,215,0,0,0,1.0,5.046638875683129e-07,0.0028067664243280888
v105_s0216,105,216,0,0,0,1.0,5.240955260887858e-07,0.0017498251982033253
v105_s0217,105,217,0,0,0,1.0,8.571608987040236e-07,0.010038494132459164
v105_s0218,105,218,0,0,0,1.0,7.31248178453825e-07,0.00686983298510313
v105_s0219,105,219,0,0,0,1.0,2.4749560907366686e-06,0.026638302952051163
v105_s0220,105,220,0,0,0,1.0,4.2704135694293655e-07,0.0007448714459314942
v105_s0221,105,221,0,0,0,1.0,3.986073693340586e-07,9.188999683829024e-05
v105_s0222,105,222,0,0,0,1.0,4.089727951850364e-07,0.00011345692473696545
v105_s0223,105,223,0,0,0,1.0,4.30728846367856e-07,0.0003268119180575013
v105_s0224,105,224,0,0,0,1.0,4.347646438418451e-07,0.0007090549333952367
v105_s0225,105,225,0,0,0,1.0,5.168334951122233e-07,0.00011429565347498283
v105_s0226,105,226,0,0,0,1.0,4.918973672829452e-07,0.00028383167227730155
v105_s0227,105,227,0,0,0,1.0,4.070135446454515e-07,0.00013401865726336837
v105_s0228,105,228,0,0,0,1.0,4.2176469605692546e-07,0.0002988309715874493
v105_s0229,105,229,0,0,0,1.0,4.3306502561790694e-07,8.58313069329597e-05
v105_s0230,105,230,0,0,0,1.0,5.76673755858792e-07,0.0007020700722932816
v105_s0231,105,231,0,0,0,1.0,4.878222625848139e-07,0.0007554430048912764
v105_s0232,105,232,0,0,0,1.0,4.040801684368489e-07,0.0003074070264119655
v105_s0233,105,233,0,0,0,1.0,3.8710982153133955e-07,0.0004655419907066971
v105_s0234,105,234,0,0,0,1.0,3.568720217117516e-07,0.00013635463255923241
v105_s0235,105,235,0,0,0,1.0,4.0553328517489717e-07,0.0003921236493624747
v105_s0236,105,236,0,0,0,1.0,4.524990231402626e-07,0.0002947710163425654
v105_s0237,105,237,0,0,0,1.0,4.3061555743406643e-07,0.0006488582585006952
v105_s0238,105,238,0,0,0,1.0,4.138454698932037e-07,0.0004748408973682672
v105_s0239,105,239,0,0,0,1.0,4.7450487272726605e-07,0.0003812511858996004
v105_s0240,105,240,0,0,0,1.0,5.032517265135539e-07,0.0004573048499878496
v105_s0241,105,241,0,0,0,1.0,3.8948226688262366e-07,0.00044928694842383265
v105_s0242,105,242,0,0,0,1.0,4.412888188198849e-07,0.00047277557314373553
v105_s0243,105,243,0,0,0,1.0,4.3768426394308335e-07,0.0004958681529387832
v105_s0244,105,244,0,0,0,1.0,3.7929487461951794e-07,0.000510007725097239
v105_s0245,105,245,0,0,0,1.0,4.0248994537250837e-07,0.0011694657150655985
v105_s0246,105,246,0,0,0,1.0,4.348145807853143e-07,0.00023859131033532321
v105_s0247,105,247,0,0,0,1.0,4.751141489123256e-07,0.00029314300627447665
v105_s0248,105,248,0,0,0,1.0,3.9361418657790637e-07,0.0003965910873375833
v105_s0249,105,249,0,0,0,1.0,4.20833771386242e-07,0.0006846380420029163
v105_s0250,105,250,0,0,0,1.0,3.941636066429055e-07,0.00022014661226421595
v105_s0251,105,251,0,0,0,1.0,4.160082198723103e-07,0.00010774892871268094
v105_s0252,105,252,0,0,0,1.0,4.4798747467211797e-07,0.0004999177763238549
v105_s0253,105,253,0,0,0,1.0,2.9567613069048093e-07,5.877638250240125e-05
v105_s0254,105,254,0,0,0,1.0,3.372999799466925e-07,0.000187552985153161
v105_s0255,105,255,0,0,0,1.0,3.493668714327214e-07,0.00019831937970593572
v105_s0256,105,256,0,0,0,1.0,4.0840953374754463e-07,0.00044485018588602543
v105_s0257,105,257,0,0,0,1.0,7.455856803062488e-07,0.0033243184443563223
v105_s0258,105,258,0,0,0,1.0,2.0244390270818258e-06,0.02987494319677353
v105_s0259,105,259,0,0,0,1.0,6.105543661760748e-07,0.0033574637491256
v105_s0260,105,260,0,0,0,1.0,3.614049717270973e-07,0.00012050902296323329
v105_s0261,105,261,0,0,0,1.0,4.064147276494623e-07,0.00014449238369707018
v105_s0262,105,262,0,0,0,1.0,5.833887257722381e-07,0.000647051609121263
v105_s0263,105,263,0,0,0,1.0,9.006701588987198e-07,0.001368410885334015
v105_s0264,105,264,0,0,0,1.0,1.1712130572050228e-06,0.0013261131243780255
v105_s0265,105,265,0,0,0,1.0,1.1601036931097042e-06,0.0009213782614096999
v105_s0266,105,266,0,0,0,1.0,8.732240530662239e-07,0.0004804983036592603
v105_s0267,105,267,0,0,0,1.0,1.1894032923009945e-06,0.0020342902280390263
v105_s0268,105,268,0,0,0,1.0,5.7949159781856e-07,0.00038797641173005104
v105_s0269,105,269,0,0,0,1.0,5.52654000784969e-07,0.00021326747082639486
v105_s0270,105,270,0,0,0,1.0,9.939343499354436e-07,0.004654758609831333
v105_s0271,105,271,0,0,0,1.0,1.1639342574198963e-06,0.002405043924227357
v105_s0272,105,272,0,0,0,1.0,6.771148832740437e-07,0.0019661083351820707
v105_s0273,105,273,0,0,0,1.0,8.035560767893912e-07,0.0006561020272783935
v105_s0274,105,274,0,0,0,1.0,5.867957497684984e-07,0.0005870999302715063
v105_s0275,105,275,0,0,0,1.0,1.4004687045598985e-06,0.002283967798575759
v105_s0276,105,276,0,0,0,1.0,1.482979541833629e-06,0.0023745130747556686
v105_s0277,105,277,0,0,0,1.0,1.0604974249872612e-06,0.000923380721360445
v105_s0278,105,278,0,0,0,1.0,8.955911994235066e-07,0.0005683144554495811
v105_s0279,105,279,0,0,0,1.0,8.510473890055437e-07,0.0013319255085662007
v105_s0280,105,280,0,0,0,1.0,6.972554729145486e-07,0.0011726922821253538
v105_s0281,105,281,0,0,0,1.0,7.202172582765343e-07,0.0014193557435646653
v105_s0282,105,282,0,0,0,1.0,7.371256174337759e-07,0.0010738130658864975
v105_s0283,105,283,0,0,0,1.0,1.5380835520772962e-06,0.003238868433982134
v105_s0284,105,284,0,0,0,1.0,1.2238896260896581e-06,0.0004662496503442526
v105_s0285,105,285,0,0,0,1.0,8.488739808854007e-07,0.0005622164462693036
v105_s0286,105,286,0,0,0,1.0,4.827792849937396e-07,0.0002681413316167891
v105_s0287,105,287,0,0,0,1.0,1.0836929504876025e-06,0.009370148181915283
v105_s0288,105,288,0,0,0,1.0,8.186331797332969e-06,0.06761962920427322
v105_s0289,105,289,0,0,0,1.0,4.941457518725656e-07,0.0001273840171052143
v105_s0290,105,290,0,0,0,1.0,4.668151518671948e-07,0.0002482201380189508
v105_s0291,105,291,0,0,0,1.0,4.3572856611717725e-07,0.0001757923309924081
v105_s0292,105,292,0,0,0,1.0,5.742427902077907e-07,0.00020823760132770985
v105_s0293,105,293,0,0,0,1.0,4.841153895540629e-07,0.00014930471661500633
v105_s0294,105,294,0,0,0,1.0,5.832602028021938e-07,0.0004108563589397818
v105_s0295,105,295,0,0,0,1.0,5.578496029556845e-07,0.00016710738418623805
v105_s0296,105,296,0,0,0,1.0,4.073531840731448e-07,0.00016492337454110384
v105_s0297,105,297,0,0,0,1.0,4.971726639269036e-07,0.00019975008035544306
v105_s0298,105,298,0,0,0,1.0,4.654982035390276e-07,0.0001098900829674676
v105_s0299,105,299,0,0,0,1.0,8.129634352371795e-07,0.004014056175947189
v105_s0300,105,300,0,0,0,1.0,5.482044116433826e-07,0.00023524749849457294
v105_s0301,105,301,0,0,0,1.0,5.365309334592894e-07,0.00017765957454685122
v105_s0302,105,302,0,0,0,1.0,7.694474106756388e-07,0.0032413292210549116
v105_s0303,105,303,0,0,0,1.0,8.154695478879148e-07,0.00040651127346791327
v105_s0304,105,304,0,0,0,1.0,9.181903237731603e-07,0.0009747205767780542
v105_s0305,105,305,0,0,0,1.0,9.722261893330142e-07,0.0011661418247967958
v105_s0306,105,306,0,0,0,1.0,1.0591087402644916e-06,0.0006167214014567435
v105_s0307,105,307,0,0,0,1.0,6.586548124687397e-07,0.0005757849430665374
v105_s0308,105,308,0,0,0,1.0,8.487054401484784e-07,0.006728952284902334
v105_s0309,105,309,0,0,0,1.0,8.124508212858927e-07,0.0012024958850815892
v105_s0310,105,310,0,0,0,1.0,1.220906824528356e-06,0.000909659021999687
v105_s0311,105,311,0,0,0,1.0,1.3328979093785165e-06,0.008181236684322357
v105_s0312,105,312,0,0,0,1.0,2.915922550528194e-06,0.05223436281085014
v105_s0313,105,313,0,1,0,9.99999000001e-07,4.203368007438257e-05,0.8436371088027954
v105_s0314,105,314,0,3,0,3.3333322222225924e-07,5.8384604926686734e-05,0.7652667760848999
v105_s0315,105,315,0,0,0,1.0,2.0546531231957488e-06,0.024445323273539543
v105_s0316,105,316,0,0,0,1.0,2.872903905881685e-06,0.029865169897675514
v105_s0317,105,317,0,22,0,4.5454543388429843e-08,0.0003347370366100222,0.9899735450744629
v105_s0318,105,318,0,0,0,1.0,2.0620964278350584e-06,0.014300251379609108
v105_s0319,105,319,0,0,0,1.0,3.4210068406537175e-05,0.3025648593902588
v105_s0320,105,320,0,45,0,2.2222221728395074e-08,0.000691018532961607,0.999954104423523
v105_s0321,105,321,0,61,0,1.6393442354205864e-08,0.0009254839969798923,0.9999933242797852
v105_s0322,105,322,0,53,0,1.8867924172303316e-08,0.0008137972326949239,0.9999915361404419
v105_s0323,105,323,0,83,0,1.204819262592539e-08,0.0012817131355404854,0.9999997615814209
v105_s0324,105,324,0,86,0,1.1627906841535966e-08,0.001309268525801599,0.9999991655349731
v105_s0325,105,325,0,47,0,2.1276595291987334e-08,0.0007311112130992115,0.9999271631240845
v105_s0326,105,326,0,77,0,1.2987012818350482e-08,0.0011772916186600924,0.9999996423721313
v105_s0327,105,327,0,59,0,1.6949152255099113e-08,0.0009280741214752197,0.999995231628418
v105_s0328,105,328,0,3,0,3.3333322222225924e-07,6.664664397248998e-05,0.7133452296257019
v105_s0329,105,329,0,37,0,2.7027026296566858e-08,0.0005577900446951389,0.9999922513961792
v105_s0330,105,330,0,0,0,1.0,1.0020829677159782e-06,0.010529045946896076
v105_s0331,105,331,0,0,0,1.0,1.1904614439117722e-05,0.14887438714504242
v105_s0332,105,332,0,31,0,3.225806347554634e-08,0.00048266060184687376,0.9999620914459229
v105_s0333,105,333,0,14,0,7.142856632653097e-08,0.00021674986055586487,0.9982016086578369
v105_s0334,105,334,0,0,0,1.0,1.2349091775831766e-06,0.0069441176019608974
v105_s0335,105,335,0,0,0,1.0,3.6452236145123607e-06,0.07074886560440063
v105_s0336,105,336,0,16,0,6.249999609375024e-08,0.00022872145927976817,0.9992679953575134
v105_s0337,105,337,0,10,0,9.9999990000001e-08,0.00015329447342082858,0.998201847076416
v105_s0338,105,338,0,24,0,4.166666493055563e-08,0.00037238968070596457,0.9999934434890747
v105_s0339,105,339,0,44,0,2.2727272210743815e-08,0.0006632317672483623,0.9999994039535522
v105_s0340,105,340,0,19,0,5.263157617728546e-08,0.0002860877139028162,0.9995338916778564
v105_s0341,105,341,0,12,0,8.333332638888946e-08,0.00021070010552648455,0.9768327474594116
v105_s0342,105,342,0,38,0,2.6315788781163454e-08,0.0005985677125863731,0.9999322891235352
v105_s0343,105,343,0,32,0,3.124999902343753e-08,0.0005142440786585212,0.9999992847442627
v105_s0344,105,344,0,22,0,4.5454543388429843e-08,0.00035154217039234936,0.9999923706054688
v105_s0345,105,345,0,58,0,1.724137901307967e-08,0.0009128522942773998,0.9999760389328003
v105_s0346,105,346,0,8,0,1.2499998437500196e-07,0.00011556217214092612,0.9943826198577881
v105_s0347,105,347,0,0,0,1.0,7.206427881101263e-07,0.0016765431500971317
v105_s0348,105,348,0,0,0,1.0,6.924307172084809e-07,0.00046944725909270346
v105_s0349,105,349,0,0,0,1.0,8.840092959871981e-07,0.0015314588090404868
v105_s0350,105,350,0,14,0,7.142856632653097e-08,0.00021030720381531864,0.9983910918235779
v105_s0351,105,351,0,7,0,1.428571224489825e-07,0.0001098445791285485,0.9671567678451538
v105_s0352,105,352,0,0,0,1.0,6.783388926123735e-07,0.00431436812505126
v105_s0353,105,353,0,0,0,1.0,7.349786983468221e-07,0.006111941300332546
v105_s0354,105,354,0,0,0,1.0,5.410609560385637e-07,0.0008627939387224615
v105_s0355,105,355,0,0,0,1.0,6.259530209717923e-07,0.0002144186437362805
v105_s0356,105,356,0,0,0,1.0,5.89555725127866e-07,0.00021330651361495256
v105_s0357,105,357,0,0,0,1.0,6.066310334063019e-07,0.0009064102778211236
v105_s0358,105,358,0,0,0,1.0,1.0219805517408531e-06,0.002729735802859068
v105_s0359,105,359,0,0,0,1.0,7.183494972196058e-07,0.0009959101444110274
v105_s0360,105,360,0,0,0,1.0,7.456144430761924e-07,0.0010105544934049249
v105_s0361,105,361,0,0,0,1.0,9.356592727272073e-07,0.0014406938571482897
v105_s0362,105,362,0,0,0,1.0,6.433588168874849e-07,0.0007064886740408838
v105_s0363,105,363,0,0,0,1.0,7.803382686688565e-07,0.002863947069272399
v105_s0364,105,364,0,0,0,1.0,7.080276986926037e-07,0.00207701837643981
v105_s0365,105,365,0,0,0,1.0,5.754908443122986e-07,0.0005744857480749488
v105_s0366,105,366,0,0,0,1.0,6.36842628409795e-07,0.0006409764173440635
v105_s0367,105,367,0,0,0,1.0,7.392786187665479e-07,0.0030006705783307552
v105_s0368,105,368,0,0,0,1.0,4.955619488100638e-07,0.00027189706452190876
v105_s0369,105,369,0,0,0,1.0,4.482544113670883e-07,0.0008142595761455595
v105_s0370,105,370,0,0,0,1.0,6.413578717001656e-07,0.001519714598543942
v105_s0371,105,371,0,0,0,1.0,5.74392117869138e-07,0.001176200108602643
v105_s0372,105,372,0,0,0,1.0,6.823553349022404e-07,0.0021820373367518187
v105_s0373,105,373,0,0,0,1.0,8.264031521321158e-07,0.0012818011455237865
v105_s0374,105,374,0,0,0,1.0,5.931074724685459e-07,0.00246918061748147
v105_s0375,105,375,0,0,0,1.0,7.896541092122789e-07,0.008477255702018738
v105_s0376,105,376,0,0,0,1.0,7.096312515386671e-07,0.0012617992470040917
v105_s0377,105,377,0,0,0,1.0,8.236913799919421e-07,0.001150218304246664
v105_s0378,105,378,0,0,0,1.0,9.963860065909103e-07,0.0024720397777855396
v105_s0379,105,379,0,0,0,1.0,1.0590229067020118e-06,0.0037265880964696407
v105_s0380,105,380,0,0,0,1.0,3.107090378762223e-06,0.015382037498056889
v105_s0381,105,381,0,0,0,1.0,2.4609225874883123e-06,0.011850183829665184
v105_s0382,105,382,0,0,0,1.0,1.3346693776838947e-06,0.0035092998296022415
v105_s0383,105,383,0,0,0,1.0,7.102219115040498e-07,0.0018219175981357694
v105_s0384,105,384,0,0,0,1.0,5.547406090045115e-07,0.0006192777073010802
v105_s0385,105,385,0,0,0,1.0,4.772513193529448e-07,0.0010501827346161008
v105_s0386,105,386,0,0,0,1.0,7.602058076372487e-07,0.003147835610434413
v105_s0387,105,387,0,0,0,1.0,9.488810519542312e-07,0.007722022477537394
v105_s0388,105,388,0,0,0,1.0,6.087976203161816e-07,0.000545684015378356
v105_s0389,105,389,0,0,0,1.0,5.784035579381452e-07,0.0004653339274227619
v105_s0390,105,390,0,0,0,1.0,6.519128419313347e-07,0.002141825156286359
v105_s0391,105,391,0,0,0,1.0,4.953913048666436e-07,0.00045404379488900304
v105_s0392,105,392,0,0,0,1.0,5.137425205248292e-07,0.0003000943106599152
v105_s0393,105,393,0,0,0,1.0,5.518652415048564e-07,0.0006832086364738643
v105_s0394,105,394,0,0,0,1.0,5.251501988823293e-07,0.0006362354615703225
v105_s0395,105,395,0,0,0,1.0,6.221309263310104e-07,0.0004451070271898061
v105_s0396,105,396,0,0,0,1.0,5.392724915509461e-07,0.0004396829754114151
v105_s0397,105,397,0,0,0,1.0,5.781813570138183e-07,0.0007686997414566576
v105_s0398,105,398,0,0,0,1.0,5.051479092799127e-07,0.0003191193100064993
v105_s0399,105,399,0,0,0,1.0,4.594710958372161e-07,0.00033222997444681823
v105_s0400,105,400,0,0,0,1.0,4.2027136260003317e-07,0.0005512903444468975
v105_s0401,105,401,0,0,0,1.0,4.6884679250069894e-07,0.002652780618518591
v105_s0402,105,402,0,0,0,1.0,6.00826240315655e-07,0.004070822149515152
v105_s0403,105,403,0,0,0,1.0,4.0427465819448116e-07,0.0004252865619491786
v105_s0404,105,404,0,0,0,1.0,3.8727921491954476e-07,0.0002492332423571497
v105_s0405,105,405,0,0,0,1.0,4.00252986310079e-07,0.002294218633323908
v105_s0406,105,406,0,0,0,1.0,4.4637238261202583e-07,0.004251458682119846
v105_s0407,105,407,0,0,0,1.0,3.7057665736028866e-07,0.000614011543802917
v105_s0408,105,408,0,0,0,1.0,5.245235570328077e-07,0.0012823609868064523
v105_s0409,105,409,0,0,0,1.0,1.400461542289122e-06,0.02192731574177742
v105_s0410,105,410,0,6,0,1.666666388888935e-07,9.060440061148256e-05,0.9398960471153259
v105_s0411,105,411,0,0,0,1.0,9.0827211352007e-07,0.005847640335559845
v105_s0412,105,412,0,4,0,2.499999375000156e-07,7.692162034800276e-05,0.8107739090919495
v105_s0413,105,413,0,0,0,1.0,5.315894213708816e-07,0.0012531541287899017
v105_s0414,105,414,0,0,0,1.0,4.841657528231735e-07,0.0004891012795269489
v105_s0415,105,415,0,0,0,1.0,6.797288278903579e-07,0.0013819916639477015
v105_s0416,105,416,0,0,0,1.0,4.356853082754242e-07,0.0006751858163625002
v105_s0417,105,417,0,0,0,1.0,5.553697519644629e-07,0.0022465011570602655
v105_s0418,105,418,0,0,0,1.0,8.335294978678576e-07,0.008516370318830013
v105_s0419,105,419,0,0,0,1.0,5.446387376650819e-07,0.0008957948302850127
v105_s0420,105,420,0,0,0,1.0,1.8374887531535933e-06,0.04932954162359238
v105_s0421,105,421,0,0,0,1.0,1.039066091834684e-06,0.005533078219741583
v105_s0422,105,422,0,0,0,1.0,1.0519482884774334e-06,0.010232189670205116
v105_s0423,105,423,0,0,0,1.0,1.6061199858086184e-05,0.3480144143104553
v105_s0424,105,424,0,0,0,1.0,9.076346714209649e-07,0.009113648906350136
v105_s0425,105,425,0,0,0,1.0,3.6188745866638783e-07,0.00022462081687990576
v105_s0426,105,426,0,0,0,1.0,3.6292658478487283e-07,0.00021559145534411073
v105_s0427,105,427,0,0,0,1.0,4.632733521248156e-07,0.0035614394582808018
v105_s0428,105,428,0,0,0,1.0,1.0036918638434145e-06,0.006008859258145094
v105_s0429,105,429,0,0,0,1.0,1.1868851288454607e-06,0.006387433968484402
v105_s0430,105,430,0,0,0,1.0,1.1013966059181257e-06,0.003374294610694051
v105_s0431,105,431,0,0,0,1.0,8.451019084532163e-07,0.005087943281978369
v105_s0432,105,432,0,0,0,1.0,4.0460389527652296e-07,0.0006343742134049535
v105_s0433,105,433,0,0,0,1.0,4.191792584151699e-07,0.00069650006480515
v105_s0434,105,434,0,0,0,1.0,4.1439977849222487e-07,0.0003971493279095739
v105_s0435,105,435,0,0,0,1.0,3.5767087069871195e-07,0.000443689787061885
v105_s0436,105,436,0,0,0,1.0,5.441333428279904e-07,0.0027667430695146322
v105_s0437,105,437,0,0,0,1.0,3.316036156775226e-07,0.00082098797429353
v105_s0438,105,438,0,0,0,1.0,3.768530518755142e-07,0.001690054778009653
v105_s0439,105,439,0,0,0,1.0,3.116501829936169e-07,0.00035292343818582594
v105_s0440,105,440,0,0,0,1.0,3.249894007240073e-07,0.0011592867085710168
v105_s0441,105,441,0,0,0,1.0,2.7391155299483216e-07,0.0004932026495225728
v105_s0442,105,442,0,0,0,1.0,2.6344184789195424e-07,0.00027768101426772773
v105_s0443,105,443,0,0,0,1.0,3.1053536986291874e-07,0.0011599925346672535
v105_s0444,105,444,0,0,0,1.0,2.6074300762957137e-07,0.0002518738619983196
v105_s0445,105,445,0,0,0,1.0,2.870199580229382e-07,0.0009920255979523063
v105_s0446,105,446,0,0,0,1.0,2.5124950298049953e-07,0.00010727394692366943
v105_s0447,105,447,0,0,0,1.0,2.3839423590743536e-07,0.0001152440527221188
v105_s0448,105,448,0,0,0,1.0,5.680809636032791e-07,0.011695004999637604
v105_s0449,105,449,0,0,0,1.0,2.5778274448384764e-07,0.0002566631301306188
v105_s0450,105,450,0,0,0,1.0,1.1958994946326129e-05,0.2945069372653961
v105_s0451,105,451,0,0,0,1.0,8.104748872028722e-07,0.009653471410274506
v105_s0452,105,452,0,0,0,1.0,2.6639554562279955e-07,8.123538282234222e-05
v105_s0453,105,453,0,0,0,1.0,3.0220851954254613e-07,0.0004469748819246888
v105_s0454,105,454,0,0,0,1.0,2.9275108204274147e-07,0.0003525085048750043
v105_s0455,105,455,0,0,0,1.0,2.9109588695064303e-07,0.00036573939723894
v105_s0456,105,456,0,0,0,1.0,2.64940695160476e-07,0.00017438828945159912
v105_s0457,105,457,0,0,0,1.0,3.432521680224454e-07,0.0007003028877079487
v105_s0458,105,458,0,0,0,1.0,4.3268718741273915e-07,0.00443820608779788
v105_s0459,105,459,0,0,0,1.0,3.453849330981029e-06,0.14529626071453094
v105_s0460,105,460,0,0,0,1.0,3.3175678026964306e-07,0.0005294072907418013
v105_s0461,105,461,0,0,0,1.0,4.104439881302824e-07,0.00512348348274827
v105_s0462,105,462,0,0,0,1.0,2.476490976732748e-07,0.00021080362785141915
v105_s0463,105,463,0,0,0,1.0,2.924416833138821e-07,0.00038432306610047817
v105_s0464,105,464,0,0,0,1.0,2.799203855374799e-07,0.00036599120358005166
v105_s0465,105,465,0,0,0,1.0,1.2404137805788196e-06,0.01725436933338642
v105_s0466,105,466,0,0,0,1.0,8.31622571695334e-07,0.013085334561765194
v105_s0467,105,467,0,0,0,1.0,2.8808725005546876e-07,0.001091099577024579
v105_s0468,105,468,0,0,0,1.0,2.2091637220000848e-05,0.46166515350341797
v105_s0469,105,469,0,0,0,1.0,1.6878988162716269e-06,0.03391731530427933
v105_s0470,105,470,0,0,0,1.0,2.0113448044867255e-06,0.02033376879990101
v105_s0471,105,471,0,0,0,1.0,9.19474416605226e-07,0.006054046098142862
v105_s0472,105,472,0,0,0,1.0,5.7216352615796495e-06,0.14152954518795013
v105_s0473,105,473,0,0,0,1.0,1.4083578207646497e-05,0.4803515672683716
v105_s0474,105,474,0,2,0,4.99999750000125e-07,3.088181256316602e-05,0.7689262628555298
v105_s0475,105,475,0,0,0,1.0,4.2152890955549083e-07,0.002439047209918499
v105_s0476,105,476,0,0,0,1.0,2.932726204107894e-07,0.0009232606971636415
v105_s0477,105,477,0,0,0,1.0,2.9009902391408104e-07,0.0006240184302441776
v105_s0478,105,478,0,0,0,1.0,8.200551633308351e-07,0.020995082333683968
v105_s0479,105,479,0,2,0,4.99999750000125e-07,2.9950822863611393e-05,0.7839799523353577
v105_s0480,105,480,0,3,0,3.3333322222225924e-07,5.614404653897509e-05,0.9758321046829224
v105_s0481,105,481,0,0,0,1.0,2.172207587136654e-06,0.05094306543469429
v105_s0482,105,482,0,0,0,1.0,4.2096795027646294e-07,0.0018169699469581246
v105_s0483,105,483,0,0,0,1.0,4.881777044829505e-07,0.004795797169208527
v105_s0484,105,484,0,0,0,1.0,2.591161205600656e-07,6.145748193375766e-05
v105_s0485,105,485,0,0,0,1.0,1.3034651829002541e-06,0.030338704586029053
v105_s0486,105,486,0,0,0,1.0,2.7602635555012967e-07,0.0001580983225721866
v105_s0487,105,487,0,0,0,1.0,3.035802933482046e-07,0.0002961148857139051
v105_s0488,105,488,0,0,0,1.0,3.068427929520112e-07,0.0001195072618429549
v105_s0489,105,489,0,0,0,1.0,2.969863146518037e-07,0.00020824396051466465
v105_s0490,105,490,0,0,0,1.0,2.901500977259275e-07,0.00027145285275764763
v105_s0491,105,491,0,0,0,1.0,3.1999761063161714e-07,0.0006803036667406559
v105_s0492,105,492,0,0,0,1.0,5.685525934495672e-07,0.007341509219259024
v105_s0493,105,493,0,0,0,1.0,4.1175391629622027e-07,0.0008445498533546925
v105_s0494,105,494,0,0,0,1.0,7.444855896210356e-07,0.005435319151729345
v105_s0495,105,495,0,0,0,1.0,5.923149615227885e-07,0.0013868891401216388
v105_s0496,105,496,0,0,0,1.0,3.6470947861744207e-07,0.0003286973515059799
v105_s0497,105,497,0,0,0,1.0,2.161905058528646e-06,0.05434873327612877
v105_s0498,105,498,0,0,0,1.0,3.7425871823870693e-07,0.0005437896470539272
v105_s0499,105,499,0,0,0,1.0,4.490104572596465e-07,0.0019039586186408997
v105_s0500,105,500,0,0,0,1.0,1.4933647207726608e-06,0.018546797335147858
v105_s0501,105,501,0,0,0,1.0,2.265318244099035e-06,0.0481141097843647
v105_s0502,105,502,0,2,0,4.99999750000125e-07,5.256994336377829e-05,0.8830538392066956
v105_s0503,105,503,0,0,0,1.0,4.4572158230948844e-07,0.0005052698543295264
v105_s0504,105,504,0,0,0,1.0,5.209383289184188e-07,0.0027638659812510014
v105_s0505,105,505,0,0,0,1.0,5.547858563659247e-07,0.0028120134957134724
v105_s0506,105,506,0,0,0,1.0,7.994147495082871e-07,0.003887874772772193
v105_s0507,105,507,0,0,0,1.0,4.170656779933779e-07,0.0011813229648396373
v105_s0508,105,508,0,0,0,1.0,8.230072126025334e-07,0.0065207043662667274
v105_s0509,105,509,0,0,0,1.0,4.544322962374281e-07,0.0022728140465915203
v105_s0510,105,510,0,0,0,1.0,3.6508328093987075e-07,0.00030773747130297124
v105_s0511,105,511,0,0,0,1.0,7.042552283564874e-07,0.004821628797799349
v105_s0512,105,512,0,10,0,9.9999990000001e-08,0.0001605062570888549,0.824140727519989
v105_s0513,105,513,0,14,0,7.142856632653097e-08,0.0002372453745920211,0.948610246181488
v105_s0514,105,514,0,33,0,3.0303029384756685e-08,0.0006154626607894897,0.9983287453651428
v105_s0515,105,515,0,174,0,5.7471264037521466e-09,0.0026883690152317286,0.9987016916275024
v105_s0516,105,516,0,0,0,1.0,1.1890491578014917e-06,0.00925372913479805
v105_s0517,105,517,0,7,0,1.428571224489825e-07,0.00010544660472078249,0.9559709429740906
v105_s0518,105,518,0,17,0,5.882352595155729e-08,0.0002654098207131028,0.9999924898147583
v105_s0519,105,519,0,0,0,1.0,7.372386789938901e-06,0.10107573121786118
v105_s0520,105,520,0,0,0,1.0,5.601868906524032e-06,0.07420171797275543
v105_s0521,105,521,0,0,0,1.0,2.1899909370404202e-06,0.03692519664764404
v105_s0522,105,522,0,0,0,1.0,3.8336901297952863e-07,0.0009118145680986345
v105_s0523,105,523,0,0,0,1.0,4.2429726931914047e-07,0.000912435061763972
v105_s0524,105,524,0,0,0,1.0,5.197271093493327e-07,0.0022321746218949556
v105_s0525,105,525,0,0,0,1.0,7.180533998507599e-07,0.003488885937258601
v105_s0526,105,526,0,0,0,1.0,3.4579718999339093e-07,0.0006622308283112943
v105_s0527,105,527,0,0,0,1.0,4.3214191691731685e-07,0.0016970394644886255
v105_s0528,105,528,0,0,0,1.0,2.2342749161907705e-06,0.05768322944641113
v105_s0529,105,529,0,0,0,1.0,4.1850728393910686e-07,0.0006593072903342545
v105_s0530,105,530,0,0,0,1.0,1.704723672446562e-06,0.026123566552996635
v105_s0531,105,531,0,0,0,1.0,1.7511073338027927e-06,0.06353770941495895
v105_s0532,105,532,0,0,0,1.0,1.2005859389319085e-05,0.4258355498313904
v105_s0533,105,533,0,0,0,1.0,5.683752419827215e-07,0.0007620353135280311
v105_s0534,105,534,0,0,0,1.0,3.8742868468943925e-07,0.001659258152358234
v105_s0535,105,535,0,0,0,1.0,3.577614222649572e-07,0.0004486482357606292
v105_s0536,105,536,0,5,0,1.99999960000008e-07,9.61239347816445e-05,0.9912307262420654
v105_s0537,105,537,0,0,0,1.0,2.719083113333909e-06,0.051135506480932236
v105_s0538,105,538,0,0,0,1.0,3.1035378924570978e-06,0.06803040951490402
v105_s0539,105,539,0,0,0,1.0,1.0174089766223915e-05,0.24128414690494537
v105_s0540,105,540,0,0,0,1.0,3.847650873467501e-07,0.0006645444664172828
v105_s0541,105,541,0,0,0,1.0,3.851668850529677e-07,0.0005010792519897223
v105_s0542,105,542,0,0,0,1.0,3.700440629472723e-07,0.0009827356552705169
v105_s0543,105,543,0,0,0,1.0,2.749646341726475e-07,0.00019718351541087031
v105_s0544,105,544,0,0,0,1.0,1.3099581792630488e-06,0.02290366031229496
v105_s0545,105,545,0,0,0,1.0,1.1086575568697299e-06,0.011048018001019955
v105_s0546,105,546,0,0,0,1.0,5.194894129090244e-06,0.08814401924610138
v105_s0547,105,547,0,0,0,1.0,8.011864451873407e-07,0.002752165077254176
v105_s0548,105,548,0,0,0,1.0,5.25698942510644e-06,0.21814924478530884
v105_s0549,105,549,0,0,0,1.0,7.965339818838402e-07,0.01013987883925438
v105_s0550,105,550,0,0,0,1.0,3.8198663787625264e-07,0.0003393962688278407
v105_s0551,105,551,0,0,0,1.0,5.458481382447644e-07,0.0028162982780486345
v105_s0552,105,552,0,0,0,1.0,2.1231192022241885e-06,0.05686945095658302
v105_s0553,105,553,0,0,0,1.0,3.991089840837958e-07,0.0010159201920032501
v105_s0554,105,554,0,0,0,1.0,4.174269747636572e-07,0.0011367378756403923
v105_s0555,105,555,0,0,0,1.0,4.59807864672257e-07,0.0025688305031508207
v105_s0556,105,556,0,0,0,1.0,9.216420949087478e-06,0.3906392455101013
v105_s0557,105,557,0,0,0,1.0,1.1260025303272414e-06,0.022191794589161873
v105_s0558,105,558,0,0,0,1.0,4.366447399206663e-07,0.001740212319418788
v105_s0559,105,559,0,0,0,1.0,2.5708086468512192e-06,0.0522039420902729
v105_s0560,105,560,0,0,0,1.0,9.77894615061814e-07,0.007783875800669193
v105_s0561,105,561,0,0,0,1.0,7.093688623172056e-07,0.002645548665896058
v105_s0562,105,562,0,0,0,1.0,6.300308541540289e-07,0.009744755923748016
v105_s0563,105,563,0,0,0,1.0,1.4767242646485101e-06,0.016101598739624023
v105_s0564,105,564,0,0,0,1.0,1.853716457844712e-05,0.10894566774368286
v105_s0565,105,565,0,0,0,1.0,1.012674033518124e-06,0.007259272504597902
v105_s0566,105,566,0,0,0,1.0,3.592423922782473e-07,0.0011101607233285904
v105_s0567,105,567,0,0,0,1.0,9.75163743532903e-07,0.023607205599546432
v105_s0568,105,568,0,0,0,1.0,4.1696739572216757e-07,0.0018373907078057528
v105_s0569,105,569,0,0,0,1.0,3.1160863045442966e-07,0.0006394281517714262
v105_s0570,105,570,0,0,0,1.0,5.673221039614873e-07,0.0052501726895570755
v105_s0571,105,571,0,0,0,1.0,2.7056948965764605e-05,0.22518309950828552
v105_s0572,105,572,0,2,0,4.99999750000125e-07,2.8906157240271568e-05,0.7615228891372681
v105_s0573,105,573,0,0,0,1.0,1.2370308013487374e-06,0.008756651543080807
v105_s0574,105,574,0,0,0,1.0,1.094712206395343e-05,0.1228674054145813
v105_s0575,105,575,0,25,0,3.999999840000006e-08,0.00037103629438206553,0.9992790818214417
v105_s0576,105,576,0,20,0,4.999999750000012e-08,0.00028175165061838925,0.999544084072113
v105_s0577,105,577,0,14,0,7.142856632653097e-08,0.00021560810273513198,0.9982790946960449
v105_s0578,105,578,0,8,0,1.2499998437500196e-07,0.00013869634130969644,0.9889477491378784
v105_s0579,105,579,0,0,0,1.0,2.788839537970489e-06,0.048308178782463074
v105_s0580,105,580,0,0,0,1.0,8.833087576931575e-07,0.007975855842232704
v105_s0581,105,581,0,0,0,1.0,4.130974048166536e-06,0.10988446325063705
v105_s0582,105,582,0,0,0,1.0,8.624961083114613e-07,0.004418621771037579
v105_s0583,105,583,0,0,0,1.0,2.9710713533859234e-06,0.060580529272556305
v105_s0584,105,584,0,0,0,1.0,6.167636570353352e-07,0.005919556133449078
v105_s0585,105,585,0,0,0,1.0,7.059974905132549e-06,0.10363063216209412
v105_s0586,105,586,0,2,0,4.99999750000125e-07,3.8764937926316634e-05,0.8390777111053467
v105_s0587,105,587,0,0,0,1.0,6.950206170586171e-07,0.004164897371083498
v105_s0588,105,588,0,4,0,2.499999375000156e-07,6.341405969578773e-05,0.8684758543968201
v105_s0589,105,589,0,0,0,1.0,9.125287192546239e-07,0.015438685193657875
v105_s0590,105,590,0,0,0,1.0,7.321112889258075e-07,0.005873621441423893
v105_s0591,105,591,0,0,0,1.0,1.8203115814685589e-06,0.006573475431650877
v105_s0592,105,592,0,36,0,2.7777777006172862e-08,0.0005523142754100263,0.9987785220146179
v105_s0593,105,593,0,147,0,6.80272104215836e-09,0.0022264576982706785,0.9999974966049194
v105_s0594,105,594,0,112,0,8.928571348852042e-09,0.0017634807154536247,0.9999996423721313
v105_s0595,105,595,0,0,0,1.0,2.5340473257529084e-06,0.043798454105854034
v105_s0596,105,596,0,0,0,1.0,6.048566660865617e-07,0.0054587023332715034
v105_s0597,105,597,0,0,0,1.0,2.8774757083738223e-06,0.07775247097015381
v105_s0598,105,598,0,0,0,1.0,3.5210928217566106e-07,0.0013121163938194513
v105_s0599,105,599,0,0,0,1.0,6.631586529692868e-06,0.2128140777349472
v105_s0600,105,600,0,0,0,1.0,7.24761434867105e-07,0.013397669419646263
v105_s0601,105,601,0,0,0,1.0,9.940931704477407e-07,0.01912083849310875
v105_s0602,105,602,0,0,0,1.0,9.615486078473623e-07,0.011355015449225903
v105_s0603,105,603,0,0,0,1.0,4.861344677919988e-07,0.0036962355952709913
v105_s0604,105,604,0,4,0,2.499999375000156e-07,4.7075009206309915e-05,0.7004386782646179
v105_s0605,105,605,0,0,0,1.0,2.9262693601594947e-07,0.0010337504791095853
v105_s0606,105,606,0,0,0,1.0,1.086950214812532e-05,0.11024315655231476
v105_s0607,105,607,0,11,0,9.090908264462886e-08,0.00017180675058625638,0.9999874830245972
v105_s0608,105,608,0,11,0,9.090908264462886e-08,0.00019226469157729298,0.9999997615814209
v105_s0609,105,609,0,31,0,3.225806347554634e-08,0.0004935467732138932,1.0
v105_s0610,105,610,0,63,0,1.5873015621063245e-08,0.0009647086262702942,1.0
v105_s0611,105,611,0,36,0,2.7777777006172862e-08,0.0005571387591771781,0.9999991655349731
v105_s0612,105,612,0,53,0,1.8867924172303316e-08,0.0007844258798286319,0.999982476234436
v105_s0613,105,613,0,41,0,2.4390243307555043e-08,0.0006253171595744789,0.9999805688858032
v105_s0614,105,614,0,8,0,1.2499998437500196e-07,0.00012151217379141599,0.9895690083503723
v105_s0615,105,615,0,1,0,9.99999000001e-07,2.422512261546217e-05,0.5563688278198242
v105_s0616,105,616,0,0,0,1.0,5.232815851741179e-07,0.002825785893946886
v105_s0617,105,617,0,0,0,1.0,7.400952881653211e-07,0.009384926408529282
v105_s0618,105,618,0,0,0,1.0,2.5721219572005793e-06,0.09055270254611969
v105_s0619,105,619,0,3,0,3.3333322222225924e-07,7.58061432861723e-05,0.8701369762420654
v105_s0620,105,620,0,1,0,9.99999000001e-07,1.7094567738240585e-05,0.5010110139846802
v105_s0621,105,621,0,2,0,4.99999750000125e-07,3.482006650301628e-05,0.7674696445465088
v105_s0622,105,622,0,15,0,6.666666222222252e-08,0.0002263799833599478,0.9946476817131042
v105_s0623,105,623,0,6,0,1.666666388888935e-07,0.00011669639934552833,0.9952173233032227
v105_s0624,105,624,0,0,0,1.0,6.7113574004906695e-06,0.20488330721855164
v105_s0625,105,625,0,4,0,2.499999375000156e-07,6.826144817750901e-05,0.980323076248169
v105_s0626,105,626,0,0,0,1.0,2.0444276742637157e-06,0.02831624448299408
v105_s0627,105,627,0,0,0,1.0,6.658043503193767e-07,0.009724466130137444
v105_s0628,105,628,0,4,0,2.499999375000156e-07,5.043974670115858e-05,0.6782224178314209
v105_s0629,105,629,0,0,0,1.0,5.110143206366047e-07,0.0008685890352353454
v105_s0630,105,630,0,0,0,1.0,8.979924359664437e-07,0.011114620603621006
v105_s0631,105,631,0,0,0,1.0,2.548089241827256e-07,0.001429637079127133
v105_s0632,105,632,0,0,0,1.0,4.235614312619873e-07,0.002354744356125593
v105_s0633,105,633,0,0,0,1.0,4.329475359554635e-06,0.09512514621019363
v105_s0634,105,634,0,0,0,1.0,6.286818461376242e-06,0.2031041979789734
v105_s0635,105,635,0,0,0,1.0,7.354669264714175e-07,0.007539855316281319
v105_s0636,105,636,0,0,0,1.0,2.3605711874097324e-07,0.000386145111406222
v105_s0637,105,637,0,0,0,1.0,4.6221066440921277e-07,0.006559896748512983
v105_s0638,105,638,0,0,0,1.0,2.633670987961523e-07,0.00020346480596344918
v105_s0639,105,639,0,0,0,1.0,1.1671130550894304e-06,0.029799414798617363
v105_s0640,105,640,0,0,0,1.0,2.847652922355337e-07,0.0003688959695864469
v105_s0641,105,641,0,0,0,1.0,3.2396050642091723e-07,0.00231448863632977
v105_s0642,105,642,0,0,0,1.0,3.1293296842704876e-07,0.0003241390222683549
v105_s0643,105,643,0,7,0,1.428571224489825e-07,0.00011793665180448443,0.9996284246444702
v105_s0644,105,644,0,4,0,2.499999375000156e-07,5.7885896239895374e-05,0.9676257371902466
v105_s0645,105,645,0,8,0,1.2499998437500196e-07,0.00013478197797667235,0.9992474317550659
v105_s0646,105,646,0,9,0,1.1111109876543348e-07,0.00013465962547343224,0.9953746199607849
v105_s0647,105,647,0,1,0,9.99999000001e-07,3.6714085581479594e-05,0.6123033761978149
v105_s0648,105,648,0,9,0,1.1111109876543348e-07,0.00014134503726381809,0.9995192289352417
v105_s0649,105,649,0,15,0,6.666666222222252e-08,0.000239151791902259,0.9999991655349731
v105_s0650,105,650,0,22,0,4.5454543388429843e-08,0.0003350136976223439,1.0
v105_s0651,105,651,0,15,0,6.666666222222252e-08,0.00023848062846809626,0.9999991655349731
v105_s0652,105,652,0,6,0,1.666666388888935e-07,8.090478513622656e-05,0.9865214824676514
v105_s0653,105,653,0,0,0,1.0,4.129068429392646e-07,0.0011195082915946841
v105_s0654,105,654,0,0,0,1.0,5.59228112706478e-07,0.0021281931549310684
v105_s0655,105,655,0,0,0,1.0,1.2798727766494267e-05,0.4499351978302002
v105_s0656,105,656,0,1,0,9.99999000001e-07,3.365305747138336e-05,0.7686085104942322
v105_s0657,105,657,0,12,0,8.333332638888946e-08,0.00018480344442650676,0.9993391633033752
v105_s0658,105,658,0,9,0,1.1111109876543348e-07,0.00011606753832893446,0.9879776239395142
v105_s0659,105,659,0,14,0,7.142856632653097e-08,0.00021331726748030633,0.9999043941497803
v105_s0660,105,660,0,10,0,9.9999990000001e-08,0.0001497679331805557,0.9991587400436401
v105_s0661,105,661,0,1,0,9.99999000001e-07,2.707117164391093e-05,0.5502339601516724
v105_s0662,105,662,0,0,0,1.0,1.5277022384907468e-06,0.039136528968811035
v105_s0663,105,663,0,2,0,4.99999750000125e-07,2.0831916117458604e-05,0.5162424445152283
v105_s0664,105,664,0,0,0,1.0,1.478041326663515e-06,0.03641224279999733
v105_s0665,105,665,0,0,0,1.0,2.1431802451843396e-05,0.4520130455493927
v105_s0666,105,666,0,0,0,1.0,3.810145926763653e-06,0.07831976562738419
v105_s0667,105,667,0,0,0,1.0,8.01724979737628e-07,0.002919525606557727
v105_s0668,105,668,0,0,0,1.0,1.0971409665216925e-06,0.01079523004591465
v105_s0669,105,669,0,0,0,1.0,4.040226031065686e-06,0.047983959317207336
v105_s0670,105,670,0,0,0,1.0,8.439331395493355e-06,0.18487481772899628
v105_s0671,105,671,0,0,0,1.0,4.234415882820031e-06,0.07434353232383728
v105_s0672,105,672,0,0,0,1.0,5.814786163682584e-06,0.06667809933423996
v105_s0673,105,673,0,0,0,1.0,5.614763722405769e-06,0.03927832469344139
v105_s0674,105,674,0,1,0,9.99999000001e-07,3.6687288229586557e-05,0.5723561644554138
v105_s0675,105,675,0,0,0,1.0,2.879090970964171e-06,0.03736293688416481
v105_s0676,105,676,0,6,0,1.666666388888935e-07,8.462522964691743e-05,0.920396625995636
v105_s0677,105,677,0,13,0,7.692307100591761e-08,0.0002376726915827021,0.9911680221557617
v105_s0678,105,678,0,21,0,4.761904535147403e-08,0.00034276596852578223,0.9985864162445068
v105_s0679,105,679,0,18,0,5.555555246913597e-08,0.00029009298305027187,0.9986617565155029
v105_s0680,105,680,0,21,0,4.761904535147403e-08,0.0003716321079991758,0.9998948574066162
v105_s0681,105,681,0,7,0,1.428571224489825e-07,0.00011264342174399644,0.9774633646011353
v105_s0682,105,682,0,0,0,1.0,1.538885771878995e-05,0.3289763033390045
v105_s0683,105,683,0,0,0,1.0,3.58015822712332e-05,0.37480106949806213
v105_s0684,105,684,0,0,0,1.0,5.4457327678392176e-06,0.04338965192437172
v105_s0685,105,685,0,0,0,1.0,6.675932127109263e-07,0.003918253816664219
v105_s0686,105,686,0,0,0,1.0,2.215030463048606e-06,0.026993278414011
v105_s0687,105,687,0,0,0,1.0,1.2807477105525322e-05,0.39210471510887146
v105_s0688,105,688,0,0,0,1.0,1.3805669368593954e-05,0.39443695545196533
v105_s0689,105,689,0,0,0,1.0,1.2649923519347794e-05,0.30690905451774597
v105_s0690,105,690,0,0,0,1.0,5.837152912135934e-07,0.010419297032058239
v105_s0691,105,691,0,0,0,1.0,2.9407257784441754e-07,0.0007685272139497101
v105_s0692,105,692,0,15,0,6.666666222222252e-08,0.0002265153161715716,0.9792997241020203
v105_s0693,105,693,0,45,0,2.2222221728395074e-08,0.0007160229724831879,0.9999996423721313
v105_s0694,105,694,0,34,0,2.9411763840830475e-08,0.0005371913430280983,0.9999998807907104
v105_s0695,105,695,0,26,0,3.846153698224858e-08,0.0004116236523259431,0.9999982118606567
v105_s0696,105,696,0,30,0,3.3333332222222255e-08,0.00046619813656434417,0.9999990463256836
v105_s0697,105,697,0,35,0,2.8571427755102065e-08,0.0005157397245056927,0.9999964237213135
v105_s0698,105,698,0,21,0,4.761904535147403e-08,0.00031725611188448966,0.9995431900024414
v105_s0699,105,699,0,24,0,4.166666493055563e-08,0.00038151146145537496,0.999998927116394
v105_s0700,105,700,0,23,0,4.347825897920613e-08,0.0003566377272363752,0.9999964237213135
v105_s0701,105,701,0,0,0,1.0,1.0028702490672003e-06,0.012628034688532352
v105_s0702,105,702,0,0,0,1.0,9.637761650083121e-06,0.1443246603012085
v105_s0703,105,703,0,0,0,1.0,9.342685416413588e-07,0.004549930803477764
v105_s0704,105,704,0,0,0,1.0,7.3093656283163e-07,0.0021726142149418592
v105_s0705,105,705,0,0,0,1.0,3.889652361976914e-06,0.08676642924547195
v105_s0706,105,706,0,8,0,1.2499998437500196e-07,0.00012159525795141235,0.9747763872146606
v105_s0707,105,707,0,1,0,9.99999000001e-07,4.4608383177546784e-05,0.5607914328575134
v105_s0708,105,708,0,9,0,1.1111109876543348e-07,0.00017391107394360006,0.983020007610321
v105_s0709,105,709,0,15,0,6.666666222222252e-08,0.00023039629741106182,0.9999977350234985
v105_s0710,105,710,0,11,0,9.090908264462886e-08,0.0001813782873796299,0.9999074935913086
v105_s0711,105,711,0,8,0,1.2499998437500196e-07,0.00013678664981853217,0.9639249444007874
v105_s0712,105,712,0,9,0,1.1111109876543348e-07,0.00012398876424413174,0.9976733326911926
v105_s0713,105,713,0,14,0,7.142856632653097e-08,0.000220731453737244,0.999997615814209
v105_s0714,105,714,0,8,0,1.2499998437500196e-07,0.00011903031554538757,0.9976703524589539
v105_s0715,105,715,0,7,0,1.428571224489825e-07,0.0001138065563281998,0.9961903095245361
v105_s0716,105,716,0,6,0,1.666666388888935e-07,8.959951082943007e-05,0.9673370122909546
v105_s0717,105,717,0,4,0,2.499999375000156e-07,6.919728184584528e-05,0.9481331706047058
v105_s0718,105,718,0,0,0,1.0,6.485940502898302e-06,0.2035168558359146
v105_s0719,105,719,0,0,0,1.0,2.022492253672681e-06,0.023165155202150345
v105_s0720,105,720,0,0,0,1.0,1.0717159284467925e-06,0.018170157447457314
v105_s0721,105,721,0,2,0,4.99999750000125e-07,2.7675740057020448e-05,0.5873700976371765
v105_s0722,105,722,0,0,0,1.0,4.009176564068184e-07,0.00028751612990163267
v105_s0723,105,723,0,0,0,1.0,7.721743031652295e-07,0.007836012169718742
v105_s0724,105,724,0,3,0,3.3333322222225924e-07,5.516800229088403e-05,0.8723612427711487
v105_s0725,105,725,0,0,0,1.0,3.818640550434793e-07,0.000415827234974131
v105_s0726,105,726,0,0,0,1.0,3.7795297203047085e-07,0.0006445361650548875
v105_s0727,105,727,0,0,0,1.0,3.9055316847225185e-07,0.0005198922590352595
v105_s0728,105,728,0,0,0,1.0,4.64115458953529e-07,0.00090245739556849
v105_s0729,105,729,0,0,0,1.0,4.056818738717993e-07,0.0004830156685784459
v105_s0730,105,730,0,0,0,1.0,3.9812880459066946e-07,0.00027701648650690913
v105_s0731,105,731,0,0,0,1.0,4.852788606513059e-07,0.00034781318390741944
v105_s0732,105,732,0,0,0,1.0,5.170370513951639e-07,0.0008177122799679637
v105_s0733,105,733,0,0,0,1.0,4.154429689151584e-07,0.00030001308186911047
v105_s0734,105,734,0,0,0,1.0,4.0542761325923493e-07,0.0001619299582671374
v105_s0735,105,735,0,0,0,1.0,4.1860124611048377e-07,0.00033313740277662873
v105_s0736,105,736,0,0,0,1.0,4.028693183499854e-07,0.00026478079962544143
v105_s0737,105,737,0,0,0,1.0,4.2457804738660343e-07,0.0003463821776676923
v105_s0738,105,738,0,0,0,1.0,4.757413876177452e-07,0.0006031644297763705
v105_s0739,105,739,0,0,0,1.0,5.101237547933124e-07,0.0004498213529586792
v105_s0740,105,740,0,0,0,1.0,4.4434034407458967e-07,0.00016970337310340255
v105_s0741,105,741,0,0,0,1.0,4.1405564843444154e-07,0.00021267595002427697
v105_s0742,105,742,0,0,0,1.0,4.223926453050808e-07,0.000353700655978173
v105_s0743,105,743,0,0,0,1.0,4.2416741052875295e-07,0.00032785048824734986
v105_s0744,105,744,0,0,0,1.0,4.165606810602185e-07,0.0005445067072287202
v105_s0745,105,745,0,0,0,1.0,4.395340909013612e-07,0.0002521550050005317
v105_s0746,105,746,0,0,0,1.0,3.986005481237953e-07,0.0002365725376876071
v105_s0747,105,747,0,0,0,1.0,5.301418468661723e-07,0.0013901864876970649
v105_s0748,105,748,0,0,0,1.0,3.754112753995287e-07,0.000248833151999861
v105_s0749,105,749,0,0,0,1.0,4.1994098864961416e-07,0.0005761236534453928
v105_s0750,105,750,0,0,0,1.0,6.309568334472715e-07,0.007126065902411938
v105_s0751,105,751,0,0,0,1.0,3.8090266230028647e-07,0.0004714318201877177
v105_s0752,105,752,0,0,0,1.0,4.6573484269174514e-07,0.0017768837278708816
v105_s0753,105,753,0,0,0,1.0,4.971292923983128e-07,0.0017707445658743382
v105_s0754,105,754,0,0,0,1.0,6.139266588434111e-07,0.0018619364127516747
v105_s0755,105,755,0,0,0,1.0,7.439396085828776e-07,0.002649840200319886
v105_s0756,105,756,0,0,0,1.0,1.7974239199247677e-06,0.01066180132329464
v105_s0757,105,757,0,0,0,1.0,1.5521405885010608e-06,0.01209184993058443
v105_s0758,105,758,0,0,0,1.0,1.965517185453791e-06,0.011897457763552666
v105_s0759,105,759,0,0,0,1.0,7.205635483842343e-07,0.0029862101655453444
v105_s0760,105,760,0,0,0,1.0,3.5039698786931694e-07,0.0005492524360306561
v105_s0761,105,761,0,0,0,1.0,3.118455538242415e-07,0.00025674927746877074
v105_s0762,105,762,0,0,0,1.0,2.9107010846018966e-07,0.0002188657526858151
v105_s0763,105,763,0,0,0,1.0,2.9745714869022777e-07,0.00020249691442586482
v105_s0764,105,764,0,0,0,1.0,3.1476002959607285e-07,0.0003722084511537105
v105_s0765,105,765,0,0,0,1.0,3.232258904972696e-07,0.00039663322968408465
v105_s0766,105,766,0,0,0,1.0,3.5328440617377055e-07,0.001407033414579928
v105_s0767,105,767,0,0,0,1.0,3.220062581021921e-07,0.0008071805350482464
v105_s0768,105,768,0,0,0,1.0,2.5573405082468526e-07,0.0001264629972865805
v105_s0769,105,769,0,0,0,1.0,2.7456195539343753e-07,0.00014864758122712374
v105_s0770,105,770,0,0,0,1.0,3.2886617873373325e-07,0.00039253788418136537
v105_s0771,105,771,0,0,0,1.0,2.9362360010054545e-07,0.0002798780333250761
v105_s0772,105,772,0,0,0,1.0,2.671412744348345e-07,0.00012024455645587295
v105_s0773,105,773,0,0,0,1.0,2.996662260557059e-07,0.0002881365653593093
v105_s0774,105,774,0,0,0,1.0,3.964812549384078e-07,0.001928140060044825
v105_s0775,105,775,0,0,0,1.0,3.911370072273712e-07,0.0004524588002823293
v105_s0776,105,776,0,0,0,1.0,3.683900899886794e-07,0.0009886515326797962
v105_s0777,105,777,0,0,0,1.0,3.3181538583448855e-07,0.0013317607808858156
v105_s0778,105,778,0,0,0,1.0,3.198835543116729e-07,0.0002830642042681575
v105_s0779,105,779,0,0,0,1.0,3.2587237797088164e-07,0.00036074285162612796
v105_s0780,105,780,0,0,0,1.0,3.155536205667886e-07,0.0003354752843733877
v105_s0781,105,781,0,0,0,1.0,4.385875911339099e-07,0.0036147250793874264
v105_s0782,105,782,0,1,0,9.99999000001e-07,1.7819529603002593e-05,0.516150176525116
v105_s0783,105,783,0,7,0,1.428571224489825e-07,0.00010481756180524826,0.9771773219108582
v105_s0784,105,784,0,3,0,3.3333322222225924e-07,5.41826848348137e-05,0.8872339725494385
v105_s0785,105,785,0,0,0,1.0,1.42407986913895e-06,0.02655465342104435
v105_s0786,105,786,0,0,0,1.0,4.179052268682426e-07,0.001165601541288197
v105_s0787,105,787,0,0,0,1.0,4.77927528663713e-07,0.0010711601935327053
v105_s0788,105,788,0,0,0,1.0,7.18911542207934e-06,0.22933150827884674
v105_s0789,105,789,0,2,0,4.99999750000125e-07,3.161354106850922e-05,0.6061534881591797
v105_s0790,105,790,0,0,0,1.0,3.387277047295356e-06,0.0905589610338211
v105_s0791,105,791,0,0,0,1.0,2.816299911501119e-06,0.0574783980846405
v105_s0792,105,792,0,0,0,1.0,3.572051355149597e-06,0.06382369995117188
v105_s0793,105,793,0,0,0,1.0,5.313032147569174e-07,0.0007799016893841326
v105_s0794,105,794,0,0,0,1.0,5.133667286827404e-07,0.00035895282053388655
v105_s0795,105,795,0,0,0,1.0,4.6212716142690624e-07,0.0003902103053405881
v105_s0796,105,796,0,0,0,1.0,5.352641778699763e-07,0.00033299167989753187
v105_s0797,105,797,0,0,0,1.0,6.491339945569052e-07,0.002098521450534463
v105_s0798,105,798,0,0,0,1.0,5.322066840562911e-07,0.0005128392949700356
v105_s0799,105,799,0,0,0,1.0,4.791972969542257e-07,0.001085835276171565
v105_s0800,105,800,0,0,0,1.0,4.999456564291904e-07,0.00093862070934847
v105_s0801,105,801,0,0,0,1.0,8.966681548372435e-07,0.0029166345484554768
v105_s0802,105,802,0,0,0,1.0,8.03292778073228e-07,0.0018276401096954942
v105_s0803,105,803,0,0,0,1.0,7.498757668145117e-07,0.005428518634289503
v105_s0804,105,804,0,0,0,1.0,6.769970468667452e-07,0.001988817937672138
v105_s0805,105,805,0,0,0,1.0,5.93907031998242e-07,0.0015512900426983833
v105_s0806,105,806,0,0,0,1.0,3.683529143927444e-07,0.0014654874103143811
v105_s0807,105,807,0,0,0,1.0,3.6595406527339946e-07,0.0006489027291536331
v105_s0808,105,808,0,0,0,1.0,3.826322654276737e-07,0.00045456155203282833
v105_s0809,105,809,0,0,0,1.0,3.730626190190378e-07,0.0003379206173121929
v105_s0810,105,810,0,0,0,1.0,6.273264716583071e-07,0.009488961659371853
v105_s0811,105,811,0,0,0,1.0,7.506157544412417e-07,0.011171281337738037
v105_s0812,105,812,0,0,0,1.0,1.5831928976695053e-06,0.03619164600968361
v105_s0813,105,813,0,0,0,1.0,9.296946359427238e-07,0.013040089048445225
v105_s0814,105,814,0,0,0,1.0,1.8457017176842783e-06,0.03437427431344986
v105_s0815,105,815,0,0,0,1.0,1.289100055146264e-06,0.02388773113489151
v105_s0816,105,816,0,0,0,1.0,8.887707849680737e-07,0.011976204812526703
v105_s0817,105,817,0,0,0,1.0,7.320771260310721e-07,0.006527652032673359
v105_s0818,105,818,0,0,0,1.0,3.106349140580278e-06,0.03960198909044266
v105_s0819,105,819,0,0,0,1.0,6.4972532527463045e-06,0.09643758833408356
v105_s0820,105,820,0,0,0,1.0,7.585985713376431e-06,0.13370515406131744
v105_s0821,105,821,0,0,0,1.0,9.351595508633181e-06,0.17629098892211914
v105_s0822,105,822,0,0,0,1.0,3.7718639305239776e-06,0.0649695172905922
v105_s0823,105,823,0,0,0,1.0,1.8731761883827858e-06,0.028020920231938362
v105_s0824,105,824,0,0,0,1.0,9.103601996685029e-07,0.00810884591192007
v105_s0825,105,825,0,0,0,1.0,8.776129334364668e-07,0.0063273417763412
v105_s0826,105,826,0,0,0,1.0,5.10875088366447e-06,0.08733715862035751
v105_s0827,105,827,0,0,0,1.0,1.4764532352273818e-06,0.013858734630048275
v105_s0828,105,828,0,0,0,1.0,5.519068508874625e-07,0.0025742168072611094
v105_s0829,105,829,0,0,0,1.0,6.042066615918884e-07,0.0017994779627770185
v105_s0830,105,830,0,0,0,1.0,9.152506095233548e-07,0.005386493168771267
v105_s0831,105,831,0,0,0,1.0,8.974378715720377e-07,0.006232484709471464
v105_s0832,105,832,0,0,0,1.0,1.0119567832589382e-06,0.013338006101548672
v105_s0833,105,833,0,0,0,1.0,1.3502027513823123e-06,0.02177051641047001
v105_s0834,105,834,0,0,0,1.0,2.0016391317767557e-06,0.04101986065506935
v105_s0835,105,835,0,0,0,1.0,1.651875436436967e-06,0.024309245869517326
v105_s0836,105,836,0,0,0,1.0,1.684166932136577e-06,0.03245158493518829
v105_s0837,105,837,0,0,0,1.0,1.2901052741653984e-06,0.022178642451763153
v105_s0838,105,838,0,0,0,1.0,9.93913772617816e-07,0.00954211875796318
v105_s0839,105,839,0,0,0,1.0,1.9977387637482025e-06,0.04587460309267044
v105_s0840,105,840,0,0,0,1.0,2.2566957795788767e-06,0.06627030670642853
v105_s0841,105,841,0,0,0,1.0,3.2462855870107887e-06,0.0958695188164711
v105_s0842,105,842,0,0,0,1.0,1.7371816056765965e-06,0.03650510311126709
v105_s0843,105,843,0,0,0,1.0,1.5467705907212803e-06,0.03298507258296013
v105_s0844,105,844,0,0,0,1.0,2.4399967060162453e-06,0.07571124285459518
v105_s0845,105,845,0,0,0,1.0,5.116580723552033e-06,0.16750602424144745
v105_s0846,105,846,0,0,0,1.0,3.886796093865996e-06,0.13526158034801483
v105_s0847,105,847,0,0,0,1.0,7.447228199453093e-06,0.2296077460050583
v105_s0848,105,848,0,0,0,1.0,1.4327918506751303e-05,0.4080338478088379
v105_s0849,105,849,0,0,0,1.0,1.3077857147436589e-05,0.44787344336509705
v105_s0850,105,850,0,1,0,9.99999000001e-07,1.587405859027058e-05,0.5681582093238831
v105_s0851,105,851,0,1,0,9.99999000001e-07,2.3880746084614657e-05,0.7445430159568787
v105_s0852,105,852,0,2,0,4.99999750000125e-07,2.8285192456678487e-05,0.7533643841743469
v105_s0853,105,853,0,2,0,4.99999750000125e-07,2.7691177820088342e-05,0.6919455528259277
v105_s0854,105,854,0,2,0,4.99999750000125e-07,2.293324905622285e-05,0.6295035481452942
v105_s0855,105,855,0,0,0,1.0,1.396478182869032e-05,0.47846609354019165
v105_s0856,105,856,0,0,0,1.0,1.1255047866143286e-05,0.4615413248538971
v105_s0857,105,857,0,0,0,1.0,8.691634320712183e-06,0.34652167558670044
v105_s0858,105,858,0,0,0,1.0,8.055897524172906e-06,0.3347322940826416
v105_s0859,105,859,0,0,0,1.0,2.1962844130030135e-06,0.07229891419410706
v105_s0860,105,860,0,0,0,1.0,1.9284339032310527e-06,0.05996834486722946
v105_s0861,105,861,0,0,0,1.0,3.55728388967691e-06,0.08393339812755585
v105_s0862,105,862,0,0,0,1.0,2.8972024210816016e-06,0.0653979554772377
v105_s0863,105,863,0,0,0,1.0,1.3217810419519083e-06,0.023465389385819435
v105_s0864,105,864,0,0,0,1.0,9.530922966405342e-07,0.006080005783587694
v105_s0865,105,865,0,0,0,1.0,8.310889825224876e-07,0.005050477106124163
v105_s0866,105,866,0,0,0,1.0,6.433136832129094e-07,0.0013310645008459687
v105_s0867,105,867,0,0,0,1.0,5.531242095457856e-07,0.0006660980288870633
v105_s0868,105,868,0,0,0,1.0,6.358548034768319e-07,0.0010355814592912793
v105_s0869,105,869,0,0,0,1.0,6.757516644029238e-07,0.0008459137170575559
v105_s0870,105,870,0,0,0,1.0,7.648270639037946e-07,0.0011220157612115145
v105_s0871,105,871,0,0,0,1.0,7.339746161960647e-07,0.001056262175552547
v105_s0872,105,872,0,0,0,1.0,8.000960178833338e-07,0.0024136502761393785
v105_s0873,105,873,0,0,0,1.0,7.644105153303826e-07,0.0024766994174569845
v105_s0874,105,874,0,0,0,1.0,7.318877806028468e-07,0.0022889648098498583
v105_s0875,105,875,0,0,0,1.0,7.663756491638196e-07,0.0034203771501779556
v105_s0876,105,876,0,0,0,1.0,7.018192036412074e-07,0.0024050772190093994
v105_s0877,105,877,0,0,0,1.0,6.81864207763283e-07,0.002293611876666546
v105_s0878,105,878,0,0,0,1.0,8.610412578491378e-07,0.0028817576821893454
v105_s0879,105,879,0,0,0,1.0,7.197580771389767e-07,0.00378634431399405
v105_s0880,105,880,0,0,0,1.0,6.622593673455412e-07,0.0017905374988913536
v105_s0881,105,881,0,0,0,1.0,6.951716500225302e-07,0.0014116417150944471
v105_s0882,105,882,0,0,0,1.0,6.273298822634388e-07,0.0013419188326224685
v105_s0883,105,883,0,0,0,1.0,6.315125347100548e-07,0.001658071530982852
v105_s0884,105,884,0,0,0,1.0,7.570429261249956e-07,0.0022467500530183315
v105_s0885,105,885,0,0,0,1.0,5.908698312850902e-07,0.0015310411108657718
v105_s0886,105,886,0,0,0,1.0,7.120820555428509e-07,0.0026767051313072443
v105_s0887,105,887,0,0,0,1.0,8.152695727403625e-07,0.006419812329113483
v105_s0888,105,888,0,0,0,1.0,7.452719046341372e-07,0.004907121416181326
v105_s0889,105,889,0,0,0,1.0,6.780467742828478e-07,0.0034067071974277496
v105_s0890,105,890,0,0,0,1.0,8.410646046286274e-07,0.0054942225106060505
v105_s0891,105,891,0,0,0,1.0,1.0697793868530425e-06,0.007894434034824371
v105_s0892,105,892,0,0,0,1.0,1.207815785164712e-06,0.0040019480511546135
v105_s0893,105,893,0,0,0,1.0,8.985562658381241e-07,0.0024968134239315987
v105_s0894,105,894,0,0,0,1.0,7.412462537104147e-07,0.0021771930623799562
v105_s0895,105,895,0,0,0,1.0,5.814534915771219e-07,0.0014424942201003432
v105_s0896,105,896,0,0,0,1.0,4.931173407385359e-07,0.000891168718226254
v105_s0897,105,897,0,0,0,1.0,6.917722430443973e-07,0.0010607924778014421
v105_s0898,105,898,0,0,0,1.0,6.392845079972176e-07,0.0005223709740675986
v105_s0899,105,899,0,0,0,1.0,7.114614390957286e-07,0.0009992674458771944
v105_s0900,105,900,0,0,0,1.0,1.0484436643309891e-06,0.006273141596466303
v105_s0901,105,901,0,0,0,1.0,1.0043228257927694e-06,0.005552731454372406
v105_s0902,105,902,0,0,0,1.0,8.622119480605761e-07,0.004585653077811003
v105_s0903,105,903,0,0,0,1.0,5.285392035148107e-07,0.000602239859290421
v105_s0904,105,904,0,0,0,1.0,5.100833959659212e-07,0.000981226097792387
v105_s0905,105,905,0,0,0,1.0,5.731614578508015e-07,0.0020973654463887215
v105_s0906,105,906,0,0,0,1.0,5.453177891467931e-07,0.0018774468917399645
v105_s0907,105,907,0,0,0,1.0,3.413252215977991e-06,0.11455641686916351
v105_s0908,105,908,0,1,0,9.99999000001e-07,1.556197639729362e-05,0.5201833844184875
v105_s0909,105,909,0,0,0,1.0,2.1952018869342282e-06,0.03921673074364662
v105_s0910,105,910,0,0,0,1.0,4.91857406359486e-07,0.0011741203488782048
v105_s0911,105,911,0,0,0,1.0,7.179253884714853e-07,0.007512983866035938
v105_s0912,105,912,0,0,0,1.0,3.350719634909183e-05,0.29884931445121765
v105_s0913,105,913,0,0,0,1.0,1.561848694109358e-05,0.3624444305896759
v105_s0914,105,914,0,0,0,1.0,4.269131750334054e-06,0.05046306550502777
v105_s0915,105,915,0,0,0,1.0,2.61955597125052e-06,0.022581174969673157
v105_s0916,105,916,0,0,0,1.0,1.8405377204544493e-06,0.018020369112491608
v105_s0917,105,917,0,0,0,1.0,1.3470980775309727e-06,0.013977617025375366
v105_s0918,105,918,0,0,0,1.0,7.271497679539607e-07,0.0014226427301764488
v105_s0919,105,919,0,0,0,1.0,6.951513569219969e-07,0.0015148383099585772
v105_s0920,105,920,0,0,0,1.0,5.882738491891359e-07,0.0008088420727290213
v105_s0921,105,921,0,0,0,1.0,5.527762141355197e-07,0.0004827084776479751
v105_s0922,105,922,0,0,0,1.0,6.956612423891784e-07,0.002105943625792861
v105_s0923,105,923,0,0,0,1.0,6.882645493533346e-07,0.00037465611239895225
v105_s0924,105,924,0,0,0,1.0,8.760545711083978e-07,0.0015424488810822368
v105_s0925,105,925,0,0,0,1.0,8.322721782860754e-07,0.0024798326194286346
v105_s0926,105,926,0,0,0,1.0,9.533823686069809e-07,0.00653333542868495
v105_s0927,105,927,0,0,0,1.0,1.3153558029443957e-06,0.011780478991568089
v105_s0928,105,928,0,0,0,1.0,1.1592760529310908e-06,0.014687388204038143
v105_s0929,105,929,0,0,0,1.0,3.568740567061468e-06,0.076884925365448
v105_s0930,105,930,0,0,0,1.0,3.341901447129203e-06,0.08373521268367767
v105_s0931,105,931,0,0,0,1.0,2.1273492620821344e-06,0.02948651649057865
v105_s0932,105,932,0,0,0,1.0,2.265384409838589e-06,0.02818264439702034
v105_s0933,105,933,0,0,0,1.0,1.3160441767468e-06,0.010999463498592377
v105_s0934,105,934,0,0,0,1.0,8.713776082913682e-07,0.00361467688344419
v105_s0935,105,935,0,0,0,1.0,8.425205351159093e-07,0.0035377719905227423
v105_s0936,105,936,0,0,0,1.0,8.55906591823441e-07,0.0050376784056425095
v105_s0937,105,937,0,0,0,1.0,7.239260071401077e-07,0.004522764589637518
v105_s0938,105,938,0,0,0,1.0,5.510638629857567e-07,0.0005914479261264205
v105_s0939,105,939,0,0,0,1.0,5.233036972640548e-07,0.000859864812809974
v105_s0940,105,940,0,0,0,1.0,6.008183390804334e-07,0.0009487554780207574
v105_s0941,105,941,0,0,0,1.0,5.124826429891982e-07,0.0007178268861025572
v105_s0942,105,942,0,0,0,1.0,5.242382030701265e-07,0.001857898896560073
v105_s0943,105,943,0,0,0,1.0,9.323557605966926e-07,0.015606222674250603
v105_s0944,105,944,0,0,0,1.0,4.609681525380438e-07,0.000820959743577987
v105_s0945,105,945,0,0,0,1.0,7.435627935592493e-07,0.004356429446488619
v105_s0946,105,946,0,0,0,1.0,1.1083938034062157e-06,0.010128436610102654
v105_s0947,105,947,0,0,0,1.0,1.0872111033677356e-06,0.013476317748427391
v105_s0948,105,948,0,0,0,1.0,1.8270027339895023e-06,0.02238740213215351
v105_s0949,105,949,0,0,0,1.0,8.570978934585582e-06,0.19309002161026
v105_s0950,105,950,0,2,0,4.99999750000125e-07,2.9248116334201768e-05,0.6181158423423767
v105_s0951,105,951,0,3,0,3.3333322222225924e-07,7.726092735538259e-05,0.9513758420944214
v105_s0952,105,952,0,5,0,1.99999960000008e-07,8.16556639620103e-05,0.8863466382026672
v105_s0953,105,953,0,1,0,9.99999000001e-07,3.095007559750229e-05,0.5194368362426758
v105_s0954,105,954,0,2,0,4.99999750000125e-07,3.6746132536791265e-05,0.7936481237411499
v105_s0955,105,955,0,3,0,3.3333322222225924e-07,3.3396172511857e-05,0.7717914581298828
v105_s0956,105,956,0,0,0,1.0,9.722710274218116e-06,0.29976794123649597
v105_s0957,105,957,0,0,0,1.0,5.65137133889948e-06,0.14519502222537994
v105_s0958,105,958,0,0,0,1.0,5.275261173665058e-06,0.17819026112556458
v105_s0959,105,959,0,0,0,1.0,5.8188243201584555e-06,0.2076171189546585
v105_s0960,105,960,0,0,0,1.0,2.0460686300793895e-06,0.06878358125686646
v105_s0961,105,961,0,0,0,1.0,7.668679700145731e-07,0.0024290240835398436
v105_s0962,105,962,0,0,0,1.0,1.0533220802244614e-06,0.004250663798302412
v105_s0963,105,963,0,0,0,1.0,1.5075845567480428e-06,0.021107543259859085
v105_s0964,105,964,0,0,0,1.0,2.0512702576525044e-06,0.01405798178166151
v105_s0965,105,965,0,0,0,1.0,2.0343431970104575e-06,0.023781955242156982
v105_s0966,105,966,0,0,0,1.0,1.2163152405264555e-06,0.009298400022089481
v105_s0967,105,967,0,0,0,1.0,9.3621599717153e-07,0.014359931461513042
v105_s0968,105,968,0,0,0,1.0,7.429462129948661e-07,0.010365906171500683
v105_s0969,105,969,0,0,0,1.0,4.222855238822376e-07,0.00033437961246818304
v105_s0970,105,970,0,0,0,1.0,4.863541107624769e-07,0.0007492768345400691
v105_s0971,105,971,0,0,0,1.0,5.519423211808316e-07,0.0013202425325289369
v105_s0972,105,972,0,0,0,1.0,6.541233688039938e-07,0.0018230173736810684
v105_s0973,105,973,0,0,0,1.0,7.072749781400489e-07,0.002547957468777895
v105_s0974,105,974,0,0,0,1.0,7.656839215997024e-07,0.0012454423122107983
v105_s0975,105,975,0,0,0,1.0,7.132455266400939e-07,0.0016732638468965888
v105_s0976,105,976,0,0,0,1.0,6.205542604220682e-07,0.001110382261686027
v105_s0977,105,977,0,0,0,1.0,5.806847980238672e-07,0.0012668255949392915
v105_s0978,105,978,0,0,0,1.0,6.93851461619488e-07,0.003961888141930103
v105_s0979,105,979,0,0,0,1.0,6.798038043598353e-07,0.0012613816652446985
v105_s0980,105,980,0,0,0,1.0,6.205483487065067e-07,0.0008239751914516091
v105_s0981,105,981,0,0,0,1.0,5.393753781390842e-07,0.0011410247534513474
v105_s0982,105,982,0,0,0,1.0,5.29421583905787e-07,0.0006037303828634322
v105_s0983,105,983,0,0,0,1.0,5.526644031306205e-07,0.0014817843912169337
v105_s0984,105,984,0,0,0,1.0,3.112136255367659e-06,0.02618384175002575
v105_s0985,105,985,0,0,0,1.0,7.640498438377108e-07,0.0022561645600944757
v106_s0000,106,0,0,59,0,1.6949152255099113e-08,0.0010214024223387241,0.9999303817749023
v106_s0001,106,1,0,28,0,3.571428443877555e-08,0.0006046701455488801,0.999186098575592
v106_s0002,106,2,0,0,0,1.0,8.963145774032455e-06,0.090364970266819
v106_s0003,106,3,0,0,0,1.0,7.894873306213412e-06,0.012133913114666939
v106_s0004,106,4,0,0,0,1.0,1.2376829545246437e-05,0.030838072299957275
v106_s0005,106,5,0,16,0,6.249999609375024e-08,0.00046717244549654424,0.6985807418823242
v106_s0006,106,6,0,153,0,6.535947669699688e-09,0.0024498067796230316,0.9985287189483643
v106_s0007,106,7,0,0,0,1.0,7.334000656555872e-06,0.07412649691104889
v106_s0008,106,8,0,0,0,1.0,1.2267108104424551e-05,0.11966794729232788
v106_s0009,106,9,0,0,0,1.0,3.1887832392385462e-06,0.003486950183287263
v106_s0010,106,10,0,0,0,1.0,3.1420859158970416e-05,0.21710306406021118
v106_s0011,106,11,0,0,0,1.0,1.1951512988161994e-06,0.0023191298823803663
v106_s0012,106,12,0,0,0,1.0,9.176359867524297e-07,0.0007444477523677051
v106_s0013,106,13,0,0,0,1.0,1.1565568911464652e-06,0.0013184086419641972
v106_s0014,106,14,0,0,0,1.0,1.468529717385536e-06,0.004136053379625082
v106_s0015,106,15,0,0,0,1.0,1.649880505283363e-05,0.11661207675933838
v106_s0016,106,16,0,13,0,7.692307100591761e-08,0.00020530597248580307,0.8378351926803589
v106_s0017,106,17,0,0,0,1.0,1.5747588122394518e-06,0.006337771192193031
v106_s0018,106,18,0,0,0,1.0,3.7429231269925367e-06,0.08260805904865265
v106_s0019,106,19,0,0,0,1.0,1.7659231161815114e-06,0.031555499881505966
v106_s0020,106,20,0,0,0,1.0,1.5457994777534623e-06,0.0052337972447276115
v106_s0021,106,21,0,0,0,1.0,2.085721007460961e-06,0.005047082435339689
v106_s0022,106,22,0,0,0,1.0,1.4356596693687607e-06,0.002589335897937417
v106_s0023,106,23,0,0,0,1.0,1.451869820812135e-06,0.00298652658239007
v106_s0024,106,24,0,0,0,1.0,1.8667210497369524e-06,0.008826459757983685
v106_s0025,106,25,0,0,0,1.0,2.4001287783903535e-06,0.010124193504452705
v106_s0026,106,26,0,35,0,2.8571427755102065e-08,0.0005124027957208455,0.9995741248130798
v106_s0027,106,27,0,6,0,1.666666388888935e-07,0.00010896226012846455,0.8364044427871704
v106_s0028,106,28,0,0,0,1.0,2.8134209060226567e-06,0.017162587493658066
v106_s0029,106,29,0,0,0,1.0,2.032891188719077e-06,0.009157894179224968
v106_s0030,106,30,0,0,0,1.0,1.8584809367894195e-05,0.236991286277771
v106_s0031,106,31,0,0,0,1.0,1.691483134891314e-06,0.005965139251202345
v106_s0032,106,32,0,0,0,1.0,1.4967439483370981e-06,0.003047653939574957
v106_s0033,106,33,0,0,0,1.0,1.562610577821033e-06,0.0036795539781451225
v106_s0034,106,34,0,0,0,1.0,2.2010951852280414e-06,0.004858028143644333
v106_s0035,106,35,0,0,0,1.0,2.0803131519642193e-06,0.004656042438000441
v106_s0036,106,36,0,0,0,1.0,1.9904005057469476e-06,0.0050262147560715675
v106_s0037,106,37,0,0,0,1.0,2.674894176379894e-06,0.009805088862776756
v106_s0038,106,38,0,0,0,1.0,3.7966044601489557e-06,0.01917417347431183
v106_s0039,106,39,0,0,0,1.0,3.5416499031271087e-06,0.015167473815381527
v106_s0040,106,40,0,0,0,1.0,2.6249826987623237e-06,0.00539915356785059
v106_s0041,106,41,0,0,0,1.0,1.7916756860358873e-06,0.00525651965290308
v106_s0042,106,42,0,0,0,1.0,2.050298007816309e-06,0.005784736014902592
v106_s0043,106,43,0,0,0,1.0,2.69565293820051e-06,0.006074792705476284
v106_s0044,106,44,0,0,0,1.0,1.8532257399783703e-06,0.004663639236241579
v106_s0045,106,45,0,0,0,1.0,1.9471224277367583e-06,0.003434457816183567
v106_s0046,106,46,0,0,0,1.0,1.7722431948641315e-06,0.0030903415754437447
v106_s0047,106,47,0,0,0,1.0,1.4837276012258371e-06,0.003340350231155753
v106_s0048,106,48,0,0,0,1.0,1.5889773976596189e-06,0.00286897923797369
v106_s0049,106,49,0,0,0,1.0,2.1476955680554966e-06,0.006890446413308382
v106_s0050,106,50,0,0,0,1.0,2.014629217228503e-06,0.005033120978623629
v106_s0051,106,51,0,0,0,1.0,1.8802354588842718e-06,0.00364188221283257
v106_s0052,106,52,0,0,0,1.0,1.5523778529313859e-06,0.0046331207267940044
v106_s0053,106,53,0,0,0,1.0,1.5909515695966547e-06,0.0037627031560987234
v106_s0054,106,54,0,0,0,1.0,1.341549250355456e-06,0.0019139479845762253
v106_s0055,106,55,0,0,0,1.0,1.6378512555093039e-06,0.002227719873189926
v106_s0056,106,56,0,0,0,1.0,1.7479781035945052e-06,0.0024445131421089172
v106_s0057,106,57,0,0,0,1.0,2.2112430997367483e-06,0.0072876522317528725
v106_s0058,106,58,0,0,0,1.0,1.4849385934212478e-06,0.002130677690729499
v106_s0059,106,59,0,0,0,1.0,1.1762583653762704e-06,0.0017289869720116258
v106_s0060,106,60,0,0,0,1.0,1.319263901677914e-06,0.0015067991334944963
v106_s0061,106,61,0,0,0,1.0,1.4261622709454969e-06,0.001766981091350317
v106_s0062,106,62,0,0,0,1.0,1.5303465943361516e-06,0.0020699077285826206
v106_s0063,106,63,0,0,0,1.0,1.518522935839428e-06,0.005615761037915945
v106_s0064,106,64,0,0,0,1.0,1.5735106444481062e-06,0.00956843700259924
v106_s0065,106,65,0,0,0,1.0,1.9062758838117588e-06,0.009863100945949554
v106_s0066,106,66,0,0,0,1.0,1.5605155567754991e-06,0.0029873319435864687
v106_s0067,106,67,0,0,0,1.0,1.418268993802485e-06,0.0037779072299599648
v106_s0068,106,68,0,0,0,1.0,1.1194007356607472e-06,0.002006296534091234
v106_s0069,106,69,0,0,0,1.0,1.0044859664049e-06,0.0008846378768794239
v106_s0070,106,70,0,0,0,1.0,1.016621808958007e-06,0.0009651175932958722
v106_s0071,106,71,0,0,0,1.0,1.4017783769304515e-06,0.0019317485857754946
v106_s0072,106,72,0,0,0,1.0,1.5610430637025274e-06,0.006097042001783848
v106_s0073,106,73,0,0,0,1.0,1.3939052223577164e-06,0.003739159321412444
v106_s0074,106,74,0,0,0,1.0,1.1862780411320273e-06,0.0026869922876358032
v106_s0075,106,75,0,0,0,1.0,1.5475861800950952e-06,0.004060707986354828
v106_s0076,106,76,0,0,0,1.0,2.219454472651705e-06,0.009911386296153069
v106_s0077,106,77,0,0,0,1.0,1.2260845778655494e-06,0.008595772087574005
v106_s0078,106,78,0,0,0,1.0,1.1875783911818871e-06,0.009057446382939816
v106_s0079,106,79,0,0,0,1.0,9.129763611781527e-07,0.0013718589907512069
v106_s0080,106,80,0,0,0,1.0,1.1692759471770842e-06,0.001086220028810203
v106_s0081,106,81,0,0,0,1.0,1.0836420187843032e-06,0.001838597934693098
v106_s0082,106,82,0,0,0,1.0,1.045699377755227e-06,0.004710028413683176
v106_s0083,106,83,0,0,0,1.0,9.943306622517412e-07,0.0018559872405603528
v106_s0084,106,84,0,0,0,1.0,1.5097392633833806e-06,0.017824748530983925
v106_s0085,106,85,0,0,0,1.0,7.320522854570299e-07,0.0017696847207844257
v106_s0086,106,86,0,0,0,1.0,1.063367562892381e-06,0.0020504966378211975
v106_s0087,106,87,0,0,0,1.0,1.2488893617046415e-06,0.002239733003079891
v106_s0088,106,88,0,0,0,1.0,2.5665628982096678e-06,0.019624436274170876
v106_s0089,106,89,0,0,0,1.0,7.160799214034341e-06,0.09066694229841232
v106_s0090,106,90,0,0,0,1.0,1.1422172292441246e-06,0.007623432204127312
v106_s0091,106,91,0,0,0,1.0,1.1438853562140139e-06,0.0021543875336647034
v106_s0092,106,92,0,0,0,1.0,2.274732651130762e-06,0.025994522497057915
v106_s0093,106,93,0,0,0,1.0,1.3652397683472373e-06,0.004316351842135191
v106_s0094,106,94,0,0,0,1.0,1.0782860044855624e-06,0.0041543119587004185
v106_s0095,106,95,0,0,0,1.0,6.284969913394889e-07,0.001180581166408956
v106_s0096,106,96,0,0,0,1.0,4.545546801182354e-07,0.000281517714029178
v106_s0097,106,97,0,0,0,1.0,4.82706013826828e-07,0.0005996486870571971
v106_s0098,106,98,0,0,0,1.0,5.59256307042233e-07,0.0020259914454072714
v106_s0099,106,99,0,0,0,1.0,6.291027148108697e-07,0.0015676880721002817
v106_s0100,106,100,0,0,0,1.0,6.308964657364413e-07,0.0015909934882074594
v106_s0101,106,101,0,0,0,1.0,5.90866250149702e-07,0.001723522669635713
v106_s0102,106,102,0,0,0,1.0,8.372671800316311e-07,0.001884693163447082
v106_s0103,106,103,0,0,0,1.0,1.127014229496126e-06,0.002302446635439992
v106_s0104,106,104,0,0,0,1.0,9.303598744736519e-07,0.0013347658095881343
v106_s0105,106,105,0,0,0,1.0,9.102557214646367e-07,0.002917950740084052
v106_s0106,106,106,0,0,0,1.0,6.461001476054662e-07,0.0014226366765797138
v106_s0107,106,107,0,0,0,1.0,7.586926358271739e-07,0.0016707296017557383
v106_s0108,106,108,0,0,0,1.0,9.407158358953893e-07,0.0025702407583594322
v106_s0109,106,109,0,0,0,1.0,9.266917686545639e-07,0.0016070298152044415
v106_s0110,106,110,0,0,0,1.0,9.514300813862064e-07,0.002159261144697666
v106_s0111,106,111,0,0,0,1.0,1.1210869388378342e-06,0.003955078311264515
v106_s0112,106,112,0,0,0,1.0,1.100253825825348e-06,0.004193574655801058
v106_s0113,106,113,0,0,0,1.0,9.270778491554665e-07,0.0033563391771167517
v106_s0114,106,114,0,0,0,1.0,2.6309844542993233e-06,0.05519319698214531
v106_s0115,106,115,0,0,0,1.0,8.472929380332062e-07,0.0029624782036989927
v106_s0116,106,116,0,0,0,1.0,8.511602800354012e-07,0.0015953036490827799
v106_s0117,106,117,0,0,0,1.0,9.803605962588335e-07,0.0031915560830384493
v106_s0118,106,118,0,0,0,1.0,6.217120471774251e-07,0.0015794000355526805
v106_s0119,106,119,0,0,0,1.0,5.720362423744518e-07,0.0017811489524319768
v106_s0120,106,120,0,0,0,1.0,8.617048479209188e-06,0.21748606860637665
v106_s0121,106,121,0,0,0,1.0,2.5807166821323335e-05,0.38732439279556274
v106_s0122,106,122,0,17,0,5.882352595155729e-08,0.0002480928087607026,0.9999783039093018
v106_s0123,106,123,0,14,0,7.142856632653097e-08,0.00021858462423551828,0.9998306035995483
v106_s0124,106,124,0,0,0,1.0,1.236870048160199e-05,0.2884087562561035
v106_s0125,106,125,0,2,0,4.99999750000125e-07,4.230560807627626e-05,0.7080168724060059
v106_s0126,106,126,0,5,0,1.99999960000008e-07,0.00010084418318001553,0.9006444811820984
v106_s0127,106,127,0,25,0,3.999999840000006e-08,0.00040117729804478586,0.9999784231185913
v106_s0128,106,128,0,6,0,1.666666388888935e-07,9.103243064600974e-05,0.7907049655914307
v106_s0129,106,129,0,3,0,3.3333322222225924e-07,0.0001039223134284839,0.8642293214797974
v106_s0130,106,130,0,8,0,1.2499998437500196e-07,0.0001582948025316,0.9855164885520935
v106_s0131,106,131,0,1,0,9.99999000001e-07,3.884508987539448e-05,0.6377567052841187
v106_s0132,106,132,0,0,0,1.0,1.8252812878927216e-05,0.25806814432144165
v106_s0133,106,133,0,42,0,2.38095232426304e-08,0.0006858014967292547,0.9999854564666748
v106_s0134,106,134,0,30,0,3.3333332222222255e-08,0.00047601907863281667,0.9998412132263184
v106_s0135,106,135,0,17,0,5.882352595155729e-08,0.00029499901575036347,0.9993265867233276
v106_s0136,106,136,0,0,0,1.0,3.463885877863504e-05,0.4923534691333771
v106_s0137,106,137,0,8,0,1.2499998437500196e-07,0.00013262490392662585,0.9979506134986877
v106_s0138,106,138,0,0,0,1.0,1.2139781574660446e-05,0.2277219444513321
v106_s0139,106,139,0,0,0,1.0,2.2865777282277122e-05,0.3752036690711975
v106_s0140,106,140,0,12,0,8.333332638888946e-08,0.00020398260676302016,0.9998782873153687
v106_s0141,106,141,0,15,0,6.666666222222252e-08,0.00026150813209824264,0.9999982118606567
v106_s0142,106,142,0,12,0,8.333332638888946e-08,0.0002046606532530859,0.9915621876716614
v106_s0143,106,143,0,6,0,1.666666388888935e-07,0.0001609121245564893,0.977773904800415
v106_s0144,106,144,0,13,0,7.692307100591761e-08,0.00021266526891849935,0.9175288081169128
v106_s0145,106,145,0,13,0,7.692307100591761e-08,0.00020168549963273108,0.9990562796592712
v106_s0146,106,146,0,3,0,3.3333322222225924e-07,5.390265505411662e-05,0.7013331651687622
v106_s0147,106,147,0,4,0,2.499999375000156e-07,5.956039240118116e-05,0.6892886161804199
v106_s0148,106,148,0,7,0,1.428571224489825e-07,0.00013239153486210853,0.9926210641860962
v106_s0149,106,149,0,0,0,1.0,2.6360134143033065e-05,0.41364213824272156
v106_s0150,106,150,0,8,0,1.2499998437500196e-07,0.00013018374738749117,0.9957999587059021
v106_s0151,106,151,0,13,0,7.692307100591761e-08,0.00019938242621719837,0.9996496438980103
v106_s0152,106,152,0,15,0,6.666666222222252e-08,0.0002200011513195932,0.9999063014984131
v106_s0153,106,153,0,12,0,8.333332638888946e-08,0.00019140876247547567,0.9990547299385071
v106_s0154,106,154,0,16,0,6.249999609375024e-08,0.00022098149929661304,0.9986742734909058
v106_s0155,106,155,0,12,0,8.333332638888946e-08,0.00019265794253442436,0.9912360906600952
v106_s0156,106,156,0,0,0,1.0,1.2616364983841777e-06,0.004000202286988497
v106_s0157,106,157,0,0,0,1.0,1.5218759017443517e-06,0.0018913940293714404
v106_s0158,106,158,0,0,0,1.0,1.3645641274706577e-06,0.0024710665456950665
v106_s0159,106,159,0,0,0,1.0,4.4064531721232925e-06,0.060596730560064316
v106_s0160,106,160,0,0,0,1.0,3.314358400530182e-05,0.37419945001602173
v106_s0161,106,161,0,7,0,1.428571224489825e-07,0.00010813127300934866,0.8922080397605896
v106_s0162,106,162,0,0,0,1.0,8.861503374646418e-06,0.137675940990448
v106_s0163,106,163,0,0,0,1.0,1.7292229586018948e-06,0.006978207267820835
v106_s0164,106,164,0,0,0,1.0,1.4352353900903836e-06,0.005715226288884878
v106_s0165,106,165,0,0,0,1.0,1.8295592099093483e-06,0.00530586950480938
v106_s0166,106,166,0,0,0,1.0,1.3740173017140478e-06,0.005725139286369085
v106_s0167,106,167,0,0,0,1.0,1.631761051612557e-06,0.006914032623171806
v106_s0168,106,168,0,0,0,1.0,1.8497030396247283e-06,0.0066711558029055595
v106_s0169,106,169,0,0,0,1.0,1.8163304957852233e-06,0.0044009569101035595
v106_s0170,106,170,0,0,0,1.0,2.2110830286692362e-06,0.007219511084258556
v106_s0171,106,171,0,0,0,1.0,5.214927568886196e-06,0.023896604776382446
v106_s0172,106,172,0,0,0,1.0,4.411737336340593e-06,0.102471262216568
v106_s0173,106,173,0,0,0,1.0,1.293517470912775e-05,0.31618303060531616
v106_s0174,106,174,0,0,0,1.0,2.57520014201873e-06,0.021632123738527298
v106_s0175,106,175,0,0,0,1.0,2.9392638225544943e-06,0.008267953060567379
v106_s0176,106,176,0,0,0,1.0,2.659378424141323e-06,0.007828130386769772
v106_s0177,106,177,0,0,0,1.0,2.3641364350623917e-06,0.016906335949897766
v106_s0178,106,178,0,0,0,1.0,1.668453705860884e-06,0.004495550878345966
v106_s0179,106,179,0,0,0,1.0,2.942091214208631e-06,0.05173253268003464
v106_s0180,106,180,0,0,0,1.0,1.9400190467422362e-06,0.012588461861014366
v106_s0181,106,181,0,0,0,1.0,1.6518646361873834e-06,0.006612024735659361
v106_s0182,106,182,0,0,0,1.0,1.5928833363432204e-06,0.00812230259180069
v106_s0183,106,183,0,0,0,1.0,1.3672259910890716e-06,0.0023530481848865747
v106_s0184,106,184,0,0,0,1.0,1.6295333580274018e-06,0.0036881188862025738
v106_s0185,106,185,0,0,0,1.0,1.4996523987065302e-06,0.0029256162233650684
v106_s0186,106,186,0,0,0,1.0,1.3686056945516611e-06,0.0022506467066705227
v106_s0187,106,187,0,0,0,1.0,1.3518517789634643e-06,0.001980788307264447
v106_s0188,106,188,0,0,0,1.0,1.387195652569062e-06,0.0037800418213009834
v106_s0189,106,189,0,0,0,1.0,1.288032080992707e-06,0.0023271855898201466
v106_s0190,106,190,0,0,0,1.0,1.5061644944580621e-06,0.004194905050098896
v106_s0191,106,191,0,0,0,1.0,1.6580695501033915e-06,0.00574492197483778
v106_s0192,106,192,0,0,0,1.0,1.651686375225836e-06,0.005714256316423416
v106_s0193,106,193,0,0,0,1.0,2.1359701349865645e-06,0.008605155162513256
v106_s0194,106,194,0,0,0,1.0,2.402275413260213e-06,0.011364403180778027
v106_s0195,106,195,0,0,0,1.0,2.254551645819447e-06,0.007904292084276676
v106_s0196,106,196,0,0,0,1.0,1.6579763268964598e-06,0.0022816434502601624
v106_s0197,106,197,0,0,0,1.0,1.3402744798440835e-06,0.002628578105941415
v106_s0198,106,198,0,0,0,1.0,1.5643190636183135e-06,0.002708578947931528
v106_s0199,106,199,0,0,0,1.0,1.1398881269997219e-06,0.002543206326663494
v106_s0200,106,200,0,0,0,1.0,1.1006851536876638e-06,0.002798662520945072
v106_s0201,106,201,0,0,0,1.0,1.1899410310434178e-06,0.0032739907037466764
v106_s0202,106,202,0,0,0,1.0,1.7890228036776534e-06,0.004303778521716595
v106_s0203,106,203,0,0,0,1.0,1.443507358089846e-06,0.0012517899740487337
v106_s0204,106,204,0,0,0,1.0,2.138070613000309e-06,0.002638281788676977
v106_s0205,106,205,0,0,0,1.0,1.3332435173651902e-06,0.0020268342923372984
v106_s0206,106,206,0,0,0,1.0,1.4607699085900094e-06,0.0033695288002490997
v106_s0207,106,207,0,0,0,1.0,1.2665133226619218e-06,0.0025242394767701626
v106_s0208,106,208,0,0,0,1.0,8.818049650471949e-07,0.0028693981003016233
v106_s0209,106,209,0,0,0,1.0,1.049695015353791e-06,0.0037907063961029053
v106_s0210,106,210,0,0,0,1.0,1.791919203242287e-06,0.005681409500539303
v106_s0211,106,211,0,0,0,1.0,1.4888878467900213e-06,0.0037844975013285875
v106_s0212,106,212,0,0,0,1.0,1.1869074114656541e-06,0.002905725035816431
v106_s0213,106,213,0,0,0,1.0,1.5383679965452757e-06,0.0019262653077021241
v106_s0214,106,214,0,0,0,1.0,2.518631845305208e-06,0.017538709565997124
v106_s0215,106,215,0,0,0,1.0,1.8307503069081577e-06,0.003634372027590871
v106_s0216,106,216,0,0,0,1.0,1.6778551525931107e-06,0.001881165779195726
v106_s0217,106,217,0,0,0,1.0,2.9035325042059412e-06,0.009361451491713524
v106_s0218,106,218,0,0,0,1.0,2.484759534127079e-06,0.00471539655700326
v106_s0219,106,219,0,0,0,1.0,2.7518697152117966e-06,0.003691114718094468
v106_s0220,106,220,0,0,0,1.0,3.0467426768154837e-06,0.0077722202986478806
v106_s0221,106,221,0,0,0,1.0,3.6341214126878185e-06,0.005222676787525415
v106_s0222,106,222,0,0,0,1.0,1.4856318557576742e-06,0.0018393086502328515
v106_s0223,106,223,0,0,0,1.0,9.510719110039645e-07,0.0018010400235652924
v106_s0224,106,224,0,0,0,1.0,8.738777523831232e-07,0.0014847018755972385
v106_s0225,106,225,0,0,0,1.0,1.0620990451570833e-06,0.0024291141889989376
v106_s0226,106,226,0,0,0,1.0,1.416759232597542e-06,0.0020751236006617546
v106_s0227,106,227,0,0,0,1.0,1.1757756510633044e-06,0.005990069359540939
v106_s0228,106,228,0,0,0,1.0,1.0530806093811407e-06,0.0024552412796765566
v106_s0229,106,229,0,0,0,1.0,8.469187378068455e-07,0.0012102972250431776
v106_s0230,106,230,0,0,0,1.0,1.1776887731684837e-06,0.0017348973779007792
v106_s0231,106,231,0,0,0,1.0,8.183124009519815e-07,0.0005546408356167376
v106_s0232,106,232,0,0,0,1.0,1.1317571306790342e-06,0.0067480504512786865
v106_s0233,106,233,0,0,0,1.0,1.0126973393198568e-06,0.0032839614432305098
v106_s0234,106,234,0,0,0,1.0,9.665529887570301e-07,0.003863099031150341
v106_s0235,106,235,0,0,0,1.0,8.797128430160228e-07,0.0030596680007874966
v106_s0236,106,236,0,0,0,1.0,8.036006420297781e-07,0.0016898303292691708
v106_s0237,106,237,0,0,0,1.0,1.1638278465397889e-06,0.0017485098214820027
v106_s0238,106,238,0,0,0,1.0,1.0353701327403542e-06,0.0010283284354954958
v106_s0239,106,239,0,0,0,1.0,7.700812147959368e-07,0.0012779453536495566
v106_s0240,106,240,0,0,0,1.0,9.916763019646169e-07,0.0024303635582327843
v106_s0241,106,241,0,0,0,1.0,7.954977263580076e-06,0.07852507382631302
v106_s0242,106,242,0,0,0,1.0,8.776057711656904e-07,0.0027546880301088095
v106_s0243,106,243,0,0,0,1.0,1.0672919188436936e-06,0.007056765723973513
v106_s0244,106,244,0,0,0,1.0,5.101986744193709e-07,0.0005622445605695248
v106_s0245,106,245,0,0,0,1.0,4.617220952241041e-07,0.00045649168896488845
v106_s0246,106,246,0,0,0,1.0,1.617936504771933e-06,0.013023542240262032
v106_s0247,106,247,0,0,0,1.0,5.422558047030179e-07,0.0008659913437440991
v106_s0248,106,248,0,0,0,1.0,4.360709340289759e-07,0.0005700814654119313
v106_s0249,106,249,0,0,0,1.0,8.603262244832877e-07,0.001352790859527886
v106_s0250,106,250,0,0,0,1.0,8.075792266026838e-07,0.0029227216728031635
v106_s0251,106,251,0,0,0,1.0,4.242883164806699e-07,0.00022021988115739077
v106_s0252,106,252,0,0,0,1.0,5.041571853325877e-07,0.0006550246034748852
v106_s0253,106,253,0,0,0,1.0,5.586538804891461e-07,0.0011852859752252698
v106_s0254,106,254,0,0,0,1.0,5.254495363260503e-07,0.0014834807952865958
v106_s0255,106,255,0,0,0,1.0,5.414303814177401e-07,0.0004623450222425163
v106_s0256,106,256,0,0,0,1.0,5.090689683129312e-07,0.0005247683729976416
v106_s0257,106,257,0,0,0,1.0,4.472540808819758e-07,0.00033043549046851695
v106_s0258,106,258,0,0,0,1.0,5.442935275823402e-07,0.0006483293836936355
v106_s0259,106,259,0,0,0,1.0,5.028553573538375e-07,0.00048392097232863307
v106_s0260,106,260,0,0,0,1.0,5.781121785730647e-07,0.0006412406219169497
v106_s0261,106,261,0,0,0,1.0,7.075307166815037e-07,0.002132281893864274
v106_s0262,106,262,0,0,0,1.0,4.899951591141871e-07,0.0010290674399584532
v106_s0263,106,263,0,0,0,1.0,7.170856406446546e-07,0.003290860913693905
v106_s0264,106,264,0,0,0,1.0,8.701665024091199e-07,0.0031451298855245113
v106_s0265,106,265,0,0,0,1.0,8.223929626183235e-07,0.004199688322842121
v106_s0266,106,266,0,0,0,1.0,7.829152650629112e-07,0.0041811540722846985
v106_s0267,106,267,0,0,0,1.0,8.459677474093041e-07,0.004082906991243362
v106_s0268,106,268,0,0,0,1.0,9.687302053862368e-07,0.0044213347136974335
v106_s0269,106,269,0,0,0,1.0,9.474093758399249e-07,0.0038706003688275814
v106_s0270,106,270,0,0,0,1.0,1.0416297300253063e-06,0.007246795110404491
v106_s0271,106,271,0,0,0,1.0,8.155635669027106e-07,0.006812814623117447
v106_s0272,106,272,0,0,0,1.0,6.414059043891029e-07,0.0025362956803292036
v106_s0273,106,273,0,0,0,1.0,6.857244443381205e-07,0.002650804352015257
v106_s0274,106,274,0,0,0,1.0,9.879819344860152e-07,0.0041519892401993275
v106_s0275,106,275,0,0,0,1.0,1.1954118690482574e-06,0.0030127286445349455
v106_s0276,106,276,0,0,0,1.0,1.1015713425877038e-06,0.003378321649506688
v106_s0277,106,277,0,0,0,1.0,9.156970008916687e-07,0.004200797062367201
v106_s0278,106,278,0,0,0,1.0,9.038064945343649e-07,0.004166016820818186
v106_s0279,106,279,0,0,0,1.0,7.265099384312634e-07,0.0040050228126347065
v106_s0280,106,280,0,0,0,1.0,7.471848562090599e-07,0.0022274155635386705
v106_s0281,106,281,0,0,0,1.0,9.323728136223508e-07,0.004143921192735434
v106_s0282,106,282,0,0,0,1.0,9.185226872432395e-07,0.004412366542965174
v106_s0283,106,283,0,0,0,1.0,1.3001424576941645e-06,0.007503998000174761
v106_s0284,106,284,0,0,0,1.0,1.5755028925923398e-06,0.006178787909448147
v106_s0285,106,285,0,0,0,1.0,1.3313681392901344e-06,0.0046766591258347034
v106_s0286,106,286,0,0,0,1.0,1.264943421119824e-06,0.008428935892879963
v106_s0287,106,287,0,0,0,1.0,1.656427684793016e-06,0.021040180698037148
v106_s0288,106,288,0,5,0,1.99999960000008e-07,7.615710637765005e-05,0.8757644891738892
v106_s0289,106,289,0,15,0,6.666666222222252e-08,0.0002262173657072708,0.9996449947357178
v106_s0290,106,290,0,0,0,1.0,1.1918286872969475e-06,0.0038558635860681534
v106_s0291,106,291,0,0,0,1.0,8.57696932143881e-07,0.002353338059037924
v106_s0292,106,292,0,0,0,1.0,5.335308514986536e-07,0.0005115679232403636
v106_s0293,106,293,0,0,0,1.0,4.545037199932267e-07,0.0002567651972640306
v106_s0294,106,294,0,0,0,1.0,4.029299702779099e-07,0.00013582973042503
v106_s0295,106,295,0,0,0,1.0,4.39927248407912e-07,0.0004682905855588615
v106_s0296,106,296,0,0,0,1.0,5.756107839260949e-07,0.0010335284750908613
v106_s0297,106,297,0,0,0,1.0,5.373110525397351e-07,0.0009356420487165451
v106_s0298,106,298,0,0,0,1.0,4.267920985512319e-07,0.00037412214442156255
v106_s0299,106,299,0,0,0,1.0,4.3788469383798656e-07,0.000619203899987042
v106_s0300,106,300,0,0,0,1.0,4.6175230750122864e-07,0.0013181775575503707
v106_s0301,106,301,0,0,0,1.0,4.864004949922673e-07,0.0003434584359638393
v106_s0302,106,302,0,0,0,1.0,6.724213221787068e-07,0.002148666186258197
v106_s0303,106,303,0,0,0,1.0,7.45282989100815e-07,0.00286143203265965
v106_s0304,106,304,0,0,0,1.0,4.601957073191443e-07,0.0010356372222304344
v106_s0305,106,305,0,0,0,1.0,4.3438626562419813e-07,0.00014826042752247304
v106_s0306,106,306,0,0,0,1.0,4.637948904928635e-07,0.0003021489828824997
v106_s0307,106,307,0,0,0,1.0,4.7008009573801246e-07,0.00042569037759676576
v106_s0308,106,308,0,0,0,1.0,4.3467403543218097e-07,0.000261547917034477
v106_s0309,106,309,0,0,0,1.0,4.97894120599085e-07,0.000340688246069476
v106_s0310,106,310,0,0,0,1.0,5.394536515268555e-07,0.0007241073180921376
v106_s0311,106,311,0,0,0,1.0,6.098149469835334e-07,0.0021544694900512695
v106_s0312,106,312,0,0,0,1.0,7.894007012509974e-07,0.00451581459492445
v106_s0313,106,313,0,0,0,1.0,9.069866564459517e-07,0.004829735495150089
v106_s0314,106,314,0,0,0,1.0,1.0255525921820663e-06,0.004082410596311092
v106_s0315,106,315,0,0,0,1.0,8.830722890706966e-07,0.005418240092694759
v106_s0316,106,316,0,0,0,1.0,5.409924597188365e-07,0.0010224106954410672
v106_s0317,106,317,0,0,0,1.0,7.026295634204871e-07,0.0047566513530910015
v106_s0318,106,318,0,0,0,1.0,7.68441509535478e-07,0.005498093087226152
v106_s0319,106,319,0,0,0,1.0,8.221392704399477e-07,0.004989872686564922
v106_s0320,106,320,0,0,0,1.0,9.597080179446493e-07,0.004325994290411472
v106_s0321,106,321,0,0,0,1.0,9.410715051672014e-07,0.004057359881699085
v106_s0322,106,322,0,0,0,1.0,9.866295158644789e-07,0.003882534336298704
v106_s0323,106,323,0,0,0,1.0,1.2392703183650156e-06,0.004199999384582043
v106_s0324,106,324,0,0,0,1.0,1.0837441095645772e-06,0.003967465367168188
v106_s0325,106,325,0,0,0,1.0,8.020143695830484e-07,0.005008268635720015
v106_s0326,106,326,0,0,0,1.0,7.854230261727935e-07,0.005257429555058479
v106_s0327,106,327,0,0,0,1.0,2.932351208073669e-06,0.04727852717041969
v106_s0328,106,328,0,0,0,1.0,6.84727410771302e-07,0.0042735980823636055
v106_s0329,106,329,0,0,0,1.0,7.848287282286037e-07,0.005837304051965475
v106_s0330,106,330,0,0,0,1.0,9.717871307657333e-07,0.0069016022607684135
v106_s0331,106,331,0,0,0,1.0,5.6692056205065455e-06,0.12237713485956192
v106_s0332,106,332,0,0,0,1.0,8.094963277471834e-07,0.0050500379875302315
v106_s0333,106,333,0,0,0,1.0,1.219204705193988e-06,0.012307978235185146
v106_s0334,106,334,0,0,0,1.0,7.041758181003388e-07,0.003966640215367079
v106_s0335,106,335,0,0,0,1.0,7.467067462130217e-06,0.20055967569351196
v106_s0336,106,336,0,0,0,1.0,1.7278245650231838e-05,0.3155441880226135
v106_s0337,106,337,0,0,0,1.0,5.749903721152805e-06,0.14906428754329681
v106_s0338,106,338,0,0,0,1.0,8.635933568257315e-07,0.005292961839586496
v106_s0339,106,339,0,0,0,1.0,7.591899588987872e-07,0.0036148896906524897
v106_s0340,106,340,0,0,0,1.0,7.63812067816616e-07,0.00481326412409544
v106_s0341,106,341,0,0,0,1.0,7.303086704268935e-07,0.006181973963975906
v106_s0342,106,342,0,0,0,1.0,7.219875897135353e-07,0.005260966718196869
v106_s0343,106,343,0,0,0,1.0,5.943397241026105e-07,0.004938697442412376
v106_s0344,106,344,0,0,0,1.0,6.975169526413083e-07,0.004346329718828201
v106_s0345,106,345,0,0,0,1.0,8.629007197669125e-07,0.004311775788664818
v106_s0346,106,346,0,0,0,1.0,8.872291914485686e-07,0.00639971112832427
v106_s0347,106,347,0,0,0,1.0,9.566120979798143e-07,0.006155205424875021
v106_s0348,106,348,0,0,0,1.0,9.185914677800611e-07,0.006897936575114727
v106_s0349,106,349,0,0,0,1.0,5.10899837991019e-07,0.0008301731431856751
v106_s0350,106,350,0,0,0,1.0,5.672825409419602e-07,0.0021742109674960375
v106_s0351,106,351,0,0,0,1.0,2.2130557226773817e-06,0.027648083865642548
v106_s0352,106,352,0,0,0,1.0,4.595620453073934e-07,0.00027884007431566715
v106_s0353,106,353,0,0,0,1.0,4.1409100504097296e-07,0.000480908143799752
v106_s0354,106,354,0,0,0,1.0,4.0569187831351883e-07,0.00032483230461366475
v106_s0355,106,355,0,0,0,1.0,4.952603376295883e-07,0.005112671758979559
v106_s0356,106,356,0,0,0,1.0,3.421594669816841e-07,0.0002715752925723791
v106_s0357,106,357,0,6,0,1.666666388888935e-07,7.465312228305265e-05,0.9697397947311401
v106_s0358,106,358,0,0,0,1.0,5.352522407520155e-07,0.0034145310055464506
v106_s0359,106,359,0,0,0,1.0,3.446888854341523e-07,0.00019078695913776755
v106_s0360,106,360,0,0,0,1.0,3.1821963375477935e-07,0.0003304121783003211
v106_s0361,106,361,0,0,0,1.0,8.647344316159433e-07,0.004921352490782738
v106_s0362,106,362,0,42,0,2.38095232426304e-08,0.0006385412998497486,0.9999473094940186
v106_s0363,106,363,0,43,0,2.3255813412655503e-08,0.0006824973388575017,0.99998939037323
v106_s0364,106,364,0,0,0,1.0,2.7522037271410227e-07,0.00011840224033221602
v106_s0365,106,365,0,0,0,1.0,3.30368919776447e-07,0.0004599927051458508
v106_s0366,106,366,0,0,0,1.0,8.100517334241886e-06,0.2615554928779602
v106_s0367,106,367,0,0,0,1.0,2.963503447972471e-06,0.11477460712194443
v106_s0368,106,368,0,0,0,1.0,6.4297237258870155e-06,0.2809758186340332
v106_s0369,106,369,0,0,0,1.0,2.6520197593526973e-07,0.000179253431269899
v106_s0370,106,370,0,0,0,1.0,3.251699354223092e-07,0.0005149992648512125
v106_s0371,106,371,0,0,0,1.0,4.5062472509016516e-07,0.0030119966249912977
v106_s0372,106,372,0,0,0,1.0,2.8847361477346567e-07,0.0004336463753134012
v106_s0373,106,373,0,0,0,1.0,2.9470163553924067e-07,0.00027668022084981203
v106_s0374,106,374,0,30,0,3.3333332222222255e-08,0.00045929811312817037,0.9951677322387695
v106_s0375,106,375,0,61,0,1.6393442354205864e-08,0.0009415640961378813,0.9999887943267822
v106_s0376,106,376,0,34,0,2.9411763840830475e-08,0.0005120517453178763,0.9999154806137085
v106_s0377,106,377,0,25,0,3.999999840000006e-08,0.0003809488262049854,0.9995631575584412
v106_s0378,106,378,0,51,0,1.9607842752787398e-08,0.0007834616117179394,0.9999921321868896
v106_s0379,106,379,0,24,0,4.166666493055563e-08,0.0003804404695983976,0.9967198967933655
v106_s0380,106,380,0,36,0,2.7777777006172862e-08,0.0005797303165309131,0.9996267557144165
v106_s0381,106,381,0,38,0,2.6315788781163454e-08,0.0005522690480574965,0.9998794794082642
v106_s0382,106,382,0,41,0,2.4390243307555043e-08,0.000644417479634285,0.9999911785125732
v106_s0383,106,383,0,13,0,7.692307100591761e-08,0.00020706112263724208,0.9861168265342712
v106_s0384,106,384,0,25,0,3.999999840000006e-08,0.00037549567059613764,0.9994378685951233
v106_s0385,106,385,0,50,0,1.9999999600000007e-08,0.0007881323690526187,0.9999990463256836
v106_s0386,106,386,0,63,0,1.5873015621063245e-08,0.0009506141068413854,0.9999973773956299
v106_s0387,106,387,0,19,0,5.263157617728546e-08,0.0002900331746786833,0.9989352822303772
v106_s0388,106,388,0,0,0,1.0,1.7288548406213522e-05,0.46807992458343506
v106_s0389,106,389,0,13,0,7.692307100591761e-08,0.0002069782349281013,0.9830941557884216
v106_s0390,106,390,0,31,0,3.225806347554634e-08,0.0004544728435575962,0.999427855014801
v106_s0391,106,391,0,0,0,1.0,5.576079615821072e-07,0.008056266233325005
v106_s0392,106,392,0,0,0,1.0,6.515019776998088e-07,0.001841571182012558
v106_s0393,106,393,0,46,0,2.173912996219283e-08,0.0006909845978952944,0.999983549118042
v106_s0394,106,394,0,18,0,5.555555246913597e-08,0.0002746828831732273,0.8591147065162659
v106_s0395,106,395,0,1,0,9.99999000001e-07,5.9999314544256777e-05,0.5696250200271606
v106_s0396,106,396,0,0,0,1.0,3.9648159599892097e-07,0.0007123828399926424
v106_s0397,106,397,0,0,0,1.0,3.0516866900143214e-07,0.0004478737246245146
v106_s0398,106,398,0,0,0,1.0,3.8112645484034147e-07,0.0006514634587801993
v106_s0399,106,399,0,0,0,1.0,3.8571931781916646e-07,0.0008789891726337373
v106_s0400,106,400,0,0,0,1.0,3.4795885994753917e-07,0.0011294741416350007
v106_s0401,106,401,0,0,0,1.0,7.220002089525224e-07,0.013325216248631477
v106_s0402,106,402,0,6,0,1.666666388888935e-07,0.0001056681212503463,0.9229419231414795
v106_s0403,106,403,0,0,0,1.0,2.3762553610140458e-05,0.34833380579948425
v106_s0404,106,404,0,0,0,1.0,5.744071586377686e-06,0.10442627966403961
v106_s0405,106,405,0,0,0,1.0,5.470446353683656e-07,0.0038431044667959213
v106_s0406,106,406,0,0,0,1.0,5.929197754994675e-07,0.0054732621647417545
v106_s0407,106,407,0,0,0,1.0,1.4466892253039987e-06,0.02639041841030121
v106_s0408,106,408,0,0,0,1.0,1.5608306966896635e-06,0.03791895508766174
v106_s0409,106,409,0,0,0,1.0,6.086776238589664e-07,0.0011771410936489701
v106_s0410,106,410,0,0,0,1.0,8.787402293819468e-06,0.39239853620529175
v106_s0411,106,411,0,0,0,1.0,5.022722689318471e-06,0.09200393408536911
v106_s0412,106,412,0,0,0,1.0,1.9949225134041626e-06,0.03516044467687607
v106_s0413,106,413,0,0,0,1.0,3.433418896747753e-06,0.06659718602895737
v106_s0414,106,414,0,0,0,1.0,1.0753658898465801e-05,0.20378948748111725
v106_s0415,106,415,0,3,0,3.3333322222225924e-07,5.5006068578222767e-05,0.67763352394104
v106_s0416,106,416,0,0,0,1.0,1.8093455764756072e-06,0.034455087035894394
v106_s0417,106,417,0,14,0,7.142856632653097e-08,0.00019918548059649765,0.9999719858169556
v106_s0418,106,418,0,15,0,6.666666222222252e-08,0.0002565158356446773,0.9999498128890991
v106_s0419,106,419,0,4,0,2.499999375000156e-07,9.305986168328673e-05,0.7082160711288452
v106_s0420,106,420,0,5,0,1.99999960000008e-07,9.153315477306023e-05,0.8229832053184509
v106_s0421,106,421,0,11,0,9.090908264462886e-08,0.0001712174416752532,0.9893440008163452
v106_s0422,106,422,0,51,0,1.9607842752787398e-08,0.0007871479610912502,0.9999996423721313
v106_s0423,106,423,0,47,0,2.1276595291987334e-08,0.0007418383611366153,0.9999998807907104
v106_s0424,106,424,0,35,0,2.8571427755102065e-08,0.0005706686642952263,0.9999998807907104
v106_s0425,106,425,0,29,0,3.4482757431629055e-08,0.000484454445540905,0.9999972581863403
v106_s0426,106,426,0,25,0,3.999999840000006e-08,0.0003734348574653268,0.9977235198020935
v106_s0427,106,427,0,40,0,2.4999999375000016e-08,0.0006021691369824111,0.9994496703147888
v106_s0428,106,428,0,24,0,4.166666493055563e-08,0.0003764019056688994,0.9999700784683228
v106_s0429,106,429,0,20,0,4.999999750000012e-08,0.0003333984350319952,0.9999781847000122
v106_s0430,106,430,0,11,0,9.090908264462886e-08,0.00017346440290566534,0.9952986836433411
v106_s0431,106,431,0,0,0,1.0,9.099925591726787e-06,0.13825038075447083
v106_s0432,106,432,0,4,0,2.499999375000156e-07,8.189437357941642e-05,0.9336743950843811
v106_s0433,106,433,0,35,0,2.8571427755102065e-08,0.0005211436073295772,0.9999998807907104
v106_s0434,106,434,0,42,0,2.38095232426304e-08,0.0006598841864615679,1.0
v106_s0435,106,435,0,28,0,3.571428443877555e-08,0.0004282915033400059,0.9999998807907104
v106_s0436,106,436,0,18,0,5.555555246913597e-08,0.00027146408683620393,0.9999980926513672
v106_s0437,106,437,0,22,0,4.5454543388429843e-08,0.0003577640454750508,0.9999995231628418
v106_s0438,106,438,0,14,0,7.142856632653097e-08,0.0002231397811556235,0.9999434947967529
v106_s0439,106,439,0,4,0,2.499999375000156e-07,7.4325806053821e-05,0.9531866908073425
v106_s0440,106,440,0,5,0,1.99999960000008e-07,7.735462713753805e-05,0.9971526861190796
v106_s0441,106,441,0,17,0,5.882352595155729e-08,0.00027802473050542176,0.9984275102615356
v106_s0442,106,442,0,7,0,1.428571224489825e-07,0.00012188706750748679,0.9976075887680054
v106_s0443,106,443,0,9,0,1.1111109876543348e-07,0.00013347149069886655,0.9997046589851379
v106_s0444,106,444,0,32,0,3.124999902343753e-08,0.00046748199383728206,0.9999967813491821
v106_s0445,106,445,0,15,0,6.666666222222252e-08,0.0002434882044326514,0.9994224309921265
v106_s0446,106,446,0,0,0,1.0,4.5975340867698833e-07,0.0034959171898663044
v106_s0447,106,447,0,0,0,1.0,5.650607590723666e-07,0.005658676847815514
v106_s0448,106,448,0,0,0,1.0,8.091613381111529e-06,0.13421174883842468
v106_s0449,106,449,0,0,0,1.0,5.854459459442296e-07,0.006928112357854843
v106_s0450,106,450,0,0,0,1.0,7.200030722742667e-07,0.009961578994989395
v106_s0451,106,451,0,0,0,1.0,2.47263926667074e-07,0.00020452369062695652
v106_s0452,106,452,0,2,0,4.99999750000125e-07,4.138611620874144e-05,0.707908034324646
v106_s0453,106,453,0,10,0,9.9999990000001e-08,0.00017613537784200162,0.9998692274093628
v106_s0454,106,454,0,10,0,9.9999990000001e-08,0.0001474497257731855,0.9956812858581543
v106_s0455,106,455,0,0,0,1.0,6.831730388512369e-06,0.10881516337394714
v106_s0456,106,456,0,2,0,4.99999750000125e-07,4.037352482555434e-05,0.8955797553062439
v106_s0457,106,457,0,1,0,9.99999000001e-07,3.015682341356296e-05,0.8108224272727966
v106_s0458,106,458,0,0,0,1.0,2.7488979412737535e-06,0.05389890819787979
v106_s0459,106,459,0,0,0,1.0,8.804577760201937e-07,0.01311405561864376
v106_s0460,106,460,0,0,0,1.0,6.241608616619487e-07,0.010381331667304039
v106_s0461,106,461,0,0,0,1.0,9.462435173190897e-07,0.004206000827252865
v106_s0462,106,462,0,0,0,1.0,4.1451369270362193e-07,0.0022228367161005735
v106_s0463,106,463,0,14,0,7.142856632653097e-08,0.0002211241953773424,0.9993242025375366
v106_s0464,106,464,0,3,0,3.3333322222225924e-07,4.836291918763891e-05,0.8006743788719177
v106_s0465,106,465,0,0,0,1.0,3.5872682246917975e-07,0.002579661086201668
v106_s0466,106,466,0,0,0,1.0,2.736391024882323e-07,0.001970977056771517
v106_s0467,106,467,0,0,0,1.0,2.055025447589287e-07,0.000498813227750361
v106_s0468,106,468,0,0,0,1.0,4.813450686924625e-07,0.0035610974300652742
v106_s0469,106,469,0,0,0,1.0,7.113520723578404e-07,0.021991189569234848
v106_s0470,106,470,0,0,0,1.0,1.743605253068381e-06,0.043077502399683
v106_s0471,106,471,0,0,0,1.0,3.5957796740149206e-07,0.0009649230632930994
v106_s0472,106,472,0,0,0,1.0,1.5956478819134645e-05,0.4614000916481018
v106_s0473,106,473,0,12,0,8.333332638888946e-08,0.00018698308849707246,0.9980477094650269
v106_s0474,106,474,0,12,0,8.333332638888946e-08,0.00016581844829488546,0.998503565788269
v106_s0475,106,475,0,20,0,4.999999750000012e-08,0.0002968084590975195,0.9999616146087646
v106_s0476,106,476,0,10,0,9.9999990000001e-08,0.00014620996080338955,0.9974314570426941
v106_s0477,106,477,0,19,0,5.263157617728546e-08,0.0002905028813984245,0.9986239671707153
v106_s0478,106,478,0,12,0,8.333332638888946e-08,0.00020951477927155793,0.9999924898147583
v106_s0479,106,479,0,23,0,4.347825897920613e-08,0.0003405351599212736,0.9998334646224976
v106_s0480,106,480,0,2,0,4.99999750000125e-07,3.434897371334955e-05,0.8875905871391296
v106_s0481,106,481,0,0,0,1.0,2.918133077400853e-06,0.09117764234542847
v106_s0482,106,482,0,0,0,1.0,1.366450305795297e-05,0.3281817138195038
v106_s0483,106,483,0,0,0,1.0,1.637393779674312e-06,0.0335930660367012
v106_s0484,106,484,0,0,0,1.0,2.797033630486112e-06,0.0628134161233902
v106_s0485,106,485,0,0,0,1.0,7.408056035274058e-07,0.006245581433176994
v106_s0486,106,486,0,0,0,1.0,5.394282425186248e-07,0.004296775907278061
v106_s0487,106,487,0,0,0,1.0,7.520371809732751e-07,0.0029555594082921743
v106_s0488,106,488,0,0,0,1.0,1.139276173489634e-05,0.2911401093006134
v106_s0489,106,489,0,6,0,1.666666388888935e-07,0.00010298672714270651,0.9906024932861328
v106_s0490,106,490,0,10,0,9.9999990000001e-08,0.00016246450832113624,0.9998682737350464
v106_s0491,106,491,0,11,0,9.090908264462886e-08,0.00014759083569515496,0.9852913618087769
v106_s0492,106,492,0,5,0,1.99999960000008e-07,9.887324995361269e-05,0.9015185832977295
v106_s0493,106,493,0,0,0,1.0,3.096710133831948e-05,0.3021901249885559
v106_s0494,106,494,0,0,0,1.0,2.313761569894268e-06,0.018758218735456467
v106_s0495,106,495,0,0,0,1.0,1.1629560958681395e-06,0.014644170179963112
v106_s0496,106,496,0,0,0,1.0,1.0293468903910252e-06,0.010122113861143589
v106_s0497,106,497,0,0,0,1.0,1.7350312191410922e-06,0.014351201243698597
v106_s0498,106,498,0,1,0,9.99999000001e-07,2.5995806936407462e-05,0.6050967574119568
v106_s0499,106,499,0,1,0,9.99999000001e-07,1.727645576465875e-05,0.6304084062576294
v106_s0500,106,500,0,2,0,4.99999750000125e-07,2.537255932111293e-05,0.71895432472229
v106_s0501,106,501,0,0,0,1.0,1.5507555417570984e-06,0.013248192146420479
v106_s0502,106,502,0,0,0,1.0,8.156856665664236e-07,0.002743910066783428
v106_s0503,106,503,0,0,0,1.0,1.391506793879671e-05,0.37353038787841797
v106_s0504,106,504,0,0,0,1.0,1.7107720850617625e-05,0.3914046585559845
v106_s0505,106,505,0,1,0,9.99999000001e-07,3.627762998803519e-05,0.5535421967506409
v106_s0506,106,506,0,13,0,7.692307100591761e-08,0.00018599574104882777,0.9981313347816467
v106_s0507,106,507,0,11,0,9.090908264462886e-08,0.0001662714348640293,0.9986333250999451
v106_s0508,106,508,0,5,0,1.99999960000008e-07,8.789872663328424e-05,0.9929470419883728
v106_s0509,106,509,0,0,0,1.0,6.537759873026516e-06,0.13834363222122192
v106_s0510,106,510,0,0,0,1.0,1.1435723763497663e-06,0.004169521853327751
v106_s0511,106,511,0,0,0,1.0,2.5018753149197437e-06,0.016788890585303307
v106_s0512,106,512,0,8,0,1.2499998437500196e-07,0.0001478208287153393,0.9997567534446716
v106_s0513,106,513,0,27,0,3.703703566529497e-08,0.0004066336841788143,0.9999996423721313
v106_s0514,106,514,0,21,0,4.761904535147403e-08,0.00034026644425466657,0.9999521970748901
v106_s0515,106,515,0,7,0,1.428571224489825e-07,0.00011490894394228235,0.9997846484184265
v106_s0516,106,516,0,0,0,1.0,8.660359526402317e-06,0.16345112025737762
v106_s0517,106,517,0,0,0,1.0,8.641685781185515e-06,0.14480961859226227
v106_s0518,106,518,0,0,0,1.0,5.66935659662704e-06,0.10748451203107834
v106_s0519,106,519,0,0,0,1.0,7.344970526901307e-06,0.07001854479312897
v106_s0520,106,520,0,0,0,1.0,2.2388489014701918e-05,0.43498295545578003
v106_s0521,106,521,0,2,0,4.99999750000125e-07,3.740193278645165e-05,0.6229075193405151
v106_s0522,106,522,0,16,0,6.249999609375024e-08,0.0002661998732946813,0.999962329864502
v106_s0523,106,523,0,34,0,2.9411763840830475e-08,0.0005305507220327854,0.9999979734420776
v106_s0524,106,524,0,42,0,2.38095232426304e-08,0.0006617001490667462,0.9999978542327881
v106_s0525,106,525,0,42,0,2.38095232426304e-08,0.000615290307905525,0.9999983310699463
v106_s0526,106,526,0,28,0,3.571428443877555e-08,0.00047084654215723276,0.9999798536300659
v106_s0527,106,527,0,28,0,3.571428443877555e-08,0.000444045610493049,0.9999947547912598
v106_s0528,106,528,0,11,0,9.090908264462886e-08,0.0001819300523493439,0.9993988275527954
v106_s0529,106,529,0,0,0,1.0,5.196487109060399e-06,0.1212221160531044
v106_s0530,106,530,0,2,0,4.99999750000125e-07,4.555402847472578e-05,0.688156247138977
v106_s0531,106,531,0,7,0,1.428571224489825e-07,0.0001627072924748063,0.9096351265907288
v106_s0532,106,532,0,0,0,1.0,6.730172117386246e-07,0.0032932283356785774
v106_s0533,106,533,0,0,0,1.0,5.54751011350163e-07,0.004293135832995176
v106_s0534,106,534,0,0,0,1.0,4.86206658933952e-07,0.0009677366469986737
v106_s0535,106,535,0,0,0,1.0,3.844503680738853e-06,0.09341421723365784
v106_s0536,106,536,0,0,0,1.0,3.13237683258194e-06,0.09536804258823395
v106_s0537,106,537,0,0,0,1.0,3.88240437132481e-07,0.0011340912897139788
v106_s0538,106,538,0,0,0,1.0,3.7892675663897535e-07,0.0010034498991444707
v106_s0539,106,539,0,0,0,1.0,3.277892517417058e-07,0.0002158322895411402
v106_s0540,106,540,0,0,0,1.0,3.561771109161782e-07,0.0003402982256375253
v106_s0541,106,541,0,0,0,1.0,3.5261479069959023e-07,0.0004741832963190973
v106_s0542,106,542,0,0,0,1.0,2.7610263941824087e-07,0.0001555897615617141
v106_s0543,106,543,0,0,0,1.0,2.945744199678302e-07,0.0002912889467552304
v106_s0544,106,544,0,0,0,1.0,3.415600815515063e-07,0.0009437842527404428
v106_s0545,106,545,0,0,0,1.0,3.5416968557910877e-07,0.0007023403886705637
v106_s0546,106,546,0,0,0,1.0,2.8596011247827846e-07,0.00038585386937484145
v106_s0547,106,547,0,0,0,1.0,3.4033777751574235e-07,0.0006654314929619431
v106_s0548,106,548,0,0,0,1.0,3.212354329207301e-07,0.0012477462878450751
v106_s0549,106,549,0,0,0,1.0,2.8373918325996783e-07,0.000185015334864147
v106_s0550,106,550,0,0,0,1.0,2.6032608957393677e-07,0.0002531983482185751
v106_s0551,106,551,0,0,0,1.0,2.741796834015986e-07,0.0002020803076447919
v106_s0552,106,552,0,0,0,1.0,2.765073645605298e-07,0.00015347398584708571
v106_s0553,106,553,0,0,0,1.0,2.7370009547666996e-07,0.00021151092369109392
v106_s0554,106,554,0,0,0,1.0,3.472566731943516e-07,0.0004570531309582293
v106_s0555,106,555,0,0,0,1.0,3.571020101844624e-07,0.0005268073873594403
v106_s0556,106,556,0,0,0,1.0,3.0654115334982635e-07,0.00015729731239844114
v106_s0557,106,557,0,0,0,1.0,2.6813933118319255e-07,0.00016865177894942462
v106_s0558,106,558,0,0,0,1.0,2.9705302040383685e-07,0.00039186523645184934
v106_s0559,106,559,0,0,0,1.0,2.637460170262784e-07,0.0001657962566241622
v106_s0560,106,560,0,0,0,1.0,2.7673979730025167e-07,0.0001425745285814628
v106_s0561,106,561,0,0,0,1.0,3.1648801268602256e-07,0.00031205927371047437
v106_s0562,106,562,0,0,0,1.0,2.614659138089337e-07,0.0002179228758905083
v106_s0563,106,563,0,0,0,1.0,3.155906540541764e-07,0.0004731470544356853
v106_s0564,106,564,0,0,0,1.0,3.8401040569624456e-07,0.0005548446788452566
v106_s0565,106,565,0,0,0,1.0,3.9109468730202934e-07,0.0006934491102583706
v106_s0566,106,566,0,0,0,1.0,3.0279119300757884e-07,0.0004185825237073004
v106_s0567,106,567,0,0,0,1.0,2.7927251267101383e-07,0.0002725407248362899
v106_s0568,106,568,0,0,0,1.0,2.515772052902321e-07,0.00014684026245959103
v106_s0569,106,569,0,0,0,1.0,2.6250404516758863e-07,9.436366963200271e-05
v106_s0570,106,570,0,0,0,1.0,3.7292011256795377e-07,0.0004981383099220693
v106_s0571,106,571,0,0,0,1.0,4.458923399397463e-07,0.0011162656592205167
v106_s0572,106,572,0,0,0,1.0,3.023810393187887e-07,0.000303616194287315
v106_s0573,106,573,0,0,0,1.0,2.756969479378313e-07,0.0001719001738820225
v106_s0574,106,574,0,0,0,1.0,3.0806037898400973e-07,0.00020692635735031217
v106_s0575,106,575,0,0,0,1.0,3.649263931038149e-07,0.00046003921306692064
v106_s0576,106,576,0,0,0,1.0,2.714120341806847e-07,0.0001582548866281286
v106_s0577,106,577,0,0,0,1.0,2.644268306539743e-07,0.00012320798123255372
v106_s0578,106,578,0,0,0,1.0,2.661387270563864e-07,9.371131454827264e-05
v106_s0579,106,579,0,0,0,1.0,3.188665687048342e-07,0.00034869779483415186
v106_s0580,106,580,0,0,0,1.0,3.3463248882981134e-07,0.00028617773205041885
v106_s0581,106,581,0,0,0,1.0,3.3206657690243446e-07,0.0002665439387783408
v106_s0582,106,582,0,0,0,1.0,3.298974888821249e-07,0.00035912622115574777
v106_s0583,106,583,0,0,0,1.0,3.364328620136803e-07,0.0003611048450693488
v106_s0584,106,584,0,0,0,1.0,3.1193027894005354e-07,0.0002260225883219391
v106_s0585,106,585,0,0,0,1.0,2.948353312604013e-07,0.0003998659085482359
v106_s0586,106,586,0,0,0,1.0,2.982494322623097e-07,0.0006986011285334826
v106_s0587,106,587,0,0,0,1.0,3.439829754370294e-07,0.0009833406656980515
v106_s0588,106,588,0,0,0,1.0,8.75659566190734e-07,0.015668414533138275
v106_s0589,106,589,0,0,0,1.0,1.92777838492475e-06,0.04452935978770256
v106_s0590,106,590,0,0,0,1.0,6.831245173088973e-06,0.2112724483013153
v106_s0591,106,591,0,0,0,1.0,2.347216195630608e-06,0.061381228268146515
v106_s0592,106,592,0,0,0,1.0,3.526765510741825e-07,0.0012585727963596582
v106_s0593,106,593,0,0,0,1.0,2.6928267971015885e-07,0.0003525417414493859
v106_s0594,106,594,0,0,0,1.0,2.0362608665891457e-07,8.382839587284252e-05
v106_s0595,106,595,0,0,0,1.0,2.163684911238306e-07,0.0002522891736589372
v106_s0596,106,596,0,0,0,1.0,3.6547993431668147e-07,0.0005547362961806357
v106_s0597,106,597,0,0,0,1.0,3.095894953730749e-07,0.00023198328563012183
v106_s0598,106,598,0,0,0,1.0,4.3748264033638407e-07,0.0006702377577312291
v106_s0599,106,599,0,0,0,1.0,1.109531467591296e-06,0.004007781855762005
v106_s0600,106,600,0,0,0,1.0,6.371373615365883e-07,0.0017475720960646868
v106_s0601,106,601,0,0,0,1.0,1.3648746062244754e-06,0.007451849058270454
v106_s0602,106,602,0,0,0,1.0,8.239646831498249e-07,0.002071946393698454
v106_s0603,106,603,0,0,0,1.0,3.797539136485284e-07,0.0006318652303889394
v106_s0604,106,604,0,0,0,1.0,3.100686853940715e-07,0.0005921307019889355
v106_s0605,106,605,0,0,0,1.0,3.3006168109750433e-07,0.0003140305052511394
v106_s0606,106,606,0,0,0,1.0,2.8424818765415694e-07,0.0001826972875278443
v106_s0607,106,607,0,0,0,1.0,1.7734683979142574e-06,0.01351629476994276
v106_s0608,106,608,0,0,0,1.0,2.6316982371099584e-07,0.00020519737154245377
v106_s0609,106,609,0,0,0,1.0,3.6295932659413666e-07,0.00042027965537272394
v106_s0610,106,610,0,0,0,1.0,3.8428345305874245e-07,0.0020282526966184378
v106_s0611,106,611,0,0,0,1.0,2.615391849758453e-07,0.0003334802750032395
v106_s0612,106,612,0,0,0,1.0,4.4078853989049094e-07,0.0011526094749569893
v106_s0613,106,613,0,0,0,1.0,5.687561497325078e-07,0.002604154869914055
v106_s0614,106,614,0,0,0,1.0,3.5109883356199134e-07,0.0003879288851749152
v106_s0615,106,615,0,0,0,1.0,3.8470795971079497e-07,0.00028469267999753356
v106_s0616,106,616,0,0,0,1.0,4.05158061766997e-07,0.00031376475817523897
v106_s0617,106,617,0,0,0,1.0,3.5874703030458477e-07,0.00026127599994651973
v106_s0618,106,618,0,0,0,1.0,3.5421498978394084e-07,0.00037443151813931763
v106_s0619,106,619,0,0,0,1.0,2.816876474298624e-07,0.00018223623919766396
v106_s0620,106,620,0,0,0,1.0,3.1828420787860523e-07,0.0002035752113442868
v106_s0621,106,621,0,0,0,1.0,3.6451314144869684e-07,0.00015898238052614033
v106_s0622,106,622,0,0,0,1.0,3.610486203342589e-07,0.00027163277263753116
v106_s0623,106,623,0,0,0,1.0,4.183867190477031e-07,0.0002205205528298393
v106_s0624,106,624,0,0,0,1.0,4.3575454355959664e-07,0.00029431862640194595
v106_s0625,106,625,0,0,0,1.0,3.7776703720737714e-07,0.0011703501222655177
v106_s0626,106,626,0,0,0,1.0,3.9532272921860567e-07,0.0009711697930470109
v106_s0627,106,627,0,0,0,1.0,3.945069693145342e-07,0.0008899311069399118
v106_s0628,106,628,0,0,0,1.0,6.810281547586783e-07,0.004317404702305794
v106_s0629,106,629,0,0,0,1.0,5.48424395674374e-07,0.0031578345224261284
v106_s0630,106,630,0,0,0,1.0,4.1834724129330425e-07,0.00036378821823745966
v106_s0631,106,631,0,0,0,1.0,4.061039078351314e-07,0.0011177309788763523
v106_s0632,106,632,0,0,0,1.0,3.658258549421589e-07,0.000731909938622266
v106_s0633,106,633,0,0,0,1.0,5.623862762149656e-07,0.002021346939727664
v106_s0634,106,634,0,0,0,1.0,3.704293476403109e-07,0.0007340952288359404
v106_s0635,106,635,0,0,0,1.0,5.394476829678752e-07,0.0011002649553120136
v106_s0636,106,636,0,0,0,1.0,5.788892849523108e-07,0.0008883190457709134
v106_s0637,106,637,0,0,0,1.0,4.3524329385036253e-07,0.0007505631656385958
v106_s0638,106,638,0,0,0,1.0,3.0639131409770926e-07,0.00018799593090079725
v106_s0639,106,639,0,0,0,1.0,3.002173798449803e-07,0.000283559289528057
v106_s0640,106,640,0,0,0,1.0,2.8820420538977487e-07,0.00010797200229717419
v106_s0641,106,641,0,0,0,1.0,3.75560205156944e-07,0.00015532456745859236
v106_s0642,106,642,0,0,0,1.0,3.3674018595775124e-07,0.00016503474034834653
v106_s0643,106,643,0,0,0,1.0,3.2766291724328767e-07,0.0002401835226919502
v106_s0644,106,644,0,0,0,1.0,3.645781703198736e-07,0.0007413391722366214
v106_s0645,106,645,0,0,0,1.0,3.6266129654904944e-07,0.00021260131325107068
v106_s0646,106,646,0,0,0,1.0,4.6963521072029835e-07,0.0006167328683659434
v106_s0647,106,647,0,0,0,1.0,3.798352565809182e-07,0.00035705656046047807
v106_s0648,106,648,0,0,0,1.0,3.301680067124835e-07,0.000186576260603033
v106_s0649,106,649,0,0,0,1.0,3.7354996607064095e-07,0.00018884119344875216
v106_s0650,106,650,0,0,0,1.0,3.4872397236540564e-07,0.0001790523820091039
v106_s0651,106,651,0,0,0,1.0,3.259071092998056e-07,0.00015161914052441716
v106_s0652,106,652,0,0,0,1.0,3.9824180930736475e-07,0.0007369419909082353
v106_s0653,106,653,0,0,0,1.0,5.242503675617627e-07,0.0029788026586174965
v106_s0654,106,654,0,0,0,1.0,9.565875416228664e-07,0.009424107149243355
v106_s0655,106,655,0,13,0,7.692307100591761e-08,0.00018862125580199063,0.9926263689994812
v106_s0656,106,656,0,0,0,1.0,2.3430939108948223e-06,0.03663821518421173
v106_s0657,106,657,0,0,0,1.0,3.7256148743836093e-07,0.0014879800146445632
v106_s0658,106,658,0,0,0,1.0,2.6772354999593517e-07,0.0001611106126802042
v106_s0659,106,659,0,0,0,1.0,5.04316346905398e-07,0.0021993238478899
v106_s0660,106,660,0,0,0,1.0,3.587974219954049e-07,0.0006832535727880895
v106_s0661,106,661,0,0,0,1.0,2.0975635379727464e-06,0.0348464734852314
v106_s0662,106,662,0,8,0,1.2499998437500196e-07,0.0001276424154639244,0.9637975096702576
v106_s0663,106,663,0,0,0,1.0,6.424169441743288e-06,0.09339544177055359
v106_s0664,106,664,0,3,0,3.3333322222225924e-07,5.815341864945367e-05,0.659168541431427
v106_s0665,106,665,0,10,0,9.9999990000001e-08,0.00015451213403139263,0.9267042279243469
v106_s0666,106,666,0,0,0,1.0,5.957150506219477e-07,0.001534588634967804
v106_s0667,106,667,0,15,0,6.666666222222252e-08,0.00024631255655549467,0.982428252696991
v106_s0668,106,668,0,0,0,1.0,1.672253233664378e-06,0.01646588183939457
v106_s0669,106,669,0,0,0,1.0,3.2816069506225176e-07,0.00027064065216109157
v106_s0670,106,670,0,0,0,1.0,3.7485608572751516e-07,0.00046472687972709537
v106_s0671,106,671,0,0,0,1.0,5.997165430926543e-07,0.0013463629875332117
v106_s0672,106,672,0,0,0,1.0,9.758402939041844e-07,0.002850851509720087
v106_s0673,106,673,0,0,0,1.0,2.3863492515374674e-06,0.03444766253232956
v106_s0674,106,674,0,0,0,1.0,3.356280558364233e-06,0.056660354137420654
v106_s0675,106,675,0,0,0,1.0,1.0264284355798736e-06,0.00827360525727272
v106_s0676,106,676,0,0,0,1.0,9.306255606134073e-07,0.003140691202133894
v106_s0677,106,677,0,0,0,1.0,7.232968073367374e-07,0.0033123798202723265
v106_s0678,106,678,0,0,0,1.0,8.482019779876282e-07,0.005520914681255817
v106_s0679,106,679,0,0,0,1.0,9.121907851294964e-07,0.0035846002865582705
v106_s0680,106,680,0,0,0,1.0,1.0467214224263444e-06,0.0035291840322315693
v106_s0681,106,681,0,0,0,1.0,9.867731023405213e-07,0.0020732413977384567
v106_s0682,106,682,0,0,0,1.0,1.6479436453664675e-05,0.18020480871200562
v106_s0683,106,683,0,0,0,1.0,1.318795511906501e-06,0.010370730422437191
v106_s0684,106,684,0,0,0,1.0,2.694093382160645e-06,0.03134622052311897
v106_s0685,106,685,0,0,0,1.0,6.849827059340896e-06,0.12165018916130066
v106_s0686,106,686,0,0,0,1.0,1.1988067853963003e-05,0.20854876935482025
v106_s0687,106,687,0,0,0,1.0,4.347850335761905e-06,0.10540654510259628
v106_s0688,106,688,0,0,0,1.0,3.305234486106201e-06,0.07129853963851929
v106_s0689,106,689,0,0,0,1.0,1.6804704046080587e-06,0.013067069463431835
v106_s0690,106,690,0,0,0,1.0,1.614005782357708e-06,0.017249461263418198
v106_s0691,106,691,0,0,0,1.0,1.5161720057221828e-06,0.021308276802301407
v106_s0692,106,692,0,0,0,1.0,1.5123578123166226e-06,0.010569022968411446
v106_s0693,106,693,0,0,0,1.0,1.7755980934452964e-06,0.012008006684482098
v106_s0694,106,694,0,0,0,1.0,1.9588828763517085e-06,0.04069758579134941
v106_s0695,106,695,0,0,0,1.0,8.656315912958235e-07,0.006105676759034395
v106_s0696,106,696,0,0,0,1.0,1.039115886669606e-06,0.004635340068489313
v106_s0697,106,697,0,0,0,1.0,9.982551318898913e-07,0.003033270826563239
v106_s0698,106,698,0,0,0,1.0,2.3627958398719784e-06,0.029548905789852142
v106_s0699,106,699,0,0,0,1.0,1.2486054856708506e-06,0.008460397832095623
v106_s0700,106,700,0,0,0,1.0,1.5587418147333665e-06,0.013260448351502419
v106_s0701,106,701,0,0,0,1.0,2.304027020727517e-06,0.03051324561238289
v106_s0702,106,702,0,0,0,1.0,1.6846972812345484e-06,0.014162050560116768
v106_s0703,106,703,0,0,0,1.0,1.0590215424599592e-06,0.002023297594860196
v106_s0704,106,704,0,0,0,1.0,1.6715871424821671e-06,0.008614598773419857
v106_s0705,106,705,0,0,0,1.0,1.6831065750011476e-06,0.0032840410713106394
v106_s0706,106,706,0,0,0,1.0,3.622930762503529e-06,0.01547866128385067
v106_s0707,106,707,0,0,0,1.0,3.1087211027625017e-06,0.012350889854133129
v106_s0708,106,708,0,0,0,1.0,2.2198860278876964e-06,0.004007590003311634
v106_s0709,106,709,0,0,0,1.0,1.912160996653256e-06,0.002248575445264578
v106_s0710,106,710,0,0,0,1.0,2.0276117993489606e-06,0.004409916698932648
v106_s0711,106,711,0,0,0,1.0,2.436699105601292e-06,0.009885412640869617
v106_s0712,106,712,0,0,0,1.0,1.8566097423899919e-06,0.011427120305597782
v106_s0713,106,713,0,0,0,1.0,1.0347673651267542e-06,0.0011954506626352668
v106_s0714,106,714,0,0,0,1.0,1.1264610293437727e-06,0.001054870430380106
v106_s0715,106,715,0,0,0,1.0,1.2495685268731904e-06,0.0016766852932050824
v106_s0716,106,716,0,0,0,1.0,1.233933403455012e-06,0.004281524568796158
v106_s0717,106,717,0,0,0,1.0,1.0221426691714441e-06,0.0020474488846957684
v106_s0718,106,718,0,0,0,1.0,1.2158478739365819e-06,0.004783318843692541
v106_s0719,106,719,0,0,0,1.0,1.4004328932060162e-06,0.0028018036391586065
v106_s0720,106,720,0,0,0,1.0,2.0092743397981394e-06,0.004749331157654524
v106_s0721,106,721,0,0,0,1.0,2.516152562748175e-05,0.21984964609146118
v106_s0722,106,722,0,0,0,1.0,1.4257752809498925e-06,0.003347932593896985
v106_s0723,106,723,0,0,0,1.0,8.852097153067007e-07,0.0016091649886220694
v106_s0724,106,724,0,0,0,1.0,1.667533979343716e-06,0.0034011041279882193
v106_s0725,106,725,0,0,0,1.0,1.8294961137144128e-06,0.0034316072706133127
v106_s0726,106,726,0,0,0,1.0,2.3614579731656704e-06,0.0031898680608719587
v106_s0727,106,727,0,0,0,1.0,2.644745791258174e-06,0.009282960556447506
v106_s0728,106,728,0,0,0,1.0,2.7041760404244997e-06,0.01082914974540472
v106_s0729,106,729,0,0,0,1.0,2.0798006516997702e-06,0.003305884776636958
v106_s0730,106,730,0,0,0,1.0,1.915846723932191e-06,0.0021744021214544773
v106_s0731,106,731,0,0,0,1.0,2.00684826268116e-06,0.009066271595656872
v106_s0732,106,732,0,0,0,1.0,2.905920837292797e-06,0.017562109977006912
v106_s0733,106,733,0,0,0,1.0,3.1680915526521858e-06,0.01677083596587181
v106_s0734,106,734,0,0,0,1.0,2.77849812846398e-06,0.012846206314861774
v106_s0735,106,735,0,0,0,1.0,1.737144657454337e-06,0.005615918431431055
v106_s0736,106,736,0,0,0,1.0,4.105702373635722e-06,0.022874008864164352
v106_s0737,106,737,0,0,0,1.0,5.316941042110557e-06,0.029179958626627922
v106_s0738,106,738,0,0,0,1.0,2.387737140452373e-06,0.00719407107681036
v106_s0739,106,739,0,0,0,1.0,3.2622174330754206e-06,0.014026379212737083
v106_s0740,106,740,0,0,0,1.0,2.359670588703011e-06,0.007762922905385494
v106_s0741,106,741,0,0,0,1.0,2.9951004307804396e-06,0.02301821857690811
v106_s0742,106,742,0,0,0,1.0,9.151104904958629e-07,0.0013889623805880547
v106_s0743,106,743,0,0,0,1.0,1.822616468416527e-06,0.022532004863023758
v106_s0744,106,744,0,0,0,1.0,2.0533320821414236e-06,0.025968218222260475
v106_s0745,106,745,0,0,0,1.0,1.1272413757978939e-06,0.0022925350349396467
v106_s0746,106,746,0,0,0,1.0,1.0028463748312788e-06,0.0020209115464240313
v106_s0747,106,747,0,0,0,1.0,1.2661751043197e-06,0.0022296293172985315
v106_s0748,106,748,0,0,0,1.0,1.3335795756574953e-06,0.00447043776512146
v106_s0749,106,749,0,0,0,1.0,1.2972959666512907e-06,0.004225333221256733
v106_s0750,106,750,0,0,0,1.0,1.1507588624226628e-06,0.0023477203212678432
v106_s0751,106,751,0,0,0,1.0,1.2244656772963936e-06,0.0012883462477475405
v106_s0752,106,752,0,0,0,1.0,1.3786559520667652e-06,0.0039110565558075905
v106_s0753,106,753,0,0,0,1.0,1.7392681002093013e-06,0.002295891521498561
v106_s0754,106,754,0,0,0,1.0,2.4893588488339446e-06,0.005080798640847206
v106_s0755,106,755,0,0,0,1.0,3.6375265608512564e-06,0.007257687859237194
v106_s0756,106,756,0,0,0,1.0,1.596463789610425e-06,0.0025459029711782932
v106_s0757,106,757,0,0,0,1.0,1.2672198863583617e-06,0.0018551957327872515
v106_s0758,106,758,0,0,0,1.0,1.283213237002201e-06,0.0014863846590742469
v106_s0759,106,759,0,0,0,1.0,2.031210669883876e-06,0.0035338406451046467
v106_s0760,106,760,0,1,0,9.99999000001e-07,2.0387693439261056e-05,0.5631268620491028
v106_s0761,106,761,0,0,0,1.0,2.9219418138382025e-06,0.01224630419164896
v106_s0762,106,762,0,0,0,1.0,1.7598035810806323e-06,0.0016462691128253937
v106_s0763,106,763,0,0,0,1.0,2.288554242113605e-06,0.0026845692191272974
v106_s0764,106,764,0,0,0,1.0,2.303963356098393e-06,0.005097087472677231
v106_s0765,106,765,0,0,0,1.0,2.253083039249759e-06,0.004876317456364632
v106_s0766,106,766,0,0,0,1.0,1.487054760218598e-06,0.001620631548576057
v106_s0767,106,767,0,0,0,1.0,1.5293576325348113e-06,0.0020707035437226295
v106_s0768,106,768,0,0,0,1.0,2.379378656769404e-06,0.013342405669391155
v106_s0769,106,769,0,0,0,1.0,1.582134473210317e-06,0.005965427495539188
v106_s0770,106,770,0,0,0,1.0,6.993947408773238e-06,0.06840869784355164
v107_s0000,107,0,0,0,0,1.0,3.7928184610791504e-06,0.034245144575834274
v107_s0001,107,1,0,0,0,1.0,4.444006208359497e-06,0.022885141894221306
v107_s0002,107,2,0,0,0,1.0,5.013900590711273e-06,0.041818395256996155
v107_s0003,107,3,0,0,0,1.0,1.334272724307084e-06,0.006564049981534481
v107_s0004,107,4,0,0,0,1.0,2.938667648777482e-06,0.023999499157071114
v107_s0005,107,5,0,0,0,1.0,1.338804963779694e-06,0.007286075968295336
v107_s0006,107,6,0,0,0,1.0,1.2294352700337186e-06,0.0032622229773551226
v107_s0007,107,7,0,0,0,1.0,1.1027979098798824e-06,0.0022769970819354057
v107_s0008,107,8,0,0,0,1.0,1.3038996939940262e-06,0.01214147824794054
v107_s0009,107,9,0,0,0,1.0,3.21247762258281e-06,0.07218562066555023
v107_s0010,107,10,0,0,0,1.0,1.7523933593110996e-06,0.009092113934457302
v107_s0011,107,11,0,0,0,1.0,1.6571478909099824e-06,0.0050300173461437225
v107_s0012,107,12,0,0,0,1.0,1.39518442665576e-06,0.005727129057049751
v107_s0013,107,13,0,0,0,1.0,1.1454856121417833e-06,0.00242860009893775
v107_s0014,107,14,0,4,0,2.499999375000156e-07,6.850488716736436e-05,0.8414058089256287
v107_s0015,107,15,0,0,0,1.0,2.6410218652017647e-06,0.018951520323753357
v107_s0016,107,16,0,0,0,1.0,7.252966042869957e-06,0.13063602149486542
v107_s0017,107,17,0,0,0,1.0,1.5476524595214869e-06,0.004969966597855091
v107_s0018,107,18,0,0,0,1.0,2.1049213501100894e-06,0.009829632937908173
v107_s0019,107,19,0,0,0,1.0,1.5091563909663819e-06,0.003979815635830164
v107_s0020,107,20,0,0,0,1.0,4.75440265290672e-06,0.04934508726000786
v107_s0021,107,21,0,0,0,1.0,2.831457777574542e-06,0.025801831856369972
v107_s0022,107,22,0,0,0,1.0,5.928491646045586e-06,0.09484949707984924
v107_s0023,107,23,0,0,0,1.0,1.995020738831954e-06,0.011586292646825314
v107_s0024,107,24,0,0,0,1.0,2.8523204491648357e-06,0.027736539021134377
v107_s0025,107,25,0,0,0,1.0,1.5221237390505848e-06,0.002761972602456808
v107_s0026,107,26,0,0,0,1.0,1.5745209793749382e-06,0.005117760039865971
v107_s0027,107,27,0,0,0,1.0,1.3569994052886614e-06,0.004533464089035988
v107_s0028,107,28,0,0,0,1.0,8.72003340646188e-07,0.0012403415748849511
v107_s0029,107,29,0,0,0,1.0,8.886170803634741e-07,0.0010957848280668259
v107_s0030,107,30,0,0,0,1.0,1.0073698604173842e-06,0.0014670387608930469
v107_s0031,107,31,0,0,0,1.0,9.252144081983715e-07,0.002464535180479288
v107_s0032,107,32,0,0,0,1.0,8.699903446540702e-07,0.0030094031244516373
v107_s0033,107,33,0,0,0,1.0,6.552884883603838e-07,0.0012244927929714322
v107_s0034,107,34,0,0,0,1.0,6.798474601055204e-07,0.0008832187741063535
v107_s0035,107,35,0,0,0,1.0,5.498391146829817e-07,0.0006974054267629981
v107_s0036,107,36,0,0,0,1.0,5.318983085089712e-07,0.0005131580983288586
v107_s0037,107,37,0,0,0,1.0,5.156747420187457e-07,0.000276299862889573
v107_s0038,107,38,0,0,0,1.0,6.031492603142397e-07,0.0005809407448396087
v107_s0039,107,39,0,0,0,1.0,5.610270932265848e-07,0.0006880419095978141
v107_s0040,107,40,0,0,0,1.0,5.691996420864598e-07,0.0011542553547769785
v107_s0041,107,41,0,0,0,1.0,4.857030262428452e-07,0.00035282032331451774
v107_s0042,107,42,0,0,0,1.0,4.96068253141857e-07,0.0005539189442060888
v107_s0043,107,43,0,0,0,1.0,6.208928198248032e-07,0.002086218446493149
v107_s0044,107,44,0,0,0,1.0,5.04467038808798e-07,0.0008970201015472412
v107_s0045,107,45,0,0,0,1.0,6.673530492662394e-07,0.0026402976363897324
v107_s0046,107,46,0,0,0,1.0,7.073653023326187e-07,0.0007860871846787632
v107_s0047,107,47,0,0,0,1.0,8.949866696639219e-07,0.0012885486939921975
v107_s0048,107,48,0,0,0,1.0,8.036952294787625e-07,0.0021920413710176945
v107_s0049,107,49,0,0,0,1.0,6.74608941153565e-07,0.0016484343213960528
v107_s0050,107,50,0,0,0,1.0,5.718343345506582e-07,0.0005157305276952684
v107_s0051,107,51,0,0,0,1.0,6.913163588251336e-07,0.0018674521706998348
v107_s0052,107,52,0,0,0,1.0,1.3540769714381895e-06,0.01889963634312153
v107_s0053,107,53,0,0,0,1.0,1.009567881737894e-06,0.006708077620714903
v107_s0054,107,54,0,0,0,1.0,3.4181473438366083e-06,0.039421841502189636
v107_s0055,107,55,0,0,0,1.0,2.43083718487469e-06,0.01857471652328968
v107_s0056,107,56,0,0,0,1.0,2.6807838366949e-06,0.03434938192367554
v107_s0057,107,57,0,0,0,1.0,2.795180080283899e-06,0.03173808753490448
v107_s0058,107,58,0,0,0,1.0,1.7423288909412804e-06,0.015421858988702297
v107_s0059,107,59,0,0,0,1.0,1.6171819652299746e-06,0.008545498363673687
v107_s0060,107,60,0,0,0,1.0,2.3193692868517246e-06,0.0061069088988006115
v107_s0061,107,61,0,0,0,1.0,2.5722861209942494e-06,0.004128886386752129
v107_s0062,107,62,0,0,0,1.0,1.0263156582368538e-06,0.003128770971670747
v107_s0063,107,63,0,0,0,1.0,1.5976454506017035e-06,0.012003719806671143
v107_s0064,107,64,0,0,0,1.0,1.0336216291761957e-06,0.0021671494469046593
v107_s0065,107,65,0,0,0,1.0,9.899542874336476e-07,0.005620691925287247
v107_s0066,107,66,0,0,0,1.0,1.1567291267056135e-06,0.005426289513707161
v107_s0067,107,67,0,0,0,1.0,1.0072741361000226e-06,0.00790357030928135
v107_s0068,107,68,0,0,0,1.0,1.0107281696036807e-06,0.007373660337179899
v107_s0069,107,69,0,0,0,1.0,1.1939800970139913e-06,0.009472953155636787
v107_s0070,107,70,0,0,0,1.0,2.0001571101602167e-06,0.03178655356168747
v107_s0071,107,71,0,0,0,1.0,5.045604211773025e-06,0.057585932314395905
v107_s0072,107,72,0,0,0,1.0,3.435521193750901e-06,0.02281462587416172
v107_s0073,107,73,0,0,0,1.0,6.545094038301613e-06,0.11046815663576126
v107_s0074,107,74,0,0,0,1.0,1.6923884231800912e-06,0.008279713802039623
v107_s0075,107,75,0,0,0,1.0,1.5038376659504138e-06,0.007268727757036686
v107_s0076,107,76,0,0,0,1.0,2.4760693122516386e-06,0.03148714080452919
v107_s0077,107,77,0,0,0,1.0,1.9692627120093675e-06,0.02999923937022686
v107_s0078,107,78,0,0,0,1.0,1.6780572877905797e-06,0.015728501603007317
v107_s0079,107,79,0,0,0,1.0,1.482696461607702e-06,0.010941335931420326
v107_s0080,107,80,0,0,0,1.0,1.1114409517176682e-06,0.004623099695891142
v107_s0081,107,81,0,0,0,1.0,9.595225947123254e-07,0.0024843141436576843
v107_s0082,107,82,0,0,0,1.0,8.295734232888208e-07,0.0007029728731140494
v107_s0083,107,83,0,0,0,1.0,1.0537878551986068e-06,0.0012872552033513784
v107_s0084,107,84,0,0,0,1.0,1.1990327948296908e-06,0.0007441956549882889
v107_s0085,107,85,0,0,0,1.0,1.9948420231230557e-06,0.022157033905386925
v107_s0086,107,86,0,0,0,1.0,1.4594411368307192e-06,0.01497009489685297
v107_s0087,107,87,0,0,0,1.0,8.499521300109336e-07,0.005393756087869406
v107_s0088,107,88,0,0,0,1.0,8.02382885467523e-07,0.009286275133490562
v107_s0089,107,89,0,0,0,1.0,4.912532745038334e-07,0.0010058843763545156
v107_s0090,107,90,0,0,0,1.0,5.583380584539555e-07,0.0007101217051967978
v107_s0091,107,91,0,0,0,1.0,6.089035196055193e-07,0.0004268506891094148
v107_s0092,107,92,0,0,0,1.0,7.413705134240445e-07,0.003075479529798031
v107_s0093,107,93,0,0,0,1.0,1.359480847895611e-06,0.007101049646735191
v107_s0094,107,94,0,0,0,1.0,3.032579570572125e-06,0.040223702788352966
v107_s0095,107,95,0,0,0,1.0,1.1670019375742413e-05,0.294499009847641
v107_s0096,107,96,0,0,0,1.0,1.9982444428023882e-05,0.44092339277267456
v107_s0097,107,97,0,0,0,1.0,1.1706621080520563e-05,0.3184286653995514
v107_s0098,107,98,0,0,0,1.0,9.913611620504525e-07,0.0061236838810145855
v107_s0099,107,99,0,0,0,1.0,6.594069645871059e-07,0.004274677485227585
v107_s0100,107,100,0,0,0,1.0,7.580263741147064e-07,0.0014879360096529126
v107_s0101,107,101,0,0,0,1.0,9.073850151253282e-07,0.003235945012420416
v107_s0102,107,102,0,0,0,1.0,1.5762946077302331e-06,0.0322788804769516
v107_s0103,107,103,0,0,0,1.0,9.079979577109043e-07,0.009157868102192879
v107_s0104,107,104,0,0,0,1.0,1.5300234963433468e-06,0.013142355717718601
v107_s0105,107,105,0,0,0,1.0,3.808630708590499e-06,0.09201152622699738
v107_s0106,107,106,0,0,0,1.0,2.487386154825799e-06,0.03133086487650871
v107_s0107,107,107,0,0,0,1.0,1.6452233921881998e-06,0.02253381721675396
v107_s0108,107,108,0,0,0,1.0,1.2814392675863928e-06,0.005785477347671986
v107_s0109,107,109,0,0,0,1.0,1.1375409485481214e-05,0.3822024166584015
v107_s0110,107,110,0,0,0,1.0,2.590420081105549e-06,0.038811612874269485
v107_s0111,107,111,0,0,0,1.0,6.788142741243064e-07,0.0011998455738648772
v107_s0112,107,112,0,0,0,1.0,1.0562521310930606e-06,0.0058940318413078785
v107_s0113,107,113,0,0,0,1.0,1.0736858939708327e-06,0.0072431075386703014
v107_s0114,107,114,0,0,0,1.0,1.0875387488340493e-06,0.004090879578143358
v107_s0115,107,115,0,0,0,1.0,1.0965678711727378e-06,0.006189962383359671
v107_s0116,107,116,0,0,0,1.0,9.415097110831994e-07,0.004454376641660929
v107_s0117,107,117,0,0,0,1.0,7.464718692062888e-07,0.002228699391707778
v107_s0118,107,118,0,0,0,1.0,5.824782078889257e-07,0.0016812217654660344
v107_s0119,107,119,0,0,0,1.0,6.557578444699175e-07,0.0012661428190767765
v107_s0120,107,120,0,0,0,1.0,5.959625468676677e-07,0.000614022952504456
v107_s0121,107,121,0,0,0,1.0,8.339374062416027e-07,0.00140391627792269
v107_s0122,107,122,0,0,0,1.0,8.468966257169086e-07,0.0013947297120466828
v107_s0123,107,123,0,0,0,1.0,1.2942118701175787e-06,0.008127591572701931
v107_s0124,107,124,0,0,0,1.0,1.7970694443647517e-06,0.019012363627552986
v107_s0125,107,125,0,0,0,1.0,1.5913254856059211e-06,0.012702402658760548
v107_s0126,107,126,0,0,0,1.0,1.3786921044811606e-06,0.005601469427347183
v107_s0127,107,127,0,0,0,1.0,9.071151225725771e-07,0.0008932136697694659
v107_s0128,107,128,0,0,0,1.0,9.409775429958245e-07,0.0009807442547753453
v107_s0129,107,129,0,0,0,1.0,1.7714195337248384e-06,0.0024144735652953386
v107_s0130,107,130,0,0,0,1.0,1.421606725671154e-06,0.002958300756290555
v107_s0131,107,131,0,0,0,1.0,1.2927653187944088e-06,0.0028852263931185007
v107_s0132,107,132,0,0,0,1.0,1.0548142199695576e-06,0.002088333712890744
v107_s0133,107,133,0,0,0,1.0,1.1084003972428036e-06,0.0011591684306040406
v107_s0134,107,134,0,0,0,1.0,9.0523332119119e-07,0.0021856096573174
v107_s0135,107,135,0,0,0,1.0,7.905495067461743e-07,0.0012109390227124095
v107_s0136,107,136,0,0,0,1.0,7.921444762359897e-07,0.0008234354900196195
v107_s0137,107,137,0,0,0,1.0,1.024440280161798e-06,0.002612100914120674
v107_s0138,107,138,0,0,0,1.0,8.157223874150077e-07,0.0014562897849828005
v107_s0139,107,139,0,0,0,1.0,7.326503919102834e-07,0.0010309057543054223
v107_s0140,107,140,0,0,0,1.0,2.1542516606132267e-06,0.028609218075871468
v107_s0141,107,141,0,0,0,1.0,1.5333514511439716e-06,0.004270058590918779
v107_s0142,107,142,0,0,0,1.0,1.6785825209808536e-06,0.0020185287576168776
v107_s0143,107,143,0,0,0,1.0,1.7931228057932458e-06,0.0031307318713515997
v107_s0144,107,144,0,0,0,1.0,1.7292679785896325e-06,0.008007113821804523
v107_s0145,107,145,0,9,0,1.1111109876543348e-07,0.000132599743665196,0.9032479524612427
v107_s0146,107,146,0,21,0,4.761904535147403e-08,0.0003151828423142433,0.9671762585639954
v107_s0147,107,147,0,5,0,1.99999960000008e-07,0.0001638932735659182,0.7462963461875916
v107_s0148,107,148,0,0,0,1.0,2.7816835427074693e-05,0.34739914536476135
v107_s0149,107,149,0,96,0,1.0416666558159723e-08,0.001515613286755979,0.9997714161872864
v107_s0150,107,150,0,144,0,6.944444396219136e-09,0.002323057735338807,0.9997794032096863
v107_s0151,107,151,0,154,0,6.493506451340867e-09,0.002385728759691119,0.9999792575836182
v107_s0152,107,152,0,93,0,1.075268805642271e-08,0.0014576392713934183,0.999981164932251
v107_s0153,107,153,0,0,0,1.0,1.035451077768812e-05,0.19005358219146729
v107_s0154,107,154,0,0,0,1.0,2.854962531273486e-06,0.01876479759812355
v107_s0155,107,155,0,1,0,9.99999000001e-07,4.627865200745873e-05,0.6375921368598938
v107_s0156,107,156,0,0,0,1.0,4.206468292977661e-05,0.49033740162849426
v107_s0157,107,157,0,0,0,1.0,1.8986338545801118e-05,0.3111500144004822
v107_s0158,107,158,0,25,0,3.999999840000006e-08,0.00046589371049776673,0.9584532380104065
v107_s0159,107,159,0,15,0,6.666666222222252e-08,0.00030283984960988164,0.9741141200065613
v107_s0160,107,160,0,7,0,1.428571224489825e-07,0.00020334300643298775,0.709400475025177
v107_s0161,107,161,0,0,0,1.0,2.5808678856265033e-06,0.010686198249459267
v107_s0162,107,162,0,0,0,1.0,1.432481894880766e-06,0.007871904410421848
v107_s0163,107,163,0,5,0,1.99999960000008e-07,8.557589171687141e-05,0.8893166184425354
v107_s0164,107,164,0,3,0,3.3333322222225924e-07,4.560649540508166e-05,0.7762740850448608
v107_s0165,107,165,0,20,0,4.999999750000012e-08,0.0003181577776558697,0.9690383076667786
v107_s0166,107,166,0,21,0,4.761904535147403e-08,0.000336308527039364,0.9810139536857605
v107_s0167,107,167,0,18,0,5.555555246913597e-08,0.0003060748858842999,0.9998219609260559
v107_s0168,107,168,0,57,0,1.75438593413358e-08,0.0009265055414289236,0.9999979734420776
v107_s0169,107,169,0,51,0,1.9607842752787398e-08,0.0007940157665871084,0.9999430179595947
v107_s0170,107,170,0,17,0,5.882352595155729e-08,0.00027606970979832113,0.9968745708465576
v107_s0171,107,171,0,7,0,1.428571224489825e-07,0.00015176102169789374,0.8540916442871094
v107_s0172,107,172,0,0,0,1.0,8.1363314166083e-06,0.13636747002601624
v107_s0173,107,173,0,2,0,4.99999750000125e-07,4.6580153139075264e-05,0.5828667879104614
v107_s0174,107,174,0,7,0,1.428571224489825e-07,0.00010535938781686127,0.9296669363975525
v107_s0175,107,175,0,9,0,1.1111109876543348e-07,0.00014145695604383945,0.9832701683044434
v107_s0176,107,176,0,12,0,8.333332638888946e-08,0.00017621518054511398,0.9938676953315735
v107_s0177,107,177,0,0,0,1.0,2.246464873678633e-06,0.02248198539018631
v107_s0178,107,178,0,0,0,1.0,8.129235538945068e-06,0.10174746811389923
v107_s0179,107,179,0,13,0,7.692307100591761e-08,0.00020370805577840656,0.9882097244262695
v107_s0180,107,180,0,20,0,4.999999750000012e-08,0.0002829506993293762,0.9976562261581421
v107_s0181,107,181,0,0,0,1.0,7.044262019917369e-06,0.0794462338089943
v107_s0182,107,182,0,0,0,1.0,1.0015610314439982e-06,0.005275367293506861
v107_s0183,107,183,0,0,0,1.0,1.0340967264710343e-06,0.0005901786498725414
v107_s0184,107,184,0,0,0,1.0,1.0088251656270586e-06,0.00040889589581638575
v107_s0185,107,185,0,0,0,1.0,9.575480817147763e-07,0.0004271501093171537
v107_s0186,107,186,0,0,0,1.0,1.524201479696785e-06,0.002334389602765441
v107_s0187,107,187,0,0,0,1.0,1.4473571354756132e-06,0.007102358154952526
v107_s0188,107,188,0,0,0,1.0,1.2130335562687833e-06,0.0008312920690514147
v107_s0189,107,189,0,0,0,1.0,1.1382080629118718e-06,0.0010628560557961464
v107_s0190,107,190,0,0,0,1.0,8.928404895414133e-07,0.00030058424454182386
v107_s0191,107,191,0,1,0,9.99999000001e-07,4.6991459385026246e-05,0.5840418934822083
v107_s0192,107,192,0,7,0,1.428571224489825e-07,9.617970499675721e-05,0.8172927498817444
v107_s0193,107,193,0,0,0,1.0,3.7772195355501026e-05,0.4966093599796295
v107_s0194,107,194,0,0,0,1.0,1.9376357158762403e-06,0.003359447466209531
v107_s0195,107,195,0,0,0,1.0,1.5975364249243285e-06,0.005121622234582901
v107_s0196,107,196,0,0,0,1.0,9.00216377885954e-07,0.0008075420628301799
v107_s0197,107,197,0,0,0,1.0,7.712108072155388e-07,0.000344749161740765
v107_s0198,107,198,0,0,0,1.0,9.856496490101563e-07,0.0008714519790373743
v107_s0199,107,199,0,0,0,1.0,1.9565081856853794e-06,0.006541411858052015
v107_s0200,107,200,0,0,0,1.0,8.335823622473981e-06,0.17503339052200317
v107_s0201,107,201,0,0,0,1.0,8.937025995692238e-06,0.18162822723388672
v107_s0202,107,202,0,0,0,1.0,3.0376791073649656e-06,0.018590010702610016
v107_s0203,107,203,0,0,0,1.0,2.6648926905181725e-06,0.008231043815612793
v107_s0204,107,204,0,0,0,1.0,2.267750915052602e-06,0.012353546917438507
v107_s0205,107,205,0,0,0,1.0,6.39698691884405e-06,0.05255768075585365
v107_s0206,107,206,0,0,0,1.0,2.4564487830502912e-06,0.014657449908554554
v107_s0207,107,207,0,0,0,1.0,1.0204382761003217e-06,0.001427366049028933
v107_s0208,107,208,0,0,0,1.0,1.1871209608216304e-05,0.19813238084316254
v107_s0209,107,209,0,0,0,1.0,3.165490397805115e-06,0.027583010494709015
v107_s0210,107,210,0,24,0,4.166666493055563e-08,0.0003635979082901031,0.9997316002845764
v107_s0211,107,211,0,2,0,4.99999750000125e-07,5.888664236408658e-05,0.7576941251754761
v107_s0212,107,212,0,0,0,1.0,1.3661444882018259e-06,0.003705764887854457
v107_s0213,107,213,0,0,0,1.0,3.7050776882097125e-06,0.03917158022522926
v107_s0214,107,214,0,0,0,1.0,1.0996335504387389e-06,0.004684998653829098
v107_s0215,107,215,0,0,0,1.0,1.7569125247973716e-06,0.014905321411788464
v107_s0216,107,216,0,0,0,1.0,8.373192486033076e-07,0.0007931397412903607
v107_s0217,107,217,0,0,0,1.0,1.0075173122459091e-06,0.0013712241780012846
v107_s0218,107,218,0,0,0,1.0,8.952989674071432e-07,0.0014122502179816365
v107_s0219,107,219,0,0,0,1.0,2.4147914245986613e-06,0.022935541346669197
v107_s0220,107,220,0,0,0,1.0,2.339930688322056e-06,0.013230439275503159
v107_s0221,107,221,0,0,0,1.0,6.210672290762886e-05,0.4916534125804901
v107_s0222,107,222,0,0,0,1.0,9.658397175371647e-06,0.11101371049880981
v107_s0223,107,223,0,59,0,1.6949152255099113e-08,0.0009243422537110746,0.9700319170951843
v107_s0224,107,224,0,17,0,5.882352595155729e-08,0.0002766489633359015,0.9613726735115051
v107_s0225,107,225,0,62,0,1.612903199791884e-08,0.0009269291767850518,0.9987040758132935
v107_s0226,107,226,0,127,0,7.874015686031373e-09,0.0019364241743460298,0.9998217225074768
v107_s0227,107,227,0,105,0,9.523809433106576e-09,0.0015993374399840832,0.9997065663337708
v107_s0228,107,228,0,0,0,1.0,3.0030874768272042e-05,0.33441096544265747
v107_s0229,107,229,0,0,0,1.0,1.5894531770754838e-06,0.00811313558369875
v107_s0230,107,230,0,0,0,1.0,1.4675649254058953e-05,0.19510242342948914
v107_s0231,107,231,0,0,0,1.0,1.5861202200539992e-06,0.004849956836551428
v107_s0232,107,232,0,0,0,1.0,1.1644726782833459e-06,0.0044394684955477715
v107_s0233,107,233,0,0,0,1.0,1.0971973551932024e-06,0.005328741390258074
v107_s0234,107,234,0,0,0,1.0,1.0024516541307094e-06,0.0046777487732470036
v107_s0235,107,235,0,0,0,1.0,6.91994955559494e-06,0.25983938574790955
v107_s0236,107,236,0,1,0,9.99999000001e-07,2.8974656743230298e-05,0.691196620464325
v107_s0237,107,237,0,0,0,1.0,1.4188699424266815e-06,0.01197118405252695
v107_s0238,107,238,0,0,0,1.0,8.4777266238234e-06,0.1642858237028122
v107_s0239,107,239,0,0,0,1.0,1.2044067716487916e-06,0.005784448701888323
v107_s0240,107,240,0,0,0,1.0,6.469907702921773e-07,0.0003876100236084312
v107_s0241,107,241,0,0,0,1.0,5.785204848507419e-07,0.0006902223685756326
v107_s0242,107,242,0,0,0,1.0,8.035348173507373e-07,0.0009727826109156013
v107_s0243,107,243,0,0,0,1.0,9.588087550582713e-07,0.004012060817331076
v107_s0244,107,244,0,0,0,1.0,1.3935735978520825e-06,0.007716379594057798
v107_s0245,107,245,0,0,0,1.0,1.0502345730856177e-06,0.003115637693554163
v107_s0246,107,246,0,0,0,1.0,8.56242252211814e-07,0.0009869236964732409
v107_s0247,107,247,0,0,0,1.0,6.986434755162918e-07,0.0006814122898504138
v107_s0248,107,248,0,0,0,1.0,5.741115955970599e-07,0.0005451986799016595
v107_s0249,107,249,0,0,0,1.0,8.289912329928484e-07,0.0003882213495671749
v107_s0250,107,250,0,0,0,1.0,8.604910135545651e-07,0.0005851435707882047
v107_s0251,107,251,0,0,0,1.0,1.0610119716147892e-06,0.0007513933815062046
v107_s0252,107,252,0,0,0,1.0,1.163097635981103e-06,0.0010625275317579508
v107_s0253,107,253,0,0,0,1.0,1.0449323326611193e-06,0.0006447705673053861
v107_s0254,107,254,0,0,0,1.0,8.442187890977948e-07,0.0012151402188465
v107_s0255,107,255,0,0,0,1.0,7.825998409316526e-07,0.0014761643251404166
v107_s0256,107,256,0,0,0,1.0,1.1616309620876564e-06,0.001988799776881933
v107_s0257,107,257,0,0,0,1.0,5.1126307880622335e-06,0.04243752360343933
v107_s0258,107,258,0,0,0,1.0,2.817052518366836e-06,0.022710245102643967
v107_s0259,107,259,0,0,0,1.0,2.150636191800004e-06,0.011791680939495564
v107_s0260,107,260,0,0,0,1.0,1.2536581834865501e-06,0.0009547367226332426
v107_s0261,107,261,0,0,0,1.0,7.891009659033443e-07,0.001239062868990004
v107_s0262,107,262,0,0,0,1.0,1.0201590612268774e-06,0.0010408279486000538
v107_s0263,107,263,0,0,0,1.0,1.3151407074474264e-06,0.0013253012439236045
v107_s0264,107,264,0,0,0,1.0,1.329191263721441e-06,0.001617438974790275
v107_s0265,107,265,0,0,0,1.0,1.7857487364381086e-06,0.00402409490197897
v107_s0266,107,266,0,0,0,1.0,1.5856489881116431e-06,0.002264272654429078
v107_s0267,107,267,0,0,0,1.0,1.723115929053165e-06,0.001426349626854062
v107_s0268,107,268,8,0,0,1.2499998437500196e-07,1.077966430784727e-06,0.0009429707424715161
v107_s0269,107,269,9,0,0,1.1111109876543348e-07,1.4960389762563864e-06,0.0012597644235938787
v107_s0270,107,270,12,0,0,8.333332638888946e-08,1.5020336832094472e-06,0.002354094060137868
v107_s0271,107,271,14,0,0,7.142856632653097e-08,1.13294381662854e-05,0.2506621181964874
v107_s0272,107,272,20,0,0,4.999999750000012e-08,3.1801339446246857e-06,0.04628842696547508
v107_s0273,107,273,22,0,0,4.5454543388429843e-08,1.1104275472462177e-06,0.001070844940841198
v107_s0274,107,274,23,0,0,4.347825897920613e-08,1.1945040796490503e-06,0.001029434148222208
v107_s0275,107,275,27,0,0,3.703703566529497e-08,9.445175237488002e-07,0.0022622838150709867
v107_s0276,107,276,30,0,0,3.3333332222222255e-08,1.2693550388576114e-06,0.0009738513035699725
v107_s0277,107,277,31,0,0,3.225806347554634e-08,2.5910414478858e-05,0.37407708168029785
v107_s0278,107,278,19,0,0,5.263157617728546e-08,9.698130270408e-06,0.2208196222782135
v107_s0279,107,279,11,4,0,6.666666222222252e-08,6.036824197508395e-05,0.7998830080032349
v107_s0280,107,280,5,6,0,9.090908264462886e-08,0.000108775457192678,0.9279905557632446
v107_s0281,107,281,0,0,0,1.0,1.3412413863989059e-05,0.23794029653072357
v107_s0282,107,282,0,0,0,1.0,1.0155312111237436e-06,0.0011606402695178986
v107_s0283,107,283,0,0,0,1.0,3.752205157070421e-05,0.4832652509212494
v107_s0284,107,284,0,0,0,1.0,9.230873274646001e-07,0.0009657218470238149
v107_s0285,107,285,0,0,0,1.0,8.640218425171042e-07,0.0008833458414301276
v107_s0286,107,286,0,0,0,1.0,6.168827439978486e-07,0.00022163034009281546
v107_s0287,107,287,0,8,0,1.2499998437500196e-07,0.0001430493575753644,0.9759429097175598
v107_s0288,107,288,0,0,0,1.0,6.715307563354145e-07,0.00045295810559764504
v107_s0289,107,289,0,0,0,1.0,1.2197427849969245e-06,0.0017017330974340439
v107_s0290,107,290,0,0,0,1.0,2.0945533833582886e-05,0.2052307426929474
v107_s0291,107,291,0,0,0,1.0,3.1559259241475957e-06,0.04168107360601425
v107_s0292,107,292,0,0,0,1.0,7.429327411045961e-07,0.0006936933496035635
v107_s0293,107,293,0,0,0,1.0,1.2462494396459078e-06,0.005255462601780891
v107_s0294,107,294,0,0,0,1.0,2.233978648291668e-06,0.050521958619356155
v107_s0295,107,295,0,0,0,1.0,5.342210442904616e-07,0.0012394511140882969
v107_s0296,107,296,0,0,0,1.0,9.021883897730731e-07,0.0006548301898874342
v107_s0297,107,297,0,0,0,1.0,7.697632895542483e-07,0.00036374470801092684
v107_s0298,107,298,0,0,0,1.0,8.659234254082548e-07,0.0006133702117949724
v107_s0299,107,299,0,0,0,1.0,2.96744792649406e-06,0.04378258064389229
v107_s0300,107,300,0,0,0,1.0,5.793093805550598e-06,0.11928082257509232
v107_s0301,107,301,0,0,0,1.0,3.6144836030871375e-06,0.039199404418468475
v107_s0302,107,302,0,0,0,1.0,1.4519766864395933e-06,0.010356113314628601
v107_s0303,107,303,0,0,0,1.0,1.862962903942389e-06,0.003775492310523987
v107_s0304,107,304,0,0,0,1.0,1.6498959212185582e-06,0.0036432649940252304
v107_s0305,107,305,0,0,0,1.0,4.5372752310868236e-07,0.0003566562954802066
v107_s0306,107,306,0,0,0,1.0,4.6925472929615353e-07,0.00026365878875367343
v107_s0307,107,307,0,0,0,1.0,5.102911018184386e-07,0.00039142489549703896
v107_s0308,107,308,0,0,0,1.0,4.743343424706836e-07,0.0004900869098491967
v107_s0309,107,309,0,0,0,1.0,4.335041410286067e-07,0.0002455983776599169
v107_s0310,107,310,0,0,0,1.0,4.928258476866176e-07,0.0003568321408238262
v107_s0311,107,311,0,0,0,1.0,1.0844253210962052e-06,0.001213609823025763
v107_s0312,107,312,0,0,0,1.0,9.381220706927706e-07,0.0009073007386177778
v107_s0313,107,313,0,0,0,1.0,1.0600398354654317e-06,0.0009244049433618784
v107_s0314,107,314,0,0,0,1.0,1.2658764489970054e-06,0.0016566101694479585
v107_s0315,107,315,0,0,0,1.0,2.3064212655299343e-06,0.0020725310314446688
v107_s0316,107,316,0,0,0,1.0,1.285694906982826e-06,0.00182400515768677
v107_s0317,107,317,0,0,0,1.0,1.3400343732428155e-06,0.0015010108472779393
v107_s0318,107,318,0,0,0,1.0,1.3532804814531119e-06,0.0018286050762981176
v107_s0319,107,319,0,0,0,1.0,8.453839654976036e-07,0.0017735697329044342
v107_s0320,107,320,0,0,0,1.0,6.475441978182062e-07,0.0013052206486463547
v107_s0321,107,321,0,0,0,1.0,1.304996658291202e-06,0.0033894528169184923
v107_s0322,107,322,0,0,0,1.0,2.3571690235257847e-06,0.008013316430151463
v107_s0323,107,323,0,0,0,1.0,7.94536674675328e-07,0.0025199626106768847
v107_s0324,107,324,0,0,0,1.0,6.657675157839549e-07,0.0027052857913076878
v107_s0325,107,325,0,0,0,1.0,5.105900982016465e-07,0.00031854267581366
v107_s0326,107,326,0,0,0,1.0,5.721822162740864e-07,0.001767766778357327
v107_s0327,107,327,0,0,0,1.0,1.062061187440122e-06,0.0038854177109897137
v107_s0328,107,328,0,0,0,1.0,1.3208086784288753e-06,0.0080667519941926
v107_s0329,107,329,0,0,0,1.0,1.0441304993946687e-06,0.0024311430752277374
v107_s0330,107,330,0,0,0,1.0,1.0457432608745876e-06,0.004837120417505503
v107_s0331,107,331,1,0,0,9.99999000001e-07,8.872730177245103e-07,0.001261357101611793
v107_s0332,107,332,1,0,0,9.99999000001e-07,8.388695960093173e-07,0.001461688196286559
v107_s0333,107,333,6,0,0,1.666666388888935e-07,7.649355779903999e-07,0.0020809012930840254
v107_s0334,107,334,7,1,0,1.2499998437500196e-07,2.5653171178419143e-05,0.5431699156761169
v107_s0335,107,335,10,3,3,0.46153850295857674,5.7319324696436524e-05,0.9873387813568115
v107_s0336,107,336,14,12,12,0.9230769260355028,0.00018288922728970647,0.9999994039535522
v107_s0337,107,337,18,11,11,0.7586206979785967,0.0001793098053894937,0.9999972581863403
v107_s0338,107,338,22,21,12,0.5581395451595456,0.00034017671714536846,0.9999983310699463
v107_s0339,107,339,27,24,9,0.3529411891580159,0.0003684536786749959,0.9999978542327881
v107_s0340,107,340,33,26,11,0.3728813665613328,0.0004155432106927037,0.9999998807907104
v107_s0341,107,341,30,14,13,0.5909091002066115,0.00022197511862032115,0.9999998807907104
v107_s0342,107,342,21,13,11,0.6470588339100344,0.0002159092400688678,1.0
v107_s0343,107,343,19,16,12,0.6857142946938773,0.0002389958535786718,1.0
v107_s0344,107,344,15,12,9,0.6666666790123452,0.00018910538346972317,1.0
v107_s0345,107,345,9,6,5,0.6666666888888874,8.670342504046857e-05,0.999298095703125
v107_s0346,107,346,8,0,0,1.2499998437500196e-07,7.887617357482668e-06,0.3518455922603607
v107_s0347,107,347,5,0,0,1.99999960000008e-07,7.494206784031121e-07,0.001731708412989974
v107_s0348,107,348,4,0,0,2.499999375000156e-07,8.455706392851425e-07,0.0004408925597090274
v107_s0349,107,349,3,0,0,3.3333322222225924e-07,9.051852885022527e-07,0.000817114079836756
v107_s0350,107,350,2,0,0,4.99999750000125e-07,4.063260348630138e-06,0.06198646128177643
v107_s0351,107,351,0,5,0,1.99999960000008e-07,7.492535951314494e-05,0.9596462845802307
v107_s0352,107,352,0,0,0,1.0,2.451843101880513e-05,0.34800249338150024
v107_s0353,107,353,0,11,0,9.090908264462886e-08,0.00016565270198043436,0.9999260902404785
v107_s0354,107,354,0,15,0,6.666666222222252e-08,0.0002211728278780356,0.999998927116394
v107_s0355,107,355,0,6,0,1.666666388888935e-07,8.881022949935868e-05,0.9971977472305298
v107_s0356,107,356,0,0,0,1.0,1.1865599844895769e-06,0.008645342662930489
v107_s0357,107,357,0,1,0,9.99999000001e-07,2.8345457394607365e-05,0.6266308426856995
v107_s0358,107,358,2,0,0,4.99999750000125e-07,7.47846752346959e-06,0.16571204364299774
v107_s0359,107,359,2,0,0,4.99999750000125e-07,2.52993663707457e-06,0.059018008410930634
v107_s0360,107,360,3,0,0,3.3333322222225924e-07,8.740303201193456e-06,0.16861574351787567
v107_s0361,107,361,5,7,0,8.333332638888946e-08,0.00012738010264001787,0.9935537576675415
v107_s0362,107,362,14,33,0,2.1276595291987334e-08,0.0004939279169775546,1.0
v107_s0363,107,363,17,34,0,1.9607842752787398e-08,0.0005406604032032192,1.0
v107_s0364,107,364,20,72,0,1.0869565099243857e-08,0.0011704679345712066,1.0
v107_s0365,107,365,20,94,2,0.03508772776238835,0.0014479599194601178,0.9999843835830688
v107_s0366,107,366,24,48,5,0.13888890084876526,0.0007866661180742085,0.9992076754570007
v107_s0367,107,367,32,43,0,1.3333333155555557e-08,0.0006672745221294463,0.9998599290847778
v107_s0368,107,368,45,42,0,1.149425274144537e-08,0.0006555791478604078,0.9988541603088379
v107_s0369,107,369,40,13,0,1.8867924172303316e-08,0.00023010176664683968,0.9999802112579346
v107_s0370,107,370,42,11,0,1.8867924172303316e-08,0.00019635449280031025,0.9891379475593567
v107_s0371,107,371,38,5,0,2.3255813412655503e-08,6.181786739034578e-05,0.9242923259735107
v107_s0372,107,372,42,13,11,0.40000001090909076,0.00022534203890245408,0.999931812286377
v107_s0373,107,373,45,11,10,0.3571428686224488,0.00017124676378443837,0.9999098777770996
v107_s0374,107,374,46,27,12,0.32876713248264205,0.0004432910936884582,0.9999990463256836
v107_s0375,107,375,43,52,11,0.23157895545706364,0.0008010650635696948,1.0
v107_s0376,107,376,44,42,1,0.023255825310978778,0.0006947590736672282,1.0
v107_s0377,107,377,43,30,0,1.3698629949333836e-08,0.0004533948376774788,0.9999992847442627
v107_s0378,107,378,45,21,0,1.5151514921946744e-08,0.0003243153914809227,0.9999722242355347
v107_s0379,107,379,42,2,0,2.2727272210743815e-08,4.3739208194892853e-05,0.8742480874061584
v107_s0380,107,380,48,0,0,2.0833332899305566e-08,3.5007292353839148e-06,0.05012926459312439
v107_s0381,107,381,38,0,0,2.6315788781163454e-08,1.428591303920257e-06,0.0239650197327137
v107_s0382,107,382,33,0,0,3.0303029384756685e-08,4.153283953201026e-05,0.41494011878967285
v107_s0383,107,383,33,0,0,3.0303029384756685e-08,6.305688657448627e-06,0.06633933633565903
v107_s0384,107,384,28,0,0,3.571428443877555e-08,3.5131931781506864e-06,0.07869061082601547
v107_s0385,107,385,24,2,0,3.846153698224858e-08,3.5240860597696155e-05,0.6519535183906555
v107_s0386,107,386,24,22,0,2.173912996219283e-08,0.00030746706761419773,0.9999860525131226
v107_s0387,107,387,24,13,0,2.7027026296566858e-08,0.00021874542289879173,0.9974912405014038
v107_s0388,107,388,21,0,0,4.761904535147403e-08,2.462512611600687e-06,0.02835479937493801
v107_s0389,107,389,16,0,0,6.249999609375024e-08,1.449555497856636e-06,0.02337251976132393
v107_s0390,107,390,12,7,0,5.263157617728546e-08,0.00010702935105655342,0.9999821186065674
v107_s0391,107,391,11,11,0,4.5454543388429843e-08,0.00017683362239040434,0.9999978542327881
v107_s0392,107,392,7,18,0,3.999999840000006e-08,0.0002664808416739106,0.9999995231628418
v107_s0393,107,393,7,16,0,4.347825897920613e-08,0.0002584303147159517,0.999998927116394
v107_s0394,107,394,4,11,0,6.666666222222252e-08,0.0001735195837682113,0.999985933303833
v107_s0395,107,395,3,8,0,9.090908264462886e-08,0.0001274293172173202,0.9997662901878357
v107_s0396,107,396,0,6,0,1.666666388888935e-07,8.84324181242846e-05,0.9976582527160645
v107_s0397,107,397,0,7,0,1.428571224489825e-07,0.00012986399815417826,0.9998096823692322
v107_s0398,107,398,0,18,0,5.555555246913597e-08,0.00028294784715399146,0.9999831914901733
v107_s0399,107,399,0,22,0,4.5454543388429843e-08,0.0003243754617869854,0.9999924898147583
v107_s0400,107,400,0,32,0,3.124999902343753e-08,0.0004994593909941614,0.9999998807907104
v107_s0401,107,401,0,21,0,4.761904535147403e-08,0.0003206835826858878,0.9999983310699463
v107_s0402,107,402,0,25,0,3.999999840000006e-08,0.0003713729092851281,0.9999983310699463
v107_s0403,107,403,0,26,0,3.846153698224858e-08,0.00037001041346229613,0.9999094009399414
v107_s0404,107,404,0,30,0,3.3333332222222255e-08,0.00046834838576614857,0.9999991655349731
v107_s0405,107,405,0,26,0,3.846153698224858e-08,0.00038765379576943815,0.9999958276748657
v107_s0406,107,406,0,16,0,6.249999609375024e-08,0.00023475897614844143,0.9996223449707031
v107_s0407,107,407,0,21,0,4.761904535147403e-08,0.00031784045859239995,0.9999988079071045
v107_s0408,107,408,0,16,0,6.249999609375024e-08,0.00025429061497561634,0.9999988079071045
v107_s0409,107,409,0,14,0,7.142856632653097e-08,0.000244659255258739,0.9999954700469971
v107_s0410,107,410,0,8,0,1.2499998437500196e-07,0.00012895026884507388,0.999701201915741
v107_s0411,107,411,0,7,0,1.428571224489825e-07,0.00010894394654314965,0.9986603260040283
v107_s0412,107,412,0,6,0,1.666666388888935e-07,0.00011661530879791826,0.9765776991844177
v107_s0413,107,413,0,10,0,9.9999990000001e-08,0.00015158316818997264,0.9992673993110657
v107_s0414,107,414,0,0,0,1.0,1.1229058145545423e-06,0.0231106448918581
v107_s0415,107,415,0,0,0,1.0,4.6914536255826533e-07,0.0014995427336543798
v107_s0416,107,416,0,0,0,1.0,1.2313841580180451e-05,0.3231467604637146
v107_s0417,107,417,0,3,0,3.3333322222225924e-07,5.1931107009295374e-05,0.9671277403831482
v107_s0418,107,418,0,0,0,1.0,2.043577751464909e-06,0.05391250550746918
v107_s0419,107,419,0,0,0,1.0,1.0351236596761737e-06,0.01195807196199894
v107_s0420,107,420,0,0,0,1.0,4.4963672962694545e-07,0.0011346542742103338
v107_s0421,107,421,0,0,0,1.0,4.96035568176012e-07,0.002929014852270484
v107_s0422,107,422,0,0,0,1.0,4.858688384956622e-07,0.004276389256119728
v107_s0423,107,423,0,0,0,1.0,1.6602119785602554e-06,0.04886588081717491
v107_s0424,107,424,0,0,0,1.0,9.179962603411695e-07,0.015772802755236626
v107_s0425,107,425,0,1,0,9.99999000001e-07,2.1767384168924764e-05,0.5844414830207825
v107_s0426,107,426,0,0,0,1.0,1.2830523701268248e-05,0.2845104932785034
v107_s0427,107,427,0,0,0,1.0,8.563912160752807e-06,0.28555458784103394
v107_s0428,107,428,0,10,0,9.9999990000001e-08,0.00016960405628196895,0.9999915361404419
v107_s0429,107,429,0,7,0,1.428571224489825e-07,0.00010242503776680678,0.9983314871788025
v107_s0430,107,430,0,0,0,1.0,2.04176740226103e-06,0.027488067746162415
v107_s0431,107,431,0,0,0,1.0,1.324538516200846e-06,0.018676841631531715
v107_s0432,107,432,0,0,0,1.0,1.0463425041962182e-06,0.009257777594029903
v107_s0433,107,433,0,0,0,1.0,7.253078138091951e-07,0.006950348149985075
v107_s0434,107,434,0,0,0,1.0,5.13499173848686e-07,0.002398828277364373
v107_s0435,107,435,0,0,0,1.0,6.216362180566648e-06,0.26721104979515076
v107_s0436,107,436,0,1,0,9.99999000001e-07,2.7184751161257736e-05,0.7571718692779541
v107_s0437,107,437,0,0,0,1.0,8.96804749572766e-07,0.005971051286906004
v107_s0438,107,438,0,0,0,1.0,1.7970000044442713e-05,0.46740075945854187
v107_s0439,107,439,0,1,0,9.99999000001e-07,3.632936204667203e-05,0.8667190670967102
v107_s0440,107,440,0,0,0,1.0,2.665612782948301e-06,0.041914116591215134
v107_s0441,107,441,0,7,0,1.428571224489825e-07,0.00011744235234800726,0.9977728724479675
v107_s0442,107,442,0,8,0,1.2499998437500196e-07,0.00013715977547690272,0.9992839694023132
v107_s0443,107,443,0,1,0,9.99999000001e-07,2.905282781284768e-05,0.5096908211708069
v107_s0444,107,444,0,20,0,4.999999750000012e-08,0.0003114467835985124,0.9982444047927856
v107_s0445,107,445,0,45,0,2.2222221728395074e-08,0.0006652807351201773,0.9999955892562866
v107_s0446,107,446,0,45,0,2.2222221728395074e-08,0.0006928257062099874,0.9999983310699463
v107_s0447,107,447,0,54,0,1.8518518175582995e-08,0.0008338638581335545,1.0
v107_s0448,107,448,0,51,0,1.9607842752787398e-08,0.0007687447359785438,1.0
v107_s0449,107,449,0,37,0,2.7027026296566858e-08,0.0005996663239784539,0.9999997615814209
v107_s0450,107,450,0,41,0,2.4390243307555043e-08,0.0006311596953310072,1.0
v107_s0451,107,451,0,31,0,3.225806347554634e-08,0.00048592512030154467,0.9999998807907104
v107_s0452,107,452,0,46,0,2.173912996219283e-08,0.0006968134548515081,1.0
v107_s0453,107,453,0,47,0,2.1276595291987334e-08,0.0007150144665502012,1.0
v107_s0454,107,454,0,44,0,2.2727272210743815e-08,0.0006484006880782545,0.9999995231628418
v107_s0455,107,455,0,46,0,2.173912996219283e-08,0.0006785726873204112,0.9999988079071045
v107_s0456,107,456,0,47,0,2.1276595291987334e-08,0.0007282851147465408,0.9999998807907104
v107_s0457,107,457,0,35,0,2.8571427755102065e-08,0.000529562821611762,0.9999996423721313
v107_s0458,107,458,0,12,0,8.333332638888946e-08,0.00021900737192481756,0.9990764856338501
v107_s0459,107,459,0,11,0,9.090908264462886e-08,0.00019675606745295227,0.9246642589569092
v107_s0460,107,460,0,43,0,2.3255813412655503e-08,0.0006363898864947259,0.9998196959495544
v107_s0461,107,461,0,53,0,1.8867924172303316e-08,0.0008232137188315392,0.9999995231628418
v107_s0462,107,462,0,37,0,2.7027026296566858e-08,0.000576149788685143,0.9999499320983887
v107_s0463,107,463,0,44,0,2.2727272210743815e-08,0.0006703037652187049,0.9999984502792358
v107_s0464,107,464,0,49,0,2.0408162848813002e-08,0.0007646912126801908,0.9999994039535522
v107_s0465,107,465,0,43,0,2.3255813412655503e-08,0.0006815459346398711,0.9999967813491821
v107_s0466,107,466,0,50,0,1.9999999600000007e-08,0.0007727125776000321,0.9999990463256836
v107_s0467,107,467,0,42,0,2.38095232426304e-08,0.0006361381965689361,0.9999886751174927
v107_s0468,107,468,0,39,0,2.5641024983563464e-08,0.0006215777830220759,0.9999970197677612
v107_s0469,107,469,0,26,0,3.846153698224858e-08,0.00046462364844046533,0.9999845027923584
v107_s0470,107,470,0,18,0,5.555555246913597e-08,0.00027768281870521605,0.9997778534889221
v107_s0471,107,471,0,21,0,4.761904535147403e-08,0.0003435543039813638,0.9999915361404419
v107_s0472,107,472,0,33,0,3.0303029384756685e-08,0.0005246133077889681,0.9999996423721313
v107_s0473,107,473,0,8,0,1.2499998437500196e-07,0.00013408256927505136,0.9683928489685059
v107_s0474,107,474,0,10,0,9.9999990000001e-08,0.00016052137652877718,0.9999855756759644
v107_s0475,107,475,0,27,0,3.703703566529497e-08,0.00041245686588808894,0.9993513226509094
v107_s0476,107,476,0,0,0,1.0,1.8997352526639588e-05,0.18661142885684967
v107_s0477,107,477,0,8,0,1.2499998437500196e-07,0.0001343375479336828,0.9984286427497864
v107_s0478,107,478,0,0,0,1.0,4.083484236616641e-05,0.47319862246513367
v107_s0479,107,479,0,7,0,1.428571224489825e-07,0.00010819077579071745,0.9383162260055542
v107_s0480,107,480,0,0,0,1.0,7.078077032929286e-06,0.08297578245401382
v107_s0481,107,481,0,11,0,9.090908264462886e-08,0.00015544032794423401,0.9323188662528992
v107_s0482,107,482,0,28,0,3.571428443877555e-08,0.00043402257142588496,0.9998769760131836
v107_s0483,107,483,0,55,0,1.8181817851239675e-08,0.0008103783475235105,0.9999914169311523
v107_s0484,107,484,0,53,0,1.8867924172303316e-08,0.0008115469245240092,0.9999969005584717
v107_s0485,107,485,0,106,0,9.4339621751513e-09,0.0016094079473987222,1.0
v107_s0486,107,486,0,113,0,8.849557443809227e-09,0.001763520878739655,1.0
v107_s0487,107,487,0,95,0,1.0526315678670361e-08,0.0014503772836178541,0.9999998807907104
v107_s0488,107,488,0,65,0,1.5384615147929e-08,0.0009554495336487889,0.9999997615814209
v107_s0489,107,489,0,73,0,1.3698629949333836e-08,0.0011322763748466969,0.9999995231628418
v107_s0490,107,490,0,42,0,2.38095232426304e-08,0.0006444172468036413,0.9999991655349731
v107_s0491,107,491,0,31,0,3.225806347554634e-08,0.0004640458500944078,0.9999994039535522
v107_s0492,107,492,0,31,0,3.225806347554634e-08,0.0004752828972414136,0.999998927116394
v107_s0493,107,493,0,5,0,1.99999960000008e-07,8.302024798467755e-05,0.918876588344574
v107_s0494,107,494,0,0,0,1.0,2.01303992071189e-05,0.22557875514030457
v107_s0495,107,495,0,0,0,1.0,1.8663266700968961e-06,0.02153969369828701
v107_s0496,107,496,0,12,0,8.333332638888946e-08,0.0001996632054215297,0.9862035512924194
v107_s0497,107,497,0,0,0,1.0,1.9458225324342493e-06,0.02568761818110943
v107_s0498,107,498,0,13,0,7.692307100591761e-08,0.00020172585209365934,0.9965667724609375
v107_s0499,107,499,0,0,0,1.0,6.262167744353064e-07,0.0017602904699742794
v107_s0500,107,500,0,0,0,1.0,4.6840500544931274e-07,0.0018804973224177957
v107_s0501,107,501,0,2,0,4.99999750000125e-07,4.309257565182634e-05,0.6689691543579102
v107_s0502,107,502,0,16,0,6.249999609375024e-08,0.0002406148996669799,0.9997767806053162
v107_s0503,107,503,0,0,0,1.0,9.667993481343728e-07,0.008312146179378033
v107_s0504,107,504,0,0,0,1.0,9.233881996806304e-07,0.008756659924983978
v107_s0505,107,505,0,0,0,1.0,6.266962373047136e-06,0.06581246107816696
v107_s0506,107,506,0,0,0,1.0,6.359513463394251e-06,0.11049430072307587
v107_s0507,107,507,0,0,0,1.0,3.824052328127436e-06,0.03292311355471611
v107_s0508,107,508,0,0,0,1.0,1.2638104180950904e-06,0.005976569838821888
v107_s0509,107,509,0,0,0,1.0,5.272875114314957e-07,0.0005870929453521967
v107_s0510,107,510,0,0,0,1.0,5.664020363838063e-07,0.001435450161807239
v107_s0511,107,511,0,0,0,1.0,9.655109352024738e-07,0.011331561021506786
v107_s0512,107,512,0,0,0,1.0,5.767213338003785e-07,0.002002645982429385
v107_s0513,107,513,0,0,0,1.0,1.020129843709583e-06,0.00685673113912344
v107_s0514,107,514,0,0,0,1.0,8.21950493445911e-07,0.0028380814474076033
v107_s0515,107,515,0,0,0,1.0,1.0285776852470008e-06,0.008165697567164898
v107_s0516,107,516,0,0,0,1.0,1.3611983149530715e-06,0.02911403216421604
v107_s0517,107,517,0,0,0,1.0,4.526098564383574e-06,0.10260649770498276
v107_s0518,107,518,0,0,0,1.0,1.0018782631959766e-05,0.27277401089668274
v107_s0519,107,519,0,0,0,1.0,1.4831094858891447e-06,0.017466919496655464
v107_s0520,107,520,0,0,0,1.0,4.280418579583056e-06,0.11830909550189972
v107_s0521,107,521,0,0,0,1.0,4.216523734612565e-07,0.0009552648989483714
v107_s0522,107,522,0,0,0,1.0,4.566401230476913e-07,0.0007483534282073379
v107_s0523,107,523,0,0,0,1.0,5.601026487056515e-07,0.0008902737754397094
v107_s0524,107,524,0,0,0,1.0,1.4450956768996548e-06,0.02771284431219101
v107_s0525,107,525,0,0,0,1.0,7.712094429734861e-07,0.006357136648148298
v107_s0526,107,526,0,0,0,1.0,1.4016044360687374e-06,0.014202350750565529
v107_s0527,107,527,0,0,0,1.0,8.954086183621257e-07,0.002456109272316098
v107_s0528,107,528,0,0,0,1.0,6.727572099407553e-07,0.0012088133953511715
v107_s0529,107,529,0,0,0,1.0,5.613845814878005e-07,0.0006316768121905625
v107_s0530,107,530,0,0,0,1.0,1.5197065295069478e-06,0.014176197350025177
v107_s0531,107,531,0,0,0,1.0,6.80514517625852e-07,0.0010506570106372237
v107_s0532,107,532,0,0,0,1.0,5.686341637556325e-07,0.0010694513330236077
v107_s0533,107,533,0,0,0,1.0,8.004655001059291e-07,0.011951577849686146
v107_s0534,107,534,0,0,0,1.0,3.2654093047312927e-06,0.11829636245965958
v107_s0535,107,535,0,0,0,1.0,1.577397711116646e-06,0.03899633139371872
v107_s0536,107,536,0,0,0,1.0,8.720248274585174e-07,0.006368713919073343
v107_s0537,107,537,0,0,0,1.0,4.939645350532373e-07,0.0008007971337065101
v107_s0538,107,538,0,0,0,1.0,5.501316309164395e-07,0.0012082038447260857
v107_s0539,107,539,0,0,0,1.0,4.353636597898003e-07,0.000681145116686821
v107_s0540,107,540,0,0,0,1.0,4.5197913323136163e-07,0.0005318628973327577
v107_s0541,107,541,0,0,0,1.0,8.074484867393039e-07,0.009440386667847633
v107_s0542,107,542,0,0,0,1.0,5.767269044554268e-07,0.0010567347053438425
v107_s0543,107,543,0,0,0,1.0,6.491547992482083e-07,0.001434368547052145
v107_s0544,107,544,0,0,0,1.0,5.644030807161471e-07,0.0010693127987906337
v107_s0545,107,545,0,0,0,1.0,5.178154083296249e-07,0.001127213123254478
v107_s0546,107,546,0,0,0,1.0,8.286571073767846e-07,0.014928540214896202
v107_s0547,107,547,0,0,0,1.0,1.0746214229584439e-06,0.017399152740836143
v107_s0548,107,548,0,0,0,1.0,4.005996174782922e-07,0.0012649351265281439
v107_s0549,107,549,0,0,0,1.0,5.238398443907499e-07,0.004421745892614126
v107_s0550,107,550,0,0,0,1.0,8.397660735681711e-07,0.006463759578764439
v107_s0551,107,551,0,0,0,1.0,1.653073240959202e-06,0.020088963210582733
v107_s0552,107,552,0,0,0,1.0,2.4916446363931755e-06,0.03244094178080559
v107_s0553,107,553,0,0,0,1.0,1.835970465435821e-06,0.011264044791460037
v107_s0554,107,554,0,0,0,1.0,1.102833607546927e-06,0.0030592549592256546
v107_s0555,107,555,0,0,0,1.0,9.051583447217126e-07,0.006477790419012308
v107_s0556,107,556,0,0,0,1.0,7.09676214682986e-07,0.0037846071645617485
v107_s0557,107,557,0,0,0,1.0,8.716302204447857e-07,0.0017000215593725443
v107_s0558,107,558,0,0,0,1.0,5.906625801799237e-07,0.0010465687373653054
v107_s0559,107,559,0,0,0,1.0,8.015815637918422e-07,0.0017791306599974632
v107_s0560,107,560,0,0,0,1.0,7.137345505725534e-07,0.004198386799544096
v107_s0561,107,561,0,0,0,1.0,7.165899660321884e-07,0.00914589874446392
v107_s0562,107,562,0,0,0,1.0,7.017913503659656e-07,0.0025847931392490864
v107_s0563,107,563,0,0,0,1.0,5.728126097892527e-07,0.00032127570011653006
v107_s0564,107,564,0,0,0,1.0,5.695640084013576e-07,0.0020332392305135727
v107_s0565,107,565,0,0,0,1.0,6.824946012784494e-07,0.002734260866418481
v107_s0566,107,566,0,0,0,1.0,7.785405955473834e-07,0.0012832791544497013
v107_s0567,107,567,0,0,0,1.0,4.3985363618048723e-07,0.00042950111674144864
v107_s0568,107,568,0,0,0,1.0,4.514456861670624e-07,0.0005365205579437315
v107_s0569,107,569,0,0,0,1.0,5.425471272246796e-07,0.0007901772623881698
v107_s0570,107,570,0,0,0,1.0,7.198021876320126e-07,0.0018310602754354477
v107_s0571,107,571,0,0,0,1.0,1.8522048321756301e-06,0.009717663750052452
v107_s0572,107,572,0,0,0,1.0,5.2085742936469615e-06,0.02412915974855423
v107_s0573,107,573,0,0,0,1.0,7.823741725587752e-07,0.0025084216613322496
v107_s0574,107,574,0,0,0,1.0,6.262393412725942e-07,0.0029135229997336864
v107_s0575,107,575,0,0,0,1.0,5.599749215434713e-07,0.0017692020628601313
v107_s0576,107,576,0,0,0,1.0,6.84169299347559e-06,0.028575919568538666
v107_s0577,107,577,0,0,0,1.0,1.3564128494181205e-05,0.09585042297840118
v107_s0578,107,578,0,0,0,1.0,6.1572536651510745e-06,0.0401790626347065
v107_s0579,107,579,0,0,0,1.0,1.2015228094242048e-05,0.05586245283484459
v107_s0580,107,580,0,0,0,1.0,3.6737463233293965e-05,0.16477274894714355
v107_s0581,107,581,0,0,0,1.0,2.84889592876425e-05,0.07429706305265427
v107_s0582,107,582,0,0,0,1.0,1.7659862351138145e-05,0.05236491933465004
v107_s0583,107,583,0,0,0,1.0,1.6987794879241847e-05,0.039433542639017105
v107_s0584,107,584,0,0,0,1.0,4.576416176860221e-05,0.1102660596370697
v107_s0585,107,585,0,0,0,1.0,8.146712389134336e-06,0.017778733745217323
v107_s0586,107,586,0,0,0,1.0,1.1183778042322956e-05,0.03376219421625137
v107_s0587,107,587,0,0,0,1.0,6.800421033403836e-06,0.029850341379642487
v107_s0588,107,588,0,0,0,1.0,3.478799953882117e-06,0.06992600858211517
v107_s0589,107,589,0,0,0,1.0,4.32135720984661e-06,0.05769560858607292
v107_s0590,107,590,0,0,0,1.0,7.647311576874927e-06,0.1762026697397232
v107_s0591,107,591,0,0,0,1.0,1.86652357569983e-06,0.026693062856793404
v107_s0592,107,592,0,0,0,1.0,4.53391976407147e-06,0.04152263328433037
v107_s0593,107,593,0,0,0,1.0,1.795187927200459e-06,0.011450700461864471
v107_s0594,107,594,0,0,0,1.0,7.070314040902304e-07,0.0009032703237608075
v107_s0595,107,595,0,0,0,1.0,9.512029919278575e-07,0.0027404583524912596
v107_s0596,107,596,0,0,0,1.0,1.2533091648947448e-06,0.0015689783031120896
v107_s0597,107,597,0,0,0,1.0,2.094032879540464e-06,0.006063415668904781
v107_s0598,107,598,0,0,0,1.0,5.780945230071666e-06,0.05200710892677307
v107_s0599,107,599,0,0,0,1.0,1.8997403458342887e-05,0.19531792402267456
v107_s0600,107,600,0,0,0,1.0,2.451357204336091e-06,0.007751171477138996
v107_s0601,107,601,0,0,0,1.0,1.6108039062601165e-06,0.0038269134238362312
v107_s0602,107,602,0,0,0,1.0,1.699103904684307e-06,0.005487837363034487
v107_s0603,107,603,0,0,0,1.0,1.6409735508204903e-06,0.0035025065299123526
v107_s0604,107,604,0,0,0,1.0,8.588069704273948e-07,0.0007967952406033874
v107_s0605,107,605,0,0,0,1.0,6.539177093145554e-07,0.0006564187933690846
v107_s0606,107,606,0,0,0,1.0,8.861393325787503e-07,0.001551578170619905
v107_s0607,107,607,0,0,0,1.0,2.083446815959178e-06,0.02073732204735279
v107_s0608,107,608,0,0,0,1.0,2.8665131139860023e-06,0.013139876537024975
v107_s0609,107,609,0,0,0,1.0,1.6499101320732734e-06,0.01776157133281231
v107_s0610,107,610,0,0,0,1.0,1.4427487258217297e-06,0.027562906965613365
v107_s0611,107,611,0,0,0,1.0,2.0628935999411624e-06,0.05427734553813934
v107_s0612,107,612,0,0,0,1.0,1.3540266081690788e-06,0.026423273608088493
v107_s0613,107,613,0,0,0,1.0,1.2941200111526996e-06,0.015765415504574776
v107_s0614,107,614,0,0,0,1.0,9.381148515785753e-07,0.01128332782536745
v107_s0615,107,615,0,0,0,1.0,6.928382845217129e-07,0.006250481586903334
v107_s0616,107,616,0,0,0,1.0,5.434561671791016e-07,0.0011536184465512633
v107_s0617,107,617,0,0,0,1.0,7.099025651768898e-07,0.006382772233337164
v107_s0618,107,618,0,0,0,1.0,6.037829507476999e-07,0.0049392785876989365
v107_s0619,107,619,0,0,0,1.0,7.784813078615116e-07,0.008995255455374718
v107_s0620,107,620,0,0,0,1.0,1.0431706414237851e-06,0.021863766014575958
v107_s0621,107,621,0,0,0,1.0,1.0805703141159029e-06,0.017705179750919342
v107_s0622,107,622,0,0,0,1.0,1.0589769772195723e-06,0.01137608289718628
v107_s0623,107,623,0,0,0,1.0,1.0717250233938103e-06,0.017499594017863274
v107_s0624,107,624,0,0,0,1.0,9.146822890215844e-07,0.008610413409769535
v107_s0625,107,625,0,0,0,1.0,7.640729222657683e-07,0.0042897737585008144
v107_s0626,107,626,0,0,0,1.0,7.927502565507893e-07,0.00273428694345057
v107_s0627,107,627,0,0,0,1.0,5.904820454816218e-07,0.0028377589769661427
v107_s0628,107,628,0,0,0,1.0,5.411822030509938e-07,0.001187036745250225
v107_s0629,107,629,0,0,0,1.0,5.175874662199931e-07,0.00025341936270706356
v107_s0630,107,630,0,0,0,1.0,5.088796228847059e-07,0.00022273723152466118
v107_s0631,107,631,0,0,0,1.0,7.241964681270474e-07,0.0005522259743884206
v107_s0632,107,632,0,0,0,1.0,5.810652510263026e-07,0.0033393993508070707
v107_s0633,107,633,0,0,0,1.0,4.873432999374927e-07,0.002522633410990238
v107_s0634,107,634,0,0,0,1.0,5.181558435651823e-07,0.0030454813968390226
v107_s0635,107,635,0,0,0,1.0,7.116155416042602e-07,0.002900641178712249
v107_s0636,107,636,0,0,0,1.0,7.096189733601932e-07,0.00170604488812387
v107_s0637,107,637,0,0,0,1.0,7.51694187783869e-07,0.0023853180464357138
v107_s0638,107,638,0,0,0,1.0,6.443281108658994e-07,0.0025638260412961245
v107_s0639,107,639,0,0,0,1.0,6.64355297885777e-07,0.0010246759047731757
v107_s0640,107,640,0,0,0,1.0,8.13454107628786e-07,0.005301044788211584
v107_s0641,107,641,0,0,0,1.0,8.880568884706008e-07,0.004770683124661446
v107_s0642,107,642,0,0,0,1.0,6.890010126880952e-07,0.0008774084853939712
v107_s0643,107,643,0,0,0,1.0,8.122008239297429e-07,0.001068014302290976
v107_s0644,107,644,0,0,0,1.0,7.571544529128005e-07,0.001018380164168775
v107_s0645,107,645,0,0,0,1.0,6.923912110323727e-07,0.0006435399991460145
v107_s0646,107,646,0,0,0,1.0,8.838081839712686e-07,0.000703990226611495
v107_s0647,107,647,0,0,0,1.0,8.740066164136806e-07,0.001381737645715475
v107_s0648,107,648,0,0,0,1.0,8.039199883569381e-07,0.0007790798554196954
v107_s0649,107,649,0,0,0,1.0,2.1405151073849993e-06,0.0020521697588264942
v107_s0650,107,650,0,0,0,1.0,1.4526199265674222e-06,0.0018073440296575427
v107_s0651,107,651,0,0,0,1.0,1.0279464959239704e-06,0.0023299017921090126
v107_s0652,107,652,0,0,0,1.0,9.380369192513172e-07,0.0012292232131585479
v107_s0653,107,653,0,0,0,1.0,1.2359510037640575e-06,0.0023161110002547503
v107_s0654,107,654,0,0,0,1.0,1.1494132650113897e-06,0.0016782648162916303
v107_s0655,107,655,0,0,0,1.0,1.2028693845422822e-06,0.002893997123464942
v107_s0656,107,656,0,0,0,1.0,9.532241165288724e-07,0.0008476364309899509
v107_s0657,107,657,0,0,0,1.0,1.08562562672887e-06,0.0017235735431313515
v107_s0658,107,658,0,0,0,1.0,1.4463674915532465e-06,0.0024674348533153534
v107_s0659,107,659,0,0,0,1.0,1.0030789781012572e-06,0.0007646168814972043
v107_s0660,107,660,0,0,0,1.0,8.603854553257406e-07,0.0007315929397009313
v107_s0661,107,661,0,0,0,1.0,7.259597509801097e-07,0.000871004187501967
v107_s0662,107,662,0,0,0,1.0,8.610622899141163e-07,0.00108494539745152
v107_s0663,107,663,0,0,0,1.0,1.1125223409180762e-06,0.0013284435262903571
v107_s0664,107,664,0,0,0,1.0,9.98079258351936e-07,0.0011830847943201661
v107_s0665,107,665,0,0,0,1.0,1.0790502074087271e-06,0.0017819807399064302
v107_s0666,107,666,0,0,0,1.0,1.2528829529401264e-06,0.0025268231984227896
v107_s0667,107,667,0,0,0,1.0,1.4187730812409427e-06,0.0021747187711298466
v107_s0668,107,668,0,0,0,1.0,1.187346470032935e-06,0.0015020938590168953
v107_s0669,107,669,0,0,0,1.0,1.0538483365962747e-06,0.0011636967537924647
v107_s0670,107,670,0,0,0,1.0,1.1193854334123898e-05,0.10322191566228867
v107_s0671,107,671,0,0,0,1.0,4.04154670832213e-05,0.43070465326309204
v107_s0672,107,672,0,0,0,1.0,4.324230758356862e-06,0.029376178979873657
v107_s0673,107,673,0,0,0,1.0,1.303098088101251e-06,0.002013913821429014
v107_s0674,107,674,0,0,0,1.0,1.334509988737409e-06,0.0027755112387239933
v107_s0675,107,675,0,0,0,1.0,1.635573653402389e-06,0.0026636181864887476
v107_s0676,107,676,0,0,0,1.0,1.3374859690884477e-06,0.0015196104068309069
v107_s0677,107,677,0,0,0,1.0,9.786770078790141e-07,0.0005556943942792714
v107_s0678,107,678,0,0,0,1.0,1.5221409057630808e-06,0.0021761078387498856
v107_s0679,107,679,0,0,0,1.0,1.7743701619110652e-06,0.002051125280559063
v107_s0680,107,680,0,0,0,1.0,1.7112481600634055e-06,0.001554307877086103
v107_s0681,107,681,0,0,0,1.0,1.3016531283938093e-06,0.0007014892180450261
v107_s0682,107,682,0,0,0,1.0,1.2385316949803382e-06,0.0010311921359971166
v107_s0683,107,683,0,0,0,1.0,1.2165958196419524e-06,0.0010124229593202472
v107_s0684,107,684,0,0,0,1.0,1.039204107655678e-06,0.0008519799448549747
v107_s0685,107,685,0,0,0,1.0,1.014646045405243e-06,0.0010851873084902763
v107_s0686,107,686,0,0,0,1.0,1.0191199635301018e-06,0.002510477090254426
v107_s0687,107,687,0,0,0,1.0,1.184127654596523e-06,0.0032659198623150587
v107_s0688,107,688,0,0,0,1.0,1.0659358622433501e-06,0.002029828494414687
v107_s0689,107,689,0,0,0,1.0,9.907948879117612e-07,0.0005674757994711399
v107_s0690,107,690,0,0,0,1.0,9.74540171228e-07,0.0006035543046891689
v107_s0691,107,691,0,0,0,1.0,1.1150114005431533e-06,0.0011776188621297479
v107_s0692,107,692,0,0,0,1.0,9.206733011524193e-07,0.0015325237764045596
v107_s0693,107,693,0,0,0,1.0,9.087247576644586e-07,0.0007830018294043839
v107_s0694,107,694,0,0,0,1.0,1.2172280321465223e-06,0.00417308509349823
v107_s0695,107,695,0,0,0,1.0,1.1774797030739137e-06,0.002625810680910945
v107_s0696,107,696,0,0,0,1.0,1.2808743576897541e-06,0.0033256998285651207
v107_s0697,107,697,0,0,0,1.0,9.02252565992967e-07,0.0007945414981804788
v107_s0698,107,698,0,0,0,1.0,7.924228384581511e-07,0.001156364451162517
v107_s0699,107,699,0,0,0,1.0,1.0780609045468736e-06,0.0016953842714428902
v107_s0700,107,700,0,0,0,1.0,7.827359240764054e-07,0.0008122171857394278
v107_s0701,107,701,0,0,0,1.0,8.454755970888073e-07,0.0009752110345289111
v107_s0702,107,702,0,0,0,1.0,1.419731006535585e-06,0.008567940443754196
v107_s0703,107,703,0,0,0,1.0,1.2119190841985983e-06,0.0045151780359447
v107_s0704,107,704,0,0,0,1.0,9.170066732622217e-07,0.0016257393872365355
v107_s0705,107,705,0,0,0,1.0,8.18411876934988e-07,0.0007050285348668694
v107_s0706,107,706,0,0,0,1.0,9.333791126664437e-07,0.0007623893907293677
v107_s0707,107,707,0,0,0,1.0,7.967930173435889e-07,0.0012472650269046426
v107_s0708,107,708,0,0,0,1.0,8.368378985323943e-07,0.003560825018212199
v107_s0709,107,709,0,0,0,1.0,9.121288258029381e-07,0.0014664570335298777
v107_s0710,107,710,0,0,0,1.0,8.918209459807258e-07,0.0013610231690108776
v107_s0711,107,711,0,0,0,1.0,9.906922286972986e-07,0.0039523388259112835
v107_s0712,107,712,0,0,0,1.0,6.960218001950125e-07,0.000617287412751466
v107_s0713,107,713,0,0,0,1.0,6.84858491695195e-07,0.0006495276466012001
v107_s0714,107,714,0,0,0,1.0,8.774371167419304e-07,0.002579269465059042
v107_s0715,107,715,0,0,0,1.0,9.513540817351895e-07,0.00197212933562696
v107_s0716,107,716,0,0,0,1.0,8.963185678112495e-07,0.002381817903369665
v107_s0717,107,717,0,0,0,1.0,7.935402663861169e-07,0.001670909347012639
v107_s0718,107,718,0,0,0,1.0,7.260284746735124e-07,0.0005135052488185465
v107_s0719,107,719,0,0,0,1.0,7.850622978367028e-07,0.0007137726061046124
v107_s0720,107,720,0,0,0,1.0,7.768007890263107e-07,0.0018216217868030071
v107_s0721,107,721,0,0,0,1.0,6.94245954946382e-07,0.0003948879602830857
v107_s0722,107,722,0,0,0,1.0,8.216997002818971e-07,0.0012625277740880847
v107_s0723,107,723,0,0,0,1.0,7.692555072935647e-07,0.0005067778984084725
v107_s0724,107,724,0,0,0,1.0,7.281822718141484e-07,0.00041946914279833436
v107_s0725,107,725,0,0,0,1.0,7.871828415773052e-07,0.0006894183461554348
v107_s0726,107,726,0,0,0,1.0,7.147204996726941e-07,0.0005676937871612608
v107_s0727,107,727,0,0,0,1.0,7.251707074829028e-07,0.003700800007209182
v107_s0728,107,728,0,0,0,1.0,7.490525604225695e-07,0.0006946005742065609
v107_s0729,107,729,0,0,0,1.0,8.25469101073395e-07,0.0011064526624977589
v107_s0730,107,730,0,0,0,1.0,9.47198600442789e-07,0.00039290907443501055
v107_s0731,107,731,0,0,0,1.0,9.500276973994914e-07,0.0007433723076246679
v107_s0732,107,732,0,0,0,1.0,7.979890597198391e-07,0.000591698510106653
v107_s0733,107,733,0,0,0,1.0,8.273651701529161e-07,0.0010193692287430167
v107_s0734,107,734,0,0,0,1.0,6.347167982312385e-07,0.0005587355117313564
v107_s0735,107,735,0,0,0,1.0,6.704799488943536e-07,0.0006870519137009978
v107_s0736,107,736,0,0,0,1.0,6.595364538952708e-07,0.00032955207279883325
v107_s0737,107,737,0,0,0,1.0,8.495395604768419e-07,0.0016647640150040388
v107_s0738,107,738,0,0,0,1.0,9.960315310308943e-07,0.0076796384528279305
v107_s0739,107,739,0,0,0,1.0,1.4642153018940007e-06,0.020629117265343666
v107_s0740,107,740,0,0,0,1.0,8.016218089323957e-07,0.0013545311521738768
v107_s0741,107,741,0,0,0,1.0,9.785833299247315e-07,0.00416427431628108
v107_s0742,107,742,0,0,0,1.0,8.438379950348462e-07,0.0023201152216643095
v107_s0743,107,743,0,0,0,1.0,6.79609570397588e-07,0.0007312928210012615
v107_s0744,107,744,0,0,0,1.0,9.154549047707405e-07,0.0020057037472724915
v107_s0745,107,745,0,0,0,1.0,8.958933790381707e-07,0.0013726737815886736
v107_s0746,107,746,0,0,0,1.0,9.721816240926273e-07,0.0032845092937350273
v107_s0747,107,747,0,0,0,1.0,1.1217953215236776e-06,0.0023255320265889168
v107_s0748,107,748,0,0,0,1.0,2.5325673504994484e-06,0.052926354110240936
v107_s0749,107,749,0,0,0,1.0,1.0547753390710568e-06,0.004187038633972406
v107_s0750,107,750,0,0,0,1.0,9.673207159721642e-07,0.0021709194406867027
v107_s0751,107,751,0,0,0,1.0,7.046822929623886e-07,0.0014469291782006621
v107_s0752,107,752,0,0,0,1.0,7.280002591869561e-07,0.0011440832167863846
v107_s0753,107,753,0,0,0,1.0,5.913778409194492e-07,0.00021506442863028497
v107_s0754,107,754,0,0,0,1.0,7.773189167892269e-07,0.0018491423688828945
v107_s0755,107,755,0,0,0,1.0,9.04503167475923e-07,0.00040109065594151616
v107_s0756,107,756,0,0,0,1.0,7.870766580708732e-07,0.0003856729599647224
v107_s0757,107,757,0,0,0,1.0,6.820155249442905e-07,0.0006280177040025592
v107_s0758,107,758,0,0,0,1.0,9.028299245983362e-07,0.0011487319134175777
v107_s0759,107,759,0,0,0,1.0,8.882900601747679e-07,0.0007570252637378871
v107_s0760,107,760,0,0,0,1.0,8.368887165488559e-07,0.0010620777029544115
v107_s0761,107,761,0,0,0,1.0,8.50735261792579e-07,0.0008916240185499191
v107_s0762,107,762,0,0,0,1.0,6.76349031891732e-07,0.0007009812979958951
v107_s0763,107,763,0,0,0,1.0,6.704248107780586e-07,0.00033526893821544945
v107_s0764,107,764,0,0,0,1.0,1.1814373692686786e-06,0.0010315885301679373
v107_s0765,107,765,0,0,0,1.0,1.7892056121127098e-06,0.0021622334606945515
v107_s0766,107,766,0,0,0,1.0,2.5286030904680956e-06,0.007122403010725975
v107_s0767,107,767,0,0,0,1.0,1.2569121281558182e-06,0.0009361160336993635
v107_s0768,107,768,0,0,0,1.0,1.4866143374092644e-06,0.0016171049792319536
v107_s0769,107,769,0,0,0,1.0,1.7328299009022885e-06,0.0016576081980019808
v107_s0770,107,770,0,0,0,1.0,2.2894496396475006e-06,0.0012356002116575837
v108_s0000,108,0,0,0,0,1.0,7.61761612011469e-07,0.001146919559687376
v108_s0001,108,1,0,0,0,1.0,9.571655255058431e-07,0.0012564599746838212
v108_s0002,108,2,0,0,0,1.0,4.007897587143816e-06,0.03439702093601227
v108_s0003,108,3,0,0,0,1.0,1.3389364994509378e-06,0.0060316468589007854
v108_s0004,108,4,0,0,0,1.0,9.758756505107158e-07,0.001212538219988346
v108_s0005,108,5,0,0,0,1.0,1.3288174613990122e-06,0.003688003635033965
v108_s0006,108,6,0,0,0,1.0,1.0463779744895874e-06,0.0019096023170277476
v108_s0007,108,7,0,0,0,1.0,2.789856353047071e-06,0.016208216547966003
v108_s0008,108,8,0,0,0,1.0,1.171968051494332e-06,0.00376893556676805
v108_s0009,108,9,0,0,0,1.0,1.1796053513535298e-05,0.14134839177131653
v108_s0010,108,10,0,0,0,1.0,3.441586159169674e-06,0.025043882429599762
v108_s0011,108,11,0,0,0,1.0,1.4646406043539173e-06,0.003987487871199846
v108_s0012,108,12,0,0,0,1.0,2.113222308253171e-06,0.010471842251718044
v108_s0013,108,13,0,0,0,1.0,2.3289499040402006e-06,0.024768535047769547
v108_s0014,108,14,0,0,0,1.0,4.171253294771304e-06,0.04736540839076042
v108_s0015,108,15,0,0,0,1.0,1.3318619949131971e-06,0.002752151805907488
v108_s0016,108,16,0,0,0,1.0,1.489369878981961e-06,0.005668096709996462
v108_s0017,108,17,0,0,0,1.0,1.5138671187742148e-06,0.006513526197522879
v108_s0018,108,18,0,0,0,1.0,1.268033656742773e-06,0.011972182430326939
v108_s0019,108,19,0,0,0,1.0,8.868381655702251e-07,0.005946822464466095
v108_s0020,108,20,0,0,0,1.0,1.2766906820615986e-06,0.006972393952310085
v108_s0021,108,21,0,0,0,1.0,1.987781843126868e-06,0.029371287673711777
v108_s0022,108,22,0,0,0,1.0,1.5134583009057678e-06,0.02446824125945568
v108_s0023,108,23,0,0,0,1.0,1.805941792554222e-06,0.01750774495303631
v108_s0024,108,24,0,0,0,1.0,1.0280268725182395e-06,0.006965906359255314
v108_s0025,108,25,0,0,0,1.0,1.395591198161128e-06,0.015645697712898254
v108_s0026,108,26,0,0,0,1.0,4.911552878184011e-06,0.07145718485116959
v108_s0027,108,27,0,0,0,1.0,4.948959940520581e-06,0.06699402630329132
v108_s0028,108,28,0,0,0,1.0,3.4336844692006707e-06,0.06028951704502106
v108_s0029,108,29,0,0,0,1.0,1.4915589190422907e-06,0.013772690668702126
v108_s0030,108,30,0,0,0,1.0,9.658655244493275e-07,0.001191088231280446
v108_s0031,108,31,0,0,0,1.0,9.091796187021828e-07,0.001493765041232109
v108_s0032,108,32,0,0,0,1.0,7.456364983227104e-07,0.0019453187705948949
v108_s0033,108,33,0,0,0,1.0,1.1107977115898393e-06,0.008358793333172798
v108_s0034,108,34,0,0,0,1.0,2.3557736312795896e-06,0.010008825920522213
v108_s0035,108,35,0,0,0,1.0,2.1067844500066712e-06,0.004919958300888538
v108_s0036,108,36,0,0,0,1.0,1.3837131973559735e-06,0.0021639452315866947
v108_s0037,108,37,0,0,0,1.0,2.466045225446578e-05,0.23965904116630554
v108_s0038,108,38,0,0,0,1.0,1.5821735814824933e-06,0.0024100590962916613
v108_s0039,108,39,0,0,0,1.0,2.997568572027376e-06,0.022090531885623932
v108_s0040,108,40,0,2,0,4.99999750000125e-07,5.1728911785176024e-05,0.5495531558990479
v108_s0041,108,41,0,0,0,1.0,2.6116191293112934e-05,0.4086894690990448
v108_s0042,108,42,0,0,0,1.0,4.645677108783275e-06,0.036671511828899384
v108_s0043,108,43,0,0,0,1.0,1.7045074400812155e-06,0.0018365118885412812
v108_s0044,108,44,0,0,0,1.0,1.4398126495507313e-06,0.002920120023190975
v108_s0045,108,45,0,0,0,1.0,1.5445911003553192e-06,0.004778556991368532
v108_s0046,108,46,0,0,0,1.0,1.5345201518357499e-06,0.008018101565539837
v108_s0047,108,47,0,0,0,1.0,1.5993776969480678e-06,0.0059034135192632675
v108_s0048,108,48,0,0,0,1.0,1.715016878733877e-06,0.004675285425037146
v108_s0049,108,49,0,0,0,1.0,1.6158350035766489e-06,0.002005118876695633
v108_s0050,108,50,0,0,0,1.0,1.8570344764157198e-06,0.0020289390813559294
v108_s0051,108,51,0,0,0,1.0,1.5153893855313072e-06,0.0031098995823413134
v108_s0052,108,52,0,0,0,1.0,2.9875495783926453e-06,0.020005643367767334
v108_s0053,108,53,0,0,0,1.0,3.1040767680678982e-06,0.020934168249368668
v108_s0054,108,54,0,0,0,1.0,1.6376573057641508e-06,0.004898637067526579
v108_s0055,108,55,0,0,0,1.0,1.437201149201428e-06,0.0032914304174482822
v108_s0056,108,56,0,0,0,1.0,2.536211013648426e-06,0.02176540344953537
v108_s0057,108,57,0,0,0,1.0,1.9392459762457293e-06,0.005722482223063707
v108_s0058,108,58,0,0,0,1.0,4.483824341150466e-06,0.023789865896105766
v108_s0059,108,59,0,0,0,1.0,4.130656634515617e-06,0.02289601042866707
v108_s0060,108,60,0,0,0,1.0,4.180518772045616e-06,0.035282693803310394
v108_s0061,108,61,0,0,0,1.0,3.324005319882417e-06,0.031631361693143845
v108_s0062,108,62,0,0,0,1.0,8.341303328052163e-06,0.12899602949619293
v108_s0063,108,63,0,0,0,1.0,8.33845933811972e-06,0.09594248980283737
v108_s0064,108,64,0,0,0,1.0,2.1588075469480827e-06,0.012703030370175838
v108_s0065,108,65,0,0,0,1.0,3.4500380934332497e-06,0.03266322612762451
v108_s0066,108,66,0,0,0,1.0,4.2262299757567234e-06,0.028565114364027977
v108_s0067,108,67,0,0,0,1.0,3.7999120650056284e-06,0.010173489339649677
v108_s0068,108,68,0,0,0,1.0,3.638075895651127e-06,0.008886133320629597
v108_s0069,108,69,0,0,0,1.0,3.0396729471249273e-06,0.005397786386311054
v108_s0070,108,70,0,0,0,1.0,2.199096797994571e-06,0.0038394404109567404
v108_s0071,108,71,0,0,0,1.0,1.5241361097650952e-06,0.007721993140876293
v108_s0072,108,72,0,0,0,1.0,2.0283114281482995e-06,0.029253777116537094
v108_s0073,108,73,0,0,0,1.0,2.115693405357888e-06,0.0203253123909235
v108_s0074,108,74,0,0,0,1.0,1.8660907699086238e-06,0.019719958305358887
v108_s0075,108,75,0,0,0,1.0,1.3122073596605333e-06,0.002682024845853448
v108_s0076,108,76,0,0,0,1.0,9.394811058882624e-06,0.0993540957570076
v108_s0077,108,77,0,0,0,1.0,1.2544903711386723e-06,0.005645127967000008
v108_s0078,108,78,0,0,0,1.0,2.2094657197158085e-06,0.02104341611266136
v108_s0079,108,79,0,0,0,1.0,2.6515313038544264e-06,0.02635692059993744
v108_s0080,108,80,0,0,0,1.0,3.517555342114065e-06,0.021232353523373604
v108_s0081,108,81,0,0,0,1.0,2.571533286754857e-06,0.01069333404302597
v108_s0082,108,82,0,0,0,1.0,2.6579964469419792e-06,0.011902553960680962
v108_s0083,108,83,0,0,0,1.0,2.4242158360721078e-06,0.014417615719139576
v108_s0084,108,84,0,0,0,1.0,5.286527084535919e-06,0.0774964839220047
v108_s0085,108,85,0,0,0,1.0,6.297188974713208e-06,0.10718049108982086
v108_s0086,108,86,0,0,0,1.0,4.296922725188779e-06,0.038181859999895096
v108_s0087,108,87,0,0,0,1.0,3.4023025818896713e-06,0.030351314693689346
v108_s0088,108,88,0,0,0,1.0,1.8564129504738958e-06,0.00963998306542635
v108_s0089,108,89,0,0,0,1.0,2.8407853278622497e-06,0.015645110979676247
v108_s0090,108,90,0,0,0,1.0,6.1614914557139855e-06,0.034352242946624756
v108_s0091,108,91,0,0,0,1.0,1.6711263015167788e-05,0.05134350061416626
v108_s0092,108,92,0,49,0,2.0408162848813002e-08,0.000780728179961443,0.9966804385185242
v108_s0093,108,93,0,5,0,1.99999960000008e-07,0.0001436467282474041,0.6900200247764587
v108_s0094,108,94,0,0,0,1.0,3.1473937269765884e-05,0.17911644279956818
v108_s0095,108,95,0,14,0,7.142856632653097e-08,0.00025445647770538926,0.8910099864006042
v108_s0096,108,96,0,7,0,1.428571224489825e-07,0.00016992770542856306,0.7688678503036499
v108_s0097,108,97,0,38,0,2.6315788781163454e-08,0.0006076736026443541,0.998023271560669
v108_s0098,108,98,0,23,0,4.347825897920613e-08,0.00036726193502545357,0.9673652052879333
v108_s0099,108,99,0,22,0,4.5454543388429843e-08,0.0003687480930238962,0.9720686078071594
v108_s0100,108,100,0,21,0,4.761904535147403e-08,0.0003028591745533049,0.941262423992157
v108_s0101,108,101,0,0,0,1.0,3.312080661999062e-05,0.23168936371803284
v108_s0102,108,102,0,0,0,1.0,5.6980761655722745e-06,0.08389901369810104
v108_s0103,108,103,0,0,0,1.0,7.338891464314656e-06,0.10816693305969238
v108_s0104,108,104,0,0,0,1.0,3.779228563871584e-06,0.043414290994405746
v108_s0105,108,105,0,0,0,1.0,1.6714974435672048e-06,0.0028033305425196886
v108_s0106,108,106,0,0,0,1.0,1.3660574040841311e-06,0.005348871927708387
v108_s0107,108,107,0,0,0,1.0,1.3539757901526173e-06,0.004288751631975174
v108_s0108,108,108,0,0,0,1.0,1.3001670140511123e-06,0.0037346945609897375
v108_s0109,108,109,0,0,0,1.0,1.4223861626305734e-06,0.005614911671727896
v108_s0110,108,110,0,0,0,1.0,1.7920065147336572e-06,0.007460432127118111
v108_s0111,108,111,0,0,0,1.0,2.0472032247198513e-06,0.005914457142353058
v108_s0112,108,112,0,0,0,1.0,4.7401522351719905e-06,0.06705839931964874
v108_s0113,108,113,0,0,0,1.0,7.478938186977757e-06,0.13555781543254852
v108_s0114,108,114,0,0,0,1.0,1.6027731817302993e-06,0.014657510444521904
v108_s0115,108,115,0,0,0,1.0,1.45116700878134e-06,0.01071875263005495
v108_s0116,108,116,0,0,0,1.0,1.3333720971786533e-06,0.004401832353323698
v108_s0117,108,117,0,0,0,1.0,9.735166486279923e-07,0.002596828155219555
v108_s0118,108,118,0,0,0,1.0,9.707136996439658e-07,0.0045010303147137165
v108_s0119,108,119,0,0,0,1.0,1.0488113275641808e-06,0.0019314094679430127
v108_s0120,108,120,0,0,0,1.0,1.9645704014692456e-06,0.0037108969409018755
v108_s0121,108,121,0,0,0,1.0,2.043320819211658e-06,0.0027599772438406944
v108_s0122,108,122,0,0,0,1.0,3.2466609809489455e-06,0.007097318302839994
v108_s0123,108,123,0,0,0,1.0,2.636957106005866e-06,0.012627636082470417
v108_s0124,108,124,0,0,0,1.0,2.261423560412368e-06,0.01721525378525257
v108_s0125,108,125,0,0,0,1.0,1.4887330053170444e-06,0.002936090575531125
v108_s0126,108,126,0,0,0,1.0,1.729057089505659e-06,0.0038718637079000473
v108_s0127,108,127,0,0,0,1.0,1.6599403807049384e-06,0.0050475760363042355
v108_s0128,108,128,0,0,0,1.0,1.577840748723247e-06,0.003435271792113781
v108_s0129,108,129,0,0,0,1.0,1.672088274062844e-06,0.015333456918597221
v108_s0130,108,130,0,0,0,1.0,1.636775095903431e-06,0.007079826667904854
v108_s0131,108,131,0,0,0,1.0,1.3645486660607276e-06,0.0031703279819339514
v108_s0132,108,132,0,0,0,1.0,1.558082885821932e-06,0.0033358032815158367
v108_s0133,108,133,0,0,0,1.0,1.6732130916352617e-06,0.006994972936809063
v108_s0134,108,134,0,0,0,1.0,1.5154264474404044e-06,0.008865432813763618
v108_s0135,108,135,0,0,0,1.0,1.4968163668527268e-06,0.003958276938647032
v108_s0136,108,136,0,0,0,1.0,4.0613908822706435e-06,0.0268999096006155
v108_s0137,108,137,0,0,0,1.0,6.150525223347358e-06,0.06853874772787094
v108_s0138,108,138,0,0,0,1.0,2.6991685899702134e-06,0.016754943877458572
v108_s0139,108,139,0,0,0,1.0,1.6594875660302932e-06,0.008060736581683159
v108_s0140,108,140,0,0,0,1.0,1.0465065543030505e-06,0.003472080919891596
v108_s0141,108,141,0,0,0,1.0,1.044915734382812e-06,0.0013072746805846691
v108_s0142,108,142,0,0,0,1.0,9.693362699181307e-07,0.0013544970424845815
v108_s0143,108,143,0,0,0,1.0,9.62985836849839e-07,0.0009043221944011748
v108_s0144,108,144,0,0,0,1.0,8.929010846259189e-07,0.0012559049064293504
v108_s0145,108,145,0,0,0,1.0,1.4739234757144004e-06,0.012411540374159813
v108_s0146,108,146,0,0,0,1.0,1.0799449228215963e-06,0.0020487643778324127
v108_s0147,108,147,0,0,0,1.0,1.471381438022945e-06,0.015811007469892502
v108_s0148,108,148,0,0,0,1.0,1.44929583711928e-06,0.015764106065034866
v108_s0149,108,149,0,0,0,1.0,1.1374670521036023e-06,0.004747150465846062
v108_s0150,108,150,0,0,0,1.0,1.0086208703796729e-06,0.002859833650290966
v108_s0151,108,151,0,0,0,1.0,1.1815113794000354e-06,0.001970200566574931
v108_s0152,108,152,0,0,0,1.0,1.218271563629969e-06,0.0037634968757629395
v108_s0153,108,153,0,0,0,1.0,1.0125518201675732e-06,0.0021260008215904236
v108_s0154,108,154,0,0,0,1.0,1.2367744375296752e-06,0.003369675949215889
v108_s0155,108,155,0,0,0,1.0,4.976298441761173e-06,0.05062665417790413
v108_s0156,108,156,0,0,0,1.0,1.16157898446545e-05,0.1371040642261505
v108_s0157,108,157,0,0,0,1.0,3.0944045192882186e-06,0.026276519522070885
v108_s0158,108,158,0,0,0,1.0,5.308364961820189e-06,0.07228925824165344
v108_s0159,108,159,0,0,0,1.0,4.19302750742645e-06,0.03558355197310448
v108_s0160,108,160,0,0,0,1.0,3.8862849578436e-06,0.0689198449254036
v108_s0161,108,161,0,0,0,1.0,1.7178725784106064e-06,0.006995174568146467
v108_s0162,108,162,0,0,0,1.0,1.325676294072764e-06,0.00551336444914341
v108_s0163,108,163,0,0,0,1.0,1.673070869401272e-06,0.009382063522934914
v108_s0164,108,164,0,0,0,1.0,1.4058005035622045e-06,0.004198669455945492
v108_s0165,108,165,0,0,0,1.0,4.777130016009323e-06,0.060305312275886536
v108_s0166,108,166,0,0,0,1.0,1.4672177712782286e-06,0.0043633137829601765
v108_s0167,108,167,0,0,0,1.0,1.0532551186770434e-06,0.002682851627469063
v108_s0168,108,168,0,0,0,1.0,9.352876304546953e-07,0.002101765014231205
v108_s0169,108,169,0,0,0,1.0,9.485600003245054e-07,0.0009096668218262494
v108_s0170,108,170,0,0,0,1.0,9.828540896705817e-07,0.0010544519172981381
v108_s0171,108,171,0,0,0,1.0,1.0573172630756744e-06,0.0014560561394318938
v108_s0172,108,172,0,0,0,1.0,1.0202697922068182e-06,0.0025445809587836266
v108_s0173,108,173,0,0,0,1.0,1.1589884252316551e-06,0.004325277637690306
v108_s0174,108,174,0,0,0,1.0,2.0470606614253484e-06,0.010013197548687458
v108_s0175,108,175,0,0,0,1.0,1.7753559404809494e-06,0.00561492471024394
v108_s0176,108,176,0,0,0,1.0,1.5058467397466302e-06,0.006052867043763399
v108_s0177,108,177,0,0,0,1.0,1.3665967344422825e-06,0.005212729796767235
v108_s0178,108,178,0,0,0,1.0,1.3053197562840069e-06,0.005067306105047464
v108_s0179,108,179,0,0,0,1.0,1.2669654552155407e-06,0.003305402584373951
v108_s0180,108,180,0,0,0,1.0,1.1460963378340239e-06,0.0033930984791368246
v108_s0181,108,181,0,0,0,1.0,1.3775213574263034e-06,0.01145939901471138
v108_s0182,108,182,0,0,0,1.0,1.5042539871501504e-06,0.01531470101326704
v108_s0183,108,183,0,0,0,1.0,1.3660497870660038e-06,0.0036123436875641346
v108_s0184,108,184,0,0,0,1.0,1.3787869193038205e-06,0.0065171686001122
v108_s0185,108,185,0,0,0,1.0,1.8021567029791186e-06,0.007764903362840414
v108_s0186,108,186,0,0,0,1.0,1.8875231262427405e-06,0.013140544295310974
v108_s0187,108,187,0,0,0,1.0,1.8177287302023615e-06,0.005615535192191601
v108_s0188,108,188,0,0,0,1.0,1.9653746221592883e-06,0.006205463781952858
v108_s0189,108,189,0,0,0,1.0,7.775793164910283e-07,0.0012719555525109172
v108_s0190,108,190,0,0,0,1.0,9.162868082057685e-07,0.0009487306815572083
v108_s0191,108,191,0,0,0,1.0,1.0692152727642679e-06,0.0022520616184920073
v108_s0192,108,192,0,0,0,1.0,2.7844378109875834e-06,0.04885051026940346
v108_s0193,108,193,0,0,0,1.0,1.1261861345701618e-06,0.00633517699316144
v108_s0194,108,194,0,0,0,1.0,9.046289619618619e-07,0.0012169239344075322
v108_s0195,108,195,0,0,0,1.0,1.0851543947865139e-06,0.001687624491751194
v108_s0196,108,196,0,0,0,1.0,9.28611143535818e-07,0.0006315431674011052
v108_s0197,108,197,0,0,0,1.0,9.078648304239323e-07,0.0008795588510110974
v108_s0198,108,198,0,0,0,1.0,9.549944479658734e-07,0.0016762767918407917
v108_s0199,108,199,0,0,0,1.0,8.620142466497782e-07,0.0008061028202064335
v108_s0200,108,200,0,0,0,1.0,1.2783294778273557e-06,0.01368283573538065
v108_s0201,108,201,0,0,0,1.0,1.4168629149935441e-06,0.01236165501177311
v108_s0202,108,202,0,0,0,1.0,9.795895721254055e-07,0.0032326444052159786
v108_s0203,108,203,0,0,0,1.0,9.051322535924555e-07,0.001092669670470059
v108_s0204,108,204,0,0,0,1.0,9.682137260824675e-07,0.0031489101238548756
v108_s0205,108,205,0,0,0,1.0,1.1249730960116722e-05,0.189370259642601
v108_s0206,108,206,0,8,0,1.2499998437500196e-07,0.0001306049234699458,0.9022859930992126
v108_s0207,108,207,0,11,0,9.090908264462886e-08,0.00018103794718626887,0.9887845516204834
v108_s0208,108,208,0,6,0,1.666666388888935e-07,0.00010568342986516654,0.9158734679222107
v108_s0209,108,209,0,0,0,1.0,2.3202960619528312e-06,0.013863562606275082
v108_s0210,108,210,0,0,0,1.0,1.0326336905563949e-06,0.0012395650846883655
v108_s0211,108,211,0,0,0,1.0,8.720796813577181e-07,0.001147776492871344
v108_s0212,108,212,0,0,0,1.0,9.916744829752133e-07,0.002296189544722438
v108_s0213,108,213,0,0,0,1.0,4.226649707561592e-06,0.05074448883533478
v108_s0214,108,214,0,0,0,1.0,2.311409843969159e-06,0.00832771323621273
v108_s0215,108,215,0,0,0,1.0,1.5008071159172687e-06,0.0032333172857761383
v108_s0216,108,216,0,0,0,1.0,2.405567647656426e-05,0.40029311180114746
v108_s0217,108,217,0,0,0,1.0,1.2039952252962394e-06,0.003895751666277647
v108_s0218,108,218,0,0,0,1.0,3.1804468108020956e-06,0.054788731038570404
v108_s0219,108,219,0,0,0,1.0,4.519115918810712e-06,0.05896017327904701
v108_s0220,108,220,0,0,0,1.0,1.904268629004946e-06,0.01593673788011074
v108_s0221,108,221,0,0,0,1.0,1.2424320630088914e-06,0.0008746347157284617
v108_s0222,108,222,0,0,0,1.0,1.4677934814244509e-06,0.0020827914122492075
v108_s0223,108,223,0,0,0,1.0,2.199692062276881e-06,0.007485443260520697
v108_s0224,108,224,0,0,0,1.0,2.3345287445408758e-06,0.009574987925589085
v108_s0225,108,225,0,0,0,1.0,6.43664634480956e-06,0.12347911298274994
v108_s0226,108,226,0,0,0,1.0,2.7735281946661416e-06,0.009472358040511608
v108_s0227,108,227,0,0,0,1.0,2.1346374978747917e-06,0.0031882913317531347
v108_s0228,108,228,0,0,0,1.0,1.984451500902651e-06,0.0052717505022883415
v108_s0229,108,229,0,0,0,1.0,1.9168187463947106e-06,0.00325718498788774
v108_s0230,108,230,0,0,0,1.0,1.6205699466809165e-06,0.001826195977628231
v108_s0231,108,231,0,0,0,1.0,1.6997098555293633e-06,0.0016518608899787068
v108_s0232,108,232,0,0,0,1.0,1.6944654817052651e-06,0.0014248488005250692
v108_s0233,108,233,0,0,0,1.0,1.5196967524389038e-06,0.0018615490989759564
v108_s0234,108,234,0,0,0,1.0,1.5523554566243547e-06,0.0021875977981835604
v108_s0235,108,235,0,0,0,1.0,2.850487726391293e-05,0.10291562229394913
v108_s0236,108,236,0,31,0,3.225806347554634e-08,0.0005030810716561973,0.9648668169975281
v108_s0237,108,237,0,34,0,2.9411763840830475e-08,0.0005592249799519777,0.9792781472206116
v108_s0238,108,238,0,0,0,1.0,2.4237335310317576e-05,0.1340882033109665
v108_s0239,108,239,0,0,0,1.0,4.272073510946939e-06,0.0428406298160553
v108_s0240,108,240,0,0,0,1.0,2.5001813810376916e-06,0.051909949630498886
v108_s0241,108,241,0,0,0,1.0,1.8943966324513895e-06,0.017358772456645966
v108_s0242,108,242,0,0,0,1.0,6.196795311552705e-06,0.07177069783210754
v108_s0243,108,243,0,0,0,1.0,2.8511399250419345e-06,0.06099437549710274
v108_s0244,108,244,0,0,0,1.0,1.8490957245376194e-06,0.01641654781997204
v108_s0245,108,245,0,0,0,1.0,1.3721804634769796e-06,0.004822050221264362
v108_s0246,108,246,0,0,0,1.0,2.743353888945421e-06,0.015465673059225082
v108_s0247,108,247,0,0,0,1.0,6.735091574228136e-06,0.03869079425930977
v108_s0248,108,248,0,0,0,1.0,1.6626283922960283e-06,0.002592436270788312
v108_s0249,108,249,0,0,0,1.0,1.6007662679839996e-06,0.0031635151244699955
v108_s0250,108,250,0,0,0,1.0,1.3876684761271463e-06,0.0008498163078911602
v108_s0251,108,251,0,0,0,1.0,1.5380708191514714e-06,0.005576589610427618
v108_s0252,108,252,0,0,0,1.0,1.4405007959794602e-06,0.006719538476318121
v108_s0253,108,253,0,0,0,1.0,1.0475639555806993e-06,0.0010014738654717803
v108_s0254,108,254,0,0,0,1.0,1.0979437092828448e-06,0.0012240327196195722
v108_s0255,108,255,0,0,0,1.0,1.247807745130558e-06,0.0013967793202027678
v108_s0256,108,256,0,0,0,1.0,2.3633326691197e-06,0.022135134786367416
v108_s0257,108,257,0,0,0,1.0,1.3420815321296686e-06,0.004509653430432081
v108_s0258,108,258,0,0,0,1.0,2.801539721986046e-06,0.02973410300910473
v108_s0259,108,259,0,0,0,1.0,1.1850429473270196e-06,0.0047262622974812984
v108_s0260,108,260,0,0,0,1.0,1.347877969237743e-06,0.006160111166536808
v108_s0261,108,261,0,0,0,1.0,1.4921367892384296e-06,0.006730502005666494
v108_s0262,108,262,0,0,0,1.0,1.412567598890746e-06,0.002477451227605343
v108_s0263,108,263,0,0,0,1.0,4.394647021399578e-06,0.02325519174337387
v108_s0264,108,264,0,0,0,1.0,5.258017608866794e-06,0.07108151167631149
v108_s0265,108,265,0,0,0,1.0,7.443973117915448e-06,0.10554809868335724
v108_s0266,108,266,0,0,0,1.0,1.1146094038849697e-05,0.13085255026817322
v108_s0267,108,267,0,0,0,1.0,6.820955604780465e-06,0.06298601627349854
v108_s0268,108,268,0,0,0,1.0,1.771906113390287e-06,0.0021965045016258955
v108_s0269,108,269,0,0,0,1.0,1.1999027265119366e-06,0.0006068748189136386
v108_s0270,108,270,0,0,0,1.0,1.1591770316954353e-06,0.0007759934524074197
v108_s0271,108,271,0,0,0,1.0,1.1774059203162324e-06,0.0011215427657589316
v108_s0272,108,272,0,0,0,1.0,2.0087481971131638e-06,0.01922946609556675
v108_s0273,108,273,0,0,0,1.0,1.4157523082758416e-06,0.0034435896668583155
v108_s0274,108,274,0,0,0,1.0,1.351889068246237e-06,0.0010944277746602893
v108_s0275,108,275,0,0,0,1.0,2.2137455744086765e-06,0.0021467937622219324
v108_s0276,108,276,0,0,0,1.0,3.707697260324494e-06,0.005333750508725643
v108_s0277,108,277,0,0,0,1.0,5.544627583731199e-06,0.0061172558926045895
v108_s0278,108,278,0,0,0,1.0,2.365739192100591e-06,0.001253684749826789
v108_s0279,108,279,0,0,0,1.0,2.780855993478326e-06,0.0025212347973138094
v108_s0280,108,280,0,0,0,1.0,1.488063048782351e-06,0.0018509631045162678
v108_s0281,108,281,0,0,0,1.0,3.7169349980104016e-06,0.005088882055133581
v108_s0282,108,282,0,0,0,1.0,6.626344202231849e-06,0.005162115208804607
v108_s0283,108,283,0,0,0,1.0,5.028990017308388e-06,0.0037394436076283455
v108_s0284,108,284,0,0,0,1.0,1.2167306522314902e-05,0.007781409192830324
v108_s0285,108,285,0,0,0,1.0,9.475024853600189e-06,0.0067870705388486385
v108_s0286,108,286,0,0,0,1.0,3.127600848529255e-06,0.004607730079442263
v108_s0287,108,287,0,0,0,1.0,6.884574759169482e-06,0.015251836739480495
v108_s0288,108,288,0,0,0,1.0,2.086881750074099e-06,0.004598418716341257
v108_s0289,108,289,0,0,0,1.0,1.5961568351485766e-06,0.003532851580530405
v108_s0290,108,290,0,0,0,1.0,3.060010385524947e-06,0.003903981763869524
v108_s0291,108,291,0,0,0,1.0,7.220407042041188e-06,0.012570647522807121
v108_s0292,108,292,0,0,0,1.0,8.776213689998258e-06,0.009984107688069344
v108_s0293,108,293,0,0,0,1.0,5.690227226295974e-06,0.004251937381923199
v108_s0294,108,294,0,0,0,1.0,3.3362994145136327e-06,0.012060202658176422
v108_s0295,108,295,0,0,0,1.0,1.8634915477377945e-06,0.0023959395475685596
v108_s0296,108,296,0,0,0,1.0,4.747110779135255e-06,0.018897593021392822
v108_s0297,108,297,0,0,0,1.0,2.407365855106036e-06,0.013144669122993946
v108_s0298,108,298,0,0,0,1.0,1.5649368378944928e-06,0.006411966867744923
v108_s0299,108,299,0,0,0,1.0,1.1481505453048158e-06,0.0015872945077717304
v108_s0300,108,300,0,0,0,1.0,1.1753186299756635e-06,0.0025827717036008835
v108_s0301,108,301,0,0,0,1.0,1.839463834585331e-06,0.009504616260528564
v108_s0302,108,302,0,0,0,1.0,3.218101483071223e-06,0.0028906692750751972
v108_s0303,108,303,0,0,0,1.0,1.1629947493929649e-06,0.002033006167039275
v108_s0304,108,304,0,0,0,1.0,7.101966730260756e-07,0.000630196591373533
v108_s0305,108,305,0,0,0,1.0,1.1922265912289731e-06,0.002719681244343519
v108_s0306,108,306,0,0,0,1.0,7.368075330305146e-06,0.10504943877458572
v108_s0307,108,307,0,0,0,1.0,8.91081344889244e-06,0.11310964822769165
v108_s0308,108,308,0,0,0,1.0,7.885285413067322e-06,0.10039716213941574
v108_s0309,108,309,0,0,0,1.0,1.943353936439962e-06,0.01675759255886078
v108_s0310,108,310,0,0,0,1.0,2.0413840502442326e-06,0.043068528175354004
v108_s0311,108,311,0,0,0,1.0,5.18023080076091e-06,0.1724129468202591
v108_s0312,108,312,0,1,0,9.99999000001e-07,1.52568400153541e-05,0.5147922039031982
v108_s0313,108,313,0,1,0,9.99999000001e-07,4.0256360080093145e-05,0.6864370703697205
v108_s0314,108,314,0,0,0,1.0,2.2869040549267083e-05,0.3060230016708374
v108_s0315,108,315,0,0,0,1.0,5.376406534196576e-06,0.09804043918848038
v108_s0316,108,316,0,0,0,1.0,2.4210476112784818e-06,0.007867113687098026
v108_s0317,108,317,0,0,0,1.0,2.49031063503935e-06,0.043382737785577774
v108_s0318,108,318,0,0,0,1.0,1.7553983298057574e-06,0.00832423660904169
v108_s0319,108,319,0,0,0,1.0,1.073374619409151e-06,0.0022390924859791994
v108_s0320,108,320,0,0,0,1.0,1.080362835637061e-06,0.0012739658122882247
v108_s0321,108,321,0,0,0,1.0,8.924300800572382e-07,0.0016273994697257876
v108_s0322,108,322,0,0,0,1.0,1.0279410389557597e-06,0.002873779274523258
v108_s0323,108,323,0,0,0,1.0,8.48512854645378e-07,0.0015877315308898687
v108_s0324,108,324,0,0,0,1.0,3.004077370860614e-06,0.039975542575120926
v108_s0325,108,325,0,0,0,1.0,2.2847332274977816e-06,0.017233746126294136
v108_s0326,108,326,0,0,0,1.0,1.1970039395237109e-06,0.0009878635173663497
v108_s0327,108,327,0,0,0,1.0,9.232651905222156e-07,0.00037891199463047087
v108_s0328,108,328,0,0,0,1.0,8.258074331024545e-07,0.00044322412577457726
v108_s0329,108,329,0,0,0,1.0,8.390901484744973e-07,0.0007030408596619964
v108_s0330,108,330,0,0,0,1.0,7.618779136464582e-07,0.0012146957451477647
v108_s0331,108,331,0,0,0,1.0,8.159441335919837e-07,0.001453420496545732
v108_s0332,108,332,0,0,0,1.0,9.125270707954769e-07,0.003871812019497156
v108_s0333,108,333,0,0,0,1.0,3.4927948036056478e-06,0.11247820407152176
v108_s0334,108,334,0,0,0,1.0,1.171450662695861e-06,0.009621131233870983
v108_s0335,108,335,0,0,0,1.0,2.7723622224584688e-06,0.04324905201792717
v108_s0336,108,336,0,0,0,1.0,1.8426819224259816e-05,0.4230237305164337
v108_s0337,108,337,0,0,0,1.0,2.4825753826007713e-06,0.031313687562942505
v108_s0338,108,338,0,0,0,1.0,2.0677161955973133e-06,0.013124493882060051
v108_s0339,108,339,0,0,0,1.0,1.5882799289101968e-06,0.007407553028315306
v108_s0340,108,340,0,0,0,1.0,9.002377510114457e-07,0.001323377713561058
v108_s0341,108,341,0,0,0,1.0,6.461512498390221e-07,0.0005427671712823212
v108_s0342,108,342,0,0,0,1.0,8.668215514262556e-07,0.0020837332122027874
v108_s0343,108,343,0,0,0,1.0,1.0060291515401332e-06,0.002726825652644038
v108_s0344,108,344,0,0,0,1.0,1.36525909510965e-06,0.005118109751492739
v108_s0345,108,345,0,0,0,1.0,1.0042830353995669e-06,0.0006910964148119092
v108_s0346,108,346,0,0,0,1.0,6.93537799634214e-07,0.0003757216327358037
v108_s0347,108,347,0,0,0,1.0,1.7576769550942117e-06,0.02091941609978676
v108_s0348,108,348,0,0,0,1.0,8.383169074477337e-07,0.0012101237662136555
v108_s0349,108,349,0,0,0,1.0,6.816645736762439e-07,0.0005807614070363343
v108_s0350,108,350,0,0,0,1.0,7.506170618398755e-07,0.0011764493538066745
v108_s0351,108,351,0,0,0,1.0,8.619537084086915e-07,0.002255423925817013
v108_s0352,108,352,0,0,0,1.0,8.590451443524216e-07,0.0034186532720923424
v108_s0353,108,353,0,0,0,1.0,9.41758969474904e-07,0.0022741907741874456
v108_s0354,108,354,0,0,0,1.0,2.0557154130074196e-06,0.008232465013861656
v108_s0355,108,355,0,16,0,6.249999609375024e-08,0.0002458987873978913,0.9893513321876526
v108_s0356,108,356,0,64,0,1.562499975585938e-08,0.0009832825744524598,0.9999940395355225
v108_s0357,108,357,0,93,0,1.075268805642271e-08,0.0014626692282035947,0.9999980926513672
v108_s0358,108,358,0,46,0,2.173912996219283e-08,0.0007123281829990447,0.9996320009231567
v108_s0359,108,359,0,0,0,1.0,1.0703705811465625e-05,0.1557886004447937
v108_s0360,108,360,0,0,0,1.0,8.302051810460398e-07,0.0012509027728810906
v108_s0361,108,361,0,0,0,1.0,7.198623848125862e-07,0.0009173436556011438
v108_s0362,108,362,0,0,0,1.0,7.290068992915621e-07,0.0010250502964481711
v108_s0363,108,363,0,0,0,1.0,1.0422627383377403e-06,0.006295140832662582
v108_s0364,108,364,0,0,0,1.0,1.0345993359806016e-06,0.0019096650648862123
v108_s0365,108,365,0,0,0,1.0,1.23438508126128e-06,0.0030646654777228832
v108_s0366,108,366,0,0,0,1.0,1.7602158095542109e-06,0.012584997341036797
v108_s0367,108,367,0,0,0,1.0,9.447024922337732e-07,0.0010844143107533455
v108_s0368,108,368,0,0,0,1.0,1.1893163218701375e-06,0.013662237673997879
v108_s0369,108,369,0,0,0,1.0,8.304808943648823e-06,0.2701319456100464
v108_s0370,108,370,0,3,0,3.3333322222225924e-07,5.700774272554554e-05,0.8341896533966064
v108_s0371,108,371,0,4,0,2.499999375000156e-07,7.669650949537754e-05,0.9709376692771912
v108_s0372,108,372,0,0,0,1.0,8.887819603842217e-06,0.148451566696167
v108_s0373,108,373,0,2,0,4.99999750000125e-07,4.858145257458091e-05,0.7739977240562439
v108_s0374,108,374,0,4,0,2.499999375000156e-07,7.301333243958652e-05,0.9966061115264893
v108_s0375,108,375,0,6,0,1.666666388888935e-07,9.203546505887061e-05,0.9974789023399353
v108_s0376,108,376,0,0,0,1.0,6.532004135806346e-06,0.14251311123371124
v108_s0377,108,377,0,9,0,1.1111109876543348e-07,0.00012640048225875944,0.8465496897697449
v108_s0378,108,378,0,0,0,1.0,3.281381577835418e-05,0.35501864552497864
v108_s0379,108,379,0,0,0,1.0,2.1041943909949623e-05,0.47383201122283936
v108_s0380,108,380,0,0,0,1.0,1.291622993448982e-06,0.01662159338593483
v108_s0381,108,381,0,3,0,3.3333322222225924e-07,4.295401959097944e-05,0.8216396570205688
v108_s0382,108,382,0,7,0,1.428571224489825e-07,0.00011332640133332461,0.9984076619148254
v108_s0383,108,383,0,0,0,1.0,1.2936225175508298e-06,0.021920297294855118
v108_s0384,108,384,0,0,0,1.0,1.270300526812207e-05,0.3471086919307709
v108_s0385,108,385,0,0,0,1.0,8.054841600824147e-06,0.27309948205947876
v108_s0386,108,386,0,1,0,9.99999000001e-07,2.0949384634150192e-05,0.5151317715644836
v108_s0387,108,387,0,2,0,4.99999750000125e-07,3.966507938457653e-05,0.7098713517189026
v108_s0388,108,388,0,5,0,1.99999960000008e-07,8.141800935845822e-05,0.9921100735664368
v108_s0389,108,389,0,0,0,1.0,1.1192323654540814e-05,0.39945241808891296
v108_s0390,108,390,0,5,0,1.99999960000008e-07,0.00010492140427231789,0.9974110722541809
v108_s0391,108,391,0,5,0,1.99999960000008e-07,8.963033906184137e-05,0.9517046213150024
v108_s0392,108,392,0,2,0,4.99999750000125e-07,4.2912448407150805e-05,0.753471851348877
v108_s0393,108,393,0,8,0,1.2499998437500196e-07,0.00012334316852502525,0.9962940812110901
v108_s0394,108,394,0,0,0,1.0,1.393867023580242e-06,0.026125896722078323
v108_s0395,108,395,0,4,0,2.499999375000156e-07,4.829316821997054e-05,0.9609935879707336
v108_s0396,108,396,0,2,0,4.99999750000125e-07,3.770007242565043e-05,0.8865767121315002
v108_s0397,108,397,0,8,0,1.2499998437500196e-07,0.00013852927077095956,0.951333224773407
v108_s0398,108,398,0,6,0,1.666666388888935e-07,9.015994146466255e-05,0.9478099346160889
v108_s0399,108,399,0,0,0,1.0,9.353958603242063e-07,0.01249021664261818
v108_s0400,108,400,0,0,0,1.0,2.637425495777279e-06,0.053464144468307495
v108_s0401,108,401,0,0,0,1.0,7.027491619737702e-07,0.004495478700846434
v108_s0402,108,402,0,0,0,1.0,5.463658681037487e-07,0.0021183122880756855
v108_s0403,108,403,0,0,0,1.0,1.1699549986587954e-06,0.02732258476316929
v108_s0404,108,404,0,0,0,1.0,5.47614899915061e-06,0.17620818316936493
v108_s0405,108,405,0,1,0,9.99999000001e-07,2.2147987692733295e-05,0.6985853314399719
v108_s0406,108,406,0,0,0,1.0,9.660298019298352e-06,0.35681435465812683
v108_s0407,108,407,0,2,0,4.99999750000125e-07,4.169025851297192e-05,0.7904196977615356
v108_s0408,108,408,0,0,0,1.0,2.7272528313915245e-05,0.3144870400428772
v108_s0409,108,409,0,5,0,1.99999960000008e-07,8.312993304571137e-05,0.9900447726249695
v108_s0410,108,410,0,0,0,1.0,3.6512203678285005e-06,0.03925640136003494
v108_s0411,108,411,0,3,0,3.3333322222225924e-07,3.974297214881517e-05,0.8378597497940063
v108_s0412,108,412,0,3,0,3.3333322222225924e-07,4.159090531175025e-05,0.7746332883834839
v108_s0413,108,413,0,0,0,1.0,4.995788913220167e-06,0.031618986278772354
v108_s0414,108,414,2,0,0,4.99999750000125e-07,2.7948695787927136e-05,0.29379814863204956
v108_s0415,108,415,17,0,0,5.882352595155729e-08,7.624139470863156e-06,0.06475242227315903
v108_s0416,108,416,29,6,0,2.8571427755102065e-08,0.00010016400483436882,0.932658314704895
v108_s0417,108,417,53,0,0,1.8867924172303316e-08,2.7515747206052765e-05,0.41315680742263794
v108_s0418,108,418,103,1,0,9.615384522928995e-09,2.8341959477984346e-05,0.5548104643821716
v108_s0419,108,419,131,0,0,7.63358772798788e-09,2.7089216018794104e-05,0.49132150411605835
v108_s0420,108,420,180,0,0,5.555555524691358e-09,3.8973012124188244e-06,0.023713761940598488
v108_s0421,108,421,237,0,0,4.219409264897007e-09,3.144808488286799e-06,0.05851934105157852
v108_s0422,108,422,320,0,0,3.124999990234375e-09,1.5177464547377895e-06,0.021467069163918495
v108_s0423,108,423,405,0,0,2.469135796372504e-09,9.264211257686839e-06,0.16287074983119965
v108_s0424,108,424,420,0,0,2.3809523752834467e-09,2.3809037884348072e-05,0.4542596638202667
v108_s0425,108,425,447,1,0,2.2321428521603954e-09,2.5434022973058745e-05,0.6548106670379639
v108_s0426,108,426,462,7,0,2.1321961575006477e-09,0.00011082528362749144,0.9526976943016052
v108_s0427,108,427,504,10,0,1.945525288043725e-09,0.00016960152424871922,0.9997459053993225
v108_s0428,108,428,547,6,0,1.8083182607444515e-09,0.0001014577501337044,0.9880968332290649
v108_s0429,108,429,603,0,0,1.658374789952944e-09,6.9788766268175095e-06,0.12386913597583771
v108_s0430,108,430,618,0,0,1.6181229747279563e-09,7.776674237902625e-07,0.004541692323982716
v108_s0431,108,431,638,0,0,1.56739811666552e-09,2.26958627536078e-06,0.02148543857038021
v108_s0432,108,432,662,0,0,1.5105740158450542e-09,6.350276635203045e-06,0.056085892021656036
v108_s0433,108,433,712,0,0,1.4044943800498675e-09,1.384336701448774e-05,0.2381225824356079
v108_s0434,108,434,762,0,0,1.3123359562830236e-09,1.0240730716759572e-06,0.008064917288720608
v108_s0435,108,435,840,0,0,1.190476189058957e-09,4.322995209804503e-06,0.08949971199035645
v108_s0436,108,436,817,0,0,1.2239902065801832e-09,2.3893774141470203e-06,0.022348986938595772
v108_s0437,108,437,817,0,0,1.2239902065801832e-09,1.3538865459850058e-06,0.016136862337589264
v108_s0438,108,438,856,194,194,0.369523810124263,0.0029727693181484938,0.9999896287918091
v108_s0439,108,439,938,179,175,0.31333930231572127,0.002775890054181218,0.9999829530715942
v108_s0440,108,440,1012,217,215,0.3498779500814662,0.0032638234551995993,0.9999985694885254
v108_s0441,108,441,1006,308,304,0.46270928503598985,0.004704131279140711,0.9999997615814209
v108_s0442,108,442,1022,410,409,0.5712290505787506,0.006265338510274887,0.9999998807907104
v108_s0443,108,443,1027,312,311,0.4645257658965453,0.004880646243691444,0.9999998807907104
v108_s0444,108,444,1109,326,326,0.4543554010771042,0.0050825076177716255,1.0
v108_s0445,108,445,1170,590,558,0.634090909298812,0.009174041450023651,1.0
v108_s0446,108,446,1192,616,592,0.6548672568280601,0.009428329765796661,0.9999997615814209
v108_s0447,108,447,1260,684,664,0.6831275721794612,0.01039193756878376,1.0
v108_s0448,108,448,1531,618,615,0.5723592370533461,0.00938874389976263,1.0
v108_s0449,108,449,1631,571,563,0.5113533153899396,0.008763102814555168,1.0
v108_s0450,108,450,1732,703,692,0.5683778235858818,0.010677135549485683,1.0
v108_s0451,108,451,1900,607,588,0.4690865578503844,0.00928699504584074,1.0
v108_s0452,108,452,1959,539,538,0.43074459590442576,0.008247029036283493,1.0
v108_s0453,108,453,1866,464,459,0.3939914165691024,0.007134191691875458,1.0
v108_s0454,108,454,1970,464,458,0.3763352508724999,0.007152884267270565,1.0
v108_s0455,108,455,1953,527,519,0.41854838733123056,0.008069058880209923,1.0
v108_s0456,108,456,2066,363,362,0.2980650476335673,0.005571368150413036,1.0
v108_s0457,108,457,2128,457,450,0.3481624760742118,0.006999119184911251,1.0
v108_s0458,108,458,2205,613,580,0.4116394608191486,0.00938901025801897,1.0
v108_s0459,108,459,2378,660,575,0.3785385123836279,0.010167213156819344,1.0
v108_s0460,108,460,2250,1414,1179,0.6435589520623475,0.021480295807123184,1.0
v108_s0461,108,461,2179,1600,1378,0.7292934639509676,0.024271482601761818,1.0
v108_s0462,108,462,2156,1480,1383,0.7607260726730676,0.022526629269123077,1.0
v108_s0463,108,463,2150,1957,1593,0.7757487217492698,0.029760200530290604,1.0
v108_s0464,108,464,2154,1772,1584,0.8069281712157595,0.026939408853650093,1.0
v108_s0465,108,465,2396,1834,1612,0.7621749409545685,0.027952950447797775,1.0
v108_s0466,108,466,2265,1845,1641,0.7985401460344184,0.028132963925600052,1.0
v108_s0467,108,467,2367,1802,1637,0.7853202207279154,0.027481909841299057,1.0
v108_s0468,108,468,2373,1536,1458,0.7459708365960678,0.02340742014348507,1.0
v108_s0469,108,469,2406,1602,1470,0.7335329341982203,0.024305030703544617,1.0
v108_s0470,108,470,2499,1659,1532,0.7368927369560142,0.025130553171038628,1.0
v108_s0471,108,471,2764,1677,1580,0.7115514524405423,0.02556663006544113,1.0
v108_s0472,108,472,2634,1358,1324,0.6633266533909502,0.020663563162088394,1.0
v108_s0473,108,473,2523,1341,1218,0.6304347827043388,0.020509449765086174,1.0
v108_s0474,108,474,2449,1440,1274,0.655181280623507,0.022050952538847923,1.0
v108_s0475,108,475,2430,1702,1364,0.6602129720086609,0.025933118537068367,1.0
v108_s0476,108,476,2314,1507,1290,0.6752159121499042,0.023050619289278984,1.0
v108_s0477,108,477,2304,1360,1229,0.6708515284741126,0.020786454901099205,1.0
v108_s0478,108,478,2261,1602,1301,0.6735697645162905,0.024500437080860138,0.9999998807907104
v108_s0479,108,479,2243,1619,1314,0.6804764371619688,0.024624962359666824,1.0
v108_s0480,108,480,2248,1632,1381,0.7118556701773567,0.024927733466029167,1.0
v108_s0481,108,481,2259,1396,1241,0.6790697675296663,0.021275503560900688,1.0
v108_s0482,108,482,2343,1222,1101,0.6176718093639069,0.018595179542899132,1.0
v108_s0483,108,483,2140,1154,1041,0.6320582879076933,0.017674069851636887,1.0
v108_s0484,108,484,2043,1167,1059,0.6598130842181268,0.017812512814998627,1.0
v108_s0485,108,485,2017,1229,1095,0.6746765250540121,0.018814265727996826,1.0
v108_s0486,108,486,2009,1171,1096,0.6893081761983307,0.01800442859530449,1.0
v108_s0487,108,487,1905,912,881,0.6254881080491701,0.014056974090635777,1.0
v108_s0488,108,488,1922,943,912,0.6366492147865099,0.01435115560889244,1.0
v108_s0489,108,489,1678,1174,1038,0.7279102385245756,0.017920250073075294,1.0
v108_s0490,108,490,1752,1142,1022,0.7062888736329341,0.017472168430685997,1.0
v108_s0491,108,491,1585,985,866,0.6739299612163697,0.015011473558843136,1.0
v108_s0492,108,492,1556,988,876,0.6886792454053935,0.01510861236602068,1.0
v108_s0493,108,493,1611,1028,919,0.6964759379702631,0.01561788935214281,1.0
v108_s0494,108,494,1578,1092,948,0.710112359659134,0.016656244173645973,1.0
v108_s0495,108,495,1477,1218,986,0.7317254175392486,0.018525168299674988,1.0
v108_s0496,108,496,1458,1065,890,0.7055093144250856,0.016293054446578026,1.0
v108_s0497,108,497,1551,969,815,0.6468253969655455,0.01476338692009449,1.0
v108_s0498,108,498,1368,950,784,0.6764452115287123,0.014572530053555965,1.0
v108_s0499,108,499,1501,947,803,0.6560457517744912,0.014483076520264149,1.0
v108_s0500,108,500,1705,1132,971,0.6845259077601249,0.01722421497106552,1.0
v108_s0501,108,501,1686,1131,1039,0.7376641818467645,0.01725739799439907,1.0
v108_s0502,108,502,1700,1131,1035,0.7311903921825538,0.017107496038079262,1.0
v108_s0503,108,503,1766,1103,1016,0.7082607181219029,0.016848508268594742,1.0
v108_s0504,108,504,1343,1108,817,0.6666666668026656,0.017003921791911125,1.0
v108_s0505,108,505,1496,1016,856,0.6815286625471623,0.015531484968960285,1.0
v108_s0506,108,506,1897,971,889,0.6199442121269372,0.014803098514676094,1.0
v108_s0507,108,507,1628,1015,918,0.6946651533504862,0.015514891594648361,1.0
v108_s0508,108,508,1624,1030,932,0.7023360965703331,0.015711992979049683,1.0
v108_s0509,108,509,1609,1243,1070,0.7503506312235797,0.019068140536546707,1.0
v108_s0510,108,510,1686,1078,969,0.7011577425104351,0.016625069081783295,1.0
v108_s0511,108,511,1820,1475,1226,0.7441578149486623,0.022540736943483353,1.0
v108_s0512,108,512,2052,1579,1324,0.729275681704964,0.02424849569797516,1.0
v108_s0513,108,513,2428,1572,1390,0.69500000007625,0.02402801811695099,1.0
v108_s0514,108,514,2376,1617,1487,0.7448034060243417,0.024572869762778282,1.0
v108_s0515,108,515,2702,1669,1581,0.7234042553824286,0.02539745345711708,1.0
v108_s0516,108,516,2907,1861,1803,0.756291946359838,0.028373517096042633,1.0
v108_s0517,108,517,3009,1974,1916,0.7690146498557064,0.030055560171604156,1.0
v108_s0518,108,518,2814,1995,1884,0.7835308796457618,0.03040270134806633,1.0
v108_s0519,108,519,3120,2135,1987,0.7562321598941517,0.03246774896979332,1.0
v108_s0520,108,520,3005,2012,1880,0.7494518637134837,0.03070361539721489,1.0
v108_s0521,108,521,3088,1948,1811,0.7192216045037287,0.029790975153446198,1.0
v108_s0522,108,522,2892,1932,1785,0.7400497512976679,0.029506372287869453,1.0
v108_s0523,108,523,2926,1913,1765,0.7294895640153978,0.029157843440771103,1.0
v108_s0524,108,524,2847,1881,1738,0.7351945855044004,0.028844289481639862,1.0
v108_s0525,108,525,2758,1940,1761,0.7496807152512386,0.029803883284330368,1.0
v108_s0526,108,526,2777,1991,1798,0.7541946309240363,0.030271170660853386,1.0
v108_s0527,108,527,2809,2011,1831,0.7597510373942424,0.030791526660323143,1.0
v108_s0528,108,528,3358,2263,2066,0.7351005159695605,0.03460737317800522,1.0
v108_s0529,108,529,3224,2230,2020,0.7407407407882763,0.03403349220752716,1.0
v108_s0530,108,530,3297,2068,1916,0.7142590867261399,0.031615398824214935,1.0
v108_s0531,108,531,3422,2186,2030,0.7239657632446566,0.03319038450717926,1.0
v108_s0532,108,532,3669,2138,2052,0.706733253021055,0.032672300934791565,1.0
v108_s0533,108,533,3610,2191,2104,0.7253921738104823,0.03340507671236992,1.0
v108_s0534,108,534,3630,2163,2061,0.7115484205573022,0.03287534415721893,1.0
v108_s0535,108,535,3784,2006,1946,0.6721934370168923,0.030691321939229965,1.0
v108_s0536,108,536,3428,2021,1943,0.7131583777366198,0.03096107393503189,1.0
v108_s0537,108,537,3370,2271,2135,0.7569579862157494,0.03467578813433647,1.0
v108_s0538,108,538,3401,2428,2310,0.7925887802723299,0.03681124746799469,1.0
v108_s0539,108,539,3243,2180,2109,0.777798266683054,0.03360341489315033,1.0
v108_s0540,108,540,3086,2341,2217,0.8170259812388012,0.035716310143470764,1.0
v108_s0541,108,541,2993,2141,2012,0.7837943124690699,0.032719261944293976,1.0
v108_s0542,108,542,3070,2001,1903,0.7505422993984338,0.030636850744485855,1.0
v108_s0543,108,543,3363,2020,1957,0.7271038454900419,0.0308883897960186,1.0
v108_s0544,108,544,3274,1962,1899,0.7253628724741475,0.029915785416960716,1.0
v108_s0545,108,545,3052,1824,1755,0.7198523380394067,0.027816537767648697,1.0
v108_s0546,108,546,2915,1756,1680,0.7193320488719048,0.0267336443066597,1.0
v108_s0547,108,547,2866,1640,1559,0.6919662672676505,0.025075294077396393,1.0
v108_s0548,108,548,2947,1519,1443,0.646215853191622,0.023174481466412544,1.0
v108_s0549,108,549,2790,1623,1507,0.6829820984176337,0.024661248549818993,1.0
v108_s0550,108,550,3151,1699,1564,0.6449484536814538,0.025942349806427956,1.0
v108_s0551,108,551,2812,1681,1562,0.6953038059881361,0.025725319981575012,1.0
v108_s0552,108,552,2946,1669,1583,0.6860238353876438,0.025534894317388535,1.0
v108_s0553,108,553,3233,1600,1551,0.641837368168459,0.02424139715731144,1.0
v108_s0554,108,554,2849,1616,1546,0.6924972005167979,0.02462952770292759,1.0
v108_s0555,108,555,2813,1617,1571,0.7092550790724028,0.02477208524942398,1.0
v108_s0556,108,556,2477,1580,1481,0.7300961302119556,0.024014456197619438,1.0
v108_s0557,108,557,2489,1478,1380,0.6957398538704966,0.02259177528321743,1.0
v108_s0558,108,558,2281,1548,1417,0.7401410290571583,0.02363809384405613,1.0
v108_s0559,108,559,2379,1657,1557,0.7715559960922804,0.025430969893932343,1.0
v108_s0560,108,560,2343,1654,1530,0.7655741806941271,0.025179537013173103,1.0
v108_s0561,108,561,2516,1562,1460,0.7160372732427569,0.02392669767141342,1.0
v108_s0562,108,562,2391,1455,1371,0.712948518015354,0.022112175822257996,1.0
v108_s0563,108,563,2182,1515,1423,0.7698133622478189,0.023101618513464928,1.0
v108_s0564,108,564,2169,1489,1422,0.7774740295851629,0.022720014676451683,1.0
v108_s0565,108,565,2100,1513,1395,0.772211458684691,0.02319290302693844,1.0
v108_s0566,108,566,2050,1445,1346,0.7702432046437072,0.022152908146381378,1.0
v108_s0567,108,567,1977,1478,1388,0.8034732272638283,0.022402681410312653,1.0
v108_s0568,108,568,2029,1577,1489,0.8258458125829601,0.023956650868058205,1.0
v108_s0569,108,569,2195,1564,1498,0.7970204842253205,0.02385428175330162,1.0
v108_s0570,108,570,2225,1426,1415,0.7751301014036893,0.021761475130915642,1.0
v108_s0571,108,571,2020,1330,1296,0.7737313433511249,0.020429689437150955,1.0
v108_s0572,108,572,1803,1298,1233,0.7952273460834481,0.01970852166414261,1.0
v108_s0573,108,573,1656,1218,1145,0.7967988866399447,0.018510280176997185,1.0
v108_s0574,108,574,1788,984,964,0.6955266956365345,0.015064472332596779,1.0
v108_s0575,108,575,1892,976,971,0.6771269178252696,0.014805211685597897,1.0
v108_s0576,108,576,1669,765,732,0.6014790470002142,0.01167915016412735,1.0
v108_s0577,108,577,1660,685,657,0.5603411515734154,0.010346395894885063,1.0
v108_s0578,108,578,1661,649,639,0.553246753440153,0.009852059185504913,1.0
v108_s0579,108,579,1640,559,556,0.5056844022257007,0.008514165878295898,1.0
v108_s0580,108,580,1492,598,594,0.5684210528380761,0.009101426228880882,1.0
v108_s0581,108,581,1608,603,594,0.5373134330450867,0.009119994007050991,1.0
v108_s0582,108,582,1538,768,764,0.6626192542659934,0.011774621903896332,1.0
v108_s0583,108,583,1374,785,758,0.7021769339035773,0.012088160030543804,1.0
v108_s0584,108,584,1407,761,757,0.6983394835339763,0.011564268730580807,1.0
v108_s0585,108,585,1562,713,708,0.6224175825835528,0.010941753163933754,1.0
v108_s0586,108,586,1564,700,700,0.6183745584724495,0.0107426717877388,1.0
v108_s0587,108,587,1443,636,635,0.6108706110577824,0.009713888168334961,1.0
v108_s0588,108,588,1402,635,635,0.6234658813826873,0.009601868689060211,1.0
v108_s0589,108,589,1451,624,621,0.5985542170609378,0.009581444784998894,1.0
v108_s0590,108,590,1427,680,680,0.6454674894895741,0.010446500033140182,1.0
v108_s0591,108,591,1274,566,565,0.6141304349923205,0.008610841818153858,1.0
v108_s0592,108,592,1255,465,465,0.5406976746856409,0.007161805406212807,1.0
v108_s0593,108,593,1198,390,390,0.49118387941361213,0.005999456159770489,1.0
v108_s0594,108,594,1145,348,348,0.4661754859570157,0.0053384266793727875,1.0
v108_s0595,108,595,1179,279,278,0.3813443076945512,0.004339348524808884,1.0
v108_s0596,108,596,1084,318,315,0.4493580603071625,0.004916067235171795,1.0
v108_s0597,108,597,980,323,317,0.4865694554976443,0.0049835373647511005,1.0
v108_s0598,108,598,963,313,311,0.4874608154486984,0.004779234994202852,1.0
v108_s0599,108,599,977,303,301,0.47031250041381834,0.004671675618737936,1.0
v108_s0600,108,600,861,327,318,0.5353535357446518,0.0049993800930678844,1.0
v108_s0601,108,601,719,316,310,0.5990338168125277,0.004775175359100103,1.0
v108_s0602,108,602,656,315,312,0.6426364576285928,0.004791957791894674,1.0
v108_s0603,108,603,627,209,209,0.5000000005980861,0.0031581511721014977,1.0
v108_s0604,108,604,612,221,218,0.5234093643176359,0.0033987988717854023,1.0
v108_s0605,108,605,485,182,175,0.5247376318969451,0.0027672015130519867,1.0
v108_s0606,108,606,474,195,194,0.5799701052616292,0.003046696539968252,1.0
v108_s0607,108,607,414,255,248,0.7414050825987966,0.003937050234526396,1.0
v108_s0608,108,608,329,206,200,0.7476635518735261,0.003169350791722536,1.0
v108_s0609,108,609,279,188,173,0.7408993581565324,0.002896297024562955,1.0
v108_s0610,108,610,280,144,138,0.6509433970496618,0.0022062233183532953,1.0
v108_s0611,108,611,217,59,53,0.38405797324616675,0.0009053891990333796,0.9999960660934448
v108_s0612,108,612,160,115,110,0.8000000007272727,0.001785585074685514,0.9999998807907104
v108_s0613,108,613,117,25,21,0.2957746528466574,0.00039391181780956686,0.9999759197235107
v108_s0614,108,614,88,11,4,0.08080809009284758,0.0001836797164287418,0.9997280240058899
v108_s0615,108,615,44,19,0,1.5873015621063245e-08,0.00029260056908242404,0.9898678064346313
v108_s0616,108,616,0,0,0,1.0,3.07052287098486e-05,0.2540370523929596
v108_s0617,108,617,0,0,0,1.0,2.573904930613935e-05,0.45992907881736755
v108_s0618,108,618,0,0,0,1.0,2.831675374181941e-07,0.0004885377129539847
v108_s0619,108,619,0,0,0,1.0,2.878445002352237e-07,0.00023216340923681855
v108_s0620,108,620,0,0,0,1.0,3.0070162893025554e-07,0.00029631989309564233
v108_s0621,108,621,0,0,0,1.0,3.326863975416927e-07,0.0007361608440987766
v108_s0622,108,622,0,5,0,1.99999960000008e-07,8.10611600172706e-05,0.995179295539856
v108_s0623,108,623,0,2,0,4.99999750000125e-07,2.7488793421071023e-05,0.6793997287750244
v108_s0624,108,624,0,0,0,1.0,4.3651175474224146e-07,0.0013446868397295475
v108_s0625,108,625,0,0,0,1.0,5.139057179803785e-07,0.003182972315698862
v108_s0626,108,626,0,0,0,1.0,4.5311605845199665e-07,0.0017806404503062367
v108_s0627,108,627,0,0,0,1.0,5.245184411251103e-07,0.0013470120029523969
v108_s0628,108,628,0,0,0,1.0,4.782543783221627e-07,0.0007047890685498714
v108_s0629,108,629,0,0,0,1.0,4.482571966946125e-07,0.0006060208543203771
v108_s0630,108,630,0,0,0,1.0,4.5231718104332685e-07,0.0003126515948679298
v108_s0631,108,631,0,0,0,1.0,4.1297613506685593e-07,0.0002445683639962226
v108_s0632,108,632,0,0,0,1.0,4.3976905317322235e-07,0.0004064163367729634
v108_s0633,108,633,0,0,0,1.0,2.5997219381679315e-06,0.029663439840078354
v108_s0634,108,634,0,0,0,1.0,9.187501746055204e-07,0.005782203283160925
v108_s0635,108,635,0,0,0,1.0,3.35504023496469e-06,0.041889455169439316
v108_s0636,108,636,0,0,0,1.0,1.1815579910035012e-06,0.018174447119235992
v108_s0637,108,637,0,0,0,1.0,2.208660134783713e-06,0.037375785410404205
v108_s0638,108,638,0,0,0,1.0,1.947410601133015e-05,0.48254019021987915
v108_s0639,108,639,0,0,0,1.0,4.6170615064511367e-07,0.0023987668100744486
v108_s0640,108,640,0,0,0,1.0,4.094120811259927e-07,0.0004352650430519134
v108_s0641,108,641,0,0,0,1.0,4.180631094641285e-07,0.0009329714812338352
v108_s0642,108,642,0,0,0,1.0,4.4976573576605006e-07,0.0004669399349950254
v108_s0643,108,643,0,0,0,1.0,3.846172376142931e-07,0.0004144446866121143
v108_s0644,108,644,0,0,0,1.0,3.9414823049810366e-07,0.0007139337249100208
v108_s0645,108,645,0,0,0,1.0,4.41582415078301e-07,0.00037036839057691395
v108_s0646,108,646,0,0,0,1.0,4.4130933929409366e-07,0.000529414159245789
v108_s0647,108,647,0,0,0,1.0,4.0563497805123916e-07,0.0004283407179173082
v108_s0648,108,648,0,0,0,1.0,3.481076191746979e-07,0.0002922620333265513
v108_s0649,108,649,0,0,0,1.0,3.450595045251248e-07,0.0003465233894530684
v108_s0650,108,650,0,0,0,1.0,3.956480441047461e-07,0.0005150457145646214
v108_s0651,108,651,0,0,0,1.0,4.958222916684463e-07,0.0007588942535221577
v108_s0652,108,652,0,0,0,1.0,6.609815272895503e-07,0.0013851877301931381
v108_s0653,108,653,0,0,0,1.0,6.733125701430254e-07,0.0005002414691261947
v108_s0654,108,654,0,0,0,1.0,5.118823764860281e-07,0.0006966813234612346
v108_s0655,108,655,0,0,0,1.0,4.92358935844095e-07,0.0005370106664486229
v108_s0656,108,656,0,0,0,1.0,5.305608965500141e-07,0.001487955218181014
v108_s0657,108,657,0,0,0,1.0,4.885588964498311e-07,0.0006606627721339464
v108_s0658,108,658,0,0,0,1.0,6.903478606545832e-07,0.0014682183973491192
v108_s0659,108,659,0,0,0,1.0,4.0372674448008183e-07,0.00025090863346122205
v108_s0660,108,660,0,0,0,1.0,3.605309188969841e-07,0.0002510010090190917
v108_s0661,108,661,0,0,0,1.0,3.406818507301068e-07,0.0003187547263223678
v108_s0662,108,662,0,0,0,1.0,3.8289229564725247e-07,0.00027504353784024715
v108_s0663,108,663,0,0,0,1.0,9.625481425246107e-07,0.008324209600687027
v108_s0664,108,664,0,0,0,1.0,1.075590034815832e-06,0.009264467284083366
v108_s0665,108,665,0,0,0,1.0,6.329919415293261e-07,0.0021266441326588392
v108_s0666,108,666,0,0,0,1.0,1.027771077133366e-06,0.008202952332794666
v108_s0667,108,667,0,0,0,1.0,4.4000921661790926e-07,0.0002541370049584657
v108_s0668,108,668,0,0,0,1.0,5.025109430789598e-07,0.00044359671301208436
v108_s0669,108,669,0,0,0,1.0,5.824218192174158e-07,0.0010152787435799837
v108_s0670,108,670,0,0,0,1.0,5.531539954972686e-07,0.0006934742559678853
v108_s0671,108,671,0,0,0,1.0,7.243553454827634e-07,0.0007678556721657515
v108_s0672,108,672,0,0,0,1.0,5.738060053772642e-07,0.0007200429681688547
v108_s0673,108,673,0,0,0,1.0,4.4939451981917955e-07,0.0010416688164696097
v108_s0674,108,674,0,0,0,1.0,4.715857357950881e-07,0.0009608580730855465
v108_s0675,108,675,0,0,0,1.0,4.4116725916865107e-07,0.0006528983358293772
v108_s0676,108,676,0,0,0,1.0,1.0326980373065453e-06,0.010445347987115383
v108_s0677,108,677,0,0,0,1.0,5.696023208656698e-07,0.002061070641502738
v108_s0678,108,678,0,0,0,1.0,5.06477476847067e-07,0.0006043576286174357
v108_s0679,108,679,0,0,0,1.0,6.387576831912156e-07,0.0014878347283229232
v108_s0680,108,680,0,0,0,1.0,6.333051487672492e-07,0.0008890578174032271
v108_s0681,108,681,0,0,0,1.0,4.804576292372076e-07,0.00024383982236031443
v108_s0682,108,682,0,0,0,1.0,4.5707690787821775e-07,0.000181642928509973
v108_s0683,108,683,0,0,0,1.0,5.034842160966946e-07,0.0009065739577636123
v108_s0684,108,684,0,0,0,1.0,3.6722846630254935e-07,0.0003178364422637969
v108_s0685,108,685,0,0,0,1.0,4.554991903660266e-07,0.0002978706615976989
v108_s0686,108,686,0,0,0,1.0,3.7208792491583154e-07,0.0002731350832618773
v108_s0687,108,687,0,0,0,1.0,7.020329348961241e-07,0.0013796431012451649
v108_s0688,108,688,0,0,0,1.0,7.836157465135329e-07,0.0027262852527201176
v108_s0689,108,689,0,0,0,1.0,4.1622345747782674e-07,0.00045799624058417976
v108_s0690,108,690,0,0,0,1.0,5.130963245392195e-07,0.0004419997276272625
v108_s0691,108,691,0,0,0,1.0,4.444245007562131e-07,0.0002525442687328905
v108_s0692,108,692,0,0,0,1.0,4.406542757351417e-07,0.00022998072381597012
v108_s0693,108,693,0,0,0,1.0,4.438718406163389e-07,0.00022449255629908293
v108_s0694,108,694,0,0,0,1.0,4.978790570930869e-07,0.0004880178312305361
v108_s0695,108,695,0,0,0,1.0,7.396347427857108e-07,0.0016291404608637094
v108_s0696,108,696,0,0,0,1.0,8.403226843256562e-07,0.003850365523248911
v108_s0697,108,697,0,0,0,1.0,1.451645630368148e-06,0.01306668110191822
v108_s0698,108,698,0,0,0,1.0,1.3909909739595605e-06,0.008882833644747734
v108_s0699,108,699,0,0,0,1.0,5.725844971493643e-07,0.0021858986001461744
v108_s0700,108,700,0,0,0,1.0,4.908808364234574e-07,0.0002874407509807497
v108_s0701,108,701,0,0,0,1.0,4.919969569527893e-07,0.000520070199854672
v108_s0702,108,702,0,0,0,1.0,4.757034446356556e-07,0.0005016900249756873
v108_s0703,108,703,0,0,0,1.0,4.868815040026675e-07,0.0005408053402788937
v108_s0704,108,704,0,0,0,1.0,5.737271067118854e-07,0.0005335252499207854
v108_s0705,108,705,0,0,0,1.0,5.951230832579313e-07,0.0009031360968947411
v108_s0706,108,706,0,0,0,1.0,4.96764528179483e-07,0.0006411108188331127
v108_s0707,108,707,0,0,0,1.0,5.205107527217478e-07,0.0012827879982069135
v108_s0708,108,708,0,0,0,1.0,4.705933349669067e-07,0.0011745962547138333
v108_s0709,108,709,0,0,0,1.0,3.9995353517952026e-07,0.0003896077396348119
v108_s0710,108,710,0,0,0,1.0,6.469647928497579e-07,0.0006537152803502977
v108_s0711,108,711,0,0,0,1.0,6.068225957278628e-07,0.0007538950303569436
v108_s0712,108,712,0,0,0,1.0,5.670430596182996e-07,0.0005815637414343655
v108_s0713,108,713,0,0,0,1.0,6.91138154707005e-07,0.0012525563361123204
v108_s0714,108,714,0,0,0,1.0,5.601361863227794e-07,0.0006686485139653087
v108_s0715,108,715,0,0,0,1.0,6.011394475535781e-07,0.0010677563259378076
v108_s0716,108,716,0,0,0,1.0,6.15276405824261e-07,0.0037856304552406073
v108_s0717,108,717,0,0,0,1.0,6.718881309097924e-07,0.005479991901665926
v108_s0718,108,718,0,0,0,1.0,7.466606462003256e-07,0.004798848181962967
v108_s0719,108,719,0,0,0,1.0,5.87641238780634e-07,0.0016579626826569438
v108_s0720,108,720,0,0,0,1.0,5.517974841495743e-07,0.0007052922737784684
v108_s0721,108,721,0,0,0,1.0,4.827943484997377e-07,0.0014154878444969654
v108_s0722,108,722,0,0,0,1.0,5.496668791238335e-07,0.001557229901663959
v108_s0723,108,723,0,0,0,1.0,5.659882731379184e-07,0.0008647734066471457
v108_s0724,108,724,0,0,0,1.0,5.679553964910156e-07,0.001340399612672627
v108_s0725,108,725,0,0,0,1.0,5.294606921779632e-07,0.0008391855517402291
v108_s0726,108,726,0,0,0,1.0,6.022111165293609e-07,0.0006782680284231901
v108_s0727,108,727,0,0,0,1.0,6.419891178666148e-07,0.0010019575711339712
v108_s0728,108,728,0,0,0,1.0,7.568744422314921e-07,0.002247003372758627
v108_s0729,108,729,0,0,0,1.0,5.452201321531902e-07,0.0007295836112461984
v108_s0730,108,730,0,0,0,1.0,1.3019403013458941e-06,0.007001069840043783
v108_s0731,108,731,0,0,0,1.0,4.762880507769296e-06,0.06809338182210922
v108_s0732,108,732,0,0,0,1.0,7.889051403253688e-07,0.0042325276881456375
v108_s0733,108,733,0,0,0,1.0,5.022218374506338e-07,0.000662540493067354
v108_s0734,108,734,0,0,0,1.0,6.188240604387829e-07,0.0018160450272262096
v108_s0735,108,735,0,0,0,1.0,5.776207672170131e-07,0.0012069880031049252
v108_s0736,108,736,0,0,0,1.0,5.166863275007927e-07,0.0009721469250507653
v108_s0737,108,737,0,0,0,1.0,4.853801556237158e-07,0.0003965831419918686
v108_s0738,108,738,0,0,0,1.0,4.74419550755556e-07,0.0006592655554413795
v108_s0739,108,739,0,0,0,1.0,1.257570943380415e-06,0.008946575224399567
v108_s0740,108,740,0,0,0,1.0,1.748373961163452e-06,0.015379234217107296
v108_s0741,108,741,0,0,0,1.0,7.688997243349149e-07,0.0018097166903316975
v108_s0742,108,742,0,0,0,1.0,7.435727411575499e-07,0.0005420150118879974
v108_s0743,108,743,0,0,0,1.0,8.685035481903469e-07,0.0022985688410699368
v108_s0744,108,744,0,0,0,1.0,8.216413789341459e-07,0.0027728264685720205
v108_s0745,108,745,0,0,0,1.0,1.4683615745525458e-06,0.0070020840503275394
v108_s0746,108,746,0,0,0,1.0,1.034427668855642e-06,0.0024297176860272884
v108_s0747,108,747,0,0,0,1.0,1.2911434623674722e-06,0.0023181226570159197
v108_s0748,108,748,0,0,0,1.0,1.282542598346481e-06,0.005277314689010382
v108_s0749,108,749,0,0,0,1.0,9.276802757085534e-07,0.0013526129769161344
v108_s0750,108,750,0,0,0,1.0,8.222586416195554e-07,0.0010569123551249504
v108_s0751,108,751,0,0,0,1.0,1.1156512300658505e-06,0.002255499130114913
v108_s0752,108,752,0,0,0,1.0,9.716483191368752e-07,0.0014422896783798933
v108_s0753,108,753,0,0,0,1.0,9.981337143472047e-07,0.001517210272140801
v108_s0754,108,754,0,0,0,1.0,8.54589131904504e-07,0.0023163335863500834
v108_s0755,108,755,0,0,0,1.0,6.665708269792958e-07,0.0007519617793150246
v108_s0756,108,756,0,0,0,1.0,6.197786888151313e-07,0.0003859394055325538
v108_s0757,108,757,0,0,0,1.0,6.465029969149327e-07,0.0008123082225210965
v108_s0758,108,758,0,0,0,1.0,8.543976832697808e-07,0.0025573712773621082
v108_s0759,108,759,0,0,0,1.0,1.1056908988393843e-06,0.0019102240912616253
v108_s0760,108,760,0,0,0,1.0,8.590427569288295e-07,0.0022471232805401087
v108_s0761,108,761,0,0,0,1.0,6.153790081953048e-07,0.0007662452990189195
v108_s0762,108,762,0,0,0,1.0,1.3116155059833545e-06,0.013093681074678898
v108_s0763,108,763,0,0,0,1.0,2.3334205252467655e-06,0.02904503233730793
v108_s0764,108,764,0,0,0,1.0,2.4914133973652497e-06,0.027583371847867966
v108_s0765,108,765,0,0,0,1.0,1.2419986887834966e-06,0.004540075547993183
v108_s0766,108,766,0,0,0,1.0,1.0641730341376388e-06,0.0037449703086167574
v108_s0767,108,767,0,0,0,1.0,1.1350336990290089e-06,0.0033657292369753122
v108_s0768,108,768,0,0,0,1.0,1.56665396389144e-06,0.012613601051270962
v108_s0769,108,769,0,0,0,1.0,6.9429893301276024e-06,0.15965019166469574
v108_s0770,108,770,0,0,0,1.0,5.48559319213382e-06,0.09849351644515991
v108_s0771,108,771,0,0,0,1.0,5.414324732555542e-06,0.08941955864429474
v108_s0772,108,772,0,0,0,1.0,2.21033606067067e-05,0.33534955978393555
v108_s0773,108,773,0,0,0,1.0,9.517573744233232e-06,0.14382992684841156
v108_s0774,108,774,0,0,0,1.0,1.811987090150069e-06,0.005592478439211845
v108_s0775,108,775,0,0,0,1.0,1.439873244635237e-06,0.005739583168178797
v108_s0776,108,776,0,0,0,1.0,2.860970198526047e-06,0.028871696442365646
v108_s0777,108,777,0,8,0,1.2499998437500196e-07,0.00011941263073822483,0.9073168635368347
v108_s0778,108,778,0,0,0,1.0,1.3321874575922266e-05,0.15534603595733643
v108_s0779,108,779,0,0,0,1.0,1.6017436792026274e-05,0.19292788207530975
v108_s0780,108,780,0,0,0,1.0,1.776414137566462e-05,0.19305334985256195
v108_s0781,108,781,0,0,0,1.0,1.6612968465778977e-05,0.32175910472869873
v108_s0782,108,782,0,0,0,1.0,1.8913733583758585e-06,0.004613352008163929
v108_s0783,108,783,0,0,0,1.0,2.4367450350837316e-06,0.018507741391658783
v108_s0784,108,784,0,0,0,1.0,5.661986051563872e-06,0.0519459992647171
v108_s0785,108,785,0,0,0,1.0,6.8556573751266114e-06,0.1044965535402298
v108_s0786,108,786,0,5,0,1.99999960000008e-07,9.017265983857214e-05,0.8890450596809387
v108_s0787,108,787,0,0,0,1.0,1.9751634681597352e-05,0.3753252923488617
v108_s0788,108,788,0,2,0,4.99999750000125e-07,5.05940115544945e-05,0.708210289478302
v108_s0789,108,789,0,9,0,1.1111109876543348e-07,0.0001281642180401832,0.9582114815711975
v108_s0790,108,790,0,1,0,9.99999000001e-07,4.591864853864536e-05,0.7288505434989929
v108_s0791,108,791,0,2,0,4.99999750000125e-07,6.723963451804593e-05,0.7518541812896729
v108_s0792,108,792,0,2,0,4.99999750000125e-07,6.384212611010298e-05,0.6327140927314758
v108_s0793,108,793,0,1,0,9.99999000001e-07,4.3576026655500755e-05,0.7794763445854187
v108_s0794,108,794,0,0,0,1.0,2.2953352527110837e-05,0.31242653727531433
v108_s0795,108,795,0,0,0,1.0,4.956080829288112e-06,0.04614827781915665
v108_s0796,108,796,0,0,0,1.0,2.510428657842567e-06,0.01144462451338768
v108_s0797,108,797,0,0,0,1.0,1.6680369299137965e-06,0.0152891231700778
v108_s0798,108,798,0,0,0,1.0,1.9048287640544004e-06,0.0068869758397340775
v108_s0799,108,799,0,0,0,1.0,2.9895106763433432e-06,0.02385096438229084
v108_s0800,108,800,0,0,0,1.0,1.7473371372034308e-06,0.007649561855942011
v108_s0801,108,801,0,0,0,1.0,4.156046543357661e-06,0.05942366644740105
v108_s0802,108,802,0,0,0,1.0,2.960964820886147e-06,0.022344715893268585
v108_s0803,108,803,0,0,0,1.0,1.5496572132178699e-06,0.004134405869990587
v108_s0804,108,804,0,0,0,1.0,1.5291786894522374e-06,0.0046916138380765915
v108_s0805,108,805,0,0,0,1.0,5.48701427760534e-06,0.06691274791955948
v108_s0806,108,806,0,0,0,1.0,3.0906730899005197e-06,0.03363870456814766
v108_s0807,108,807,0,0,0,1.0,3.4568124647194054e-06,0.05314468592405319
v108_s0808,108,808,0,0,0,1.0,4.971709131496027e-06,0.06938504427671432
v108_s0809,108,809,0,0,0,1.0,4.15705653722398e-06,0.04262031987309456
v108_s0810,108,810,0,2,0,4.99999750000125e-07,4.967508721165359e-05,0.7909011840820312
v108_s0811,108,811,0,2,0,4.99999750000125e-07,5.394572144723497e-05,0.8024230599403381
v108_s0812,108,812,0,0,0,1.0,8.434838491666596e-06,0.23048746585845947
v108_s0813,108,813,0,0,0,1.0,3.968520104535855e-06,0.09218447655439377
v108_s0814,108,814,0,0,0,1.0,1.5641369827790186e-05,0.33382949233055115
v108_s0815,108,815,0,0,0,1.0,1.7064692201529397e-06,0.01209382712841034
v108_s0816,108,816,0,0,0,1.0,8.631885748400236e-07,0.0035334660205990076
v108_s0817,108,817,0,0,0,1.0,7.241268349389429e-07,0.002044293563812971
v108_s0818,108,818,0,0,0,1.0,8.728513876121724e-07,0.0029896702617406845
v108_s0819,108,819,0,0,0,1.0,8.659495733809308e-07,0.0015378565294668078
v108_s0820,108,820,0,0,0,1.0,9.753073300089454e-07,0.003516008146107197
v108_s0821,108,821,0,0,0,1.0,9.676855370344128e-07,0.002350294031202793
v108_s0822,108,822,0,0,0,1.0,9.402115779266751e-07,0.0012573914136737585
v108_s0823,108,823,0,0,0,1.0,1.007686819320952e-06,0.0018413636134937406
v108_s0824,108,824,0,0,0,1.0,1.9502542272675782e-05,0.20730715990066528
v108_s0825,108,825,0,0,0,1.0,7.389200163743226e-06,0.0772487223148346
v108_s0826,108,826,0,0,0,1.0,1.7982303006647271e-06,0.006171085871756077
v108_s0827,108,827,0,0,0,1.0,1.8276673472428229e-06,0.007143275812268257
v108_s0828,108,828,0,0,0,1.0,2.2174308469402604e-06,0.03485590219497681
v108_s0829,108,829,0,0,0,1.0,1.3964795471110847e-06,0.006208264268934727
v108_s0830,108,830,0,0,0,1.0,3.15934721584199e-06,0.047280747443437576
v108_s0831,108,831,0,2,0,4.99999750000125e-07,4.4100605009589344e-05,0.6129927039146423
v108_s0832,108,832,0,2,0,4.99999750000125e-07,5.8361310948384926e-05,0.5081043243408203
v108_s0833,108,833,0,42,0,2.38095232426304e-08,0.000649128807708621,0.999309778213501
v108_s0834,108,834,0,53,0,1.8867924172303316e-08,0.0008272738195955753,0.9997783303260803
v108_s0835,108,835,0,23,0,4.347825897920613e-08,0.00037672973121516407,0.9957190155982971
v108_s0836,108,836,0,7,0,1.428571224489825e-07,0.0001367706136079505,0.8973112106323242
v108_s0837,108,837,0,0,0,1.0,1.5323029174396652e-06,0.014436028897762299
v108_s0838,108,838,0,0,0,1.0,2.585215952422004e-06,0.01677188090980053
v108_s0839,108,839,0,0,0,1.0,4.1395146581635345e-06,0.040002088993787766
v108_s0840,108,840,0,0,0,1.0,8.895103746908717e-07,0.0013076153118163347
v108_s0841,108,841,0,0,0,1.0,2.0085321921214927e-06,0.015103140845894814
v108_s0842,108,842,0,0,0,1.0,4.427394742378965e-06,0.04835951328277588
v108_s0843,108,843,0,0,0,1.0,5.3429043873620685e-06,0.06728605180978775
v108_s0844,108,844,0,0,0,1.0,1.639611400605645e-05,0.1766786426305771
v108_s0845,108,845,0,0,0,1.0,2.0738548300869297e-06,0.004710106644779444
v108_s0846,108,846,0,0,0,1.0,7.378697773674503e-06,0.06906042248010635
v108_s0847,108,847,0,0,0,1.0,3.2216928502748488e-06,0.014888128265738487
v108_s0848,108,848,0,0,0,1.0,2.829361619660631e-06,0.01875753328204155
v108_s0849,108,849,0,0,0,1.0,6.292000307439594e-06,0.08427666127681732
v108_s0850,108,850,0,0,0,1.0,1.764492367328785e-06,0.013502143323421478
v108_s0851,108,851,0,11,0,9.090908264462886e-08,0.00016712928481865674,0.9831989407539368
v108_s0852,108,852,0,4,0,2.499999375000156e-07,7.112164166755974e-05,0.7320605516433716
v108_s0853,108,853,0,0,0,1.0,3.0834962672088295e-05,0.3970240354537964
v108_s0854,108,854,0,3,0,3.3333322222225924e-07,7.157130312407389e-05,0.5540434718132019
v108_s0855,108,855,0,1,0,9.99999000001e-07,7.069792627589777e-05,0.5466161966323853
v109_s0000,109,0,0,0,0,1.0,8.339549140146119e-07,0.0019187508150935173
v109_s0001,109,1,0,0,0,1.0,8.254986028077838e-07,0.005049769766628742
v109_s0002,109,2,0,0,0,1.0,6.304267117229756e-07,0.0007172576733864844
v109_s0003,109,3,0,0,0,1.0,6.907515626153327e-07,0.0007750489749014378
v109_s0004,109,4,0,0,0,1.0,8.328427156811813e-07,0.0038667230401188135
v109_s0005,109,5,0,0,0,1.0,6.929540177225135e-07,0.00038575418875552714
v109_s0006,109,6,0,0,0,1.0,6.555147820108687e-07,0.00048236557631753385
v109_s0007,109,7,0,0,0,1.0,8.862905360729201e-07,0.011504883877933025
v109_s0008,109,8,0,0,0,1.0,4.0743747376836836e-05,0.41200992465019226
v109_s0009,109,9,0,0,0,1.0,1.010879896057304e-05,0.10322970896959305
v109_s0010,109,10,0,5,0,1.99999960000008e-07,0.00011328464461257681,0.7077276706695557
v109_s0011,109,11,0,0,0,1.0,3.16831428790465e-05,0.2601904571056366
v109_s0012,109,12,0,0,0,1.0,7.13220970283146e-07,0.0005366445402614772
v109_s0013,109,13,0,0,0,1.0,9.154736630989646e-07,0.0026277557481080294
v109_s0014,109,14,0,3,0,3.3333322222225924e-07,7.905374513939023e-05,0.6334438323974609
v109_s0015,109,15,0,0,0,1.0,1.3976323316455819e-06,0.004782434087246656
v109_s0016,109,16,0,0,0,1.0,7.833150448277593e-07,0.0016252015484496951
v109_s0017,109,17,0,0,0,1.0,1.2756595424434636e-06,0.009243854321539402
v109_s0018,109,18,0,0,0,1.0,1.620080865905038e-06,0.008608418516814709
v109_s0019,109,19,0,0,0,1.0,1.915816028486006e-05,0.2976924180984497
v109_s0020,109,20,0,10,0,9.9999990000001e-08,0.000154220630065538,0.9331561326980591
v109_s0021,109,21,0,19,0,5.263157617728546e-08,0.000312121759634465,0.9954178333282471
v109_s0022,109,22,0,18,0,5.555555246913597e-08,0.00025972063303925097,0.9849877953529358
v109_s0023,109,23,0,18,0,5.555555246913597e-08,0.0002605043409857899,0.9893118739128113
v109_s0024,109,24,0,0,0,1.0,1.848315832830849e-06,0.020263787358999252
v109_s0025,109,25,0,0,0,1.0,7.907325425549061e-07,0.0007685027667321265
v109_s0026,109,26,0,0,0,1.0,7.802337904649903e-07,0.0012220307253301144
v109_s0027,109,27,0,0,0,1.0,8.814084822006407e-07,0.0012565491488203406
v109_s0028,109,28,0,1,0,9.99999000001e-07,7.552231545560062e-05,0.5202511548995972
v109_s0029,109,29,0,0,0,1.0,1.7501486581750214e-05,0.14343275129795074
v109_s0030,109,30,0,0,0,1.0,9.430187901671161e-07,0.0014259122544899583
v109_s0031,109,31,0,3,0,3.3333322222225924e-07,6.979725003475323e-05,0.5444149971008301
v109_s0032,109,32,0,19,0,5.263157617728546e-08,0.0002607495407573879,0.9793517589569092
v109_s0033,109,33,0,12,0,8.333332638888946e-08,0.00020456350466702133,0.9302202463150024
v109_s0034,109,34,0,1,0,9.99999000001e-07,5.8024394093081355e-05,0.5355502367019653
v109_s0035,109,35,0,0,0,1.0,9.538580343360081e-07,0.0027037556283175945
v109_s0036,109,36,0,0,0,1.0,2.158676807084703e-06,0.010845337994396687
v109_s0037,109,37,0,18,0,5.555555246913597e-08,0.0002635075943544507,0.8893569111824036
v109_s0038,109,38,0,16,0,6.249999609375024e-08,0.00029249786166474223,0.9786565899848938
v109_s0039,109,39,0,0,0,1.0,8.124500709527638e-06,0.10969913750886917
v109_s0040,109,40,0,0,0,1.0,1.7114871297962964e-06,0.011485827155411243
v109_s0041,109,41,0,1,0,9.99999000001e-07,1.3896260497858748e-05,0.5168465375900269
v109_s0042,109,42,0,0,0,1.0,1.3681879863725044e-05,0.25189682841300964
v109_s0043,109,43,0,0,0,1.0,8.671114528624457e-07,0.0005680537433363497
v109_s0044,109,44,0,0,0,1.0,1.1525044101290405e-06,0.0069341519847512245
v109_s0045,109,45,0,0,0,1.0,1.2682960459642345e-06,0.0016615100903436542
v109_s0046,109,46,0,0,0,1.0,1.0524878462092602e-06,0.0012781084515154362
v109_s0047,109,47,0,0,0,1.0,9.543515488985577e-07,0.0006950330571271479
v109_s0048,109,48,0,0,0,1.0,9.720874913909938e-07,0.004024253226816654
v109_s0049,109,49,0,0,0,1.0,8.113886451610597e-07,0.002111850306391716
v109_s0050,109,50,0,0,0,1.0,9.514414500699786e-07,0.001348002115264535
v109_s0051,109,51,0,0,0,1.0,1.7348402252537198e-06,0.008203646168112755
v109_s0052,109,52,0,0,0,1.0,1.705462409518077e-06,0.0038729505613446236
v109_s0053,109,53,0,0,0,1.0,1.271604105568258e-06,0.0013837136793881655
v109_s0054,109,54,0,0,0,1.0,1.0732896953413729e-06,0.0037133991718292236
v109_s0055,109,55,0,0,0,1.0,1.4329120858747046e-06,0.0021767145954072475
v109_s0056,109,56,0,0,0,1.0,3.2087043564388296e-06,0.02589833363890648
v109_s0057,109,57,0,0,0,1.0,1.8840327129510115e-06,0.010392491705715656
v109_s0058,109,58,0,0,0,1.0,9.98064138002519e-07,0.0016902752686291933
v109_s0059,109,59,0,0,0,1.0,1.2358839285298018e-06,0.002585764741525054
v109_s0060,109,60,0,0,0,1.0,1.5047244232846424e-06,0.003323775017634034
v109_s0061,109,61,0,0,0,1.0,2.0352906631160295e-06,0.005088476929813623
v109_s0062,109,62,0,0,0,1.0,9.831039733398939e-07,0.0009907801868394017
v109_s0063,109,63,0,0,0,1.0,9.283853614761028e-07,0.0013092707376927137
v109_s0064,109,64,0,0,0,1.0,7.998939963727025e-07,0.00052120495820418
v109_s0065,109,65,0,0,0,1.0,7.158882908697706e-07,0.000621062470600009
v109_s0066,109,66,0,0,0,1.0,8.553689667678555e-07,0.0008564860327169299
v109_s0067,109,67,0,0,0,1.0,8.942500357989047e-07,0.0016510715940967202
v109_s0068,109,68,0,0,0,1.0,1.1795918908319436e-06,0.0018450753996148705
v109_s0069,109,69,0,0,0,1.0,1.1421964245528216e-06,0.0014650458469986916
v109_s0070,109,70,0,0,0,1.0,9.80166419140005e-07,0.0010956857586279511
v109_s0071,109,71,0,0,0,1.0,6.754540322617686e-07,0.0007019512704573572
v109_s0072,109,72,0,0,0,1.0,6.760479891454452e-07,0.0008276313892565668
v109_s0073,109,73,0,0,0,1.0,7.430583082168596e-07,0.0016286884201690555
v109_s0074,109,74,0,0,0,1.0,8.692376241015154e-07,0.0018305277917534113
v109_s0075,109,75,0,0,0,1.0,7.072056860124576e-07,0.0016848857048898935
v109_s0076,109,76,0,0,0,1.0,1.1262953876212123e-06,0.004037234000861645
v109_s0077,109,77,0,0,0,1.0,9.169423265120713e-07,0.0034861944150179625
v109_s0078,109,78,0,0,0,1.0,9.939792562363436e-07,0.0025945764500647783
v109_s0079,109,79,0,0,0,1.0,9.097345810005208e-07,0.001498663448728621
v109_s0080,109,80,0,0,0,1.0,8.43709472064802e-07,0.001251008128747344
v109_s0081,109,81,0,0,0,1.0,1.2669747775362339e-06,0.0013512726873159409
v109_s0082,109,82,0,0,0,1.0,1.62464493769221e-06,0.0022040472831577063
v109_s0083,109,83,0,0,0,1.0,1.83509780526947e-06,0.010467387735843658
v109_s0084,109,84,0,0,0,1.0,1.604857288839412e-06,0.006234245374798775
v109_s0085,109,85,0,0,0,1.0,3.678615939861629e-06,0.07606567442417145
v109_s0086,109,86,0,0,0,1.0,1.1521062788233394e-06,0.006125654559582472
v109_s0087,109,87,0,0,0,1.0,1.088301360141486e-06,0.000756067456677556
v109_s0088,109,88,0,0,0,1.0,9.197011081596429e-07,0.001049358630552888
v109_s0089,109,89,0,0,0,1.0,7.349024713221297e-07,0.0009785928996279836
v109_s0090,109,90,0,0,0,1.0,7.427997275044618e-07,0.0022177966311573982
v109_s0091,109,91,0,0,0,1.0,8.818946639621572e-07,0.0005935525405220687
v109_s0092,109,92,0,0,0,1.0,1.5657801668567117e-06,0.0009797431994229555
v109_s0093,109,93,0,0,0,1.0,1.5845331517994055e-06,0.002483803778886795
v109_s0094,109,94,0,0,0,1.0,1.56803514528292e-06,0.0017592667136341333
v109_s0095,109,95,0,0,0,1.0,1.934758302013506e-06,0.008751582354307175
v109_s0096,109,96,0,0,0,1.0,1.910521405079635e-06,0.009072661399841309
v109_s0097,109,97,0,0,0,1.0,1.5174425698205596e-06,0.0013738509733229876
v109_s0098,109,98,0,0,0,1.0,1.2435112921593827e-06,0.0008578638662584126
v109_s0099,109,99,0,0,0,1.0,1.1996708053629845e-06,0.000927451706957072
v109_s0100,109,100,0,0,0,1.0,2.1432808807730908e-06,0.02329971268773079
v109_s0101,109,101,0,0,0,1.0,1.3412980024440913e-06,0.0030173282139003277
v109_s0102,109,102,0,0,0,1.0,2.511949560357607e-06,0.007657522335648537
v109_s0103,109,103,0,0,0,1.0,1.3859375940228347e-06,0.0013006062945351005
v109_s0104,109,104,0,0,0,1.0,1.360546775686089e-06,0.002897838596254587
v109_s0105,109,105,0,0,0,1.0,1.0184837719862117e-06,0.0015374699141830206
v109_s0106,109,106,0,0,0,1.0,1.8730321471593925e-06,0.019557489082217216
v109_s0107,109,107,0,0,0,1.0,1.0915416623902274e-06,0.0017087392043322325
v109_s0108,109,108,0,0,0,1.0,1.1174297469551675e-06,0.001706729643046856
v109_s0109,109,109,0,0,0,1.0,1.281004642805783e-06,0.011321607045829296
v109_s0110,109,110,0,0,0,1.0,8.938143309933366e-07,0.00091610720846802
v109_s0111,109,111,0,0,0,1.0,8.727280942366633e-07,0.0010748283239081502
v109_s0112,109,112,0,0,0,1.0,8.971685474534752e-07,0.0011700083268806338
v109_s0113,109,113,0,0,0,1.0,8.795924486548756e-07,0.0015543574700132012
v109_s0114,109,114,0,0,0,1.0,1.2659662615988054e-06,0.0031609944999217987
v109_s0115,109,115,0,0,0,1.0,1.7358457853333675e-06,0.002773159183561802
v109_s0116,109,116,0,0,0,1.0,1.4718320926476736e-06,0.004705439321696758
v109_s0117,109,117,0,0,0,1.0,1.342883479082957e-06,0.0062502003274858
v109_s0118,109,118,0,0,0,1.0,1.9994065496575786e-06,0.012893669307231903
v109_s0119,109,119,0,0,0,1.0,1.7452948668505996e-06,0.006487775128334761
v109_s0120,109,120,0,0,0,1.0,2.179362127208151e-06,0.021651912480592728
v109_s0121,109,121,0,0,0,1.0,1.783648713171715e-06,0.007243810687214136
v109_s0122,109,122,0,0,0,1.0,2.0655998014262877e-06,0.010463333688676357
v109_s0123,109,123,0,0,0,1.0,2.3619413695996627e-06,0.004624952096492052
v109_s0124,109,124,0,0,0,1.0,1.674178747634869e-06,0.004740003030747175
v109_s0125,109,125,0,0,0,1.0,1.2130012692068703e-06,0.0022331264335662127
v109_s0126,109,126,0,0,0,1.0,1.5658786196581786e-06,0.0022203191183507442
v109_s0127,109,127,0,0,0,1.0,8.926712098400458e-07,0.0011522196000441909
v109_s0128,109,128,0,0,0,1.0,9.148426443061908e-07,0.0008396651828661561
v109_s0129,109,129,0,0,0,1.0,3.9331002881226595e-06,0.035374965518713
v109_s0130,109,130,0,0,0,1.0,1.1815274774562567e-05,0.30549725890159607
v109_s0131,109,131,0,0,0,1.0,7.03601381246699e-06,0.13450521230697632
v109_s0132,109,132,0,0,0,1.0,2.341228082514135e-06,0.005773552693426609
v109_s0133,109,133,0,0,0,1.0,2.85777059616521e-06,0.024866927415132523
v109_s0134,109,134,0,0,0,1.0,2.249146291433135e-06,0.011579387821257114
v109_s0135,109,135,0,0,0,1.0,3.9452406781492755e-06,0.020549990236759186
v109_s0136,109,136,0,0,0,1.0,4.221660674375016e-06,0.03821684047579765
v109_s0137,109,137,0,0,0,1.0,1.9812296159216203e-06,0.009494624100625515
v109_s0138,109,138,0,0,0,1.0,3.9708988879283424e-06,0.020466459915041924
v109_s0139,109,139,0,0,0,1.0,2.09529798667063e-06,0.008332503028213978
v109_s0140,109,140,0,0,0,1.0,1.2782430758306873e-06,0.0029285664204508066
v109_s0141,109,141,0,0,0,1.0,1.2387602055241587e-06,0.00793125294148922
v109_s0142,109,142,0,0,0,1.0,2.630821200000355e-06,0.012882476672530174
v109_s0143,109,143,0,0,0,1.0,2.410408797004493e-06,0.03469594940543175
v109_s0144,109,144,0,0,0,1.0,2.1348467271309346e-05,0.30172568559646606
v109_s0145,109,145,0,0,0,1.0,4.613542387232883e-06,0.051517609506845474
v109_s0146,109,146,0,0,0,1.0,1.1227202776353806e-06,0.0014048784505575895
v109_s0147,109,147,0,0,0,1.0,1.322113121204893e-06,0.004624214489012957
v109_s0148,109,148,0,0,0,1.0,9.201922352986003e-07,0.0007460638298653066
v109_s0149,109,149,0,0,0,1.0,1.7323167185168131e-06,0.023829249665141106
v109_s0150,109,150,0,0,0,1.0,8.09040727745014e-07,0.0015373622300103307
v109_s0151,109,151,0,0,0,1.0,8.51235085974622e-07,0.0024585905484855175
v109_s0152,109,152,0,0,0,1.0,1.0074322744912934e-06,0.002458339324221015
v109_s0153,109,153,0,0,0,1.0,9.053690064320108e-07,0.001307717408053577
v109_s0154,109,154,0,0,0,1.0,9.3687515345664e-07,0.0015528653748333454
v109_s0155,109,155,0,0,0,1.0,1.2134844382671872e-06,0.00505870720371604
v109_s0156,109,156,0,0,0,1.0,1.1909646673302632e-06,0.004179605282843113
v109_s0157,109,157,0,0,0,1.0,5.3420230869960506e-06,0.06603503227233887
v109_s0158,109,158,0,1,0,9.99999000001e-07,2.4584496713941917e-05,0.5458197593688965
v109_s0159,109,159,0,0,0,1.0,1.593008346389979e-05,0.39340662956237793
v109_s0160,109,160,0,0,0,1.0,1.2008007388430997e-06,0.008547057397663593
v109_s0161,109,161,0,0,0,1.0,8.61064449964033e-07,0.002569232601672411
v109_s0162,109,162,0,0,0,1.0,1.4164634194457904e-06,0.009530782699584961
v109_s0163,109,163,0,0,0,1.0,1.1155480024171993e-06,0.0029628484044224024
v109_s0164,109,164,0,0,0,1.0,1.1588147117436165e-06,0.0022580234799534082
v109_s0165,109,165,0,0,0,1.0,2.8674826353380922e-06,0.05334017425775528
v109_s0166,109,166,0,0,0,1.0,1.943691859196406e-05,0.43538784980773926
v109_s0167,109,167,0,0,0,1.0,1.984163191082189e-06,0.026652822270989418
v109_s0168,109,168,0,0,0,1.0,1.3247646165837068e-05,0.3231559693813324
v109_s0169,109,169,0,0,0,1.0,1.264645334231318e-06,0.005545163527131081
v109_s0170,109,170,0,0,0,1.0,1.0612250207486795e-06,0.0026598512195050716
v109_s0171,109,171,0,0,0,1.0,1.44217938213842e-06,0.006108093541115522
v109_s0172,109,172,0,0,0,1.0,8.331847993758856e-07,0.002069088164716959
v109_s0173,109,173,0,0,0,1.0,1.3285646218719194e-06,0.004953684285283089
v109_s0174,109,174,0,0,0,1.0,3.3162802992592333e-06,0.059129949659109116
v109_s0175,109,175,0,0,0,1.0,3.647156290753628e-06,0.0990012064576149
v109_s0176,109,176,0,0,0,1.0,1.2790114851668477e-06,0.0083158602938056
v109_s0177,109,177,0,0,0,1.0,2.120940280292416e-06,0.05610749498009682
v109_s0178,109,178,0,0,0,1.0,1.9470337520033354e-06,0.01211744174361229
v109_s0179,109,179,0,0,0,1.0,1.4631277736043558e-06,0.010426822118461132
v109_s0180,109,180,0,0,0,1.0,8.980789516499499e-07,0.0020409254357218742
v109_s0181,109,181,0,0,0,1.0,1.1704821645253105e-06,0.006787536665797234
v109_s0182,109,182,0,0,0,1.0,1.472433496019221e-06,0.014546340331435204
v109_s0183,109,183,0,0,0,1.0,1.196272023662459e-06,0.001667952281422913
v109_s0184,109,184,0,0,0,1.0,1.0839441983989673e-06,0.002556493505835533
v109_s0185,109,185,0,0,0,1.0,9.182050462186453e-07,0.0016358473803848028
v109_s0186,109,186,0,0,0,1.0,1.0968897186103277e-06,0.0024323866236954927
v109_s0187,109,187,0,0,0,1.0,9.746358955453616e-07,0.0010455979499965906
v109_s0188,109,188,0,0,0,1.0,1.1195330671398551e-06,0.0027512398082762957
v109_s0189,109,189,0,0,0,1.0,1.4127195981927798e-06,0.002863599918782711
v109_s0190,109,190,0,0,0,1.0,1.1747661119443364e-06,0.0013260904233902693
v109_s0191,109,191,0,0,0,1.0,9.54717279455508e-07,0.0017421350348740816
v109_s0192,109,192,0,0,0,1.0,9.107147889153566e-07,0.0014954154612496495
v109_s0193,109,193,0,0,0,1.0,9.65966592048062e-07,0.0015769738238304853
v109_s0194,109,194,0,0,0,1.0,8.890290246199584e-07,0.0016108842100948095
v109_s0195,109,195,0,0,0,1.0,7.535020358773181e-07,0.00036214408464729786
v109_s0196,109,196,0,0,0,1.0,8.2926459299415e-07,0.000850801938213408
v109_s0197,109,197,0,0,0,1.0,7.869729756748711e-07,0.0007007498061284423
v109_s0198,109,198,0,0,0,1.0,8.346888762389426e-07,0.0007984673720784485
v109_s0199,109,199,0,0,0,1.0,7.200686695796321e-07,0.00038771468098275363
v109_s0200,109,200,0,0,0,1.0,1.1027248092432274e-06,0.002022306201979518
v109_s0201,109,201,0,0,0,1.0,7.218322934932075e-07,0.0015391191700473428
v109_s0202,109,202,0,0,0,1.0,6.62428533360071e-07,0.0005881772376596928
v109_s0203,109,203,0,0,0,1.0,6.018375415806076e-07,0.0003420411085244268
v109_s0204,109,204,0,0,0,1.0,6.365552849274536e-07,0.0004860076878685504
v109_s0205,109,205,0,0,0,1.0,7.483817512365931e-07,0.00037082997732795775
v109_s0206,109,206,0,0,0,1.0,9.198590760206571e-07,0.0011160237481817603
v109_s0207,109,207,0,0,0,1.0,1.160596298177552e-06,0.001647026278078556
v109_s0208,109,208,0,0,0,1.0,1.094464664674888e-06,0.0031423489563167095
v109_s0209,109,209,0,0,0,1.0,9.050282869793591e-07,0.0019294138764962554
v109_s0210,109,210,0,0,0,1.0,1.2055401157340384e-06,0.00167821382638067
v109_s0211,109,211,0,0,0,1.0,1.3955016129330033e-06,0.011759958229959011
v109_s0212,109,212,0,0,0,1.0,1.3408332961262204e-05,0.21968208253383636
v109_s0213,109,213,0,0,0,1.0,3.588050958569511e-06,0.0858011320233345
v109_s0214,109,214,0,0,0,1.0,2.775604480120819e-05,0.45278802514076233
v109_s0215,109,215,0,0,0,1.0,9.77310355665395e-06,0.20449018478393555
v109_s0216,109,216,0,0,0,1.0,2.0367506294860505e-06,0.012369376607239246
v109_s0217,109,217,0,0,0,1.0,2.6896891540673096e-06,0.027695272117853165
v109_s0218,109,218,0,0,0,1.0,2.5072040443774313e-06,0.02940055914223194
v109_s0219,109,219,0,0,0,1.0,1.5091472960193641e-06,0.011371049098670483
v109_s0220,109,220,0,0,0,1.0,4.632275704352651e-06,0.11108636856079102
v109_s0221,109,221,0,0,0,1.0,1.6095376622615731e-06,0.007947725243866444
v109_s0222,109,222,0,0,0,1.0,2.1569990167336073e-06,0.005062495358288288
v109_s0223,109,223,0,0,0,1.0,1.364527633995749e-06,0.00370086170732975
v109_s0224,109,224,0,0,0,1.0,9.472497595197638e-07,0.0013120532967150211
v109_s0225,109,225,0,0,0,1.0,1.4725717392138904e-06,0.005016518756747246
v109_s0226,109,226,0,0,0,1.0,1.198839981952915e-06,0.006095586344599724
v109_s0227,109,227,0,0,0,1.0,1.0472122085047886e-06,0.0011950492626056075
v109_s0228,109,228,0,0,0,1.0,1.105640421883436e-06,0.0010046814568340778
v109_s0229,109,229,0,0,0,1.0,1.5591131159453653e-06,0.011954337358474731
v109_s0230,109,230,0,0,0,1.0,2.5693216230138205e-06,0.034553054720163345
v109_s0231,109,231,0,0,0,1.0,3.4174820484622614e-06,0.04493877664208412
v109_s0232,109,232,0,0,0,1.0,1.738362470860011e-06,0.008406488224864006
v109_s0233,109,233,0,0,0,1.0,1.0357448445574846e-06,0.000667247106321156
v109_s0234,109,234,0,0,0,1.0,1.2860125480074203e-06,0.00331043335609138
v109_s0235,109,235,0,0,0,1.0,1.069652626028983e-06,0.0014861983945593238
v109_s0236,109,236,0,0,0,1.0,1.0504633110031136e-06,0.0008872983744367957
v109_s0237,109,237,0,0,0,1.0,1.081616119336104e-06,0.0012445516185835004
v109_s0238,109,238,0,0,0,1.0,1.2350922133919084e-06,0.0010972614400088787
v109_s0239,109,239,0,0,0,1.0,1.166505512628646e-06,0.0017908914014697075
v109_s0240,109,240,0,0,0,1.0,1.1091973419752321e-06,0.001536659779958427
v109_s0241,109,241,0,0,0,1.0,9.255945201402938e-07,0.0009073054534383118
v109_s0242,109,242,0,0,0,1.0,1.1071635981352301e-06,0.002492486033588648
v109_s0243,109,243,0,0,0,1.0,9.74791305452527e-07,0.004259743262082338
v109_s0244,109,244,0,0,0,1.0,8.33469698591216e-07,0.0023147074971348047
v109_s0245,109,245,0,0,0,1.0,1.0648801662682672e-06,0.011570516042411327
v109_s0246,109,246,0,0,0,1.0,8.364231689483859e-07,0.004964628256857395
v109_s0247,109,247,0,0,0,1.0,8.054219051700784e-07,0.0005222028703428805
v109_s0248,109,248,0,0,0,1.0,8.471776027363376e-07,0.0009509161463938653
v109_s0249,109,249,0,0,0,1.0,9.111457188737404e-07,0.0006278264918364584
v109_s0250,109,250,0,0,0,1.0,9.711261554912198e-07,0.0007125206757336855
v109_s0251,109,251,0,0,0,1.0,1.0266257959301583e-06,0.0005780008505098522
v109_s0252,109,252,0,0,0,1.0,7.795939040988742e-07,0.0012681862572208047
v109_s0253,109,253,0,0,0,1.0,9.500845408183523e-07,0.0020913949701935053
v109_s0254,109,254,0,0,0,1.0,1.3504859452950768e-06,0.003180096158757806
v109_s0255,109,255,0,0,0,1.0,9.942409633367788e-07,0.001745089190080762
v109_s0256,109,256,0,0,0,1.0,1.0469871085660998e-06,0.0014570021303370595
v109_s0257,109,257,0,0,0,1.0,1.0653562867446453e-06,0.0016130091389641166
v109_s0258,109,258,0,0,0,1.0,9.116587307289592e-07,0.0011526006273925304
v109_s0259,109,259,0,0,0,1.0,1.0620043440212612e-06,0.000902655185200274
v109_s0260,109,260,0,0,0,1.0,1.4199027873473824e-06,0.0016888179816305637
v109_s0261,109,261,0,0,0,1.0,1.3990227216709172e-06,0.0019143049139529467
v109_s0262,109,262,0,0,0,1.0,8.861318860908796e-07,0.0008358979248441756
v109_s0263,109,263,0,0,0,1.0,1.1136053217342123e-06,0.0010512367589399219
v109_s0264,109,264,0,0,0,1.0,9.706067203296698e-07,0.002001625718548894
v109_s0265,109,265,0,0,0,1.0,7.704993549850769e-07,0.001067832112312317
v109_s0266,109,266,0,0,0,1.0,7.215781465674809e-07,0.0007620450924150646
v109_s0267,109,267,0,0,0,1.0,8.849936534716107e-07,0.0006792926578782499
v109_s0268,109,268,0,0,0,1.0,8.011962790988036e-07,0.0007238906691782176
v109_s0269,109,269,0,0,0,1.0,6.397452239070844e-07,0.0008078526589088142
v109_s0270,109,270,0,0,0,1.0,7.759321078992798e-07,0.0010693763615563512
v109_s0271,109,271,0,0,0,1.0,7.356125024671201e-07,0.0012456588447093964
v109_s0272,109,272,0,0,0,1.0,5.127453732711729e-07,0.000786587770562619
v109_s0273,109,273,0,0,0,1.0,5.317438080965076e-07,0.0007880601333454251
v109_s0274,109,274,0,0,0,1.0,7.946773621370085e-07,0.004746066872030497
v109_s0275,109,275,0,0,0,1.0,4.881388235844497e-07,0.001557086710818112
v109_s0276,109,276,0,0,0,1.0,5.733645593863912e-07,0.0021753988694399595
v109_s0277,109,277,0,0,0,1.0,5.317878617461247e-07,0.0006576467421837151
v109_s0278,109,278,0,0,0,1.0,4.4590154857360176e-07,0.00046669854782521725
v109_s0279,109,279,0,0,0,1.0,5.212046971792006e-07,0.0010365147609263659
v109_s0280,109,280,0,0,0,1.0,7.667345016670879e-07,0.005904031451791525
v109_s0281,109,281,0,0,0,1.0,7.944699973450042e-07,0.008969748392701149
v109_s0282,109,282,0,0,0,1.0,6.065719162506866e-07,0.0029943459667265415
v109_s0283,109,283,0,0,0,1.0,9.553513109494816e-07,0.007373349741101265
v109_s0284,109,284,0,0,0,1.0,5.622518983727787e-07,0.0012527955695986748
v109_s0285,109,285,0,0,0,1.0,5.246830028227123e-07,0.0009327497682534158
v109_s0286,109,286,0,0,0,1.0,6.06912351486244e-07,0.0004973395843990147
v109_s0287,109,287,0,0,0,1.0,5.756436394221964e-07,0.000755924847908318
v109_s0288,109,288,0,0,0,1.0,5.568046503867663e-07,0.000638128025457263
v109_s0289,109,289,0,0,0,1.0,5.518842272067559e-07,0.0005242296610958874
v109_s0290,109,290,0,0,0,1.0,6.343709060274705e-07,0.0005415907362475991
v109_s0291,109,291,0,0,0,1.0,7.074514769556117e-07,0.0019131693989038467
v109_s0292,109,292,0,0,0,1.0,7.012924925220432e-07,0.0009308538865298033
v109_s0293,109,293,0,0,0,1.0,7.176340091064048e-07,0.0015056460397318006
v109_s0294,109,294,0,0,0,1.0,7.859768516027543e-07,0.00255472376011312
v109_s0295,109,295,0,0,0,1.0,7.375793984465417e-07,0.00400012219324708
v109_s0296,109,296,0,0,0,1.0,6.611647904719575e-07,0.0025925582740455866
v109_s0297,109,297,0,0,0,1.0,3.3652720503596356e-06,0.046339910477399826
v109_s0298,109,298,0,2,0,4.99999750000125e-07,3.7544545193668455e-05,0.8516682982444763
v109_s0299,109,299,0,8,0,1.2499998437500196e-07,0.00010082640073960647,0.9952061772346497
v109_s0300,109,300,0,2,0,4.99999750000125e-07,3.5395009035710245e-05,0.8658472895622253
v109_s0301,109,301,0,0,0,1.0,1.1848212125187274e-05,0.38095346093177795
v109_s0302,109,302,0,0,0,1.0,1.1588472261792049e-06,0.005420360714197159
v109_s0303,109,303,0,0,0,1.0,1.065576952896663e-06,0.005851805210113525
v109_s0304,109,304,0,0,0,1.0,6.596626462851418e-07,0.002245033159852028
v109_s0305,109,305,0,0,0,1.0,5.179499567020684e-07,0.0005445131682790816
v109_s0306,109,306,0,0,0,1.0,5.017844841859187e-07,0.0012946405913680792
v109_s0307,109,307,0,0,0,1.0,4.5086318323228625e-07,0.0003220356011297554
v109_s0308,109,308,0,0,0,1.0,4.1769894210119674e-07,0.0003364176955074072
v109_s0309,109,309,0,0,0,1.0,5.24621441400086e-07,0.0004780215094797313
v109_s0310,109,310,7,0,0,1.428571224489825e-07,5.176162858333555e-07,0.0002362092345720157
v109_s0311,109,311,7,0,0,1.428571224489825e-07,5.184780320632854e-07,0.0002978669945150614
v109_s0312,109,312,7,0,0,1.428571224489825e-07,4.809612619283143e-07,0.00029456199263222516
v109_s0313,109,313,8,0,0,1.2499998437500196e-07,5.597294148174115e-07,0.00041726944618858397
v109_s0314,109,314,11,0,0,9.090908264462886e-08,7.027069273135567e-07,0.006060850340873003
v109_s0315,109,315,13,0,0,7.692307100591761e-08,3.4713582408585353e-06,0.08329356461763382
v109_s0316,109,316,13,0,0,7.692307100591761e-08,1.3050009783910355e-06,0.029537342488765717
v109_s0317,109,317,14,7,6,0.5714285918367337,8.969660120783374e-05,0.987307071685791
v109_s0318,109,318,16,12,9,0.6428571556122444,0.00018374744104221463,0.9998852014541626
v109_s0319,109,319,19,16,11,0.6285714391836732,0.00023644149769097567,0.9999984502792358
v109_s0320,109,320,21,15,10,0.5555555679012343,0.00023146953026298434,0.9999985694885254
v109_s0321,109,321,27,14,8,0.390243917311124,0.00020275420683901757,0.999984622001648
v109_s0322,109,322,52,2,2,0.07407409122085017,4.1258343117078766e-05,0.8727219700813293
v109_s0323,109,323,52,0,0,1.923076886094675e-08,1.0282086577717564e-06,0.010395822115242481
v109_s0324,109,324,51,0,0,1.9607842752787398e-08,7.944135518300754e-07,0.003457677783444524
v109_s0325,109,325,63,8,6,0.16901409621106905,0.00013558049977291375,0.9998829364776611
v109_s0326,109,326,54,20,11,0.29729730679327965,0.0002947160101030022,0.9999998807907104
v109_s0327,109,327,63,24,16,0.36781609922050457,0.0003579571202863008,1.0
v109_s0328,109,328,56,27,17,0.40963856132965587,0.000390034110751003,1.0
v109_s0329,109,329,51,27,12,0.30769231656804724,0.0004052806179970503,1.0
v109_s0330,109,330,54,23,11,0.2857142949907235,0.0003515001735650003,1.0
v109_s0331,109,331,61,18,6,0.1518987449126741,0.0002911448827944696,1.0
v109_s0332,109,332,50,20,0,1.4285714081632656e-08,0.00030614473507739604,1.0
v109_s0333,109,333,54,15,0,1.4492753413148501e-08,0.00022749530035071075,0.9999994039535522
v109_s0334,109,334,58,3,0,1.6393442354205864e-08,5.671366670867428e-05,0.9835212230682373
v109_s0335,109,335,62,29,8,0.17582418488105292,0.0004440444754436612,0.9999532699584961
v109_s0336,109,336,71,28,2,0.04040405009692879,0.00044219501432962716,0.9999939203262329
v109_s0337,109,337,73,9,0,1.2195121802498514e-08,0.00013940535427536815,0.999985933303833
v109_s0338,109,338,83,14,2,0.041237123286215226,0.000244553986703977,0.9993569254875183
v109_s0339,109,339,89,88,53,0.598870058763446,0.0014108977047726512,0.9999986886978149
v109_s0340,109,340,101,119,56,0.509090911322314,0.00183596380520612,0.9999994039535522
v109_s0341,109,341,117,99,55,0.5092592615312072,0.0014729448594152927,0.9999984502792358
v109_s0342,109,342,133,94,67,0.5903083718488618,0.0014225291088223457,0.9999998807907104
v109_s0343,109,343,159,89,67,0.5403225824986992,0.0014387270202860236,0.9999972581863403
v109_s0344,109,344,138,92,60,0.5217391325141777,0.001405217102728784,0.9999951124191284
v109_s0345,109,345,121,122,76,0.625514404833274,0.0018593290587887168,0.9999978542327881
v109_s0346,109,346,108,62,40,0.4705882384083045,0.0009696594206616282,0.9999182224273682
v109_s0347,109,347,96,51,29,0.39455782724790595,0.0007567417924292386,0.9999942779541016
v109_s0348,109,348,83,95,69,0.7752809001388713,0.001421032240614295,0.9999978542327881
v109_s0349,109,349,77,87,69,0.8414634156008328,0.0013468482065945864,0.9999966621398926
v109_s0350,109,350,71,66,52,0.7591240893494592,0.0010348961222916842,0.9999955892562866
v109_s0351,109,351,13,48,10,0.32786886347755967,0.0007380502065643668,0.9999772310256958
v109_s0352,109,352,0,10,0,9.9999990000001e-08,0.00015454302774742246,0.970084547996521
v109_s0353,109,353,0,31,0,3.225806347554634e-08,0.0005197831778787076,0.999903678894043
v109_s0354,109,354,0,9,0,1.1111109876543348e-07,0.00014491409820038825,0.9987892508506775
v109_s0355,109,355,0,33,0,3.0303029384756685e-08,0.0004984296392649412,0.9925966262817383
v109_s0356,109,356,0,4,0,2.499999375000156e-07,5.00505993841216e-05,0.8748704791069031
v109_s0357,109,357,0,0,0,1.0,3.2785919756861404e-06,0.013735277578234673
v109_s0358,109,358,17,4,4,0.38095241043083755,6.118591409176588e-05,0.9584627747535706
v109_s0359,109,359,18,16,11,0.6470588339100344,0.000258785265032202,0.99998939037323
v109_s0360,109,360,27,20,17,0.7234042612041647,0.0003168773546349257,1.0
v109_s0361,109,361,18,22,11,0.5500000112499998,0.0003884884063154459,1.0
v109_s0362,109,362,18,23,9,0.4390244039262341,0.0003531642141751945,0.9999986886978149
v109_s0363,109,363,0,5,0,1.99999960000008e-07,0.00010746672342065722,0.9970909357070923
v109_s0364,109,364,13,11,8,0.666666680555555,0.00019318780687171966,0.9989941716194153
v109_s0365,109,365,12,31,12,0.5581395451595456,0.00046590124838985503,1.0
v109_s0366,109,366,10,38,10,0.41666667881944425,0.0006103329360485077,1.0
v109_s0367,109,367,15,37,14,0.538461547337278,0.0005768195260316133,1.0
v109_s0368,109,368,21,41,19,0.6129032320499479,0.000624717737082392,1.0
v109_s0369,109,369,18,37,17,0.6181818251239668,0.0005531717324629426,1.0
v109_s0370,109,370,13,35,13,0.5416666762152776,0.0005247035878710449,1.0
v109_s0371,109,371,11,29,11,0.5500000112499998,0.0004659822734538466,1.0
v109_s0372,109,372,0,25,0,3.999999840000006e-08,0.00040514598367735744,0.9999998807907104
v109_s0373,109,373,0,8,0,1.2499998437500196e-07,0.0001320567389484495,0.9941668510437012
v109_s0374,109,374,0,4,0,2.499999375000156e-07,7.570361776743084e-05,0.8891543745994568
v109_s0375,109,375,0,0,0,1.0,3.1017689252621494e-06,0.02818276360630989
v109_s0376,109,376,0,0,0,1.0,1.3936401046521496e-06,0.00452228169888258
v109_s0377,109,377,0,0,0,1.0,1.4503702914225869e-06,0.030236564576625824
v109_s0378,109,378,0,0,0,1.0,7.551616931777971e-07,0.002461422234773636
v109_s0379,109,379,0,0,0,1.0,3.882081273332005e-06,0.11596790701150894
v109_s0380,109,380,0,0,0,1.0,8.267127213912318e-07,0.008200856857001781
v109_s0381,109,381,0,0,0,1.0,6.006698640703689e-07,0.0028199204243719578
v109_s0382,109,382,0,20,0,4.999999750000012e-08,0.00030512240482494235,0.971325159072876
v109_s0383,109,383,0,87,0,1.149425274144537e-08,0.0013294675154611468,0.9999998807907104
v109_s0384,109,384,0,105,0,9.523809433106576e-09,0.0016271206550300121,0.999998927116394
v109_s0385,109,385,0,104,0,9.615384522928995e-09,0.0016052995342761278,0.9999998807907104
v109_s0386,109,386,0,84,0,1.1904761763038551e-08,0.001278257928788662,1.0
v109_s0387,109,387,0,50,0,1.9999999600000007e-08,0.0007937387563288212,0.9999994039535522
v109_s0388,109,388,0,0,0,1.0,1.181936931970995e-05,0.2866596281528473
v109_s0389,109,389,31,0,0,3.225806347554634e-08,1.4139902759779943e-06,0.020292509347200394
v109_s0390,109,390,31,0,0,3.225806347554634e-08,3.8227617551456206e-06,0.09419029206037521
v109_s0391,109,391,37,4,4,0.19512197085068364,6.713766197208315e-05,0.8311444520950317
v109_s0392,109,392,37,17,11,0.40740741838134414,0.00026814534794539213,0.998930037021637
v109_s0393,109,393,42,45,29,0.6666666704980843,0.0006855413084849715,0.9999969005584717
v109_s0394,109,394,46,51,33,0.6804123744287384,0.0008016410865820944,0.9999996423721313
v109_s0395,109,395,46,48,30,0.6382978761883205,0.0007418494205921888,0.9999898672103882
v109_s0396,109,396,45,7,3,0.11538463239644939,0.00013744097668677568,0.8267550468444824
v109_s0397,109,397,45,34,0,1.2658227687870536e-08,0.0005378952482715249,1.0
v109_s0398,109,398,48,40,0,1.1363636234504133e-08,0.0006425707833841443,1.0
v109_s0399,109,399,70,34,18,0.3461538524408283,0.0005267763044685125,1.0
v109_s0400,109,400,69,46,22,0.3826087010207939,0.0007129801088012755,1.0
v109_s0401,109,401,74,38,27,0.48214286176658155,0.0006004945607855916,0.9999701976776123
v109_s0402,109,402,78,24,24,0.470588240484429,0.000372089387383312,0.9993656277656555
v109_s0403,109,403,83,35,33,0.559322037632864,0.0005066996091045439,0.9998877048492432
v109_s0404,109,404,90,75,54,0.6545454566391185,0.0011328374966979027,0.9999998807907104
v109_s0405,109,405,139,83,67,0.6036036053891729,0.0012744052801281214,0.9999998807907104
v109_s0406,109,406,148,27,26,0.29714286115918365,0.0004005839000456035,0.9992769360542297
v109_s0407,109,407,151,35,31,0.3333333369175627,0.0005047708982601762,0.9969159364700317
v109_s0408,109,408,180,50,39,0.33913043765595463,0.000806691066827625,0.9984227418899536
v109_s0409,109,409,240,191,64,0.2969837603318242,0.0028703813441097736,0.9999996423721313
v109_s0410,109,410,282,152,76,0.3502304162437087,0.002287566661834717,0.9999998807907104
v109_s0411,109,411,254,139,68,0.34605598130774556,0.0021466799080371857,0.9999998807907104
v109_s0412,109,412,281,269,81,0.29454545582809916,0.004109258763492107,0.9999994039535522
v109_s0413,109,413,274,326,51,0.17000000138333332,0.0049591101706027985,0.9999980926513672
v109_s0414,109,414,273,205,23,0.09623431151415415,0.0031515297014266253,0.9999992847442627
v109_s0415,109,415,299,253,70,0.253623189757929,0.0039568934589624405,0.9999992847442627
v109_s0416,109,416,284,414,38,0.10888252276664395,0.0062931012362241745,0.9999995231628418
v109_s0417,109,417,267,474,34,0.09176788246724982,0.0072173140943050385,0.9999998807907104
v109_s0418,109,418,311,502,22,0.05412054236885542,0.007590117398649454,0.9999990463256836
v109_s0419,109,419,262,585,89,0.21015348381327806,0.008851367048919201,0.9999343156814575
v109_s0420,109,420,217,435,69,0.2116564429269073,0.0065511977300047874,0.9999587535858154
v109_s0421,109,421,207,374,26,0.08950086215232209,0.00574541836977005,0.9998611211776733
v109_s0422,109,422,238,210,117,0.5223214296376754,0.0034485964570194483,0.9999959468841553
v109_s0423,109,423,244,150,136,0.6903553307351388,0.0023086597211658955,0.9999996423721313
v109_s0424,109,424,184,157,126,0.739002933316707,0.0024366939906030893,0.9999998807907104
v109_s0425,109,425,194,156,121,0.691428572310204,0.0025009680539369583,0.9999998807907104
v109_s0426,109,426,187,129,116,0.7341772160310848,0.001996015664190054,0.9999998807907104
v109_s0427,109,427,184,40,26,0.23214286057079078,0.0006154010770842433,1.0
v109_s0428,109,428,236,29,21,0.15849056921324312,0.00043931230902671814,0.9999996423721313
v109_s0429,109,429,244,26,17,0.1259259291632373,0.00039308020495809615,0.9999982118606567
v109_s0430,109,430,274,14,13,0.09027778093653549,0.00019286399765405804,0.993835985660553
v109_s0431,109,431,327,4,4,0.024169187238159553,6.649532588198781e-05,0.6970115900039673
v109_s0432,109,432,277,15,0,3.424657522518296e-09,0.00024674716405570507,0.9999866485595703
v109_s0433,109,433,287,10,0,3.3670033556666553e-09,0.00014120078412815928,0.9997681975364685
v109_s0434,109,434,269,6,6,0.04363636711404957,0.00011335981980664656,0.9720174670219421
v109_s0435,109,435,265,35,29,0.19333333602222222,0.0005623759352602065,0.9999997615814209
v109_s0436,109,436,318,7,2,0.012307695346745553,0.00019175265333615243,0.8796558976173401
v109_s0437,109,437,333,49,0,2.6178010402675366e-09,0.0007285359315574169,0.9844139814376831
v109_s0438,109,438,380,47,4,0.01873536529570172,0.0007277590339072049,0.9993288516998291
v109_s0439,109,439,329,7,4,0.023809526714852598,0.0001058716734405607,0.9691742062568665
v109_s0440,109,440,353,5,1,0.005586594956462025,0.00010443821520311758,0.7365201711654663
v109_s0441,109,441,368,8,0,2.65957446101177e-09,0.00014412065502256155,0.9700245261192322
v109_s0442,109,442,405,36,0,2.267573691003234e-09,0.0005844712140969932,0.9998977184295654
v109_s0443,109,443,353,25,0,2.6455026385039613e-09,0.00039723783265799284,0.9997920393943787
v109_s0444,109,444,370,47,11,0.05275779603655205,0.0007084031240083277,0.9999963045120239
v109_s0445,109,445,375,19,11,0.05583756584812801,0.00032053247559815645,0.9999934434890747
v109_s0446,109,446,369,9,5,0.02645502903054225,0.00015965649799909443,0.9999524354934692
v109_s0447,109,447,365,10,1,0.005333335985777771,0.0001975451596081257,0.9998331069946289
v109_s0448,109,448,369,17,8,0.04145077968536068,0.0002773146261461079,0.9999744892120361
v109_s0449,109,449,377,18,14,0.07088607830155423,0.00031505845254287124,0.9747409820556641
v109_s0450,109,450,417,46,38,0.16414687005583828,0.0007465910166501999,0.9999984502792358
v109_s0451,109,451,333,37,24,0.12972973208181152,0.000594715413171798,0.9999905824661255
v109_s0452,109,452,301,30,30,0.18126888464873447,0.0004684931773226708,0.9996529817581177
v109_s0453,109,453,275,31,11,0.07189542786962279,0.0004534220206551254,0.9999748468399048
v109_s0454,109,454,240,33,21,0.15384615694561846,0.0005168552161194384,0.9999483823776245
v109_s0455,109,455,211,21,13,0.11206896934453031,0.0003006909100804478,0.98216313123703
v109_s0456,109,456,169,21,13,0.13684210980609415,0.0003445418260525912,0.9654757976531982
v109_s0457,109,457,28,36,26,0.8125000029296875,0.0005666860961355269,0.9999920129776001
v109_s0458,109,458,24,14,13,0.6842105346260386,0.0002179616130888462,0.9630309343338013
v109_s0459,109,459,28,0,0,3.571428443877555e-08,9.626655810279772e-06,0.0901036262512207
v109_s0460,109,460,26,6,0,3.124999902343753e-08,9.410158963873982e-05,0.9988998174667358
v109_s0461,109,461,20,7,0,3.703703566529497e-08,0.00010465281957294792,0.9572417140007019
v109_s0462,109,462,14,4,0,5.555555246913597e-08,8.633199468022212e-05,0.9943469166755676
v109_s0463,109,463,9,20,0,3.4482757431629055e-08,0.000293106451863423,0.9998151659965515
v109_s0464,109,464,2,15,0,5.882352595155729e-08,0.0002480887051206082,0.9987634420394897
v109_s0465,109,465,0,41,0,2.4390243307555043e-08,0.0006017005071043968,0.9979022741317749
v109_s0466,109,466,0,25,0,3.999999840000006e-08,0.00041146366856992245,0.998428225517273
v109_s0467,109,467,0,0,0,1.0,2.632923951750854e-06,0.01634768582880497
v109_s0468,109,468,0,0,0,1.0,7.89701607573079e-06,0.07875388115644455
v109_s0469,109,469,0,0,0,1.0,1.8883270968217403e-05,0.2717125415802002
v109_s0470,109,470,0,0,0,1.0,2.4783423214103095e-05,0.322346031665802
v109_s0471,109,471,0,0,0,1.0,2.7311787107464625e-06,0.017994238063693047
v109_s0472,109,472,0,7,0,1.428571224489825e-07,0.000120241500553675,0.9999169111251831
v109_s0473,109,473,0,24,0,4.166666493055563e-08,0.00038116759969852865,0.9983429908752441
v109_s0474,109,474,0,56,0,1.7857142538265312e-08,0.0008293853607028723,0.9999169111251831
v109_s0475,109,475,0,26,0,3.846153698224858e-08,0.0003850461507681757,1.0
v109_s0476,109,476,0,22,0,4.5454543388429843e-08,0.00036075199022889137,1.0
v109_s0477,109,477,0,10,0,9.9999990000001e-08,0.00014705136709380895,0.9818496108055115
v109_s0478,109,478,0,0,0,1.0,6.874853170302231e-06,0.1815192997455597
v109_s0479,109,479,0,30,0,3.3333332222222255e-08,0.0004988702712580562,0.9999995231628418
v109_s0480,109,480,0,26,0,3.846153698224858e-08,0.0003904233453795314,0.9964073300361633
v109_s0481,109,481,0,22,0,4.5454543388429843e-08,0.00033644051291048527,0.9999868869781494
v109_s0482,109,482,0,32,0,3.124999902343753e-08,0.0004975604242645204,1.0
v109_s0483,109,483,0,10,0,9.9999990000001e-08,0.00016950457938946784,0.9934996366500854
v109_s0484,109,484,0,0,0,1.0,9.576925776855205e-07,0.008967714384198189
v109_s0485,109,485,0,0,0,1.0,6.680306228190602e-07,0.0030143889598548412
v109_s0486,109,486,0,4,0,2.499999375000156e-07,4.6439661673502997e-05,0.6425217390060425
v109_s0487,109,487,0,12,0,8.333332638888946e-08,0.00017064764688257128,0.9999535083770752
v109_s0488,109,488,0,1,0,9.99999000001e-07,2.2359599824994802e-05,0.5961405038833618
v109_s0489,109,489,0,0,0,1.0,8.979904123407323e-06,0.2823210060596466
v109_s0490,109,490,0,0,0,1.0,8.948979939304991e-07,0.006468014791607857
v109_s0491,109,491,0,0,0,1.0,5.129538294568192e-06,0.18138007819652557
v109_s0492,109,492,0,0,0,1.0,7.067289971018909e-07,0.004103322047740221
v109_s0493,109,493,0,7,0,1.428571224489825e-07,8.746165985940024e-05,0.9984837174415588
v109_s0494,109,494,0,18,0,5.555555246913597e-08,0.00027723517268896103,0.9999998807907104
v109_s0495,109,495,0,12,0,8.333332638888946e-08,0.0001693982194410637,0.9998692274093628
v109_s0496,109,496,0,10,0,9.9999990000001e-08,0.00015372911002486944,0.9990743398666382
v109_s0497,109,497,0,18,0,5.555555246913597e-08,0.0002774205931928009,0.9999985694885254
v109_s0498,109,498,0,75,0,1.3333333155555557e-08,0.0011225914349779487,1.0
v109_s0499,109,499,0,62,0,1.612903199791884e-08,0.0009799296967685223,1.0
v109_s0500,109,500,0,70,0,1.4285714081632656e-08,0.0010815846035256982,1.0
v109_s0501,109,501,0,45,0,2.2222221728395074e-08,0.0006884419126436114,0.9999992847442627
v109_s0502,109,502,0,34,0,2.9411763840830475e-08,0.0005524406442418694,0.9999992847442627
v109_s0503,109,503,0,39,0,2.5641024983563464e-08,0.0006385568412952125,1.0
v109_s0504,109,504,0,35,0,2.8571427755102065e-08,0.0005567121552303433,1.0
v109_s0505,109,505,0,32,0,3.124999902343753e-08,0.00047311672824434936,0.9999988079071045
v109_s0506,109,506,0,41,0,2.4390243307555043e-08,0.000645472900941968,0.9999969005584717
v109_s0507,109,507,0,24,0,4.166666493055563e-08,0.0003711388271767646,0.9999977350234985
v109_s0508,109,508,0,4,0,2.499999375000156e-07,7.1304602897726e-05,0.8011343479156494
v109_s0509,109,509,0,9,0,1.1111109876543348e-07,0.00013061192294117063,0.9990813732147217
v109_s0510,109,510,0,14,0,7.142856632653097e-08,0.00021072848176117986,0.9999921321868896
v109_s0511,109,511,0,12,0,8.333332638888946e-08,0.00019520420755725354,0.9999488592147827
v109_s0512,109,512,0,11,0,9.090908264462886e-08,0.00017889263108372688,0.9995424747467041
v109_s0513,109,513,0,10,0,9.9999990000001e-08,0.00019377577700652182,0.9988516569137573
v109_s0514,109,514,0,2,0,4.99999750000125e-07,4.546202762867324e-05,0.885498583316803
v109_s0515,109,515,0,2,0,4.99999750000125e-07,4.165348582318984e-05,0.8992337584495544
v109_s0516,109,516,0,13,0,7.692307100591761e-08,0.00018948508659377694,0.9999624490737915
v109_s0517,109,517,0,25,0,3.999999840000006e-08,0.00038403968210332096,0.9999963045120239
v109_s0518,109,518,0,51,0,1.9607842752787398e-08,0.0007680051494389772,1.0
v109_s0519,109,519,0,49,0,2.0408162848813002e-08,0.0007740050787106156,1.0
v109_s0520,109,520,0,57,0,1.75438593413358e-08,0.0008743155631236732,1.0
v109_s0521,109,521,0,59,0,1.6949152255099113e-08,0.0009027993073686957,0.9999996423721313
v109_s0522,109,522,0,84,0,1.1904761763038551e-08,0.001265950035303831,1.0
v109_s0523,109,523,0,73,0,1.3698629949333836e-08,0.0011524774599820375,1.0
v109_s0524,109,524,0,94,0,1.0638297759167044e-08,0.0014313748106360435,1.0
v109_s0525,109,525,0,65,0,1.5384615147929e-08,0.0009987049270421267,1.0
v109_s0526,109,526,0,52,0,1.923076886094675e-08,0.0007994783809408545,1.0
v109_s0527,109,527,0,57,0,1.75438593413358e-08,0.0008531282655894756,1.0
v109_s0528,109,528,0,135,0,7.407407352537723e-09,0.0020757608581334352,1.0
v109_s0529,109,529,0,170,0,5.8823529065743944e-09,0.0026219591964036226,0.9999998807907104
v109_s0530,109,530,0,12,0,8.333332638888946e-08,0.00026283133774995804,0.9935303330421448
v109_s0531,109,531,0,11,0,9.090908264462886e-08,0.00018929943325929344,0.9973862767219543
v109_s0532,109,532,0,8,0,1.2499998437500196e-07,0.00010586327698547393,0.9779074192047119
v109_s0533,109,533,0,20,0,4.999999750000012e-08,0.0002898872771766037,0.9999996423721313
v109_s0534,109,534,0,4,0,2.499999375000156e-07,7.917264883872122e-05,0.961653470993042
v109_s0535,109,535,0,107,0,9.345794305179493e-09,0.0016346719348803163,0.999984622001648
v109_s0536,109,536,0,7,0,1.428571224489825e-07,0.0001567658910062164,0.8844416737556458
v109_s0537,109,537,0,0,0,1.0,7.459437938450719e-07,0.0026081197429448366
v109_s0538,109,538,0,6,0,1.666666388888935e-07,0.00011151909711770713,0.9461344480514526
v109_s0539,109,539,0,0,0,1.0,1.0100590088768513e-06,0.008488199673593044
v109_s0540,109,540,0,2,0,4.99999750000125e-07,4.632052150554955e-05,0.8254814147949219
v109_s0541,109,541,0,0,0,1.0,1.4600087752114632e-06,0.022290317341685295
v109_s0542,109,542,0,5,0,1.99999960000008e-07,7.21780234016478e-05,0.9417366981506348
v109_s0543,109,543,0,0,0,1.0,1.054557969837333e-06,0.0053308573551476
v109_s0544,109,544,0,0,0,1.0,8.518592039763462e-06,0.1821262687444687
v109_s0545,109,545,0,0,0,1.0,9.085674719244707e-07,0.006134779658168554
v109_s0546,109,546,0,0,0,1.0,8.933488402362855e-07,0.003974779509007931
v109_s0547,109,547,0,0,0,1.0,6.837669275228109e-07,0.002993921749293804
v109_s0548,109,548,0,0,0,1.0,7.112953426258173e-07,0.0016981036169454455
v109_s0549,109,549,0,0,0,1.0,1.8570747215562733e-06,0.035030536353588104
v109_s0550,109,550,0,0,0,1.0,1.260770204680739e-06,0.013886385597288609
v109_s0551,109,551,0,0,0,1.0,1.0321325135009829e-05,0.31974485516548157
v109_s0552,109,552,0,2,0,4.99999750000125e-07,4.480081770452671e-05,0.7244523167610168
v109_s0553,109,553,0,0,0,1.0,2.5066612579394132e-05,0.41186970472335815
v109_s0554,109,554,0,0,0,1.0,2.3710206278337864e-06,0.031023744493722916
v109_s0555,109,555,0,0,0,1.0,5.707268542209931e-07,0.0005010111490264535
v109_s0556,109,556,0,0,0,1.0,5.545152816921473e-07,0.0006202632794156671
v109_s0557,109,557,0,0,0,1.0,4.5208852839095925e-07,0.0004284963069949299
v109_s0558,109,558,0,0,0,1.0,3.671339925404027e-07,0.0002700748445931822
v109_s0559,109,559,0,0,0,1.0,3.9227205661518383e-07,0.0003883753379341215
v109_s0560,109,560,0,0,0,1.0,3.3264382182096597e-07,0.00013209512690082192
v109_s0561,109,561,0,0,0,1.0,6.638556442339905e-07,0.0009217001497745514
v109_s0562,109,562,0,0,0,1.0,5.201579824642977e-07,0.0005534342490136623
v109_s0563,109,563,0,0,0,1.0,3.2339852396034985e-07,0.00017485066200606525
v109_s0564,109,564,0,0,0,1.0,4.3293348994666303e-07,0.0014001562958583236
v109_s0565,109,565,0,0,0,1.0,4.893296932095836e-07,0.001381764537654817
v109_s0566,109,566,0,0,0,1.0,6.309279001470713e-07,0.003926016855984926
v109_s0567,109,567,0,0,0,1.0,4.775566821990651e-07,0.0005768440314568579
v109_s0568,109,568,0,0,0,1.0,6.687844233965734e-07,0.0023690229281783104
v109_s0569,109,569,0,0,0,1.0,4.090075890417211e-06,0.031880732625722885
v109_s0570,109,570,0,1,0,9.99999000001e-07,5.0276801630388945e-05,0.5008000731468201
v109_s0571,109,571,0,0,0,1.0,1.4832025954092387e-05,0.18540959060192108
v109_s0572,109,572,0,0,0,1.0,1.171203712146962e-05,0.33448466658592224
v109_s0573,109,573,0,0,0,1.0,4.130090474063763e-06,0.10135587304830551
v109_s0574,109,574,0,0,0,1.0,5.895168442293652e-07,0.00367860309779644
v109_s0575,109,575,0,0,0,1.0,6.177494924486382e-07,0.000597866834141314
v109_s0576,109,576,0,0,0,1.0,5.58302303943492e-07,0.00038329034578055143
v109_s0577,109,577,0,0,0,1.0,5.222090067036333e-07,0.0007913000299595296
v109_s0578,109,578,0,0,0,1.0,4.868344944952696e-07,0.0023747324012219906
v109_s0579,109,579,0,0,0,1.0,5.305531658450491e-07,0.000816158892121166
v109_s0580,109,580,0,0,0,1.0,5.28303417013376e-07,0.0005331041174940765
v109_s0581,109,581,0,0,0,1.0,5.111421614856226e-07,0.0037844525650143623
v109_s0582,109,582,0,0,0,1.0,5.656967232425814e-07,0.002218659035861492
v109_s0583,109,583,0,0,0,1.0,9.721036349219503e-07,0.006425399333238602
v109_s0584,109,584,0,0,0,1.0,7.584865215903847e-07,0.004010198172181845
v109_s0585,109,585,0,0,0,1.0,4.0142452917280025e-07,0.0007865322404541075
v109_s0586,109,586,0,0,0,1.0,3.8448959571724117e-07,0.00039021827979013324
v109_s0587,109,587,0,0,0,1.0,4.078103188476234e-07,0.0011809966526925564
v109_s0588,109,588,0,0,0,1.0,5.952538231213111e-07,0.003936519380658865
v109_s0589,109,589,0,0,0,1.0,4.335633150276408e-07,0.0012175668962299824
v109_s0590,109,590,0,0,0,1.0,4.116713796520344e-07,0.0003769908216781914
v109_s0591,109,591,0,0,0,1.0,4.6879790716047864e-07,0.00047512142919003963
v109_s0592,109,592,0,0,0,1.0,4.244730575919675e-07,0.00036286786780692637
v109_s0593,109,593,0,0,0,1.0,4.183552562153636e-07,0.0003027409838978201
v109_s0594,109,594,0,0,0,1.0,4.622721974101296e-07,0.0002577988780103624
v109_s0595,109,595,0,0,0,1.0,4.48160420774002e-07,0.0006401900318451226
v109_s0596,109,596,0,0,0,1.0,4.302090985675022e-07,0.0006916152779012918
v109_s0597,109,597,0,0,0,1.0,5.543208771996433e-07,0.0021183607168495655
v109_s0598,109,598,0,0,0,1.0,6.574011877091834e-07,0.002860838547348976
v109_s0599,109,599,0,0,0,1.0,7.395696002276964e-07,0.00233133090659976
v109_s0600,109,600,0,0,0,1.0,7.755202204862144e-07,0.0033907659817487
v109_s0601,109,601,0,0,0,1.0,7.902464744802273e-07,0.001422899542376399
v109_s0602,109,602,0,0,0,1.0,8.394727046834305e-07,0.00376898399554193
v109_s0603,109,603,0,0,0,1.0,8.545790706193657e-07,0.005773183424025774
v109_s0604,109,604,0,0,0,1.0,1.0772947689474677e-06,0.01713232323527336
v109_s0605,109,605,0,0,0,1.0,1.6940100522333523e-06,0.023588495329022408
v109_s0606,109,606,0,0,0,1.0,1.2235872191013186e-06,0.002059269929304719
v109_s0607,109,607,0,0,0,1.0,9.826104587773443e-07,0.0037446164060384035
v109_s0608,109,608,0,0,0,1.0,5.627157406706829e-07,0.002623914275318384
v109_s0609,109,609,0,0,0,1.0,8.973551075541764e-07,0.003710068529471755
v109_s0610,109,610,0,0,0,1.0,8.330557648150716e-07,0.00168463378213346
v109_s0611,109,611,0,0,0,1.0,6.64729782329232e-07,0.0010987587738782167
v109_s0612,109,612,0,0,0,1.0,5.265073923510499e-07,0.001465934794396162
v109_s0613,109,613,0,0,0,1.0,8.458467277705495e-07,0.006402228958904743
v109_s0614,109,614,0,0,0,1.0,5.957645043963566e-07,0.00279418658465147
v109_s0615,109,615,0,0,0,1.0,6.100362384131586e-07,0.0005135952960699797
v109_s0616,109,616,0,0,0,1.0,6.370381697706762e-07,0.0007689917692914605
v109_s0617,109,617,0,0,0,1.0,5.769231847807532e-07,0.0003927723737433553
v109_s0618,109,618,0,0,0,1.0,1.0236278740194393e-06,0.0026475300546735525
v109_s0619,109,619,0,0,0,1.0,9.254643487111025e-07,0.0028412961401045322
v109_s0620,109,620,0,0,0,1.0,9.135169989349379e-07,0.002770249964669347
v109_s0621,109,621,0,0,0,1.0,7.374427468676004e-07,0.001367424731142819
v109_s0622,109,622,0,0,0,1.0,9.717557531985221e-07,0.0048732939176261425
v109_s0623,109,623,0,0,0,1.0,6.389261670847191e-07,0.0012400309788063169
v109_s0624,109,624,0,0,0,1.0,4.79920856832905e-07,0.0005891352775506675
v109_s0625,109,625,0,0,0,1.0,6.563957413163735e-07,0.0010146144777536392
v109_s0626,109,626,0,0,0,1.0,4.6674114173583803e-07,0.0005798366037197411
v109_s0627,109,627,0,0,0,1.0,4.449873358680634e-07,0.000518684508278966
v109_s0628,109,628,0,0,0,1.0,4.275044318546861e-07,0.0005117281689308584
v109_s0629,109,629,0,0,0,1.0,1.0648971056070877e-06,0.0021187106613069773
v109_s0630,109,630,0,0,0,1.0,1.0419588534205104e-06,0.00129230588208884
v109_s0631,109,631,0,0,0,1.0,1.341714664704341e-06,0.003236577147617936
v109_s0632,109,632,0,0,0,1.0,1.0856360859179404e-06,0.0017673352267593145
v109_s0633,109,633,0,0,0,1.0,1.097863560062251e-06,0.0018896906403824687
v109_s0634,109,634,0,0,0,1.0,1.2057729463776923e-06,0.001631719758734107
v109_s0635,109,635,0,0,0,1.0,1.4578694162992178e-06,0.002566715469583869
v109_s0636,109,636,0,0,0,1.0,1.2118443919462152e-06,0.002449125749990344
v109_s0637,109,637,0,0,0,1.0,1.1554703860383597e-06,0.0019451809348538518
v109_s0638,109,638,0,0,0,1.0,1.016151372823515e-06,0.0027981766033917665
v109_s0639,109,639,0,0,0,1.0,1.0208458434135537e-06,0.0017018811777234077
v109_s0640,109,640,0,0,0,1.0,8.901898809199338e-07,0.001435709884390235
v109_s0641,109,641,0,0,0,1.0,8.797504733593087e-07,0.001996534178033471
v109_s0642,109,642,0,0,0,1.0,9.795850246518967e-07,0.001758720027282834
v109_s0643,109,643,0,0,0,1.0,1.2070812545061926e-06,0.002241758396849036
v109_s0644,109,644,0,0,0,1.0,1.1300178357487312e-06,0.0023066324647516012
v109_s0645,109,645,0,0,0,1.0,1.1962190455960808e-06,0.002250286750495434
v109_s0646,109,646,0,0,0,1.0,1.0848727924894774e-06,0.0032579232938587666
v109_s0647,109,647,0,0,0,1.0,1.2791961125913076e-06,0.0036858825478702784
v109_s0648,109,648,0,0,0,1.0,1.5206052239591372e-06,0.003997053485363722
v109_s0649,109,649,0,0,0,1.0,2.568763193266932e-06,0.012194075621664524
v109_s0650,109,650,0,0,0,1.0,1.3913941074861214e-06,0.0029781812336295843
v109_s0651,109,651,0,0,0,1.0,1.2798279840353644e-06,0.0036579063162207603
v109_s0652,109,652,0,0,0,1.0,1.2048824373778189e-06,0.003012204309925437
v109_s0653,109,653,0,0,0,1.0,1.089666966436198e-06,0.0026225445326417685
v109_s0654,109,654,0,0,0,1.0,9.39913491038169e-07,0.0016083057271316648
v109_s0655,109,655,0,0,0,1.0,8.452116730950365e-07,0.00089037767611444
v109_s0656,109,656,0,0,0,1.0,1.1567277624635608e-06,0.0014555450761690736
v109_s0657,109,657,0,0,0,1.0,1.6050125850597396e-06,0.002881404245272279
v109_s0658,109,658,0,0,0,1.0,1.295658194067073e-06,0.0017661243909969926
v109_s0659,109,659,0,0,0,1.0,1.2438335943443235e-06,0.001268625957891345
v109_s0660,109,660,0,0,0,1.0,1.0342604355173535e-06,0.0018546468345448375
v109_s0661,109,661,0,0,0,1.0,7.830170034139883e-06,0.17698821425437927
v109_s0662,109,662,0,0,0,1.0,1.1835619488920202e-06,0.0037548430263996124
v109_s0663,109,663,0,0,0,1.0,9.885253575703246e-07,0.0044999816454946995
v109_s0664,109,664,0,0,0,1.0,4.154238922637887e-06,0.10785967856645584
v109_s0665,109,665,0,0,0,1.0,1.227753386956465e-06,0.0029076319187879562
v109_s0666,109,666,0,0,0,1.0,1.1390395684429677e-06,0.0011041146935895085
v109_s0667,109,667,0,0,0,1.0,1.293933223678323e-06,0.003169449744746089
v109_s0668,109,668,0,0,0,1.0,1.0388687314843992e-06,0.0009323414997197688
v109_s0669,109,669,0,0,0,1.0,9.287467719332199e-07,0.000904537329915911
v109_s0670,109,670,0,0,0,1.0,7.873360345911351e-07,0.0007435866282321513
v109_s0671,109,671,0,0,0,1.0,9.93653657133109e-07,0.0012491893721744418
v109_s0672,109,672,0,0,0,1.0,1.2251214229763718e-06,0.0040085031650960445
v109_s0673,109,673,0,0,0,1.0,2.356801815039944e-06,0.02211604081094265
v109_s0674,109,674,0,0,0,1.0,5.487597718456527e-06,0.12693414092063904
v109_s0675,109,675,0,0,0,1.0,1.682630227151094e-06,0.011930245906114578
v109_s0676,109,676,0,0,0,1.0,8.685095735927462e-07,0.0011196272680535913
v109_s0677,109,677,0,0,0,1.0,8.612634019300458e-07,0.00094361521769315
v109_s0678,109,678,0,0,0,1.0,1.5497748790949117e-06,0.012033473700284958
v109_s0679,109,679,0,0,0,1.0,1.969631739484612e-06,0.017435679212212563
v109_s0680,109,680,0,0,0,1.0,1.1265333341725636e-06,0.0018460487481206656
v109_s0681,109,681,0,0,0,1.0,9.163475169771118e-07,0.0024707468692213297
v109_s0682,109,682,0,0,0,1.0,8.26368363959773e-07,0.0024740772787481546
v109_s0683,109,683,0,0,0,1.0,1.1205563623661874e-06,0.004474862944334745
v109_s0684,109,684,0,0,0,1.0,7.60499290208827e-07,0.0004627112066373229
v109_s0685,109,685,0,0,0,1.0,9.683690223027952e-07,0.001002232194878161
v109_s0686,109,686,0,0,0,1.0,9.539809298075852e-07,0.0010049380362033844
v109_s0687,109,687,0,0,0,1.0,1.125426479120506e-06,0.0035410712007433176
v109_s0688,109,688,0,0,0,1.0,1.283430492549087e-06,0.007231185212731361
v109_s0689,109,689,0,0,0,1.0,7.996595741133206e-07,0.0012456794502213597
v109_s0690,109,690,0,0,0,1.0,6.634379587922012e-07,0.0005097147077322006
v109_s0691,109,691,0,0,0,1.0,7.144248570511991e-07,0.0004957062774337828
v109_s0692,109,692,0,0,0,1.0,8.033640597204794e-07,0.0016746263718232512
v109_s0693,109,693,0,0,0,1.0,7.938589874356694e-07,0.000471386854769662
v109_s0694,109,694,0,0,0,1.0,7.782776947351522e-07,0.0004173336492385715
v109_s0695,109,695,0,0,0,1.0,7.819583061063895e-07,0.0007971031591296196
v109_s0696,109,696,0,0,0,1.0,8.752965072744701e-07,0.002315827878192067
v109_s0697,109,697,0,0,0,1.0,7.241037565108854e-07,0.0004158852680120617
v109_s0698,109,698,0,0,0,1.0,8.293102382594952e-07,0.0006503626937046647
v109_s0699,109,699,0,0,0,1.0,7.991763482095848e-07,0.0010032457066699862
v109_s0700,109,700,0,0,0,1.0,8.768678299020394e-07,0.001929650199599564
v109_s0701,109,701,0,0,0,1.0,2.5962459403672256e-05,0.4188205599784851
v109_s0702,109,702,0,0,0,1.0,4.770353370986413e-06,0.07652631402015686
v109_s0703,109,703,0,0,0,1.0,1.0790444093800033e-06,0.0016279947012662888
v109_s0704,109,704,0,0,0,1.0,8.585710133957036e-07,0.001183285959996283
v109_s0705,109,705,0,0,0,1.0,1.0013056908064755e-06,0.0007822336629033089
v109_s0706,109,706,0,0,0,1.0,9.342290923086694e-07,0.0009690882870927453
v109_s0707,109,707,0,0,0,1.0,9.945407555278507e-07,0.0017384735401719809
v109_s0708,109,708,0,0,0,1.0,1.239202333636058e-06,0.01616424322128296
v109_s0709,109,709,0,0,0,1.0,8.705906111572403e-07,0.0017283271299675107
v109_s0710,109,710,0,0,0,1.0,8.58005250847782e-07,0.003839617595076561
v109_s0711,109,711,0,0,0,1.0,9.82561573437124e-07,0.001646523829549551
v109_s0712,109,712,0,0,0,1.0,1.0774026577564655e-06,0.006989698391407728
v109_s0713,109,713,0,0,0,1.0,7.621490567544242e-07,0.0005525987362489104
v109_s0714,109,714,0,0,0,1.0,2.5574008759576827e-06,0.018353382125496864
v109_s0715,109,715,0,0,0,1.0,3.308762188680703e-06,0.042636096477508545
v109_s0716,109,716,0,0,0,1.0,9.642531040299218e-07,0.002266205847263336
v109_s0717,109,717,0,0,0,1.0,1.174852855001518e-06,0.004301970824599266
v109_s0718,109,718,0,0,0,1.0,1.435808144378825e-06,0.007858029566705227
v109_s0719,109,719,0,0,0,1.0,8.305335654767987e-07,0.0019513550214469433
v109_s0720,109,720,0,0,0,1.0,8.530595323463785e-07,0.001042163115926087
v109_s0721,109,721,0,0,0,1.0,7.662725693080574e-06,0.0999450534582138
v109_s0722,109,722,0,0,0,1.0,4.479942163015949e-06,0.11904981732368469
v109_s0723,109,723,0,0,0,1.0,9.81215976025851e-07,0.0011808533454313874
v109_s0724,109,724,0,0,0,1.0,2.1594296413240954e-06,0.013937781564891338
v109_s0725,109,725,0,0,0,1.0,1.0968492460960988e-06,0.002066283021122217
v109_s0726,109,726,0,0,0,1.0,7.758397941870498e-07,0.001446046051569283
v109_s0727,109,727,0,0,0,1.0,2.058143536487478e-06,0.03979923948645592
v109_s0728,109,728,0,0,0,1.0,2.4589035092503764e-06,0.046441756188869476
v109_s0729,109,729,0,0,0,1.0,1.426743324373092e-06,0.014620608650147915
v109_s0730,109,730,0,0,0,1.0,3.2166058190341573e-06,0.0309536661952734
v109_s0731,109,731,0,0,0,1.0,1.3175767890061252e-06,0.005264009814709425
v109_s0732,109,732,0,0,0,1.0,1.6746603250794578e-06,0.016619941219687462
v109_s0733,109,733,0,0,0,1.0,1.2333439372014254e-06,0.006350080482661724
v109_s0734,109,734,0,0,0,1.0,6.820248472649837e-07,0.0026676661800593138
v109_s0735,109,735,0,0,0,1.0,6.133352599135833e-07,0.0009511649259366095
v109_s0736,109,736,0,0,0,1.0,6.033887984813191e-07,0.0006042683962732553
v109_s0737,109,737,0,0,0,1.0,8.644819899927825e-07,0.004248298704624176
v109_s0738,109,738,0,0,0,1.0,6.261108183025499e-07,0.00188716861885041
v109_s0739,109,739,0,0,0,1.0,6.611369940401346e-07,0.0007041821372695267
v109_s0740,109,740,0,0,0,1.0,9.0840035227302e-07,0.005162345245480537
v109_s0741,109,741,0,0,0,1.0,1.8835196442523738e-06,0.023367131128907204
v109_s0742,109,742,0,0,0,1.0,1.4951278899388853e-06,0.017962954938411713
v109_s0743,109,743,0,0,0,1.0,8.386424497075495e-07,0.00381595641374588
v109_s0744,109,744,0,0,0,1.0,1.2432621588231996e-05,0.2111850529909134
v109_s0745,109,745,0,0,0,1.0,2.3724771381239407e-05,0.3910505473613739
v109_s0746,109,746,0,5,0,1.99999960000008e-07,8.719228935660794e-05,0.9125861525535583
v109_s0747,109,747,0,0,0,1.0,7.071733421071258e-07,0.003350307000800967
v109_s0748,109,748,0,0,0,1.0,4.558541490951029e-07,0.0004879813059233129
v109_s0749,109,749,0,0,0,1.0,4.587926127896935e-07,0.0004896089667454362
v109_s0750,109,750,0,0,0,1.0,5.686057420462021e-07,0.0009012312511913478
v109_s0751,109,751,0,0,0,1.0,5.760361432294303e-07,0.0005559935234487057
v109_s0752,109,752,0,0,0,1.0,5.632527404486609e-07,0.0008222291944548488
v109_s0753,109,753,0,0,0,1.0,5.27491579305206e-07,0.0006248016725294292
v109_s0754,109,754,0,0,0,1.0,7.399252126560896e-07,0.0020881749223917723
v109_s0755,109,755,0,0,0,1.0,6.020998171152314e-07,0.0003549175162333995
v110_s0000,110,0,0,0,0,1.0,2.639864078446408e-06,0.00593933230265975
v110_s0001,110,1,0,0,0,1.0,1.840332402025524e-06,0.003341237548738718
v110_s0002,110,2,0,0,0,1.0,1.7137208487838507e-06,0.0027604629285633564
v110_s0003,110,3,0,0,0,1.0,1.5176503893599147e-06,0.0011376769980415702
v110_s0004,110,4,0,0,0,1.0,5.86004534852691e-06,0.006115159951150417
v110_s0005,110,5,0,0,0,1.0,3.426391458560829e-06,0.005741706117987633
v110_s0006,110,6,0,0,0,1.0,4.141855242778547e-06,0.020407089963555336
v110_s0007,110,7,0,0,0,1.0,1.933141220433754e-06,0.027136998251080513
v110_s0008,110,8,0,0,0,1.0,2.6577365588309476e-06,0.01872655190527439
v110_s0009,110,9,0,11,0,9.090908264462886e-08,0.00015535799320787191,0.9922528862953186
v110_s0010,110,10,0,7,0,1.428571224489825e-07,0.00010189166641794145,0.9681795835494995
v110_s0011,110,11,0,4,0,2.499999375000156e-07,5.839933510287665e-05,0.8008121252059937
v110_s0012,110,12,0,0,0,1.0,3.007513441843912e-06,0.005339078605175018
v110_s0013,110,13,0,0,0,1.0,3.697299916893826e-06,0.016489669680595398
v110_s0014,110,14,0,0,0,1.0,6.159756594570354e-06,0.014760791324079037
v110_s0015,110,15,0,0,0,1.0,3.6242929581931094e-06,0.008501296862959862
v110_s0016,110,16,0,0,0,1.0,2.14921828955994e-06,0.0034127449616789818
v110_s0017,110,17,0,0,0,1.0,3.270398792665219e-06,0.0071875546127557755
v110_s0018,110,18,0,0,0,1.0,4.432434252521489e-06,0.009398074820637703
v110_s0019,110,19,0,0,0,1.0,2.663637133082375e-06,0.004529087338596582
v110_s0020,110,20,0,0,0,1.0,2.3373690964945126e-06,0.007939278148114681
v110_s0021,110,21,0,0,0,1.0,2.5349975203425856e-06,0.01136722695082426
v110_s0022,110,22,0,0,0,1.0,1.4573865882994141e-06,0.002873878926038742
v110_s0023,110,23,0,0,0,1.0,1.6226158550125547e-06,0.003905181074514985
v110_s0024,110,24,0,0,0,1.0,1.814381789699837e-06,0.003991413861513138
v110_s0025,110,25,0,0,0,1.0,2.8314857445366215e-06,0.004642736166715622
v110_s0026,110,26,0,0,0,1.0,2.7255994154984364e-06,0.006416838616132736
v110_s0027,110,27,0,0,0,1.0,1.320004685112508e-05,0.2581366300582886
v110_s0028,110,28,0,0,0,1.0,4.0031136450124905e-06,0.056832801550626755
v110_s0029,110,29,0,3,0,3.3333322222225924e-07,5.205958223086782e-05,0.910435140132904
v110_s0030,110,30,0,7,0,1.428571224489825e-07,0.00011535812518559396,0.9982355833053589
v110_s0031,110,31,0,0,0,1.0,4.680807251133956e-06,0.06395470350980759
v110_s0032,110,32,0,0,0,1.0,7.764755537209567e-06,0.07636500895023346
v110_s0033,110,33,0,0,0,1.0,5.886096914764494e-06,0.03480888158082962
v110_s0034,110,34,0,0,0,1.0,1.4628964891016949e-05,0.2996671199798584
v110_s0035,110,35,0,0,0,1.0,6.867964657431003e-06,0.08684398978948593
v110_s0036,110,36,0,0,0,1.0,2.2958681711315876e-06,0.00842852983623743
v110_s0037,110,37,0,0,0,1.0,2.4704049792489968e-05,0.381633460521698
v110_s0038,110,38,0,0,0,1.0,3.236392785765929e-06,0.0035069577861577272
v110_s0039,110,39,0,0,0,1.0,2.9186003303038888e-06,0.003247008426114917
v110_s0040,110,40,0,0,0,1.0,2.5471476874372456e-06,0.004138553980737925
v110_s0041,110,41,0,0,0,1.0,4.010902557638474e-06,0.011069110594689846
v110_s0042,110,42,0,0,0,1.0,3.86401097784983e-06,0.009202111512422562
v110_s0043,110,43,0,0,0,1.0,4.112984697712818e-06,0.004202054347842932
v110_s0044,110,44,0,0,0,1.0,2.3129123292164877e-06,0.0035065896809101105
v110_s0045,110,45,0,0,0,1.0,2.004690486501204e-06,0.0039604357443749905
v110_s0046,110,46,0,0,0,1.0,2.3847560441936366e-06,0.007884833961725235
v110_s0047,110,47,0,0,0,1.0,3.068711066589458e-06,0.007905641570687294
v110_s0048,110,48,0,0,0,1.0,3.645182687250781e-06,0.009881526231765747
v110_s0049,110,49,0,0,0,1.0,2.5756221475603525e-06,0.0049898563884198666
v110_s0050,110,50,0,0,0,1.0,3.680086138047045e-06,0.019651241600513458
v110_s0051,110,51,0,0,0,1.0,2.7871064958162606e-06,0.024991298094391823
v110_s0052,110,52,0,0,0,1.0,1.5459647784155095e-06,0.0022169253788888454
v110_s0053,110,53,0,0,0,1.0,3.1883873816695996e-06,0.00575555395334959
v110_s0054,110,54,0,0,0,1.0,3.1258152830559993e-06,0.012560234405100346
v110_s0055,110,55,0,0,0,1.0,3.046209258172894e-06,0.01012990903109312
v110_s0056,110,56,0,0,0,1.0,3.72497265743732e-06,0.010277736000716686
v110_s0057,110,57,0,0,0,1.0,1.0982002095261123e-05,0.1695607751607895
v110_s0058,110,58,0,0,0,1.0,2.014968231378589e-06,0.005611233413219452
v110_s0059,110,59,0,0,0,1.0,2.095009676850168e-06,0.008587799035012722
v110_s0060,110,60,0,0,0,1.0,2.6559282559901476e-06,0.021147320047020912
v110_s0061,110,61,0,0,0,1.0,2.551169700382161e-06,0.002800546120852232
v110_s0062,110,62,0,0,0,1.0,3.787491004914045e-05,0.37018030881881714
v110_s0063,110,63,0,5,0,1.99999960000008e-07,0.00011144466407131404,0.8047716617584229
v110_s0064,110,64,0,0,0,1.0,2.9992497729836032e-05,0.31266120076179504
v110_s0065,110,65,0,0,0,1.0,8.855279702402186e-06,0.052906278520822525
v110_s0066,110,66,0,0,0,1.0,1.1241092579439282e-05,0.0662839338183403
v110_s0067,110,67,0,0,0,1.0,5.7690822359290905e-06,0.032849911600351334
v110_s0068,110,68,0,0,0,1.0,4.460826858121436e-06,0.018991047516465187
v110_s0069,110,69,0,0,0,1.0,7.208632268884685e-06,0.04873098433017731
v110_s0070,110,70,0,0,0,1.0,1.4862986972730141e-05,0.12363040447235107
v110_s0071,110,71,0,0,0,1.0,4.284304395696381e-06,0.035856910049915314
v110_s0072,110,72,0,0,0,1.0,4.6281352297228295e-06,0.01620023511350155
v110_s0073,110,73,0,0,0,1.0,4.254997293173801e-06,0.017128998413681984
v110_s0074,110,74,0,0,0,1.0,5.701821464754175e-06,0.04021206870675087
v110_s0075,110,75,0,0,0,1.0,2.89348499791231e-05,0.2210041880607605
v110_s0076,110,76,0,1,0,9.99999000001e-07,4.9063128244597465e-05,0.5039564371109009
v110_s0077,110,77,0,0,0,1.0,1.037295260175597e-05,0.06791407614946365
v110_s0078,110,78,0,0,0,1.0,8.953225915320218e-06,0.07971896231174469
v110_s0079,110,79,0,0,0,1.0,5.998856522637652e-06,0.01905827969312668
v110_s0080,110,80,0,0,0,1.0,1.722298293316271e-05,0.21927377581596375
v110_s0081,110,81,0,0,0,1.0,5.234826403466286e-06,0.03488723561167717
v110_s0082,110,82,0,0,0,1.0,2.2333017568598734e-06,0.006492180749773979
v110_s0083,110,83,0,0,0,1.0,2.2402871309168404e-06,0.005894300062209368
v110_s0084,110,84,0,0,0,1.0,1.7874499462777749e-06,0.006201347801834345
v110_s0085,110,85,0,0,0,1.0,1.992001671169419e-06,0.003214527852833271
v110_s0086,110,86,0,0,0,1.0,1.6063124803622486e-06,0.0031108593102544546
v110_s0087,110,87,0,0,0,1.0,8.417374374403153e-06,0.09402238577604294
v110_s0088,110,88,0,0,0,1.0,8.812932719592936e-06,0.05388002097606659
v110_s0089,110,89,0,0,0,1.0,3.5789621506410185e-06,0.027447236701846123
v110_s0090,110,90,0,0,0,1.0,1.7957158888748381e-06,0.00433817645534873
v110_s0091,110,91,0,0,0,1.0,3.6858073144685477e-06,0.013701992109417915
v110_s0092,110,92,0,0,0,1.0,1.3881283393857302e-06,0.001787301735021174
v110_s0093,110,93,0,0,0,1.0,6.156509243737673e-06,0.08146466314792633
v110_s0094,110,94,0,0,0,1.0,3.149519898215658e-06,0.023834699764847755
v110_s0095,110,95,0,0,0,1.0,2.4756500351941213e-06,0.026544345542788506
v110_s0096,110,96,0,0,0,1.0,7.859803190513048e-07,0.0004003591020591557
v110_s0097,110,97,0,0,0,1.0,7.263562906700827e-07,0.0006134786526672542
v110_s0098,110,98,0,0,0,1.0,1.6515224388058414e-06,0.003237849334254861
v110_s0099,110,99,0,0,0,1.0,5.106449862068985e-06,0.02798391878604889
v110_s0100,110,100,0,0,0,1.0,2.193818318119156e-06,0.002940727397799492
v110_s0101,110,101,0,0,0,1.0,1.218886609422043e-06,0.0017358498880639672
v110_s0102,110,102,0,0,0,1.0,2.0609468265320174e-06,0.01736832968890667
v110_s0103,110,103,0,0,0,1.0,6.595398076569836e-07,0.0015571815893054008
v110_s0104,110,104,0,0,0,1.0,9.480802418693202e-07,0.0006186523823998868
v110_s0105,110,105,0,0,0,1.0,2.981479610753013e-06,0.0070909843780100346
v110_s0106,110,106,0,0,0,1.0,2.0141837921983097e-06,0.0054373047314584255
v110_s0107,110,107,0,0,0,1.0,3.7606355363095645e-06,0.022929735481739044
v110_s0108,110,108,0,0,0,1.0,5.866733317816397e-06,0.03440999239683151
v110_s0109,110,109,0,0,0,1.0,8.773887202551123e-06,0.06479459255933762
v110_s0110,110,110,0,0,0,1.0,7.943460332171526e-06,0.024949125945568085
v110_s0111,110,111,0,0,0,1.0,7.490435109502869e-06,0.02007211185991764
v110_s0112,110,112,0,0,0,1.0,3.0548103495675605e-06,0.007642151787877083
v110_s0113,110,113,0,0,0,1.0,1.309106664848514e-06,0.003987650852650404
v110_s0114,110,114,0,0,0,1.0,2.4280066099890973e-06,0.029376277700066566
v110_s0115,110,115,0,0,0,1.0,2.3676791442994727e-06,0.031914807856082916
v110_s0116,110,116,0,0,0,1.0,3.889114850608166e-06,0.04518556594848633
v110_s0117,110,117,0,0,0,1.0,1.2791295375791378e-05,0.13755358755588531
v110_s0118,110,118,0,0,0,1.0,2.8887848202430177e-06,0.04757637530565262
v110_s0119,110,119,0,0,0,1.0,1.7744646356732119e-06,0.015749752521514893
v110_s0120,110,120,0,0,0,1.0,2.0161298834864283e-06,0.011162088252604008
v110_s0121,110,121,0,0,0,1.0,3.272690264566336e-06,0.008757147938013077
v110_s0122,110,122,0,0,0,1.0,2.8871688755316427e-06,0.010905444622039795
v110_s0123,110,123,0,0,0,1.0,5.892940407647984e-06,0.009713548235595226
v110_s0124,110,124,0,0,0,1.0,4.716940566140693e-06,0.008519716560840607
v110_s0125,110,125,0,0,0,1.0,1.8977435729539138e-06,0.005066868383437395
v110_s0126,110,126,0,0,0,1.0,5.626215170195792e-06,0.03458312526345253
v110_s0127,110,127,0,3,0,3.3333322222225924e-07,4.4660580897470936e-05,0.6698623895645142
v110_s0128,110,128,0,8,0,1.2499998437500196e-07,0.00013594744086731225,0.9710855484008789
v110_s0129,110,129,0,1,0,9.99999000001e-07,3.6051631468581036e-05,0.5557389259338379
v110_s0130,110,130,0,4,0,2.499999375000156e-07,7.93272047303617e-05,0.7791294455528259
v110_s0131,110,131,0,0,0,1.0,1.1272502888459712e-05,0.07644125074148178
v110_s0132,110,132,0,3,0,3.3333322222225924e-07,6.679853686364368e-05,0.6516741514205933
v110_s0133,110,133,0,22,0,4.5454543388429843e-08,0.00031346752075478435,0.9938411712646484
v110_s0134,110,134,0,15,0,6.666666222222252e-08,0.0002715465670917183,0.9705535769462585
v110_s0135,110,135,0,37,0,2.7027026296566858e-08,0.0005522302235476673,0.9998660087585449
v110_s0136,110,136,0,13,0,7.692307100591761e-08,0.00022534994059242308,0.9968109726905823
v110_s0137,110,137,0,5,0,1.99999960000008e-07,6.477216084022075e-05,0.7733439803123474
v110_s0138,110,138,0,15,0,6.666666222222252e-08,0.00023269715893547982,0.9998698234558105
v110_s0139,110,139,0,16,0,6.249999609375024e-08,0.00021954225667286664,0.9977976083755493
v110_s0140,110,140,0,0,0,1.0,9.990223588829394e-06,0.043930575251579285
v110_s0141,110,141,0,3,0,3.3333322222225924e-07,0.00015134664135985076,0.6009544730186462
v110_s0142,110,142,0,2,0,4.99999750000125e-07,5.4343032388715073e-05,0.698246419429779
v110_s0143,110,143,0,0,0,1.0,2.497534978829208e-06,0.033746689558029175
v110_s0144,110,144,0,0,0,1.0,1.1535220210134867e-06,0.002672035014256835
v110_s0145,110,145,0,0,0,1.0,1.878237185337639e-06,0.009624498896300793
v110_s0146,110,146,0,0,0,1.0,3.886725153279258e-06,0.01767756976187229
v110_s0147,110,147,0,0,0,1.0,3.427113824727712e-06,0.014337494969367981
v110_s0148,110,148,0,0,0,1.0,3.901604941347614e-06,0.03127206489443779
v110_s0149,110,149,0,0,0,1.0,4.927396275888896e-06,0.04110477492213249
v110_s0150,110,150,0,0,0,1.0,2.3095817596185952e-06,0.010511316359043121
v110_s0151,110,151,0,9,0,1.1111109876543348e-07,0.00015743196127004921,0.9698185920715332
v110_s0152,110,152,0,11,0,9.090908264462886e-08,0.00017148297047242522,0.9824961423873901
v110_s0153,110,153,0,5,0,1.99999960000008e-07,7.864157669246197e-05,0.9419996738433838
v110_s0154,110,154,0,0,0,1.0,2.199409755121451e-05,0.37716642022132874
v110_s0155,110,155,0,0,0,1.0,6.228014626685763e-06,0.11130596697330475
v110_s0156,110,156,0,0,0,1.0,2.419699058009428e-06,0.019473373889923096
v110_s0157,110,157,0,7,0,1.428571224489825e-07,9.68293024925515e-05,0.9856340289115906
v110_s0158,110,158,0,0,0,1.0,3.880179428961128e-05,0.4864937663078308
v110_s0159,110,159,0,0,0,1.0,4.3936561269219965e-06,0.03344429284334183
v110_s0160,110,160,0,0,0,1.0,2.4710479920031503e-05,0.4514102041721344
v110_s0161,110,161,0,2,0,4.99999750000125e-07,5.149217395228334e-05,0.9291703104972839
v110_s0162,110,162,0,3,0,3.3333322222225924e-07,5.115346357342787e-05,0.8742595911026001
v110_s0163,110,163,0,0,0,1.0,1.2384930414555129e-06,0.006485254969447851
v110_s0164,110,164,0,0,0,1.0,1.6918312439884176e-06,0.006247440818697214
v110_s0165,110,165,0,0,0,1.0,9.697007953946013e-06,0.2564501166343689
v110_s0166,110,166,0,0,0,1.0,6.833633506175829e-06,0.092575803399086
v110_s0167,110,167,0,0,0,1.0,5.269725534162717e-06,0.08305872976779938
v110_s0168,110,168,0,21,0,4.761904535147403e-08,0.0003395825333427638,0.9930660724639893
v110_s0169,110,169,0,54,0,1.8518518175582995e-08,0.0008717546006664634,0.9999055862426758
v110_s0170,110,170,0,0,0,1.0,1.8555654150986811e-06,0.0068350424990057945
v110_s0171,110,171,0,0,0,1.0,5.4470048780785874e-05,0.48197925090789795
v110_s0172,110,172,0,0,0,1.0,2.358158781134989e-05,0.11473266035318375
v110_s0173,110,173,0,41,0,2.4390243307555043e-08,0.0006588001851923764,0.9956583976745605
v110_s0174,110,174,0,101,0,9.900990000980297e-09,0.001533137052319944,0.9998375177383423
v110_s0175,110,175,0,54,0,1.8518518175582995e-08,0.0008763515506871045,0.9973123073577881
v110_s0176,110,176,0,114,0,8.771929747614652e-09,0.001728767529129982,0.9998295307159424
v110_s0177,110,177,0,38,0,2.6315788781163454e-08,0.0005746626993641257,0.997421145439148
v110_s0178,110,178,0,45,0,2.2222221728395074e-08,0.0006710670422762632,0.9992688298225403
v110_s0179,110,179,0,45,0,2.2222221728395074e-08,0.0007194651989266276,0.9994578957557678
v110_s0180,110,180,0,0,0,1.0,1.1725279364327434e-05,0.12666407227516174
v110_s0181,110,181,0,0,0,1.0,1.002339104161365e-06,0.0011862567625939846
v110_s0182,110,182,0,0,0,1.0,6.7911114456364885e-06,0.0757460743188858
v110_s0183,110,183,0,0,0,1.0,1.641813696551253e-06,0.0035593921784311533
v110_s0184,110,184,0,8,0,1.2499998437500196e-07,0.00012456285185180604,0.8063275814056396
v110_s0185,110,185,0,0,0,1.0,1.338802667305572e-05,0.18059410154819489
v110_s0186,110,186,0,8,0,1.2499998437500196e-07,0.0001261499128304422,0.9549964666366577
v110_s0187,110,187,0,12,0,8.333332638888946e-08,0.00022489242837764323,0.9340468049049377
v110_s0188,110,188,0,0,0,1.0,1.935609816428041e-06,0.004979155026376247
v110_s0189,110,189,0,0,0,1.0,1.1800312677223701e-05,0.23068000376224518
v110_s0190,110,190,0,0,0,1.0,1.6242358924500877e-06,0.0023266265634447336
v110_s0191,110,191,0,0,0,1.0,1.2890793641417986e-06,0.0021206189412623644
v110_s0192,110,192,0,12,0,8.333332638888946e-08,0.000172691055922769,0.9860309362411499
v110_s0193,110,193,0,0,0,1.0,1.4248805655370234e-06,0.0032842124346643686
v110_s0194,110,194,0,0,0,1.0,1.1592068176469184e-06,0.0019373215036466718
v110_s0195,110,195,0,0,0,1.0,1.7566646874911385e-06,0.0064848861657083035
v110_s0196,110,196,0,0,0,1.0,1.2961590982740745e-06,0.0014959735563024879
v110_s0197,110,197,0,0,0,1.0,8.661225479045243e-07,0.0006968197994865477
v110_s0198,110,198,0,0,0,1.0,9.007213748191134e-07,0.0008089877665042877
v110_s0199,110,199,0,0,0,1.0,1.1852573607029626e-06,0.0018608883256092668
v110_s0200,110,200,0,0,0,1.0,1.8295465906703612e-06,0.0016945635434240103
v110_s0201,110,201,0,0,0,1.0,1.7672433614279726e-06,0.001632840372622013
v110_s0202,110,202,0,0,0,1.0,1.3903213584853802e-06,0.0028108253609389067
v110_s0203,110,203,0,0,0,1.0,4.196481768303784e-06,0.13084420561790466
v110_s0204,110,204,0,0,0,1.0,2.036171736108372e-06,0.005787745583802462
v110_s0205,110,205,0,0,0,1.0,2.328564733034e-06,0.006605936214327812
v110_s0206,110,206,0,0,0,1.0,1.7301288153248606e-06,0.0026130240876227617
v110_s0207,110,207,0,0,0,1.0,1.773904273250082e-06,0.003241061232984066
v110_s0208,110,208,0,0,0,1.0,2.6984962460119277e-06,0.00839510839432478
v110_s0209,110,209,0,0,0,1.0,4.8414945013064425e-06,0.0161678995937109
v110_s0210,110,210,0,0,0,1.0,4.861884008278139e-06,0.022130411118268967
v110_s0211,110,211,0,0,0,1.0,3.0018768484296743e-06,0.006805268581956625
v110_s0212,110,212,0,0,0,1.0,2.338891363251605e-06,0.006400390528142452
v110_s0213,110,213,0,0,0,1.0,3.4755253182083834e-06,0.028802836313843727
v110_s0214,110,214,0,0,0,1.0,1.7749994185578544e-06,0.002125805476680398
v110_s0215,110,215,0,0,0,1.0,2.6124919259018498e-06,0.0023318775929510593
v110_s0216,110,216,0,0,0,1.0,3.909479346475564e-06,0.009392514824867249
v110_s0217,110,217,0,0,0,1.0,5.1918441386078484e-06,0.014746289700269699
v110_s0218,110,218,0,0,0,1.0,4.205939148960169e-06,0.00629603024572134
v110_s0219,110,219,0,0,0,1.0,3.78899130737409e-06,0.0030948896892368793
v110_s0220,110,220,0,0,0,1.0,4.089049070898909e-06,0.04837670922279358
v110_s0221,110,221,0,0,0,1.0,9.863515515462495e-07,0.0020552286878228188
v110_s0222,110,222,0,0,0,1.0,1.521835315543285e-06,0.0033885641023516655
v110_s0223,110,223,0,0,0,1.0,1.2656610124395229e-06,0.0033580332528799772
v110_s0224,110,224,0,0,0,1.0,1.1551859415703802e-06,0.0017376141622662544
v110_s0225,110,225,0,0,0,1.0,1.0516680504224496e-06,0.0018636296736076474
v110_s0226,110,226,0,0,0,1.0,2.0184204458928434e-06,0.003452207427471876
v110_s0227,110,227,0,0,0,1.0,1.5868515674810624e-06,0.0016437012236565351
v110_s0228,110,228,0,0,0,1.0,1.6839421732584015e-06,0.000722735479939729
v110_s0229,110,229,0,0,0,1.0,2.8015929274260998e-06,0.010259045287966728
v110_s0230,110,230,0,0,0,1.0,2.712710738705937e-06,0.010387200862169266
v110_s0231,110,231,0,0,0,1.0,2.142892753909109e-06,0.003057451918721199
v110_s0232,110,232,0,0,0,1.0,1.72975012446841e-06,0.013801120221614838
v110_s0233,110,233,0,0,0,1.0,1.769871914802934e-06,0.012346627190709114
v110_s0234,110,234,0,0,0,1.0,1.1326411595291574e-06,0.0014297617599368095
v110_s0235,110,235,0,0,0,1.0,1.0912015113717644e-06,0.003325533587485552
v110_s0236,110,236,0,0,0,1.0,1.2045843504893128e-06,0.00792599841952324
v110_s0237,110,237,0,0,0,1.0,1.7807019503379706e-06,0.003963485825806856
v110_s0238,110,238,0,0,0,1.0,1.6716319350962294e-06,0.0012270029401406646
v110_s0239,110,239,0,0,0,1.0,1.013456426335324e-06,0.0017081828555092216
v110_s0240,110,240,0,0,0,1.0,1.5557376400465728e-06,0.0040721772238612175
v110_s0241,110,241,0,0,0,1.0,2.7594371658778982e-06,0.003763193031772971
v110_s0242,110,242,0,0,0,1.0,1.5432846112162224e-06,0.0027526335325092077
v110_s0243,110,243,0,0,0,1.0,1.340993890153186e-06,0.0038114655762910843
v110_s0244,110,244,0,0,0,1.0,1.329881001765898e-06,0.0016352453967556357
v110_s0245,110,245,0,0,0,1.0,9.581128779245773e-07,0.0008415237534791231
v110_s0246,110,246,0,0,0,1.0,1.0928779374808073e-06,0.001721531036309898
v110_s0247,110,247,0,0,0,1.0,6.515087989100721e-07,0.0004072358424309641
v110_s0248,110,248,0,0,0,1.0,7.623600595252356e-07,0.0004813949635718018
v110_s0249,110,249,0,0,0,1.0,7.252446039274218e-07,0.00046588428085669875
v110_s0250,110,250,0,0,0,1.0,6.430017833736201e-07,0.0012644599191844463
v110_s0251,110,251,0,0,0,1.0,8.105323558993405e-07,0.0014128132024779916
v110_s0252,110,252,0,0,0,1.0,1.8474117950972868e-06,0.0026125682052224874
v110_s0253,110,253,0,0,0,1.0,1.3597118595498614e-06,0.004091458860784769
v110_s0254,110,254,0,0,0,1.0,1.7828865566116292e-06,0.006456068251281977
v110_s0255,110,255,0,0,0,1.0,1.2888206128991442e-06,0.002141100587323308
v110_s0256,110,256,0,0,0,1.0,1.1861654911626829e-06,0.0024007929023355246
v110_s0257,110,257,0,0,0,1.0,1.41989642088447e-06,0.008310156874358654
v110_s0258,110,258,0,0,0,1.0,2.651881459314609e-06,0.04669668525457382
v110_s0259,110,259,0,0,0,1.0,1.2373702702461742e-06,0.006401576567441225
v110_s0260,110,260,0,0,0,1.0,3.9712190300633665e-06,0.04160765931010246
v110_s0261,110,261,0,0,0,1.0,9.926957318384666e-07,0.0017378010088577867
v110_s0262,110,262,0,0,0,1.0,9.861742000794038e-07,0.0006940967286936939
v110_s0263,110,263,0,0,0,1.0,1.2400180366967106e-06,0.0020505620632320642
v110_s0264,110,264,0,0,0,1.0,1.126303232013015e-06,0.0007060249918140471
v110_s0265,110,265,0,0,0,1.0,1.36724952426448e-06,0.007029889617115259
v110_s0266,110,266,0,0,0,1.0,1.2559873994177906e-06,0.0021493469830602407
v110_s0267,110,267,0,0,0,1.0,1.2036157386319246e-06,0.0048971050418913364
v110_s0268,110,268,0,0,0,1.0,8.854111115397245e-07,0.0011121125426143408
v110_s0269,110,269,0,0,0,1.0,1.1476057579784538e-06,0.012239275500178337
v110_s0270,110,270,0,0,0,1.0,3.021681777681806e-06,0.07652269303798676
v110_s0271,110,271,0,0,0,1.0,1.1239715149713447e-06,0.0049024042673408985
v110_s0272,110,272,0,0,0,1.0,7.447734446941467e-07,0.0005707874661311507
v110_s0273,110,273,0,0,0,1.0,7.984059493537643e-07,0.0017314529977738857
v110_s0274,110,274,0,0,0,1.0,1.0955259313050192e-06,0.0017341823549941182
v110_s0275,110,275,0,0,0,1.0,7.773273864586372e-07,0.0010609036544337869
v110_s0276,110,276,0,0,0,1.0,7.947010089992546e-07,0.004431873559951782
v110_s0277,110,277,0,0,0,1.0,7.782523425703403e-07,0.0025682016275823116
v110_s0278,110,278,0,0,0,1.0,4.421217909111874e-06,0.06288208067417145
v110_s0279,110,279,0,0,0,1.0,4.244037882017437e-06,0.06896969676017761
v110_s0280,110,280,0,0,0,1.0,1.6322488818332204e-06,0.006699987221509218
v110_s0281,110,281,0,0,0,1.0,1.0525603784117266e-06,0.0019097314216196537
v110_s0282,110,282,0,0,0,1.0,9.073630167222291e-07,0.0050141578540205956
v110_s0283,110,283,0,0,0,1.0,6.272177870414453e-07,0.0009515351266600192
v110_s0284,110,284,0,0,0,1.0,8.463077847409295e-07,0.0022780317813158035
v110_s0285,110,285,0,0,0,1.0,7.175431733230653e-07,0.0008923625573515892
v110_s0286,110,286,0,0,0,1.0,1.9510623587848386e-06,0.02238943614065647
v110_s0287,110,287,0,0,0,1.0,7.445590313182038e-07,0.0030492537189275026
v110_s0288,110,288,0,0,0,1.0,6.668107630503073e-07,0.0007757997373118997
v110_s0289,110,289,0,0,0,1.0,6.01738179284439e-07,0.00032198525150306523
v110_s0290,110,290,0,0,0,1.0,5.611778419734037e-07,0.0006238204659894109
v110_s0291,110,291,0,0,0,1.0,7.017369512141158e-07,0.00047282801824621856
v110_s0292,110,292,0,0,0,1.0,5.942483767285012e-07,0.0003866142360493541
v110_s0293,110,293,0,0,0,1.0,5.132053502165945e-07,0.00046555997687391937
v110_s0294,110,294,0,0,0,1.0,6.468619631050387e-07,0.0017094745999202132
v110_s0295,110,295,0,0,0,1.0,6.637578735535499e-07,0.0010109960567206144
v110_s0296,110,296,0,0,0,1.0,1.0056287464976776e-06,0.005857952870428562
v110_s0297,110,297,0,0,0,1.0,4.686138254328398e-06,0.0910024493932724
v110_s0298,110,298,0,0,0,1.0,1.987586983887013e-06,0.04110004007816315
v110_s0299,110,299,0,0,0,1.0,9.6012263384182e-07,0.014318988658487797
v110_s0300,110,300,0,0,0,1.0,5.637886602016806e-07,0.0002588150091469288
v110_s0301,110,301,0,0,0,1.0,6.305634769887547e-07,0.0008892678888514638
v110_s0302,110,302,0,0,0,1.0,1.4024217307451181e-06,0.0020958350505679846
v110_s0303,110,303,0,0,0,1.0,9.113554710893368e-07,0.0010791199747473001
v110_s0304,110,304,0,0,0,1.0,1.0369360552431317e-06,0.005624549929052591
v110_s0305,110,305,0,0,0,1.0,7.076434940245235e-07,0.002108961343765259
v110_s0306,110,306,0,0,0,1.0,8.268889928331191e-07,0.0013458874309435487
v110_s0307,110,307,0,0,0,1.0,1.0410865343146725e-06,0.008043111301958561
v110_s0308,110,308,0,0,0,1.0,6.196529511726112e-07,0.0020158670376986265
v110_s0309,110,309,0,0,0,1.0,7.862933557589713e-07,0.0014980307314544916
v110_s0310,110,310,0,0,0,1.0,1.1201896086276975e-06,0.0032365000806748867
v110_s0311,110,311,0,0,0,1.0,1.1471263405837817e-06,0.004069548100233078
v110_s0312,110,312,0,0,0,1.0,1.0735823252616683e-06,0.0024708642158657312
v110_s0313,110,313,0,0,0,1.0,1.174591488961596e-06,0.004650699906051159
v110_s0314,110,314,0,0,0,1.0,1.1196536888746778e-06,0.004763886798173189
v110_s0315,110,315,0,0,0,1.0,9.895386483549373e-07,0.0021282972302287817
v110_s0316,110,316,0,0,0,1.0,1.687461349320074e-06,0.033801883459091187
v110_s0317,110,317,0,3,0,3.3333322222225924e-07,6.12692820141092e-05,0.9355360269546509
v110_s0318,110,318,0,18,0,5.555555246913597e-08,0.0003153950092382729,0.9993653893470764
v110_s0319,110,319,0,20,0,4.999999750000012e-08,0.00033724235254339874,0.9999903440475464
v110_s0320,110,320,0,27,0,3.703703566529497e-08,0.00039864901918917894,0.9999161958694458
v110_s0321,110,321,0,11,0,9.090908264462886e-08,0.00018371483020018786,0.9977278113365173
v110_s0322,110,322,0,0,0,1.0,7.929596904432401e-06,0.3056487739086151
v110_s0323,110,323,0,0,0,1.0,1.0657427992555313e-05,0.237963005900383
v110_s0324,110,324,0,0,0,1.0,8.121248356474098e-06,0.1449461728334427
v110_s0325,110,325,0,0,0,1.0,1.5302589417842682e-06,0.009597365744411945
v110_s0326,110,326,0,0,0,1.0,1.5632006125088083e-06,0.007357034366577864
v110_s0327,110,327,0,0,0,1.0,9.867505923466524e-07,0.005092364735901356
v110_s0328,110,328,0,0,0,1.0,9.002478691400029e-07,0.0012387000024318695
v110_s0329,110,329,0,0,0,1.0,5.847347210874432e-07,0.0003098459274042398
v110_s0330,110,330,0,0,0,1.0,1.101692532756715e-06,0.013509844429790974
v110_s0331,110,331,0,0,0,1.0,1.4210315839591203e-06,0.018822666257619858
v110_s0332,110,332,0,0,0,1.0,1.1494374803078244e-06,0.020370181649923325
v110_s0333,110,333,0,0,0,1.0,9.058024943442433e-07,0.0034399668220430613
v110_s0334,110,334,0,0,0,1.0,1.1186539268237539e-06,0.004530121572315693
v110_s0335,110,335,0,0,0,1.0,6.95755716151325e-07,0.0022801742888987064
v110_s0336,110,336,0,0,0,1.0,8.042380841288832e-07,0.0005698128370568156
v110_s0337,110,337,0,0,0,1.0,9.300554779656522e-07,0.0009731840109452605
v110_s0338,110,338,0,0,0,1.0,8.162495532815228e-07,0.0009806756861507893
v110_s0339,110,339,0,0,0,1.0,9.179551625493332e-07,0.0037277708761394024
v110_s0340,110,340,0,0,0,1.0,7.792505698489549e-07,0.0002471013576723635
v110_s0341,110,341,0,0,0,1.0,8.805920401755429e-07,0.0009905999759212136
v110_s0342,110,342,0,0,0,1.0,9.643736120779067e-07,0.0016418375307694077
v110_s0343,110,343,0,0,0,1.0,7.373479320449405e-07,0.0013060220517218113
v110_s0344,110,344,0,0,0,1.0,6.307398052740609e-07,0.0006502421456389129
v110_s0345,110,345,0,0,0,1.0,6.32571754977107e-07,0.001703165122307837
v110_s0346,110,346,0,0,0,1.0,1.0273696716467384e-05,0.2884877920150757
v110_s0347,110,347,0,0,0,1.0,1.5465744809262105e-06,0.014896437525749207
v110_s0348,110,348,0,0,0,1.0,9.757721954883891e-07,0.003617367474362254
v110_s0349,110,349,0,0,0,1.0,1.0048340755020035e-06,0.002864866517484188
v110_s0350,110,350,0,0,0,1.0,9.887473879643949e-07,0.0009360985714010894
v110_s0351,110,351,0,0,0,1.0,8.417304115937441e-07,0.0006951031973585486
v110_s0352,110,352,0,0,0,1.0,5.83270320930751e-07,0.00044169792090542614
v110_s0353,110,353,0,0,0,1.0,5.79690890845086e-07,0.0006011505611240864
v110_s0354,110,354,0,0,0,1.0,8.750405982027587e-07,0.004277174826711416
v110_s0355,110,355,0,0,0,1.0,8.183531008398859e-07,0.004578225314617157
v110_s0356,110,356,0,0,0,1.0,6.569501920239418e-07,0.0022127272095531225
v110_s0357,110,357,0,0,0,1.0,5.478992761709378e-07,0.0005250123213045299
v110_s0358,110,358,0,0,0,1.0,5.931209443588159e-07,0.00044712613453157246
v110_s0359,110,359,0,0,0,1.0,7.546518645540345e-07,0.0004609071766026318
v110_s0360,110,360,0,0,0,1.0,7.443328513545566e-07,0.000927329296246171
v110_s0361,110,361,0,0,0,1.0,9.420973583473824e-07,0.002704852493479848
v110_s0362,110,362,0,0,0,1.0,7.685302989557385e-07,0.0006756708608008921
v110_s0363,110,363,0,0,0,1.0,9.816983492783038e-07,0.0026033385656774044
v110_s0364,110,364,0,0,0,1.0,7.752571491437266e-07,0.002366254571825266
v110_s0365,110,365,0,0,0,1.0,7.378948794212192e-07,0.004094504751265049
v110_s0366,110,366,0,0,0,1.0,8.083619604803971e-07,0.008329994045197964
v110_s0367,110,367,0,0,0,1.0,6.852518481537118e-07,0.0017667926149442792
v110_s0368,110,368,0,0,0,1.0,8.085689842118882e-07,0.0013576173223555088
v110_s0369,110,369,0,0,0,1.0,1.0773368330774247e-06,0.002513482002541423
v110_s0370,110,370,0,0,0,1.0,6.576307214345434e-07,0.0006093526026234031
v110_s0371,110,371,0,0,0,1.0,6.28942473213101e-07,0.0005799783975817263
v110_s0372,110,372,0,0,0,1.0,4.807473032997223e-07,0.00040609820280224085
v110_s0373,110,373,0,0,0,1.0,6.100597147451481e-07,0.0007570472662337124
v110_s0374,110,374,0,0,0,1.0,6.230387157302175e-07,0.000557652791030705
v110_s0375,110,375,0,0,0,1.0,6.238026912797068e-07,0.00017657129501458257
v110_s0376,110,376,0,0,0,1.0,7.712301908213703e-07,0.0020333477295935154
v110_s0377,110,377,0,0,0,1.0,8.050261612879694e-07,0.0014260746538639069
v110_s0378,110,378,0,0,0,1.0,8.092646908153256e-07,0.0007253968506120145
v110_s0379,110,379,0,0,0,1.0,6.416051974156289e-07,0.00045257099554874003
v110_s0380,110,380,0,0,0,1.0,5.247405852060183e-07,0.0006012041703797877
v110_s0381,110,381,0,0,0,1.0,4.953681695951673e-07,0.0001893978624138981
v110_s0382,110,382,0,0,0,1.0,6.17716068518348e-07,0.0007447511306963861
v110_s0383,110,383,0,0,0,1.0,7.775881272209517e-07,0.005353851709514856
v110_s0384,110,384,0,0,0,1.0,4.861204274675401e-07,0.00026115047512575984
v110_s0385,110,385,0,0,0,1.0,7.662708867428591e-07,0.003137936582788825
v110_s0386,110,386,0,4,0,2.499999375000156e-07,6.093846241128631e-05,0.9328450560569763
v110_s0387,110,387,0,4,0,2.499999375000156e-07,6.301608664216474e-05,0.941906213760376
v110_s0388,110,388,5,0,0,1.99999960000008e-07,2.0532190774247283e-06,0.03243499994277954
v110_s0389,110,389,8,0,0,1.2499998437500196e-07,1.2621254654732184e-06,0.011354726739227772
v110_s0390,110,390,9,0,0,1.1111109876543348e-07,1.269714971385838e-06,0.009202837012708187
v110_s0391,110,391,15,0,0,6.666666222222252e-08,6.454254730670073e-07,0.0008182727615348995
v110_s0392,110,392,0,0,0,1.0,6.180600848892936e-07,0.002280640648677945
v110_s0393,110,393,24,0,0,4.166666493055563e-08,9.201048669638112e-07,0.009631509892642498
v110_s0394,110,394,36,0,0,2.7777777006172862e-08,5.666836386808427e-07,0.0006977125303819776
v110_s0395,110,395,57,0,0,1.75438593413358e-08,5.562944807024905e-07,0.0016468153335154057
v110_s0396,110,396,80,0,0,1.2499999843750002e-08,5.10435086198413e-07,0.0006540744798257947
v110_s0397,110,397,102,0,0,9.803921472510574e-09,4.7267582203858183e-07,0.001270623062737286
v110_s0398,110,398,159,1,0,6.2499999609375e-09,1.5426750906044617e-05,0.5076848864555359
v110_s0399,110,399,186,2,0,5.319148907876868e-09,1.980417437152937e-05,0.5720928907394409
v110_s0400,110,400,233,1,1,0.008547012783987125,5.184887413633987e-05,0.5407968163490295
v110_s0401,110,401,292,12,9,0.05921052941049168,0.0001767001231200993,0.9864358305931091
v110_s0402,110,402,305,24,24,0.14589665913101318,0.0003889995568897575,0.9999959468841553
v110_s0403,110,403,313,27,27,0.15882353188581314,0.0004275566025171429,0.9999666213989258
v110_s0404,110,404,332,51,51,0.2663185397746252,0.0007526989793404937,0.9999997615814209
v110_s0405,110,405,343,62,62,0.3061728412193263,0.0009523297194391489,1.0
v110_s0406,110,406,378,162,162,0.6000000007407408,0.0024497404228895903,1.0
v110_s0407,110,407,450,207,204,0.6210045667869033,0.0031245630234479904,1.0
v110_s0408,110,408,429,208,208,0.6530612250344408,0.003171485150232911,1.0
v110_s0409,110,409,395,196,195,0.6598984777328283,0.003014723304659128,1.0
v110_s0410,110,410,354,198,196,0.7101449280613317,0.0030132385436445475,1.0
v110_s0411,110,411,353,177,177,0.6679245289284443,0.002714672824367881,1.0
v110_s0412,110,412,322,155,155,0.6498951789310373,0.002339376136660576,1.0
v110_s0413,110,413,324,132,131,0.5745614044417513,0.0020595421083271503,1.0
v110_s0414,110,414,287,113,113,0.5650000010875,0.0017406475963070989,1.0
v110_s0415,110,415,279,111,111,0.5692307703353057,0.0016939431661739945,1.0
v110_s0416,110,416,223,104,104,0.636085628024203,0.0015973688568919897,1.0
v110_s0417,110,417,183,82,82,0.6188679259665362,0.0012596742017194629,1.0
v110_s0418,110,418,162,42,42,0.41176470876585924,0.0006408917834050953,0.9999961853027344
v110_s0419,110,419,141,6,6,0.08163265930862136,0.00011991443898295984,0.8356699347496033
v110_s0420,110,420,126,1,1,0.015748039246078434,2.9374101359280758e-05,0.5544856190681458
v110_s0421,110,421,120,3,3,0.04878049553836996,4.559789158520289e-05,0.7156563401222229
v110_s0422,110,422,95,0,0,1.0526315678670361e-08,5.642591531795915e-07,0.001717506442219019
v110_s0423,110,423,72,0,0,1.3888888695987657e-08,5.993177865093458e-07,0.0026484669651836157
v110_s0424,110,424,57,0,0,1.75438593413358e-08,5.263137268229912e-07,0.0018027861369773746
v110_s0425,110,425,44,0,0,2.2727272210743815e-08,5.47628019376134e-07,0.0019730275962501764
v110_s0426,110,426,30,0,0,3.3333332222222255e-08,9.207296898239292e-06,0.20245496928691864
v110_s0427,110,427,10,0,0,9.9999990000001e-08,1.6554777175770141e-06,0.022622661665081978
v110_s0428,110,428,14,2,0,6.249999609375024e-08,4.121240635868162e-05,0.8525354862213135
v110_s0429,110,429,23,2,0,3.999999840000006e-08,5.0617047236301005e-05,0.9657922983169556
v110_s0430,110,430,26,0,0,3.846153698224858e-08,3.589947482396383e-06,0.05971771106123924
v110_s0431,110,431,34,0,0,2.9411763840830475e-08,1.187164343718905e-05,0.30151593685150146
v110_s0432,110,432,43,27,22,0.6285714338775509,0.00040413468377664685,0.9999986886978149
v110_s0433,110,433,49,34,25,0.6024096433444621,0.000541329151019454,1.0
v110_s0434,110,434,81,42,35,0.5691056945601163,0.0006297434447333217,1.0
v110_s0435,110,435,104,56,50,0.62500000234375,0.000876095553394407,1.0
v110_s0436,110,436,103,57,53,0.662500002109375,0.0008640619926154613,1.0
v110_s0437,110,437,110,29,29,0.41726619124268927,0.00047249230556190014,1.0
v110_s0438,110,438,120,36,36,0.461538464990138,0.000552740297280252,1.0
v110_s0439,110,439,133,34,33,0.39520958445982285,0.0005496341036632657,1.0
v110_s0440,110,440,150,34,27,0.29347826470935723,0.0005085142911411822,1.0
v110_s0441,110,441,152,48,36,0.3600000032,0.0007313841488212347,1.0
v110_s0442,110,442,160,58,43,0.39449541562158064,0.0008676046272739768,1.0
v110_s0443,110,443,173,43,34,0.3148148179869684,0.0006884001777507365,0.9999997615814209
v110_s0444,110,444,186,6,3,0.03125000504557289,0.00014957156963646412,0.9793767929077148
v110_s0445,110,445,217,17,13,0.11111111490978157,0.0002766111574601382,0.9904967546463013
v110_s0446,110,446,190,69,41,0.3166023192409177,0.0010563432006165385,0.9999886751174927
v110_s0447,110,447,195,53,35,0.2822580674102497,0.0007966922130435705,0.9999998807907104
v110_s0448,110,448,214,49,41,0.3117870748601252,0.0007378407754004002,1.0
v110_s0449,110,449,221,60,51,0.3629893261103583,0.0009171635610982776,1.0
v110_s0450,110,450,223,88,74,0.47588424605825,0.001329915365204215,0.9999995231628418
v110_s0451,110,451,233,111,97,0.5639534896396701,0.0017763266805559397,0.9999994039535522
v110_s0452,110,452,252,130,124,0.6492146606041501,0.002011168049648404,0.9999998807907104
v110_s0453,110,453,264,163,150,0.702576113108721,0.002525647636502981,0.9999998807907104
v110_s0454,110,454,287,136,125,0.591016549430221,0.00209767441265285,1.0
v110_s0455,110,455,319,161,148,0.6166666674652778,0.0024434179067611694,0.9999996423721313
v110_s0456,110,456,330,194,182,0.6946564891323349,0.0030044533777981997,0.9999997615814209
v110_s0457,110,457,338,246,222,0.7602739730132295,0.0037063858471810818,0.9999998807907104
v110_s0458,110,458,367,234,208,0.6921797010113483,0.003576057031750679,0.9999998807907104
v110_s0459,110,459,377,219,198,0.6644295307643799,0.0033239845652133226,0.9999998807907104
v110_s0460,110,460,371,205,184,0.6388888895158179,0.003164523048326373,1.0
v110_s0461,110,461,360,205,175,0.6194690272221787,0.0031546528916805983,0.9999992847442627
v110_s0462,110,462,369,236,199,0.6578512402349567,0.0035698949359357357,0.9999996423721313
v110_s0463,110,463,432,271,251,0.7140825039628983,0.004186350852251053,0.9999996423721313
v110_s0464,110,464,417,301,280,0.7799442900000776,0.004645152483135462,0.9999997615814209
v110_s0465,110,465,413,299,261,0.7331460677905252,0.004567513708025217,1.0
v110_s0466,110,466,410,294,243,0.6903409095307658,0.004447672050446272,1.0
v110_s0467,110,467,423,209,192,0.6075949373297549,0.003207164816558361,1.0
v110_s0468,110,468,410,172,154,0.5292096228020453,0.0026473079342395067,1.0
v110_s0469,110,469,422,168,144,0.48813559408790574,0.002560683060437441,1.0
v110_s0470,110,470,406,167,133,0.464223386624392,0.0026121779810637236,1.0
v110_s0471,110,471,385,215,191,0.6366666672722222,0.0032761874608695507,1.0
v110_s0472,110,472,399,194,177,0.596964587526198,0.0029412778094410896,0.9999996423721313
v110_s0473,110,473,399,176,158,0.5495652181746692,0.00271300645545125,0.9999998807907104
v110_s0474,110,474,305,209,176,0.6848249033369165,0.003189055249094963,1.0
v110_s0475,110,475,257,143,139,0.6950000007625,0.00217096577398479,0.9999998807907104
v110_s0476,110,476,228,150,138,0.730158730872596,0.00235611479729414,1.0
v110_s0477,110,477,187,170,140,0.7843137260943593,0.0026000516954809427,0.9999998807907104
v110_s0478,110,478,192,135,113,0.6911314994155,0.00210123835131526,1.0
v110_s0479,110,479,222,84,74,0.4836601324063394,0.0012717032805085182,1.0
v110_s0480,110,480,227,67,61,0.4149659883844694,0.0010964494431391358,1.0
v110_s0481,110,481,272,65,51,0.30267062521462723,0.0009833413641899824,0.9999998807907104
v110_s0482,110,482,350,74,69,0.3254716997040762,0.0011601346777752042,0.9999998807907104
v110_s0483,110,483,450,59,54,0.21218074810966453,0.0009043540921993554,1.0
v110_s0484,110,484,583,169,163,0.43351063905118264,0.0026412890292704105,1.0
v110_s0485,110,485,580,128,127,0.358757063052603,0.0019726308528333902,1.0
v110_s0486,110,486,606,112,107,0.29805014025341203,0.001743628061376512,1.0
v110_s0487,110,487,613,35,34,0.10493827298620637,0.0006143825012259185,1.0
v110_s0488,110,488,646,91,91,0.2469470837897597,0.0014266693033277988,1.0
v110_s0489,110,489,563,108,108,0.32190760160669507,0.0016529938438907266,0.9999984502792358
v110_s0490,110,490,570,14,14,0.047945207109682864,0.00023136647359933704,0.9967404007911682
v110_s0491,110,491,581,8,8,0.027164687559992042,0.0001262066507479176,0.9891876578330994
v110_s0492,110,492,569,11,11,0.03793103614149822,0.00016872453852556646,0.9950856566429138
v110_s0493,110,493,581,0,0,1.7211703929067634e-09,1.6987938579404727e-05,0.3877905011177063
v110_s0494,110,494,584,3,3,0.01022146676282544,4.9156646127812564e-05,0.9605945348739624
v110_s0495,110,495,498,0,0,2.008032124481863e-09,1.6834168491186574e-05,0.4482284486293793
v110_s0496,110,496,445,0,0,2.2471910061860875e-09,1.562758825457422e-06,0.048072706907987595
v110_s0497,110,497,299,0,0,3.344481594165613e-09,4.7583228024450364e-07,0.0013614381896331906
v110_s0498,110,498,209,0,0,4.784688972322062e-09,6.694500598314335e-07,0.004656318575143814
v110_s0499,110,499,147,7,7,0.09090909681227859,0.00010533232853049412,0.989639163017273
v110_s0500,110,500,100,0,0,9.9999999e-09,4.138741758197284e-07,0.0018684923416003585
v110_s0501,110,501,67,0,0,1.4925372911561597e-08,2.4209016373788472e-06,0.04194359853863716
v110_s0502,110,502,41,0,0,2.4390243307555043e-08,6.154188213258749e-06,0.17300741374492645
v110_s0503,110,503,0,11,0,9.090908264462886e-08,0.00018451715004630387,0.9991401433944702
v110_s0504,110,504,0,1,0,9.99999000001e-07,2.7445601517683826e-05,0.5789731740951538
v110_s0505,110,505,0,0,0,1.0,9.257370038540103e-06,0.13955175876617432
v110_s0506,110,506,0,6,0,1.666666388888935e-07,8.709590474609286e-05,0.9792979955673218
v110_s0507,110,507,0,0,0,1.0,5.998537062623654e-07,0.0015142463380470872
v110_s0508,110,508,0,0,0,1.0,1.6139432773343287e-05,0.28368914127349854
v110_s0509,110,509,42,0,0,2.38095232426304e-08,8.095862540358212e-06,0.2107657790184021
v110_s0510,110,510,48,16,16,0.5000000078124999,0.00024597696028649807,0.9937360286712646
v110_s0511,110,511,69,18,18,0.41379311018628606,0.00028479343745857477,0.9987770915031433
v110_s0512,110,512,74,73,63,0.8571428581146744,0.0011176696280017495,1.0
v110_s0513,110,513,94,87,80,0.8839779011934923,0.0013321633450686932,1.0
v110_s0514,110,514,103,71,69,0.7931034494649227,0.0010839890455827117,1.0
v110_s0515,110,515,148,34,31,0.3406593442820915,0.0005154920509085059,0.9999979734420776
v110_s0516,110,516,131,58,53,0.560846563170124,0.0008626203052699566,0.9999996423721313
v110_s0517,110,517,133,53,43,0.462365594288357,0.0007720688008703291,0.9999992847442627
v110_s0518,110,518,118,43,39,0.48447205289147793,0.0006418259581550956,0.9999992847442627
v110_s0519,110,519,128,39,26,0.31137724963247154,0.0006085447384975851,0.9999908208847046
v110_s0520,110,520,109,13,13,0.2131147605482397,0.00019550041179172695,0.9992571473121643
v110_s0521,110,521,111,10,6,0.09917356116385487,0.00018140487372875214,0.9827163219451904
v110_s0522,110,522,116,23,22,0.3165467675068578,0.0003772745840251446,0.9999979734420776
v110_s0523,110,523,59,0,0,1.6949152255099113e-08,6.447087798733264e-06,0.0933990553021431
v110_s0524,110,524,28,0,0,3.571428443877555e-08,1.6658389085932868e-06,0.010838454589247704
v110_s0525,110,525,0,0,0,1.0,1.295873857998231e-06,0.014464150182902813
v110_s0526,110,526,0,0,0,1.0,5.199148063184111e-07,0.001702481065876782
v110_s0527,110,527,0,0,0,1.0,2.3994096409296617e-05,0.46788886189460754
v110_s0528,110,528,0,21,0,4.761904535147403e-08,0.00030943736783228815,0.9999886751174927
v110_s0529,110,529,0,0,0,1.0,1.3595195014204364e-06,0.009456184692680836
v110_s0530,110,530,0,0,0,1.0,1.299156451750605e-06,0.006265545729547739
v110_s0531,110,531,0,0,0,1.0,9.215700629283674e-07,0.007524238899350166
v110_s0532,110,532,0,0,0,1.0,1.9879089450114407e-06,0.018124118447303772
v110_s0533,110,533,0,0,0,1.0,2.0348843463580124e-06,0.024463016539812088
v110_s0534,110,534,0,0,0,1.0,1.602183601789875e-06,0.017155783250927925
v110_s0535,110,535,0,0,0,1.0,2.322781483599101e-06,0.06745187938213348
v110_s0536,110,536,0,0,0,1.0,2.6360241918155225e-06,0.06110887601971626
v110_s0537,110,537,0,0,0,1.0,5.509381821866555e-07,0.0020570112392306328
v110_s0538,110,538,0,0,0,1.0,4.005270568541164e-07,0.0007881656638346612
v110_s0539,110,539,0,0,0,1.0,5.692123750122846e-07,0.0015360511606559157
v110_s0540,110,540,0,0,0,1.0,1.0590296142254374e-06,0.004722549580037594
v110_s0541,110,541,0,1,0,9.99999000001e-07,2.1693667804356664e-05,0.5508054494857788
v110_s0542,110,542,0,18,0,5.555555246913597e-08,0.00027290088473819196,0.9999958276748657
v110_s0543,110,543,0,15,0,6.666666222222252e-08,0.0002460111863911152,0.9999561309814453
v110_s0544,110,544,0,4,0,2.499999375000156e-07,9.427095938008279e-05,0.9600089192390442
v110_s0545,110,545,0,3,0,3.3333322222225924e-07,6.26448672846891e-05,0.979322612285614
v110_s0546,110,546,0,6,0,1.666666388888935e-07,9.228012640960515e-05,0.9985195994377136
v110_s0547,110,547,0,2,0,4.99999750000125e-07,3.6650613765232265e-05,0.6854192018508911
v110_s0548,110,548,0,1,0,9.99999000001e-07,1.5430894563905895e-05,0.6271064281463623
v110_s0549,110,549,0,0,0,1.0,4.6007647824808373e-07,0.0014094487996771932
v110_s0550,110,550,0,0,0,1.0,5.015170927435975e-07,0.0022775970865041018
v110_s0551,110,551,0,0,0,1.0,6.582341711691697e-07,0.003766832407563925
v110_s0552,110,552,0,0,0,1.0,5.976142460895062e-07,0.004061304032802582
v110_s0553,110,553,0,0,0,1.0,5.221402261668118e-07,0.001182477455586195
v110_s0554,110,554,0,0,0,1.0,8.27743804165948e-07,0.0048884181305766106
v110_s0555,110,555,0,0,0,1.0,6.839070465503028e-07,0.003936064895242453
v110_s0556,110,556,0,0,0,1.0,9.035807124746498e-07,0.005577864591032267
v110_s0557,110,557,0,0,0,1.0,1.0400566452517523e-06,0.004821580834686756
v110_s0558,110,558,0,0,0,1.0,8.001264859558432e-07,0.004025696311146021
v110_s0559,110,559,0,0,0,1.0,6.2707783854421e-07,0.0019724061712622643
v110_s0560,110,560,0,0,0,1.0,8.533140771760372e-07,0.005206211004406214
v110_s0561,110,561,0,0,0,1.0,1.6788394532341044e-06,0.02029121108353138
v110_s0562,110,562,0,0,0,1.0,2.2221897779672872e-06,0.012969409115612507
v110_s0563,110,563,0,0,0,1.0,5.432016791928618e-07,0.0015048040077090263
v110_s0564,110,564,0,0,0,1.0,1.2479786164476536e-06,0.006236469838768244
v110_s0565,110,565,0,0,0,1.0,9.150793403023272e-07,0.0017246200004592538
v110_s0566,110,566,0,0,0,1.0,8.26605230486166e-07,0.0019136328483000398
v110_s0567,110,567,0,2,0,4.99999750000125e-07,3.789793117903173e-05,0.7872722148895264
v110_s0568,110,568,0,4,0,2.499999375000156e-07,4.981397432857193e-05,0.8843716382980347
v110_s0569,110,569,0,10,0,9.9999990000001e-08,0.00015283851826097816,0.9999716281890869
v110_s0570,110,570,0,10,0,9.9999990000001e-08,0.00015087153587955981,0.9999961853027344
v110_s0571,110,571,0,6,0,1.666666388888935e-07,8.682584302732721e-05,0.9976517558097839
v110_s0572,110,572,0,2,0,4.99999750000125e-07,4.457081013242714e-05,0.976380467414856
v110_s0573,110,573,0,0,0,1.0,1.6648147720843554e-05,0.2588103115558624
v110_s0574,110,574,0,0,0,1.0,8.610557415522635e-06,0.18024493753910065
v110_s0575,110,575,0,0,0,1.0,2.24931818593177e-06,0.03020961955189705
v110_s0576,110,576,0,0,0,1.0,9.137281722360058e-07,0.00509943813085556
v110_s0577,110,577,0,0,0,1.0,5.484678240463836e-07,0.0017641093581914902
v110_s0578,110,578,0,0,0,1.0,1.4277430636866484e-05,0.3397698700428009
v110_s0579,110,579,0,0,0,1.0,6.604593181691598e-06,0.23590169847011566
v110_s0580,110,580,0,0,0,1.0,6.559423013641208e-07,0.006062611471861601
v110_s0581,110,581,0,0,0,1.0,1.4583952179236803e-06,0.012998147867619991
v110_s0582,110,582,0,0,0,1.0,2.218031795564457e-06,0.057116538286209106
v110_s0583,110,583,0,0,0,1.0,6.881977014927543e-07,0.005996182095259428
v110_s0584,110,584,0,0,0,1.0,3.2183465918933507e-06,0.1633514016866684
v110_s0585,110,585,0,0,0,1.0,5.131581019668374e-06,0.23388376832008362
v110_s0586,110,586,0,0,0,1.0,3.272981302870903e-06,0.0668167695403099
v110_s0587,110,587,0,0,0,1.0,3.83719179808395e-06,0.03257539123296738
v110_s0588,110,588,0,0,0,1.0,7.550719942628348e-07,0.009841911494731903
v110_s0589,110,589,0,0,0,1.0,3.5992951552543673e-07,0.00025491160340607166
v110_s0590,110,590,0,0,0,1.0,5.304237902237219e-07,0.0008765888051129878
v110_s0591,110,591,0,0,0,1.0,6.347976295728586e-07,0.003161817556247115
v110_s0592,110,592,0,0,0,1.0,8.984026180769433e-07,0.01612098701298237
v110_s0593,110,593,0,0,0,1.0,4.070483612395037e-07,0.0006251732702367008
v110_s0594,110,594,0,0,0,1.0,3.8767558407926117e-07,0.0003292716573923826
v110_s0595,110,595,0,0,0,1.0,4.6351581772796635e-07,0.000993600464425981
v110_s0596,110,596,0,0,0,1.0,6.675044232906657e-07,0.005207905080169439
v110_s0597,110,597,0,0,0,1.0,6.658102620349382e-07,0.005082912743091583
v110_s0598,110,598,0,0,0,1.0,4.986965222997242e-07,0.0025273712817579508
v110_s0599,110,599,0,0,0,1.0,5.140896064403933e-07,0.004047167953103781
v110_s0600,110,600,0,0,0,1.0,3.0562796382582746e-07,0.0004651013296097517
v110_s0601,110,601,0,0,0,1.0,3.512536750349682e-07,0.0004403918865136802
v110_s0602,110,602,0,0,0,1.0,4.318541186876246e-07,0.0003680650261230767
v110_s0603,110,603,0,0,0,1.0,4.79341338177619e-07,0.0002276049490319565
v110_s0604,110,604,0,0,0,1.0,7.487986977139371e-07,0.0012005160097032785
v110_s0605,110,605,0,0,0,1.0,8.206234269891866e-07,0.0004599028325174004
v110_s0606,110,606,0,0,0,1.0,7.755148772048415e-07,0.00038568672607652843
v110_s0607,110,607,0,0,0,1.0,6.166010848573933e-07,0.0012976768193766475
v110_s0608,110,608,0,0,0,1.0,4.650074458822928e-07,0.0003858919662889093
v110_s0609,110,609,0,0,0,1.0,4.1637969161456567e-07,0.00020319066243246198
v110_s0610,110,610,0,0,0,1.0,6.416810265363893e-07,0.001503980252891779
v110_s0611,110,611,0,0,0,1.0,6.617742656089831e-07,0.0015612958231940866
v110_s0612,110,612,0,0,0,1.0,5.477681952470448e-07,0.00034956869785673916
v110_s0613,110,613,0,0,0,1.0,7.186490051935834e-07,0.000297071470413357
v110_s0614,110,614,0,0,0,1.0,6.496856599369494e-07,0.00021451740758493543
v110_s0615,110,615,0,0,0,1.0,5.195136054680916e-07,0.00019332337251398712
v110_s0616,110,616,0,0,0,1.0,4.990180286768009e-07,0.00021931632363703102
v110_s0617,110,617,0,0,0,1.0,6.342278311421978e-07,0.0008628457435406744
v110_s0618,110,618,0,0,0,1.0,7.204899930002284e-07,0.0006393343210220337
v110_s0619,110,619,0,0,0,1.0,4.671315991799929e-07,0.00029354376601986587
v110_s0620,110,620,0,0,0,1.0,4.2103684450012224e-07,0.00020225763728376478
v110_s0621,110,621,0,0,0,1.0,3.403347648145427e-07,0.00023928908922243863
v110_s0622,110,622,0,0,0,1.0,4.477630568544555e-07,0.0003770222538150847
v110_s0623,110,623,0,0,0,1.0,4.2455667426111177e-07,0.0002513763029128313
v110_s0624,110,624,0,0,0,1.0,9.379737093695439e-07,0.0007726213661953807
v110_s0625,110,625,0,0,0,1.0,4.7413010406671674e-07,0.00032395494054071605
v110_s0626,110,626,0,0,0,1.0,4.873758143730811e-07,0.0004724124737549573
v110_s0627,110,627,0,0,0,1.0,5.956458153377753e-07,0.0005691970000043511
v110_s0628,110,628,0,0,0,1.0,6.314637630566722e-07,0.0004923804081045091
v110_s0629,110,629,0,0,0,1.0,4.587671753597533e-07,0.0004978140932507813
v110_s0630,110,630,0,0,0,1.0,4.3451649389680824e-07,0.0008580670109950006
v110_s0631,110,631,0,0,0,1.0,4.682658811816509e-07,0.0007097850902937353
v110_s0632,110,632,0,0,0,1.0,5.595537686531316e-07,0.0007140263332985342
v110_s0633,110,633,0,0,0,1.0,5.051076641393593e-07,0.0009429582860320807
v110_s0634,110,634,0,0,0,1.0,4.815325382878655e-07,0.0004082357045263052
v110_s0635,110,635,0,0,0,1.0,5.244547764959862e-07,0.0007237503305077553
v110_s0636,110,636,0,0,0,1.0,6.100084419813356e-07,0.0010044579394161701
v110_s0637,110,637,0,0,0,1.0,5.733531338592002e-07,0.0004767260397784412
v110_s0638,110,638,0,0,0,1.0,5.208875109019573e-07,0.0007584409322589636
v110_s0639,110,639,0,0,0,1.0,4.674278102356766e-07,0.00033176279976032674
v110_s0640,110,640,0,0,0,1.0,3.9724773159832694e-07,0.0002378132048761472
v110_s0641,110,641,0,0,0,1.0,5.44466331575677e-07,0.0016184865962713957
v110_s0642,110,642,0,0,0,1.0,5.902987254557956e-07,0.002885292051360011
v110_s0643,110,643,0,0,0,1.0,8.197732199732854e-07,0.0038555096834897995
v110_s0644,110,644,0,0,0,1.0,4.449839821063506e-07,0.0013330905931070447
v110_s0645,110,645,0,0,0,1.0,5.271647296467563e-07,0.0023709542583674192
v110_s0646,110,646,0,0,0,1.0,5.999349355079175e-07,0.0033933580853044987
v110_s0647,110,647,0,0,0,1.0,1.4876514796924312e-05,0.22302459180355072
v110_s0648,110,648,0,0,0,1.0,1.1069161701016128e-05,0.28269973397254944
v110_s0649,110,649,0,0,0,1.0,7.008179636613932e-07,0.005855684168636799
v110_s0650,110,650,0,0,0,1.0,6.686340725536866e-07,0.007407675962895155
v110_s0651,110,651,0,0,0,1.0,7.985447609826224e-07,0.003846612526103854
v110_s0652,110,652,0,0,0,1.0,7.912741466498119e-07,0.006105415988713503
v110_s0653,110,653,0,0,0,1.0,1.4390351452675532e-06,0.008862089365720749
v110_s0654,110,654,0,0,0,1.0,1.4005463526700623e-06,0.025869106873869896
v110_s0655,110,655,0,0,0,1.0,1.3551323263527593e-06,0.01238256599754095
v110_s0656,110,656,0,0,0,1.0,1.543490157018823e-06,0.009862220846116543
v110_s0657,110,657,0,0,0,1.0,3.096989075856982e-06,0.027125274762511253
v110_s0658,110,658,0,0,0,1.0,2.466318619553931e-06,0.015064433217048645
v110_s0659,110,659,0,0,0,1.0,1.5202726899588015e-06,0.014914768747985363
v110_s0660,110,660,0,0,0,1.0,2.0222403236402897e-06,0.021144088357686996
v110_s0661,110,661,0,0,0,1.0,1.9225426513003185e-06,0.013293863274157047
v110_s0662,110,662,0,0,0,1.0,1.200110432364454e-06,0.006235725712031126
v110_s0663,110,663,0,0,0,1.0,1.0959237215502071e-06,0.005569277796894312
v110_s0664,110,664,0,0,0,1.0,2.0268767002562527e-06,0.023864850401878357
v110_s0665,110,665,0,0,0,1.0,1.0063321269626613e-06,0.00946943648159504
v110_s0666,110,666,0,0,0,1.0,9.319717833022878e-07,0.0060265399515628815
v110_s0667,110,667,0,0,0,1.0,1.3176256743463455e-06,0.01163864228874445
v110_s0668,110,668,0,0,0,1.0,9.68183258009958e-07,0.006301055662333965
v110_s0669,110,669,0,0,0,1.0,1.123843617278908e-06,0.005993928760290146
v110_s0670,110,670,0,0,0,1.0,1.3988515092933085e-06,0.012461600825190544
v110_s0671,110,671,0,0,0,1.0,8.648464131510991e-07,0.004394319839775562
v110_s0672,110,672,0,0,0,1.0,1.5208472632366465e-06,0.014413123019039631
v110_s0673,110,673,0,4,0,2.499999375000156e-07,7.980171358212829e-05,0.9477889537811279
v110_s0674,110,674,0,5,0,1.99999960000008e-07,7.795385317876935e-05,0.935860276222229
v110_s0675,110,675,0,6,0,1.666666388888935e-07,8.295552106574178e-05,0.8768190145492554
v110_s0676,110,676,0,0,0,1.0,2.3122734091884922e-06,0.03208306059241295
v110_s0677,110,677,0,0,0,1.0,1.5723357137176208e-05,0.3023426830768585
v110_s0678,110,678,0,17,0,5.882352595155729e-08,0.00027387525187805295,0.9993174076080322
v110_s0679,110,679,0,22,0,4.5454543388429843e-08,0.0003276661445852369,0.9983053207397461
v110_s0680,110,680,0,16,0,6.249999609375024e-08,0.00025470112450420856,0.9922435879707336
v110_s0681,110,681,0,15,0,6.666666222222252e-08,0.00023789730039425194,0.9984316229820251
v110_s0682,110,682,0,9,0,1.1111109876543348e-07,0.00015414967492688447,0.9124785661697388
v110_s0683,110,683,0,7,0,1.428571224489825e-07,0.00012186550156911835,0.8685477375984192
v110_s0684,110,684,0,1,0,9.99999000001e-07,4.025903035653755e-05,0.6387606263160706
v110_s0685,110,685,0,0,0,1.0,1.3884508007322438e-05,0.3512105345726013
v110_s0686,110,686,0,0,0,1.0,3.4210574995086063e-06,0.050944358110427856
v110_s0687,110,687,0,0,0,1.0,1.2037587566737784e-06,0.004346178844571114
v110_s0688,110,688,0,0,0,1.0,1.628251766305766e-06,0.015006153844296932
v110_s0689,110,689,0,0,0,1.0,2.467941612849245e-06,0.044922344386577606
v110_s0690,110,690,0,0,0,1.0,1.1699090691763558e-06,0.011465256102383137
v110_s0691,110,691,0,0,0,1.0,3.3542805795150343e-06,0.0424819141626358
v110_s0692,110,692,0,0,0,1.0,1.7504253264633007e-05,0.32761770486831665
v110_s0693,110,693,0,0,0,1.0,1.3858937109034741e-06,0.012380297295749187
v110_s0694,110,694,0,0,0,1.0,2.508296120140585e-06,0.04526355117559433
v110_s0695,110,695,0,0,0,1.0,1.0799730034705135e-06,0.009795043617486954
v110_s0696,110,696,0,0,0,1.0,6.743889571225736e-07,0.0033154278062283993
v110_s0697,110,697,0,0,0,1.0,8.27137341730122e-07,0.0029489260632544756
v110_s0698,110,698,0,0,0,1.0,9.665483275966835e-07,0.005606986116617918
v110_s0699,110,699,0,0,0,1.0,1.2704904293059371e-06,0.011091992259025574
v110_s0700,110,700,0,0,0,1.0,1.5137197806325275e-06,0.012466871179640293
v110_s0701,110,701,0,0,0,1.0,1.411240759807697e-06,0.008567005395889282
v110_s0702,110,702,0,0,0,1.0,1.3797109659208218e-06,0.004498232156038284
v110_s0703,110,703,0,0,0,1.0,1.5925063507893356e-06,0.007341745309531689
v110_s0704,110,704,0,0,0,1.0,2.5332624318252783e-06,0.0255294069647789
v110_s0705,110,705,0,0,0,1.0,1.9454059838608373e-06,0.016733424738049507
v110_s0706,110,706,0,0,0,1.0,4.634459401131608e-06,0.050296638160943985
v110_s0707,110,707,0,0,0,1.0,2.440345951981726e-06,0.010919447988271713
v110_s0708,110,708,0,0,0,1.0,1.4259903764468618e-06,0.00860854983329773
v110_s0709,110,709,0,0,0,1.0,1.0138304560314282e-06,0.002217496046796441
v110_s0710,110,710,0,0,0,1.0,1.115745362767484e-06,0.0016593602485954762
v110_s0711,110,711,0,0,0,1.0,1.2722018709609983e-06,0.0030309457797557116
v110_s0712,110,712,0,0,0,1.0,8.481838449370116e-07,0.0007131266174837947
v110_s0713,110,713,0,0,0,1.0,1.402284169671475e-06,0.0035968273878097534
v110_s0714,110,714,0,0,0,1.0,6.61227886666893e-06,0.05561833456158638
v110_s0715,110,715,0,0,0,1.0,1.266575236513745e-05,0.1674911081790924
v110_s0716,110,716,0,0,0,1.0,9.113088594858709e-07,0.0061922273598611355
v110_s0717,110,717,0,0,0,1.0,8.952214329838171e-07,0.003454582067206502
v110_s0718,110,718,0,0,0,1.0,1.029635313898325e-06,0.0011912935879081488
v110_s0719,110,719,0,0,0,1.0,9.397550684298039e-07,0.0008633913821540773
v110_s0720,110,720,0,0,0,1.0,9.800387488212436e-07,0.001361087546683848
v110_s0721,110,721,0,0,0,1.0,1.0125695553142577e-06,0.0031163785606622696
v110_s0722,110,722,0,0,0,1.0,1.279171897294873e-06,0.008111500181257725
v110_s0723,110,723,0,0,0,1.0,1.1766733223339543e-06,0.004225187003612518
v110_s0724,110,724,0,0,0,1.0,8.757205023357528e-07,0.0032951461616903543
v110_s0725,110,725,0,0,0,1.0,9.288206683777389e-07,0.0007790790405124426
v110_s0726,110,726,0,0,0,1.0,9.82748588285176e-07,0.000640522048342973
v110_s0727,110,727,0,0,0,1.0,9.592909009370487e-07,0.00097333372104913
v110_s0728,110,728,0,0,0,1.0,1.2876243999926373e-06,0.004479557275772095
v110_s0729,110,729,0,0,0,1.0,1.375014107907191e-06,0.004997345618903637
v110_s0730,110,730,0,0,0,1.0,1.2902282833238132e-06,0.008267882280051708
v110_s0731,110,731,0,0,0,1.0,2.0241741367499344e-06,0.005994715727865696
v110_s0732,110,732,0,0,0,1.0,1.551728018966969e-06,0.002408575965091586
v110_s0733,110,733,0,0,0,1.0,1.5909479316178476e-06,0.009287100285291672
v110_s0734,110,734,0,0,0,1.0,1.594823743289453e-06,0.014324401505291462
v110_s0735,110,735,0,0,0,1.0,2.4677788132976275e-06,0.02027808129787445
v110_s0736,110,736,0,0,0,1.0,1.8365877849646495e-06,0.0143783213570714
v110_s0737,110,737,0,0,0,1.0,1.3370779470278649e-06,0.0023399810306727886
v110_s0738,110,738,0,0,0,1.0,9.484028282713552e-07,0.0008384906686842442
v110_s0739,110,739,0,0,0,1.0,7.056233926050481e-07,0.0003464363398961723
v110_s0740,110,740,0,0,0,1.0,9.288072533308878e-07,0.001780564896762371
v110_s0741,110,741,0,0,0,1.0,1.030898829412763e-06,0.003602726384997368
v110_s0742,110,742,0,0,0,1.0,1.035685500028194e-06,0.002598264953121543
v110_s0743,110,743,0,0,0,1.0,9.37551419610827e-07,0.001079669571481645
v110_s0744,110,744,0,0,0,1.0,1.1172789982083486e-06,0.002277133520692587
v110_s0745,110,745,0,0,0,1.0,1.4180511698214104e-06,0.0013241298729553819
v110_s0746,110,746,0,0,0,1.0,1.2797402177966433e-06,0.004117174539715052
v110_s0747,110,747,0,0,0,1.0,1.4997049220255576e-06,0.002041477244347334
v110_s0748,110,748,0,0,0,1.0,2.8039416974934284e-06,0.0039025836158543825
v110_s0749,110,749,0,0,0,1.0,2.2488366084871814e-06,0.00923998560756445
v110_s0750,110,750,0,0,0,1.0,2.8928830033692066e-06,0.008039710111916065
v110_s0751,110,751,0,0,0,1.0,2.993106136273127e-06,0.02423989027738571
v110_s0752,110,752,0,0,0,1.0,2.5668207399576204e-06,0.02306252531707287
v110_s0753,110,753,0,0,0,1.0,2.23175857172464e-06,0.008831658400595188
v110_s0754,110,754,0,0,0,1.0,2.3933248485263903e-06,0.0036549237556755543
v110_s0755,110,755,0,0,0,1.0,1.6612307263130788e-06,0.0026889110449701548
v110_s0756,110,756,0,0,0,1.0,1.4543156794388779e-06,0.0012913935352116823
v110_s0757,110,757,0,0,0,1.0,1.6624212548776995e-06,0.0029132503550499678
v110_s0758,110,758,0,0,0,1.0,1.8659251281860634e-06,0.001119629479944706
v110_s0759,110,759,0,0,0,1.0,1.6065660020103678e-06,0.0016441668849438429
v110_s0760,110,760,0,0,0,1.0,1.4787281088501913e-06,0.0011145895114168525
v110_s0761,110,761,0,0,0,1.0,1.2848354344896507e-06,0.0020235220436006784
v110_s0762,110,762,0,0,0,1.0,1.1794098782047513e-06,0.006360848434269428
v110_s0763,110,763,0,0,0,1.0,1.2953471468790667e-06,0.0028861481696367264
v110_s0764,110,764,0,0,0,1.0,1.170978521258803e-06,0.0014430721057578921
v110_s0765,110,765,0,0,0,1.0,1.0273350881107035e-06,0.001406775671057403
v110_s0766,110,766,0,0,0,1.0,8.64463800098747e-07,0.001957121305167675
v110_s0767,110,767,0,0,0,1.0,9.66817651715246e-07,0.0012572788400575519
v110_s0768,110,768,0,0,0,1.0,9.107442338063265e-07,0.0050588385201990604
v110_s0769,110,769,0,0,0,1.0,5.117090040585026e-07,0.0004888260154984891
v110_s0770,110,770,0,0,0,1.0,6.616152177230106e-07,0.00033908250043168664
v110_s0771,110,771,0,0,0,1.0,1.536462377771386e-06,0.00135299121029675
v110_s0772,110,772,0,0,0,1.0,2.370934225837118e-06,0.01637895405292511
v110_s0773,110,773,0,0,0,1.0,4.5129263526177965e-06,0.061192117631435394
v110_s0774,110,774,0,0,0,1.0,3.1795993891137186e-06,0.032307885587215424
v110_s0775,110,775,0,0,0,1.0,2.9135144359315746e-06,0.004797140136361122
v110_s0776,110,776,0,0,0,1.0,2.8101176212658174e-06,0.0050484309904277325
v110_s0777,110,777,0,0,0,1.0,1.7045887261701864e-06,0.0018289071740582585
v110_s0778,110,778,0,0,0,1.0,2.0161901375104208e-06,0.010151142254471779
v110_s0779,110,779,0,0,0,1.0,2.0554080037982203e-06,0.005199174862354994
v110_s0780,110,780,0,0,0,1.0,3.515980097290594e-06,0.014668223448097706
v110_s0781,110,781,0,0,0,1.0,6.16543838987127e-05,0.46477577090263367
v110_s0782,110,782,0,0,0,1.0,4.522765266301576e-06,0.03470876067876816
v110_s0783,110,783,0,0,0,1.0,1.5287677115338738e-06,0.003568358486518264
v110_s0784,110,784,0,0,0,1.0,1.152172217189218e-06,0.0015085793565958738
v110_s0785,110,785,0,0,0,1.0,1.7419699815945933e-06,0.005440056324005127
v110_s0786,110,786,0,0,0,1.0,1.2959501418663422e-06,0.004274306353181601
v110_s0787,110,787,0,0,0,1.0,2.1438767362269573e-05,0.2690059244632721
v110_s0788,110,788,0,0,0,1.0,5.728783889935585e-06,0.07036064565181732
v110_s0789,110,789,0,0,0,1.0,8.552305530429294e-07,0.0014102973509579897
v110_s0790,110,790,0,0,0,1.0,8.445506409771042e-07,0.0016625071875751019
v110_s0791,110,791,0,0,0,1.0,8.398181421398476e-07,0.0017043547704815865
v110_s0792,110,792,0,0,0,1.0,7.722368309259764e-07,0.0015137048903852701
v110_s0793,110,793,0,0,0,1.0,6.673086545561091e-07,0.0015080544399097562
v110_s0794,110,794,0,0,0,1.0,8.070912826951826e-07,0.0008469767635688186
v110_s0795,110,795,0,0,0,1.0,6.748324494765257e-07,0.0005335265304893255
v110_s0796,110,796,0,0,0,1.0,6.54390760246315e-07,0.0020206160843372345
v110_s0797,110,797,0,0,0,1.0,1.4629013094236143e-06,0.007200765889137983
v110_s0798,110,798,0,10,0,9.9999990000001e-08,0.00015901241567917168,0.8701208233833313
v110_s0799,110,799,0,15,0,6.666666222222252e-08,0.0002957795513793826,0.8928449749946594
v110_s0800,110,800,0,0,0,1.0,5.6222619605250657e-05,0.2726473808288574
v110_s0801,110,801,0,0,0,1.0,9.87053795142856e-07,0.0031219625379890203
v110_s0802,110,802,0,0,0,1.0,7.930575520731509e-07,0.0006524694617837667
v110_s0803,110,803,0,0,0,1.0,7.05021477642731e-07,0.0009590814588591456
v110_s0804,110,804,0,0,0,1.0,8.980295547189598e-07,0.0017091402551159263
v110_s0805,110,805,0,0,0,1.0,9.167164307655185e-07,0.002261115238070488
v110_s0806,110,806,0,0,0,1.0,8.156422950378328e-07,0.0008563093724660575
v110_s0807,110,807,0,0,0,1.0,3.911393378075445e-06,0.02421959862112999
v110_s0808,110,808,0,0,0,1.0,1.3136213965481147e-06,0.004507774021476507
v110_s0809,110,809,0,0,0,1.0,5.429424163594376e-06,0.04965994134545326
v110_s0810,110,810,0,5,0,1.99999960000008e-07,8.270866237580776e-05,0.6770238876342773
v110_s0811,110,811,0,0,0,1.0,2.691155032152892e-06,0.022063355892896652
v110_s0812,110,812,0,0,0,1.0,7.871291245464818e-07,0.0017820546636357903
v110_s0813,110,813,0,0,0,1.0,5.022385812480934e-05,0.45681196451187134
v110_s0814,110,814,0,0,0,1.0,9.264271284337156e-06,0.09555768966674805
v110_s0815,110,815,0,0,0,1.0,1.551840796309989e-06,0.011068636551499367
v111_s0000,111,0,0,0,0,1.0,1.019389856082853e-06,0.0007660664850845933
v111_s0001,111,1,0,0,0,1.0,8.772885280450282e-07,0.0004893528530374169
v111_s0002,111,2,0,0,0,1.0,8.869558882906858e-07,0.000595219258684665
v111_s0003,111,3,0,0,0,1.0,1.1269459037066554e-06,0.001679146196693182
v111_s0004,111,4,0,0,0,1.0,1.7633883544476703e-06,0.005423551890999079
v111_s0005,111,5,0,0,0,1.0,1.6358201264665695e-06,0.0018986948998644948
v111_s0006,111,6,0,0,0,1.0,1.1947939810852404e-06,0.002667633118107915
v111_s0007,111,7,0,0,0,1.0,1.2192101621621987e-06,0.002366808243095875
v111_s0008,111,8,0,0,0,1.0,1.6046553810156183e-06,0.00425709830597043
v111_s0009,111,9,0,0,0,1.0,7.660935352760134e-07,0.0003503001353237778
v111_s0010,111,10,0,0,0,1.0,6.101996063989645e-07,0.00030757675995118916
v111_s0011,111,11,0,0,0,1.0,2.390451982137165e-06,0.008229813538491726
v111_s0012,111,12,0,0,0,1.0,1.5134808108996367e-06,0.006505212746560574
v111_s0013,111,13,0,0,0,1.0,3.5554446640162496e-06,0.0087266331538558
v111_s0014,111,14,0,0,0,1.0,1.1020844794984441e-05,0.082689568400383
v111_s0015,111,15,0,0,0,1.0,1.1128327969345264e-05,0.06416447460651398
v111_s0016,111,16,0,0,0,1.0,2.0629697246477008e-05,0.1871187686920166
v111_s0017,111,17,0,0,0,1.0,2.6241386876790784e-06,0.0244666188955307
v111_s0018,111,18,0,0,0,1.0,4.526454176811967e-06,0.01926475018262863
v111_s0019,111,19,0,0,0,1.0,9.501633030595258e-06,0.03726391866803169
v111_s0020,111,20,0,0,0,1.0,1.6874848370207474e-05,0.1780410259962082
v111_s0021,111,21,0,0,0,1.0,6.459536507463781e-06,0.035509392619132996
v111_s0022,111,22,0,0,0,1.0,6.043203029548749e-06,0.05138669162988663
v111_s0023,111,23,0,0,0,1.0,1.551965942780953e-05,0.1495690941810608
v111_s0024,111,24,0,0,0,1.0,8.186975719581824e-06,0.05970032140612602
v111_s0025,111,25,0,0,0,1.0,7.54483335185796e-06,0.08005484938621521
v111_s0026,111,26,0,0,0,1.0,8.948905815486796e-06,0.05370976775884628
v111_s0027,111,27,0,0,0,1.0,1.0335698789276648e-05,0.12113742530345917
v111_s0028,111,28,0,0,0,1.0,8.708260793355294e-06,0.09739502519369125
v111_s0029,111,29,0,0,0,1.0,3.7038716982351616e-06,0.07310327887535095
v111_s0030,111,30,0,0,0,1.0,2.634130396472756e-06,0.01561840157955885
v111_s0031,111,31,0,0,0,1.0,1.7156917238025926e-06,0.004668143577873707
v111_s0032,111,32,0,0,0,1.0,2.7761602723330725e-06,0.006542112212628126
v111_s0033,111,33,0,0,0,1.0,3.1592069262842415e-06,0.012138526886701584
v111_s0034,111,34,0,0,0,1.0,4.096682459930889e-06,0.017189061269164085
v111_s0035,111,35,0,0,0,1.0,5.677070475940127e-06,0.0412285253405571
v111_s0036,111,36,0,0,0,1.0,6.411100912373513e-06,0.030474979430437088
v111_s0037,111,37,0,0,0,1.0,7.486944014090113e-06,0.017610782757401466
v111_s0038,111,38,0,0,0,1.0,1.2355293620203156e-05,0.10717590898275375
v111_s0039,111,39,0,0,0,1.0,8.851031452650204e-06,0.10302676260471344
v111_s0040,111,40,0,0,0,1.0,4.040721705678152e-06,0.015835097059607506
v111_s0041,111,41,0,0,0,1.0,4.197665475658141e-06,0.010918094776570797
v111_s0042,111,42,0,0,0,1.0,4.578107109409757e-06,0.05077795684337616
v111_s0043,111,43,0,0,0,1.0,6.786648555134889e-06,0.16332228481769562
v111_s0044,111,44,0,1,0,9.99999000001e-07,2.9889815778005868e-05,0.7601420283317566
v111_s0045,111,45,0,2,0,4.99999750000125e-07,5.2148236136417836e-05,0.8436570763587952
v111_s0046,111,46,0,0,0,1.0,1.160115425591357e-05,0.24831223487854004
v111_s0047,111,47,0,0,0,1.0,4.071450803166954e-06,0.03948921337723732
v111_s0048,111,48,0,0,0,1.0,2.6838717985810945e-06,0.007653367705643177
v111_s0049,111,49,0,0,0,1.0,3.257764319641865e-06,0.016016606241464615
v111_s0050,111,50,0,0,0,1.0,4.4561629692907445e-06,0.06284767389297485
v111_s0051,111,51,0,0,0,1.0,9.210541975335218e-06,0.13963571190834045
v111_s0052,111,52,0,0,0,1.0,1.0996915989380796e-05,0.11874882876873016
v111_s0053,111,53,0,0,0,1.0,1.5917521523078904e-05,0.23365528881549835
v111_s0054,111,54,0,0,0,1.0,1.691044781182427e-05,0.3390560448169708
v111_s0055,111,55,0,0,0,1.0,7.668095349799842e-06,0.13006119430065155
v111_s0056,111,56,0,0,0,1.0,2.8542081054183654e-06,0.018715649843215942
v111_s0057,111,57,0,0,0,1.0,2.7024257178709377e-06,0.008210578002035618
v111_s0058,111,58,0,0,0,1.0,1.2800353943021037e-05,0.15638607740402222
v111_s0059,111,59,0,0,0,1.0,3.872293746098876e-06,0.03508884832262993
v111_s0060,111,60,0,0,0,1.0,1.8227591453978675e-06,0.006223501171916723
v111_s0061,111,61,0,0,0,1.0,3.062122686969815e-06,0.02320013754069805
v111_s0062,111,62,0,6,0,1.666666388888935e-07,8.52896409924142e-05,0.8590746521949768
v111_s0063,111,63,0,0,0,1.0,3.131963239866309e-05,0.4537127614021301
v111_s0064,111,64,0,0,0,1.0,4.7212229219439905e-06,0.04375523701310158
v111_s0065,111,65,0,0,0,1.0,2.816589812937309e-06,0.06573627144098282
v111_s0066,111,66,0,3,0,3.3333322222225924e-07,6.97703508194536e-05,0.6288976669311523
v111_s0067,111,67,0,0,0,1.0,5.197037899051793e-05,0.47754213213920593
v111_s0068,111,68,0,0,0,1.0,5.483247150550596e-06,0.03899688646197319
v111_s0069,111,69,0,0,0,1.0,1.3787521311314777e-06,0.007133076898753643
v111_s0070,111,70,0,0,0,1.0,1.2483300224630511e-06,0.004795323591679335
v111_s0071,111,71,0,0,0,1.0,1.4411205029318808e-06,0.00813283585011959
v111_s0072,111,72,0,4,0,2.499999375000156e-07,6.376064266078174e-05,0.6220207810401917
v111_s0073,111,73,0,3,0,3.3333322222225924e-07,6.380414561135694e-05,0.5661110281944275
v111_s0074,111,74,0,2,0,4.99999750000125e-07,6.174087320687249e-05,0.5833607316017151
v111_s0075,111,75,0,0,0,1.0,8.982721737993415e-06,0.10010843724012375
v111_s0076,111,76,0,0,0,1.0,9.289787158195395e-06,0.13934408128261566
v111_s0077,111,77,0,0,0,1.0,3.095566171396058e-06,0.034626953303813934
v111_s0078,111,78,0,0,0,1.0,2.724176738411188e-06,0.04299858212471008
v111_s0079,111,79,0,0,0,1.0,2.296614184160717e-06,0.03160038962960243
v111_s0080,111,80,0,0,0,1.0,2.7423639039625414e-06,0.029107993468642235
v111_s0081,111,81,0,0,0,1.0,1.871511130957515e-06,0.009212428703904152
v111_s0082,111,82,0,0,0,1.0,1.7857031480161822e-06,0.004830516874790192
v111_s0083,111,83,0,0,0,1.0,1.6630893924229895e-06,0.0060219974257051945
v111_s0084,111,84,0,0,0,1.0,1.781657374522183e-06,0.011573603376746178
v111_s0085,111,85,0,0,0,1.0,1.3598495343103423e-06,0.00338921626098454
v111_s0086,111,86,0,0,0,1.0,3.831402864307165e-06,0.039821695536375046
v111_s0087,111,87,0,0,0,1.0,2.469446371833328e-06,0.012021970935165882
v111_s0088,111,88,0,0,0,1.0,1.780164780029736e-06,0.008813540451228619
v111_s0089,111,89,0,0,0,1.0,1.3580860240836046e-06,0.0030865154694765806
v111_s0090,111,90,0,0,0,1.0,4.138680196774658e-06,0.031136516481637955
v111_s0091,111,91,0,0,0,1.0,1.0956304095088854e-06,0.001909357961267233
v111_s0092,111,92,0,0,0,1.0,1.913056621560827e-06,0.023837924003601074
v111_s0093,111,93,0,0,0,1.0,1.2878375628133654e-06,0.008434884250164032
v111_s0094,111,94,0,0,0,1.0,7.355479283432942e-07,0.00046930229291319847
v111_s0095,111,95,0,0,0,1.0,7.986679406712938e-07,0.0005245544016361237
v111_s0096,111,96,0,0,0,1.0,7.184667083492968e-07,0.0014774841256439686
v111_s0097,111,97,0,0,0,1.0,7.869459750509122e-07,0.0019968885462731123
v111_s0098,111,98,0,0,0,1.0,1.0158586292163818e-06,0.0024125573690980673
v111_s0099,111,99,0,0,0,1.0,1.1460274436103646e-06,0.004186388570815325
v111_s0100,111,100,0,0,0,1.0,7.785929483361542e-07,0.001430512871593237
v111_s0101,111,101,0,0,0,1.0,9.8338409770804e-07,0.0015693921595811844
v111_s0102,111,102,0,0,0,1.0,9.021255209518131e-07,0.0011585542233660817
v111_s0103,111,103,0,0,0,1.0,1.0657697657734388e-06,0.0010188809828832746
v111_s0104,111,104,0,0,0,1.0,1.2301788956392556e-06,0.0033194497227668762
v111_s0105,111,105,0,0,0,1.0,2.4927962840592954e-06,0.05569472908973694
v111_s0106,111,106,0,0,0,1.0,8.41570090415189e-06,0.2633678913116455
v111_s0107,111,107,0,1,0,9.99999000001e-07,2.3273380065802485e-05,0.6334100365638733
v111_s0108,111,108,0,0,0,1.0,6.880196679048822e-07,0.0005649355589412153
v111_s0109,111,109,0,0,0,1.0,2.1326341084204614e-06,0.03143192455172539
v111_s0110,111,110,0,0,0,1.0,5.86508804190089e-06,0.11182990670204163
v111_s0111,111,111,0,0,0,1.0,1.4330256590255885e-06,0.00452457508072257
v111_s0112,111,112,0,0,0,1.0,1.163545221061213e-06,0.001852136105298996
v111_s0113,111,113,0,0,0,1.0,1.0695736136767664e-06,0.001608764287084341
v111_s0114,111,114,0,0,0,1.0,7.980848977240385e-07,0.0018015836831182241
v111_s0115,111,115,0,0,0,1.0,7.664982604183024e-07,0.0009501019958406687
v111_s0116,111,116,0,0,0,1.0,8.353757721124566e-07,0.0009288015426136553
v111_s0117,111,117,0,0,0,1.0,7.268526474035752e-07,0.0004969168803654611
v111_s0118,111,118,0,2,0,4.99999750000125e-07,2.8833628675783984e-05,0.5876412391662598
v111_s0119,111,119,0,0,0,1.0,8.40843676996883e-06,0.2615858316421509
v111_s0120,111,120,0,0,0,1.0,8.013540195861424e-07,0.0010551809100434184
v111_s0121,111,121,0,0,0,1.0,6.59774059386109e-07,0.00045697609311901033
v111_s0122,111,122,0,0,0,1.0,7.223790134958108e-07,0.0018769409507513046
v111_s0123,111,123,0,0,0,1.0,7.160411996665061e-07,0.0013257621321827173
v111_s0124,111,124,0,0,0,1.0,7.564087809441844e-07,0.0014017452485859394
v111_s0125,111,125,0,0,0,1.0,1.0256835594191216e-06,0.003140043467283249
v111_s0126,111,126,0,0,0,1.0,2.7185344151803292e-05,0.30001866817474365
v111_s0127,111,127,0,0,0,1.0,1.7968701513382257e-06,0.01844543218612671
v111_s0128,111,128,0,0,0,1.0,1.1159976338603883e-06,0.005605348385870457
v111_s0129,111,129,0,0,0,1.0,1.2708791246041073e-06,0.002894694684073329
v111_s0130,111,130,0,0,0,1.0,1.39256178499636e-06,0.0048552025109529495
v111_s0131,111,131,0,0,0,1.0,1.0895516879827483e-06,0.004202281590551138
v111_s0132,111,132,0,0,0,1.0,8.598993872510619e-07,0.0008063556160777807
v111_s0133,111,133,0,0,0,1.0,8.621375400252873e-07,0.00048424306442029774
v111_s0134,111,134,0,0,0,1.0,1.3728581507166382e-06,0.005572818219661713
v111_s0135,111,135,0,1,0,9.99999000001e-07,1.3793737707601395e-05,0.520783543586731
v111_s0136,111,136,0,6,0,1.666666388888935e-07,8.604433969594538e-05,0.995676577091217
v111_s0137,111,137,0,4,0,2.499999375000156e-07,7.640571129741147e-05,0.9886606931686401
v111_s0138,111,138,0,4,0,2.499999375000156e-07,6.331071199383587e-05,0.8982677459716797
v111_s0139,111,139,0,5,0,1.99999960000008e-07,7.590789755340666e-05,0.8857637643814087
v111_s0140,111,140,0,4,0,2.499999375000156e-07,7.168076263042167e-05,0.9217585921287537
v111_s0141,111,141,0,6,0,1.666666388888935e-07,0.00011134469968965277,0.9916132688522339
v111_s0142,111,142,0,5,0,1.99999960000008e-07,5.944473741692491e-05,0.7072015404701233
v111_s0143,111,143,0,0,0,1.0,1.2783394595317077e-05,0.28122302889823914
v111_s0144,111,144,0,0,0,1.0,2.6744573915493675e-06,0.022153615951538086
v111_s0145,111,145,0,0,0,1.0,1.8669474002308561e-06,0.0033067648764699697
v111_s0146,111,146,0,0,0,1.0,1.237465880876698e-06,0.0012387773022055626
v111_s0147,111,147,0,0,0,1.0,2.524187493690988e-06,0.01302837859839201
v111_s0148,111,148,0,0,0,1.0,4.858180091105169e-06,0.035670094192028046
v111_s0149,111,149,0,0,0,1.0,1.3991847254146705e-06,0.0016522769583389163
v111_s0150,111,150,0,0,0,1.0,1.6427989066869486e-06,0.004981083329766989
v111_s0151,111,151,0,0,0,1.0,2.679526460269699e-06,0.016140669584274292
v111_s0152,111,152,0,0,0,1.0,1.074551960300596e-06,0.00300997425802052
v111_s0153,111,153,0,0,0,1.0,1.9931403585360385e-06,0.008351512253284454
v111_s0154,111,154,0,0,0,1.0,1.183027848128404e-06,0.0012210941640660167
v111_s0155,111,155,0,0,0,1.0,1.093758100978448e-06,0.0014545329613611102
v111_s0156,111,156,0,0,0,1.0,1.0713463325373596e-06,0.0012487373314797878
v111_s0157,111,157,0,0,0,1.0,1.237989863511757e-06,0.0015207842225208879
v111_s0158,111,158,0,0,0,1.0,1.4801308907408384e-06,0.0029706668574362993
v111_s0159,111,159,0,0,0,1.0,1.4693659977638163e-06,0.005714205093681812
v111_s0160,111,160,0,0,0,1.0,1.1446724101915606e-06,0.0015205490635707974
v111_s0161,111,161,0,0,0,1.0,1.1428967354731867e-06,0.0009664798271842301
v111_s0162,111,162,0,0,0,1.0,9.6365192803205e-07,0.001709055621176958
v111_s0163,111,163,0,0,0,1.0,1.5698582274126238e-06,0.014789130538702011
v111_s0164,111,164,0,1,0,9.99999000001e-07,2.604510518722236e-05,0.7597036361694336
v111_s0165,111,165,0,5,0,1.99999960000008e-07,6.724902777932584e-05,0.9623808264732361
v111_s0166,111,166,0,19,0,5.263157617728546e-08,0.0002791580045595765,0.9936570525169373
v111_s0167,111,167,0,3,0,3.3333322222225924e-07,7.109980651875958e-05,0.787311851978302
v111_s0168,111,168,0,0,0,1.0,1.4469437701336574e-06,0.006264901254326105
v111_s0169,111,169,0,0,0,1.0,1.3715111890633125e-06,0.0029410419519990683
v111_s0170,111,170,0,0,0,1.0,1.2859034086432075e-06,0.002963407663628459
v111_s0171,111,171,0,0,0,1.0,1.4201265230440185e-06,0.012732078321278095
v111_s0172,111,172,0,0,0,1.0,1.1554473076103022e-06,0.005754879675805569
v111_s0173,111,173,0,0,0,1.0,2.0760498955496587e-06,0.017706723883748055
v111_s0174,111,174,0,0,0,1.0,2.1687851585738827e-06,0.0070058018900454044
v111_s0175,111,175,0,0,0,1.0,2.1318958260962972e-06,0.006965430919080973
v111_s0176,111,176,0,0,0,1.0,1.7035949895216618e-06,0.003955989610403776
v111_s0177,111,177,0,0,0,1.0,1.3556668818637263e-06,0.0016071912832558155
v111_s0178,111,178,0,0,0,1.0,3.5799639590550214e-06,0.019868778064846992
v111_s0179,111,179,0,0,0,1.0,4.4856578824692406e-06,0.05085066333413124
v111_s0180,111,180,0,0,0,1.0,2.269316610181704e-06,0.006109589710831642
v111_s0181,111,181,0,0,0,1.0,3.706349161802791e-06,0.06004451587796211
v111_s0182,111,182,0,0,0,1.0,2.74031117442064e-06,0.009684213437139988
v111_s0183,111,183,0,0,0,1.0,3.202801508450648e-06,0.011476411484181881
v111_s0184,111,184,0,0,0,1.0,4.177039045316633e-06,0.02361196093261242
v111_s0185,111,185,0,0,0,1.0,4.143886599194957e-06,0.07123585045337677
v111_s0186,111,186,0,0,0,1.0,2.9421371436910704e-06,0.03486085683107376
v111_s0187,111,187,0,0,0,1.0,1.9649241949082352e-06,0.006277973763644695
v111_s0188,111,188,0,0,0,1.0,1.3680680240213405e-05,0.10861535370349884
v111_s0189,111,189,0,0,0,1.0,3.0922842597647104e-06,0.010205099359154701
v111_s0190,111,190,0,0,0,1.0,2.0878876512142597e-06,0.006990374065935612
v111_s0191,111,191,0,0,0,1.0,2.5228493996110046e-06,0.015875214710831642
v111_s0192,111,192,0,0,0,1.0,8.495263500662986e-06,0.1149032935500145
v111_s0193,111,193,0,0,0,1.0,3.6021087908011395e-06,0.0537780299782753
v111_s0194,111,194,0,0,0,1.0,8.400205842917785e-06,0.04655883088707924
v111_s0195,111,195,0,0,0,1.0,2.7099113140138797e-06,0.005778363905847073
v111_s0196,111,196,0,0,0,1.0,5.19059312864556e-06,0.040696050971746445
v111_s0197,111,197,0,0,0,1.0,2.674457618923043e-06,0.016024786978960037
v111_s0198,111,198,0,0,0,1.0,2.5460205961280735e-06,0.0330054871737957
v111_s0199,111,199,0,0,0,1.0,3.405545612622518e-06,0.015933487564325333
v111_s0200,111,200,0,0,0,1.0,2.577032091721776e-06,0.010185284540057182
v111_s0201,111,201,0,0,0,1.0,2.9553584681707434e-06,0.01712685637176037
v111_s0202,111,202,0,0,0,1.0,6.771221706003416e-06,0.05468131974339485
v111_s0203,111,203,0,0,0,1.0,3.4837962630263064e-06,0.01776287704706192
v111_s0204,111,204,0,0,0,1.0,2.0736160877277143e-06,0.006231518927961588
v111_s0205,111,205,0,0,0,1.0,4.448752406460699e-06,0.02406206727027893
v111_s0206,111,206,0,0,0,1.0,8.242629519372713e-06,0.0932413637638092
v111_s0207,111,207,0,0,0,1.0,2.7899786800844595e-06,0.013622105121612549
v111_s0208,111,208,0,0,0,1.0,2.694379645618028e-06,0.006977955345064402
v111_s0209,111,209,0,0,0,1.0,1.7442071111872792e-06,0.0036637692246586084
v111_s0210,111,210,0,0,0,1.0,1.6293872704409296e-06,0.005290645640343428
v111_s0211,111,211,0,0,0,1.0,4.653011274058372e-06,0.05814607813954353
v111_s0212,111,212,0,0,0,1.0,5.139140739629511e-06,0.09931079298257828
v111_s0213,111,213,0,0,0,1.0,2.2899671421328094e-06,0.022525478154420853
v111_s0214,111,214,0,0,0,1.0,1.8419060552332667e-06,0.0028611558955162764
v111_s0215,111,215,0,0,0,1.0,2.0609822968253866e-06,0.0021260688081383705
v111_s0216,111,216,0,0,0,1.0,2.046143663392286e-06,0.0021367049776017666
v111_s0217,111,217,0,0,0,1.0,3.4972647426911863e-06,0.009316941723227501
v111_s0218,111,218,0,0,0,1.0,2.807046030284255e-06,0.004821127746254206
v111_s0219,111,219,0,0,0,1.0,1.0085203030030243e-05,0.03963960334658623
v111_s0220,111,220,0,0,0,1.0,3.707928726726095e-06,0.008891884237527847
v111_s0221,111,221,0,0,0,1.0,3.1089057301869616e-06,0.01629524491727352
v111_s0222,111,222,0,0,0,1.0,4.516522039921256e-06,0.020114345476031303
v111_s0223,111,223,0,0,0,1.0,1.1825215551652946e-05,0.27460727095603943
v111_s0224,111,224,0,0,0,1.0,2.5250751605199184e-06,0.004283566027879715
v111_s0225,111,225,0,0,0,1.0,7.6091218943474814e-06,0.055017534643411636
v111_s0226,111,226,0,0,0,1.0,3.3090959732362535e-06,0.012193667702376842
v111_s0227,111,227,0,0,0,1.0,1.2879934274678817e-06,0.0011615001130849123
v111_s0228,111,228,0,0,0,1.0,1.2126592991990037e-06,0.0011420893715694547
v111_s0229,111,229,0,0,0,1.0,1.1862919109262293e-06,0.0009647317929193377
v111_s0230,111,230,0,0,0,1.0,1.5210328001558082e-06,0.0023835396859794855
v111_s0231,111,231,0,0,0,1.0,1.4754793937754584e-06,0.0014327596873044968
v111_s0232,111,232,0,0,0,1.0,3.1307386052503716e-06,0.00585517380386591
v111_s0233,111,233,0,0,0,1.0,3.659466983663151e-06,0.007643645629286766
v111_s0234,111,234,0,0,0,1.0,3.1241711440088693e-06,0.009800956584513187
v111_s0235,111,235,0,0,0,1.0,2.795812633848982e-06,0.0037325946614146233
v111_s0236,111,236,0,0,0,1.0,1.784349478839431e-06,0.0036897086538374424
v111_s0237,111,237,0,0,0,1.0,1.6405823544118903e-06,0.003304803976789117
v111_s0238,111,238,0,0,0,1.0,1.7370280147588346e-06,0.004697752650827169
v111_s0239,111,239,0,0,0,1.0,3.183813305440708e-06,0.011593273840844631
v111_s0240,111,240,0,0,0,1.0,3.5695204587682383e-06,0.016260771080851555
v111_s0241,111,241,0,0,0,1.0,2.7790463263954734e-06,0.011307993903756142
v111_s0242,111,242,0,2,0,4.99999750000125e-07,3.988396201748401e-05,0.60898756980896
v111_s0243,111,243,0,0,0,1.0,2.034238832493429e-06,0.00781230628490448
v111_s0244,111,244,0,0,0,1.0,1.6317416111633065e-06,0.005553276278078556
v111_s0245,111,245,0,0,0,1.0,1.3036566315349774e-06,0.002116552321240306
v111_s0246,111,246,0,0,0,1.0,1.240871824848e-06,0.0037817873526364565
v111_s0247,111,247,0,0,0,1.0,2.2642570911557414e-06,0.002169620478525758
v111_s0248,111,248,0,0,0,1.0,4.449890184332617e-06,0.011196808889508247
v111_s0249,111,249,0,0,0,1.0,4.051172254548874e-06,0.008321509696543217
v111_s0250,111,250,0,0,0,1.0,1.7929644400282996e-06,0.0024483082816004753
v111_s0251,111,251,0,0,0,1.0,2.0532381768134655e-06,0.00880750734359026
v111_s0252,111,252,0,0,0,1.0,4.533264018391492e-06,0.027446597814559937
v111_s0253,111,253,0,0,0,1.0,3.967513748648344e-06,0.013716679997742176
v111_s0254,111,254,0,0,0,1.0,1.986078359550447e-06,0.0015173583524301648
v111_s0255,111,255,0,0,0,1.0,2.3695442905591335e-06,0.015922440215945244
v111_s0256,111,256,0,0,0,1.0,1.7804512708607945e-06,0.005657292436808348
v111_s0257,111,257,0,0,0,1.0,2.0336897250672337e-06,0.005114374682307243
v111_s0258,111,258,0,0,0,1.0,2.257376763736829e-06,0.006951546296477318
v111_s0259,111,259,0,0,0,1.0,2.2485473891720176e-06,0.0027167988009750843
v111_s0260,111,260,0,0,0,1.0,1.7750680854078382e-06,0.004990282468497753
v111_s0261,111,261,0,0,0,1.0,1.4020997696206905e-06,0.0026763281784951687
v111_s0262,111,262,0,0,0,1.0,2.519224835850764e-06,0.008698714897036552
v111_s0263,111,263,0,1,0,9.99999000001e-07,3.986976298619993e-05,0.747062087059021
v111_s0264,111,264,0,0,0,1.0,1.3352870155358687e-05,0.2243889421224594
v111_s0265,111,265,0,1,0,9.99999000001e-07,6.114642019383609e-05,0.7127821445465088
v111_s0266,111,266,0,0,0,1.0,7.454467322531855e-06,0.08956784754991531
v111_s0267,111,267,0,0,0,1.0,5.236942797637312e-06,0.06794167309999466
v111_s0268,111,268,0,0,0,1.0,7.804003871569876e-06,0.10357005894184113
v111_s0269,111,269,0,3,0,3.3333322222225924e-07,5.7138404372381046e-05,0.9567486047744751
v111_s0270,111,270,0,0,0,1.0,7.48848651710432e-06,0.07145463675260544
v111_s0271,111,271,0,0,0,1.0,3.5408986605034443e-06,0.0413275882601738
v111_s0272,111,272,0,9,0,1.1111109876543348e-07,0.00013243156718090177,0.998908281326294
v111_s0273,111,273,0,15,0,6.666666222222252e-08,0.00022158247884362936,0.9999629259109497
v111_s0274,111,274,0,24,0,4.166666493055563e-08,0.00036437070230022073,0.9995723366737366
v111_s0275,111,275,0,15,0,6.666666222222252e-08,0.0002344832755625248,0.999944806098938
v111_s0276,111,276,0,8,0,1.2499998437500196e-07,0.00014877872308716178,0.9986617565155029
v111_s0277,111,277,0,10,0,9.9999990000001e-08,0.00015504081966355443,0.9964004755020142
v111_s0278,111,278,0,8,0,1.2499998437500196e-07,0.00013147749996278435,0.9965380430221558
v111_s0279,111,279,0,19,0,5.263157617728546e-08,0.0003041685267817229,1.0
v111_s0280,111,280,0,18,0,5.555555246913597e-08,0.0002866335562430322,1.0
v111_s0281,111,281,0,13,0,7.692307100591761e-08,0.00022062237258069217,0.9997358918190002
v111_s0282,111,282,0,8,0,1.2499998437500196e-07,0.00013293391384650022,0.9998922348022461
v111_s0283,111,283,0,5,0,1.99999960000008e-07,7.812384865246713e-05,0.9919570684432983
v111_s0284,111,284,0,0,0,1.0,7.521658517362084e-06,0.044123873114585876
v111_s0285,111,285,0,1,0,9.99999000001e-07,6.2874227296561e-05,0.7587119936943054
v111_s0286,111,286,0,0,0,1.0,2.2838943550596014e-05,0.1423531323671341
v111_s0287,111,287,0,0,0,1.0,1.506716125732055e-05,0.10536745935678482
v111_s0288,111,288,0,0,0,1.0,3.277413497926318e-06,0.03852897509932518
v111_s0289,111,289,0,0,0,1.0,2.9621073736052494e-06,0.0256783589720726
v111_s0290,111,290,0,0,0,1.0,1.6112002413137816e-05,0.33404213190078735
v111_s0291,111,291,0,2,0,4.99999750000125e-07,4.0247392462333664e-05,0.718559741973877
v111_s0292,111,292,0,4,0,2.499999375000156e-07,8.611704834038392e-05,0.9691996574401855
v111_s0293,111,293,0,12,0,8.333332638888946e-08,0.000192398700164631,0.9995723366737366
v111_s0294,111,294,0,18,0,5.555555246913597e-08,0.00029727703076787293,0.9996033310890198
v111_s0295,111,295,0,0,0,1.0,2.05537198780803e-05,0.4549540877342224
v111_s0296,111,296,0,0,0,1.0,2.865413534891559e-06,0.018983090296387672
v111_s0297,111,297,0,7,0,1.428571224489825e-07,0.00011242103937547654,0.9909012317657471
v111_s0298,111,298,0,18,0,5.555555246913597e-08,0.00028304074658080935,0.983245849609375
v111_s0299,111,299,0,0,0,1.0,2.291355713168741e-06,0.02023102529346943
v111_s0300,111,300,0,6,0,1.666666388888935e-07,0.00011393171007512137,0.9987087249755859
v111_s0301,111,301,0,5,0,1.99999960000008e-07,9.343188139609993e-05,0.9941014647483826
v111_s0302,111,302,0,7,0,1.428571224489825e-07,0.00012312269245740026,0.9954971075057983
v111_s0303,111,303,0,0,0,1.0,2.1647607354680076e-05,0.4574621617794037
v111_s0304,111,304,0,0,0,1.0,1.4542893040925264e-05,0.3144404888153076
v111_s0305,111,305,0,0,0,1.0,4.313332738092868e-06,0.03503379598259926
v111_s0306,111,306,0,0,0,1.0,2.5537615329085384e-06,0.01831616647541523
v111_s0307,111,307,0,0,0,1.0,1.2977020560356323e-05,0.24125385284423828
v111_s0308,111,308,0,6,0,1.666666388888935e-07,0.00010651972843334079,0.9787458181381226
v111_s0309,111,309,0,1,0,9.99999000001e-07,1.3342590136744548e-05,0.5690211057662964
v111_s0310,111,310,0,0,0,1.0,5.906968908675481e-06,0.21739083528518677
v111_s0311,111,311,0,0,0,1.0,2.435819260426797e-05,0.30027085542678833
v111_s0312,111,312,0,1,0,9.99999000001e-07,3.397174077690579e-05,0.8390203714370728
v111_s0313,111,313,0,0,0,1.0,1.0475390809006058e-05,0.2061428278684616
v111_s0314,111,314,0,0,0,1.0,2.3779859930073144e-06,0.036704737693071365
v111_s0315,111,315,0,0,0,1.0,1.5146129044296686e-05,0.4364992678165436
v111_s0316,111,316,0,7,0,1.428571224489825e-07,0.00012170232366770506,0.9599882960319519
v111_s0317,111,317,0,9,0,1.1111109876543348e-07,0.0001196648008772172,0.9825997352600098
v111_s0318,111,318,3,1,0,2.499999375000156e-07,2.249172393931076e-05,0.6063640713691711
v111_s0319,111,319,12,0,0,8.333332638888946e-08,2.371155915170675e-06,0.011699684895575047
v111_s0320,111,320,19,0,0,5.263157617728546e-08,1.7113939975388348e-05,0.42895931005477905
v111_s0321,111,321,20,0,0,4.999999750000012e-08,4.124093720747624e-06,0.12158523499965668
v111_s0322,111,322,22,0,0,4.5454543388429843e-08,1.391379555570893e-06,0.009055161848664284
v111_s0323,111,323,26,0,0,3.846153698224858e-08,1.3234318885224639e-06,0.00948325451463461
v111_s0324,111,324,29,10,10,0.5128205253122943,0.0001544791884953156,0.9862161874771118
v111_s0325,111,325,23,23,17,0.739130440453686,0.0003524411586113274,0.9999977350234985
v111_s0326,111,326,21,34,14,0.5090909180165288,0.0005085738375782967,0.9999980926513672
v111_s0327,111,327,22,30,16,0.615384622781065,0.0004452791472431272,0.9999997615814209
v111_s0328,111,328,22,16,10,0.5263158019390579,0.0002416933566564694,0.9998980760574341
v111_s0329,111,329,14,16,8,0.5333333488888884,0.00025733656366355717,0.9999573230743408
v111_s0330,111,330,10,0,0,9.9999990000001e-08,5.460567081172485e-06,0.017259202897548676
v111_s0331,111,331,4,40,0,2.2727272210743815e-08,0.000722713943105191,0.9816205501556396
v111_s0332,111,332,0,42,0,2.38095232426304e-08,0.0007013739086687565,0.9884340167045593
v111_s0333,111,333,0,70,0,1.4285714081632656e-08,0.001046526711434126,0.9991244673728943
v111_s0334,111,334,1,99,0,9.9999999e-09,0.0014826341066509485,0.9999524354934692
v111_s0335,111,335,12,66,0,1.2820512656147274e-08,0.0010444422950968146,0.9996756315231323
v111_s0336,111,336,12,17,3,0.20689657907253176,0.00026226433692499995,0.9109826683998108
v111_s0337,111,337,14,10,6,0.5000000208333324,0.00019884417997673154,0.9995031356811523
v111_s0338,111,338,18,32,9,0.36000001279999977,0.0005196682759560645,0.9998308420181274
v111_s0339,111,339,21,29,11,0.4400000111999998,0.000447013764642179,0.9999957084655762
v111_s0340,111,340,29,28,21,0.736842109879963,0.00044800512841902673,1.0
v111_s0341,111,341,28,28,26,0.9285714298469387,0.0004355500277597457,1.0
v111_s0342,111,342,29,32,27,0.885245903520559,0.0005069347098469734,1.0
v111_s0343,111,343,29,41,27,0.7714285746938775,0.0006159873446449637,1.0
v111_s0344,111,344,33,35,25,0.7352941215397923,0.000549979624338448,0.9999998807907104
v111_s0345,111,345,34,34,23,0.6764705929930795,0.0005320233758538961,0.9999996423721313
v111_s0346,111,346,34,35,21,0.6086956578449905,0.0005942321731708944,0.9999997615814209
v111_s0347,111,347,36,71,31,0.5794392562669228,0.001114005921408534,1.0
v111_s0348,111,348,29,72,28,0.5544554499558866,0.0011262516491115093,1.0
v111_s0349,111,349,29,81,22,0.4000000054545454,0.0012812961358577013,0.9999997615814209
v111_s0350,111,350,48,47,35,0.7368421080332409,0.0007319874712266028,0.9999994039535522
v111_s0351,111,351,53,50,40,0.7766990312941842,0.0007706971373409033,1.0
v111_s0352,111,352,36,40,27,0.7105263195983379,0.0006224347744137049,1.0
v111_s0353,111,353,34,11,3,0.13333335259259219,0.00017643309547565877,0.9884951710700989
v111_s0354,111,354,19,0,0,5.263157617728546e-08,1.5544623238383792e-05,0.3654201924800873
v111_s0355,111,355,13,0,0,7.692307100591761e-08,3.0068977707742306e-07,0.00022824863845016807
v111_s0356,111,356,6,0,0,1.666666388888935e-07,4.343557691299793e-07,0.0035085028503090143
v111_s0357,111,357,1,0,0,9.99999000001e-07,6.271009169722674e-07,0.004462995566427708
v111_s0358,111,358,1,0,0,9.99999000001e-07,1.1690081919368822e-05,0.4646923542022705
v111_s0359,111,359,2,0,0,4.99999750000125e-07,1.5191309330475633e-06,0.025013567879796028
v111_s0360,111,360,2,0,0,4.99999750000125e-07,1.5710213574493537e-06,0.044142574071884155
v111_s0361,111,361,5,0,0,1.99999960000008e-07,1.2766824966092827e-06,0.009977110661566257
v111_s0362,111,362,7,0,0,1.428571224489825e-07,2.1999021555529907e-05,0.4052359461784363
v111_s0363,111,363,10,17,0,3.703703566529497e-08,0.00029560242546722293,0.9999985694885254
v111_s0364,111,364,14,15,0,3.4482757431629055e-08,0.00024840852711349726,0.9999992847442627
v111_s0365,111,365,19,9,0,3.571428443877555e-08,0.00014957519306335598,0.999231219291687
v111_s0366,111,366,21,9,0,3.3333332222222255e-08,0.00013771685189567506,0.9894765615463257
v111_s0367,111,367,17,2,0,5.263157617728546e-08,5.524249718291685e-05,0.9719401001930237
v111_s0368,111,368,19,6,6,0.4800000207999991,0.00010651257616700605,0.9790475964546204
v111_s0369,111,369,18,1,1,0.10526320498614711,3.5557575756683946e-05,0.6717333793640137
v111_s0370,111,370,16,0,0,6.249999609375024e-08,1.5991006875992753e-05,0.3307908773422241
v111_s0371,111,371,16,0,0,6.249999609375024e-08,7.503299002564745e-06,0.21719910204410553
v111_s0372,111,372,17,5,0,4.5454543388429843e-08,7.761268352624029e-05,0.9468459486961365
v111_s0373,111,373,19,0,0,5.263157617728546e-08,8.05521267466247e-06,0.1222001165151596
v111_s0374,111,374,17,0,0,5.882352595155729e-08,2.663763325472246e-06,0.045196350663900375
v111_s0375,111,375,14,9,5,0.43478263327032024,0.000164665121701546,0.9985598921775818
v111_s0376,111,376,13,22,11,0.6285714391836732,0.00033590785460546613,0.9999849796295166
v111_s0377,111,377,9,12,6,0.5714285918367337,0.00020264153135940433,0.9967401623725891
v111_s0378,111,378,8,4,1,0.16666673611110536,7.562152313767001e-05,0.9028148651123047
v111_s0379,111,379,5,4,0,1.1111109876543348e-07,6.499234586954117e-05,0.9341148138046265
v111_s0380,111,380,3,0,0,3.3333322222225924e-07,6.1436840042006224e-06,0.06264428049325943
v111_s0381,111,381,2,0,0,4.99999750000125e-07,4.341287421993911e-06,0.0962759330868721
v111_s0382,111,382,0,0,0,1.0,6.342349024635041e-06,0.2302466630935669
v111_s0383,111,383,0,0,0,1.0,7.969975399646501e-07,0.009972712956368923
v111_s0384,111,384,0,0,0,1.0,6.806078999943566e-06,0.191683828830719
v111_s0385,111,385,0,0,0,1.0,2.1998168449499644e-05,0.44732972979545593
v111_s0386,111,386,0,2,0,4.99999750000125e-07,4.5908906031399965e-05,0.8687044382095337
v111_s0387,111,387,0,0,0,1.0,4.859222826780751e-06,0.09047778695821762
v111_s0388,111,388,11,0,0,9.090908264462886e-08,1.9957237782364246e-06,0.044738151133060455
v111_s0389,111,389,11,0,0,9.090908264462886e-08,2.308175453435979e-06,0.042265813797712326
v111_s0390,111,390,13,0,0,7.692307100591761e-08,1.491571674705483e-05,0.2599124312400818
v111_s0391,111,391,14,0,0,7.142856632653097e-08,1.9884905668732245e-06,0.027201736345887184
v111_s0392,111,392,14,0,0,7.142856632653097e-08,4.403225830174051e-06,0.08875001966953278
v111_s0393,111,393,18,13,12,0.7741935556711756,0.00019828866061288863,0.9999982118606567
v111_s0394,111,394,18,21,17,0.8717948750821827,0.0003243709506932646,0.9999998807907104
v111_s0395,111,395,19,28,19,0.808510642372114,0.0004288248310331255,1.0
v111_s0396,111,396,17,30,17,0.7234042612041647,0.0004520326911006123,1.0
v111_s0397,111,397,26,32,23,0.7931034518430439,0.0004947055131196976,1.0
v111_s0398,111,398,30,32,24,0.7741935520291362,0.0005058787064626813,0.9999998807907104
v111_s0399,111,399,19,40,18,0.6101694981327204,0.0006289031589403749,1.0
v111_s0400,111,400,12,51,12,0.3809523907785335,0.0007697754772379994,1.0
v111_s0401,111,401,10,30,9,0.4500000137499997,0.0004501641960814595,1.0
v111_s0402,111,402,0,12,0,8.333332638888946e-08,0.00019358361896593124,0.999995231628418
v111_s0403,111,403,0,0,0,1.0,1.3810118616675027e-05,0.16624680161476135
v111_s0404,111,404,0,6,0,1.666666388888935e-07,8.198028081096709e-05,0.9938971400260925
v111_s0405,111,405,0,1,0,9.99999000001e-07,1.6028547179303132e-05,0.5734731554985046
v111_s0406,111,406,0,23,0,4.347825897920613e-08,0.00035099542583338916,0.9999947547912598
v111_s0407,111,407,0,28,0,3.571428443877555e-08,0.000428321334766224,0.9999990463256836
v111_s0408,111,408,0,19,0,5.263157617728546e-08,0.00029394609737209976,0.9999390840530396
v111_s0409,111,409,0,1,0,9.99999000001e-07,3.118176755378954e-05,0.7580286860466003
v111_s0410,111,410,0,5,0,1.99999960000008e-07,8.617189450887963e-05,0.97707599401474
v111_s0411,111,411,13,14,0,3.703703566529497e-08,0.0002436385111650452,0.9995868802070618
v111_s0412,111,412,16,35,13,0.5098039311803151,0.0005441616522148252,0.9999998807907104
v111_s0413,111,413,23,28,19,0.7450980442137638,0.00044217449612915516,1.0
v111_s0414,111,414,29,35,27,0.8437500024414062,0.0005131427315063775,1.0
v111_s0415,111,415,37,26,23,0.7301587344419248,0.0004123023827560246,0.9999998807907104
v111_s0416,111,416,51,54,37,0.7047619075736961,0.0008301223861053586,1.0
v111_s0417,111,417,51,148,37,0.37185929963889797,0.0022639594972133636,0.9999996423721313
v111_s0418,111,418,44,96,36,0.514285717755102,0.0015136383008211851,0.9999996423721313
v111_s0419,111,419,42,54,29,0.6041666707899305,0.0008375468896701932,0.9999979734420776
v111_s0420,111,420,37,21,20,0.6896551777645659,0.00034710863837972283,0.9999561309814453
v111_s0421,111,421,36,25,25,0.8196721341037355,0.0003840502758976072,0.999970555305481
v111_s0422,111,422,32,24,21,0.7500000044642856,0.0003811685892287642,0.9999281167984009
v111_s0423,111,423,35,18,17,0.641509440726237,0.00026870908914133906,0.9992555975914001
v111_s0424,111,424,15,11,0,3.846153698224858e-08,0.00017697768635116518,0.9975983500480652
v111_s0425,111,425,11,11,0,4.5454543388429843e-08,0.00015852134674787521,0.9537004232406616
v111_s0426,111,426,7,19,0,3.846153698224858e-08,0.00030846253503113985,0.9999948740005493
v111_s0427,111,427,0,16,0,6.249999609375024e-08,0.00027304893592372537,0.9999750852584839
v111_s0428,111,428,0,19,0,5.263157617728546e-08,0.00030673929722979665,0.9996328353881836
v111_s0429,111,429,0,38,0,2.6315788781163454e-08,0.0005805845139548182,0.9999486207962036
v111_s0430,111,430,0,53,0,1.8867924172303316e-08,0.0007897871546447277,0.9999984502792358
v111_s0431,111,431,0,59,0,1.6949152255099113e-08,0.0009401502320542932,0.9999991655349731
v111_s0432,111,432,0,54,0,1.8518518175582995e-08,0.0008077853708527982,0.9999985694885254
v111_s0433,111,433,0,64,0,1.562499975585938e-08,0.0009725032141432166,0.9999997615814209
v111_s0434,111,434,0,66,0,1.5151514921946744e-08,0.0009674508473835886,0.9999997615814209
v111_s0435,111,435,0,74,0,1.3513513330898468e-08,0.00119944685138762,0.9999994039535522
v111_s0436,111,436,0,78,0,1.2820512656147274e-08,0.0011781813809648156,0.9999995231628418
v111_s0437,111,437,0,43,0,2.3255813412655503e-08,0.0006898207939229906,0.999998927116394
v111_s0438,111,438,0,14,0,7.142856632653097e-08,0.0002190547966165468,0.9998281002044678
v111_s0439,111,439,0,18,0,5.555555246913597e-08,0.00027279832283966243,0.9978740215301514
v111_s0440,111,440,0,30,0,3.3333332222222255e-08,0.00047106388956308365,0.9998863935470581
v111_s0441,111,441,0,0,0,1.0,9.385402336192783e-06,0.11353715509176254
v111_s0442,111,442,0,26,0,3.846153698224858e-08,0.0004220039118081331,0.9999223947525024
v111_s0443,111,443,0,0,0,1.0,2.283210415043868e-05,0.4102570414543152
v111_s0444,111,444,0,43,0,2.3255813412655503e-08,0.000657932017929852,0.995445728302002
v111_s0445,111,445,0,22,0,4.5454543388429843e-08,0.00038320806925185025,0.9999997615814209
v111_s0446,111,446,0,31,0,3.225806347554634e-08,0.000492715509608388,0.9999972581863403
v111_s0447,111,447,0,13,0,7.692307100591761e-08,0.00021662072686012834,0.9997727274894714
v111_s0448,111,448,0,0,0,1.0,3.0402957236219663e-06,0.05760887637734413
v111_s0449,111,449,0,0,0,1.0,4.057716978422832e-06,0.05598229169845581
v111_s0450,111,450,0,32,0,3.124999902343753e-08,0.0005185918998904526,0.9999971389770508
v111_s0451,111,451,0,45,0,2.2222221728395074e-08,0.0007398216403089464,1.0
v111_s0452,111,452,0,41,0,2.4390243307555043e-08,0.0006564001087099314,0.9999994039535522
v111_s0453,111,453,0,22,0,4.5454543388429843e-08,0.00038681545993313193,0.9999721050262451
v111_s0454,111,454,0,58,0,1.724137901307967e-08,0.0008796525653451681,0.9999997615814209
v111_s0455,111,455,0,201,0,4.9751243533575904e-09,0.0031182316597551107,0.9999994039535522
v111_s0456,111,456,0,346,0,2.8901734020515217e-09,0.005218380130827427,0.9998465776443481
v111_s0457,111,457,0,377,0,2.6525198868633423e-09,0.005686772521585226,0.9999998807907104
v111_s0458,111,458,0,51,0,1.9607842752787398e-08,0.0008190269581973553,0.9962049126625061
v111_s0459,111,459,0,20,0,4.999999750000012e-08,0.0003314693458378315,0.9754033088684082
v111_s0460,111,460,0,11,0,9.090908264462886e-08,0.00017035471682902426,0.9986080527305603
v111_s0461,111,461,0,0,0,1.0,8.548759069526568e-07,0.0008715790463611484
v111_s0462,111,462,0,2,0,4.99999750000125e-07,5.461604814627208e-05,0.9665510058403015
v111_s0463,111,463,0,0,0,1.0,1.6356178775822627e-06,0.02111443318426609
v111_s0464,111,464,0,0,0,1.0,2.046313966275193e-06,0.011242360807955265
v111_s0465,111,465,0,0,0,1.0,4.9027521527023055e-06,0.032616227865219116
v111_s0466,111,466,0,0,0,1.0,1.6853290389917674e-06,0.008992042392492294
v111_s0467,111,467,0,0,0,1.0,8.309435770570417e-07,0.0012685396941378713
v111_s0468,111,468,0,0,0,1.0,7.275385769389686e-07,0.0012923656031489372
v111_s0469,111,469,0,0,0,1.0,5.815315944346366e-07,0.0007990130688995123
v111_s0470,111,470,0,0,0,1.0,5.167401923245052e-06,0.15421907603740692
v111_s0471,111,471,0,0,0,1.0,1.4921843103365973e-06,0.00947151705622673
v111_s0472,111,472,0,0,0,1.0,1.159352791546553e-06,0.005294852890074253
v111_s0473,111,473,0,0,0,1.0,1.5172270195762394e-06,0.016431715339422226
v111_s0474,111,474,0,0,0,1.0,8.810910117063031e-07,0.002473657252267003
v111_s0475,111,475,0,0,0,1.0,1.392618969475734e-06,0.006582708563655615
v111_s0476,111,476,0,0,0,1.0,2.7762534955400042e-06,0.014525643549859524
v111_s0477,111,477,0,0,0,1.0,2.5055128389794845e-06,0.01312700193375349
v111_s0478,111,478,0,0,0,1.0,1.2550707424452412e-06,0.004796796478331089
v111_s0479,111,479,0,0,0,1.0,1.270216444027028e-06,0.004510222934186459
v111_s0480,111,480,0,0,0,1.0,1.6550866348552518e-06,0.003299857024103403
v111_s0481,111,481,0,0,0,1.0,1.989886186493095e-06,0.011323337443172932
v111_s0482,111,482,0,0,0,1.0,3.4558911465865094e-06,0.02910521812736988
v111_s0483,111,483,0,3,0,3.3333322222225924e-07,4.56071829830762e-05,0.7155972719192505
v111_s0484,111,484,0,0,0,1.0,2.3735738068353385e-05,0.38585200905799866
v111_s0485,111,485,0,17,0,5.882352595155729e-08,0.00027150113601237535,0.997808039188385
v111_s0486,111,486,0,63,0,1.5873015621063245e-08,0.001015368616208434,0.9999986886978149
v111_s0487,111,487,0,56,0,1.7857142538265312e-08,0.0008626102353446186,0.9999904632568359
v111_s0488,111,488,0,0,0,1.0,6.098658104747301e-06,0.05938376858830452
v111_s0489,111,489,0,7,0,1.428571224489825e-07,0.00013854677672497928,0.9990286827087402
v111_s0490,111,490,0,12,0,8.333332638888946e-08,0.00021053286036476493,0.9999964237213135
v111_s0491,111,491,0,11,0,9.090908264462886e-08,0.00018872278451453894,0.9979173541069031
v111_s0492,111,492,0,0,0,1.0,1.3049892913841177e-05,0.27389517426490784
v111_s0493,111,493,0,0,0,1.0,1.2582932868099306e-05,0.26072293519973755
v111_s0494,111,494,0,4,0,2.499999375000156e-07,8.523378346581012e-05,0.9332892298698425
v111_s0495,111,495,0,0,0,1.0,1.0815716450451873e-05,0.12701600790023804
v111_s0496,111,496,0,0,0,1.0,1.121404693549266e-06,0.008850812911987305
v111_s0497,111,497,0,0,0,1.0,4.977550247531326e-07,0.001931044622324407
v111_s0498,111,498,0,0,0,1.0,6.088098984946555e-07,0.0019129160791635513
v111_s0499,111,499,0,13,0,7.692307100591761e-08,0.00020903760741930455,0.9999170303344727
v111_s0500,111,500,0,1,0,9.99999000001e-07,3.713409023475833e-05,0.8705466985702515
v111_s0501,111,501,0,7,0,1.428571224489825e-07,0.0001115404738811776,0.9998977184295654
v111_s0502,111,502,0,9,0,1.1111109876543348e-07,0.00014197290875017643,0.9999326467514038
v111_s0503,111,503,0,0,0,1.0,7.711032594670542e-06,0.1528865247964859
v111_s0504,111,504,0,4,0,2.499999375000156e-07,6.30193535471335e-05,0.9652494192123413
v111_s0505,111,505,0,6,0,1.666666388888935e-07,0.00010779753210954368,0.9990479350090027
v111_s0506,111,506,0,8,0,1.2499998437500196e-07,9.402941213920712e-05,0.9844150543212891
v111_s0507,111,507,0,10,0,9.9999990000001e-08,0.00014483036648016423,0.9700461626052856
v111_s0508,111,508,0,1,0,9.99999000001e-07,3.716051287483424e-05,0.5755636692047119
v111_s0509,111,509,0,5,0,1.99999960000008e-07,7.312381058000028e-05,0.9884436726570129
v111_s0510,111,510,0,6,0,1.666666388888935e-07,0.00010962350643239915,0.9898908138275146
v111_s0511,111,511,0,0,0,1.0,2.952302384073846e-05,0.4327738583087921
v111_s0512,111,512,0,0,0,1.0,1.1768777312681777e-06,0.01370308082550764
v111_s0513,111,513,0,4,0,2.499999375000156e-07,7.088400889188051e-05,0.9221816658973694
v111_s0514,111,514,0,11,0,9.090908264462886e-08,0.00016452699492219836,0.9998456239700317
v111_s0515,111,515,0,5,0,1.99999960000008e-07,6.73210306558758e-05,0.9795489311218262
v111_s0516,111,516,0,3,0,3.3333322222225924e-07,5.302085628500208e-05,0.9512134790420532
v111_s0517,111,517,0,0,0,1.0,1.1445290510891937e-06,0.014225246384739876
v111_s0518,111,518,0,0,0,1.0,2.6067223188874777e-06,0.07047424465417862
v111_s0519,111,519,0,0,0,1.0,4.28959265263984e-06,0.13064609467983246
v111_s0520,111,520,0,0,0,1.0,3.368424131622305e-06,0.036768537014722824
v111_s0521,111,521,0,0,0,1.0,2.1158608433324844e-05,0.2302844375371933
v111_s0522,111,522,0,5,0,1.99999960000008e-07,7.675090455450118e-05,0.9706457853317261
v111_s0523,111,523,0,16,0,6.249999609375024e-08,0.0002309967967448756,0.999970555305481
v111_s0524,111,524,0,17,0,5.882352595155729e-08,0.00026566555607132614,0.9999996423721313
v111_s0525,111,525,0,12,0,8.333332638888946e-08,0.00020103983115404844,0.9999772310256958
v111_s0526,111,526,0,9,0,1.1111109876543348e-07,0.00014775256568100303,0.9998629093170166
v111_s0527,111,527,0,9,0,1.1111109876543348e-07,0.0001399569446220994,0.9993970394134521
v111_s0528,111,528,0,8,0,1.2499998437500196e-07,0.00013722405128646642,0.9923017024993896
v111_s0529,111,529,0,11,0,9.090908264462886e-08,0.0001629435137147084,0.9700279831886292
v111_s0530,111,530,0,21,0,4.761904535147403e-08,0.0003314384666737169,0.9999351501464844
v111_s0531,111,531,0,44,0,2.2727272210743815e-08,0.0006576080340892076,0.9992372989654541
v111_s0532,111,532,0,22,0,4.5454543388429843e-08,0.00036326414556242526,0.9993430972099304
v111_s0533,111,533,0,12,0,8.333332638888946e-08,0.0001875164161901921,0.9998691082000732
v111_s0534,111,534,0,17,0,5.882352595155729e-08,0.00026170999626629055,0.9999935626983643
v111_s0535,111,535,0,16,0,6.249999609375024e-08,0.0002467368612997234,0.9999159574508667
v111_s0536,111,536,0,1,0,9.99999000001e-07,3.289771484560333e-05,0.6391576528549194
v111_s0537,111,537,0,0,0,1.0,8.663655535201542e-07,0.0014641142915934324
v111_s0538,111,538,0,0,0,1.0,1.602557631485979e-06,0.01776689663529396
v111_s0539,111,539,0,0,0,1.0,1.227394022862427e-06,0.005278724245727062
v111_s0540,111,540,0,0,0,1.0,9.539803613733966e-07,0.004437997471541166
v111_s0541,111,541,0,0,0,1.0,1.3383166788116796e-06,0.0045391833409667015
v111_s0542,111,542,0,0,0,1.0,1.0862464705496677e-06,0.0032268448267132044
v111_s0543,111,543,0,0,0,1.0,9.083710210688878e-07,0.004709234926849604
v111_s0544,111,544,0,0,0,1.0,1.1370779020580812e-06,0.005195469129830599
v111_s0545,111,545,0,0,0,1.0,7.71452505432535e-07,0.0009093929547816515
v111_s0546,111,546,0,0,0,1.0,8.398837962886319e-07,0.0035986751317977905
v111_s0547,111,547,0,0,0,1.0,9.247046364180278e-07,0.0010047240648418665
v111_s0548,111,548,0,0,0,1.0,1.2818609320675023e-06,0.0016035509761422873
v111_s0549,111,549,0,0,0,1.0,6.861499741717125e-07,0.0013328938512131572
v111_s0550,111,550,0,0,0,1.0,5.182374707146664e-07,0.0007319907890632749
v111_s0551,111,551,0,0,0,1.0,6.30470253781823e-07,0.0007008403190411627
v111_s0552,111,552,0,0,0,1.0,4.44347563188785e-07,0.0004636056546587497
v111_s0553,111,553,0,0,0,1.0,4.3204695998610987e-07,0.000314420263748616
v111_s0554,111,554,0,0,0,1.0,5.575173531724431e-07,0.0011000590166077018
v111_s0555,111,555,0,0,0,1.0,3.8514232869601983e-07,0.0003128056996501982
v111_s0556,111,556,0,0,0,1.0,5.953281174697622e-07,0.0006201542564667761
v111_s0557,111,557,0,0,0,1.0,9.165094070340274e-07,0.0006526149809360504
v111_s0558,111,558,0,0,0,1.0,7.028780260043277e-07,0.0008388610440306365
v111_s0559,111,559,0,0,0,1.0,1.096757273444382e-06,0.008122987113893032
v111_s0560,111,560,0,0,0,1.0,1.194164383377938e-06,0.004055709112435579
v111_s0561,111,561,0,0,0,1.0,4.935949391438044e-07,0.00021101758466102183
v111_s0562,111,562,0,0,0,1.0,6.651763442278025e-07,0.0006781184347346425
v111_s0563,111,563,0,0,0,1.0,5.145459454070078e-07,0.0004525573749560863
v111_s0564,111,564,0,0,0,1.0,5.441768280434189e-07,0.00024214669247157872
v111_s0565,111,565,0,0,0,1.0,5.110218239678943e-07,0.0036300267092883587
v111_s0566,111,566,0,0,0,1.0,6.560709380210028e-07,0.006254288367927074
v111_s0567,111,567,0,0,0,1.0,6.158269343359279e-07,0.0019573206081986427
v111_s0568,111,568,0,0,0,1.0,4.791391461367311e-07,0.0034045663196593523
v111_s0569,111,569,0,0,0,1.0,4.809104439118528e-07,0.000260736997006461
v111_s0570,111,570,0,0,0,1.0,7.756704576422635e-07,0.005587002262473106
v111_s0571,111,571,0,0,0,1.0,6.59379566059215e-07,0.002722384175285697
v111_s0572,111,572,0,0,0,1.0,1.2579034773807507e-05,0.24536317586898804
v111_s0573,111,573,0,0,0,1.0,4.0697659642319195e-06,0.03896421194076538
v111_s0574,111,574,0,0,0,1.0,8.588720447733067e-06,0.0887928381562233
v111_s0575,111,575,0,0,0,1.0,1.669503399170935e-05,0.281802237033844
v111_s0576,111,576,0,0,0,1.0,1.5320860029532923e-06,0.001123101101256907
v111_s0577,111,577,0,0,0,1.0,1.268171331503254e-06,0.0012462266022339463
v111_s0578,111,578,0,0,0,1.0,2.076398459394113e-06,0.0015691904118284583
v111_s0579,111,579,0,0,0,1.0,2.4131586542353034e-06,0.0031657801009714603
v111_s0580,111,580,0,0,0,1.0,1.2127788977522869e-06,0.0012653935700654984
v111_s0581,111,581,0,0,0,1.0,8.1843023735928e-07,0.000693368841893971
v111_s0582,111,582,0,0,0,1.0,1.4167288782118703e-06,0.0010955417528748512
v111_s0583,111,583,0,0,0,1.0,9.942623364622705e-07,0.0009973229607567191
v111_s0584,111,584,0,0,0,1.0,2.7339992811903358e-05,0.13462240993976593
v111_s0585,111,585,0,0,0,1.0,1.184559368994087e-05,0.06383582204580307
v111_s0586,111,586,0,0,0,1.0,7.59030990593601e-06,0.043517839163541794
v111_s0587,111,587,0,0,0,1.0,2.414652726656641e-06,0.024428537115454674
v111_s0588,111,588,0,0,0,1.0,5.917753469475429e-07,0.00039211302646435797
v111_s0589,111,589,0,0,0,1.0,3.5840848795487545e-06,0.013146352022886276
v111_s0590,111,590,0,0,0,1.0,7.700463356741238e-06,0.04096168652176857
v111_s0591,111,591,0,0,0,1.0,1.6149587054314907e-06,0.004813083913177252
v111_s0592,111,592,0,0,0,1.0,1.2610563544512843e-06,0.001034886110574007
v111_s0593,111,593,0,0,0,1.0,1.8221109030491789e-06,0.0036324418615549803
v111_s0594,111,594,0,0,0,1.0,1.1897936929017305e-06,0.0013635981595143676
v111_s0595,111,595,0,0,0,1.0,9.924253845383646e-07,0.005779585801064968
v111_s0596,111,596,0,0,0,1.0,6.87163776547095e-07,0.0003665626572910696
v111_s0597,111,597,0,0,0,1.0,7.027686024230206e-07,0.0007290887297131121
v111_s0598,111,598,0,0,0,1.0,8.193533744815795e-07,0.0006933542317710817
v111_s0599,111,599,0,0,0,1.0,1.4155596090859035e-06,0.002774875145405531
v111_s0600,111,600,0,0,0,1.0,1.0201774784945883e-06,0.0014540808042511344
v111_s0601,111,601,0,0,0,1.0,1.7833822312240954e-06,0.011833389289677143
v111_s0602,111,602,0,0,0,1.0,1.3054093415121315e-06,0.002164986217394471
v111_s0603,111,603,0,0,0,1.0,1.8549653759691864e-06,0.0011079757241532207
v111_s0604,111,604,0,0,0,1.0,1.960928329935996e-06,0.0017565147718414664
v111_s0605,111,605,0,0,0,1.0,1.7783859220799059e-06,0.0017731821862980723
v111_s0606,111,606,0,0,0,1.0,1.7508469909444102e-06,0.0022730345372110605
v111_s0607,111,607,0,0,0,1.0,2.4545656742702704e-06,0.005626235622912645
v111_s0608,111,608,0,0,0,1.0,1.0468729669810273e-06,0.0008771296706981957
v111_s0609,111,609,0,0,0,1.0,4.418540356709855e-06,0.04938706383109093
v111_s0610,111,610,0,0,0,1.0,2.4426885829598177e-06,0.003733248682692647
v111_s0611,111,611,0,0,0,1.0,1.9770791368500795e-06,0.001728307455778122
v111_s0612,111,612,0,0,0,1.0,5.768022674601525e-06,0.010009987279772758
v111_s0613,111,613,0,0,0,1.0,4.609474217431853e-06,0.006902288645505905
v111_s0614,111,614,0,0,0,1.0,4.23156825490878e-06,0.004663484171032906
v111_s0615,111,615,0,0,0,1.0,5.772092208644608e-06,0.01120713446289301
v111_s0616,111,616,0,0,0,1.0,3.944386662624311e-06,0.00434907665476203
v111_s0617,111,617,0,0,0,1.0,1.7271549950237386e-06,0.004602598026394844
v111_s0618,111,618,0,0,0,1.0,1.2583474244820536e-06,0.0014101563720032573
v111_s0619,111,619,0,0,0,1.0,1.2853238331445027e-06,0.0007860268233343959
v111_s0620,111,620,0,0,0,1.0,9.286100066674408e-07,0.0005811930168420076
v111_s0621,111,621,0,0,0,1.0,1.2955072179465787e-06,0.001576741924509406
v111_s0622,111,622,0,0,0,1.0,1.3725901908401283e-06,0.0018787625012919307
v111_s0623,111,623,0,0,0,1.0,1.6591674238952692e-06,0.007190124597400427
v111_s0624,111,624,0,0,0,1.0,5.4045181059336755e-06,0.01279462594538927
v111_s0625,111,625,0,0,0,1.0,5.090616923553171e-06,0.01167930755764246
v111_s0626,111,626,0,0,0,1.0,3.0784408409090247e-06,0.005348732694983482
v111_s0627,111,627,0,0,0,1.0,3.3378757962054806e-06,0.006161045283079147
v111_s0628,111,628,0,0,0,1.0,1.822409785745549e-06,0.0022772192023694515
v111_s0629,111,629,0,0,0,1.0,1.3723154097533552e-06,0.002338599879294634
v111_s0630,111,630,0,0,0,1.0,1.751377112668706e-06,0.0017547046300023794
v111_s0631,111,631,0,0,0,1.0,1.3091835171508137e-06,0.001279277727007866
v111_s0632,111,632,0,0,0,1.0,1.6958006199274678e-06,0.002756767440587282
v111_s0633,111,633,0,0,0,1.0,1.962630449270364e-06,0.0051430328749120235
v111_s0634,111,634,0,0,0,1.0,1.651106458666618e-06,0.007598886266350746
v111_s0635,111,635,0,0,0,1.0,1.8791162119669025e-06,0.0025469432584941387
v111_s0636,111,636,0,11,0,9.090908264462886e-08,0.0001691135548753664,0.9922075867652893
v111_s0637,111,637,0,5,0,1.99999960000008e-07,9.41845792112872e-05,0.9308338761329651
v111_s0638,111,638,0,0,0,1.0,1.2027242064505117e-06,0.0012600644258782268
v111_s0639,111,639,0,0,0,1.0,7.0389487518696114e-06,0.06515908241271973
v111_s0640,111,640,0,3,0,3.3333322222225924e-07,0.00010171940084546804,0.6713401079177856
v111_s0641,111,641,0,2,0,4.99999750000125e-07,4.6387001930270344e-05,0.67368483543396
v111_s0642,111,642,0,0,0,1.0,1.635565467950073e-06,0.008811133913695812
v111_s0643,111,643,0,0,0,1.0,2.3360889827017672e-06,0.005198676139116287
v111_s0644,111,644,0,0,0,1.0,1.6736635188863147e-06,0.004335275385528803
v111_s0645,111,645,0,0,0,1.0,5.411294750956586e-06,0.04634464159607887
v111_s0646,111,646,0,0,0,1.0,3.826919964922126e-06,0.030813079327344894
v111_s0647,111,647,0,0,0,1.0,1.0835794455488212e-05,0.09272877126932144
v111_s0648,111,648,0,0,0,1.0,8.227324542531278e-06,0.13373467326164246
v111_s0649,111,649,0,0,0,1.0,2.075892098218901e-06,0.017559047788381577
v111_s0650,111,650,0,0,0,1.0,1.3290352853800869e-06,0.00891313049942255
v111_s0651,111,651,0,0,0,1.0,9.125827773459605e-07,0.001544489525258541
v111_s0652,111,652,0,0,0,1.0,1.7315391232841648e-05,0.23240703344345093
v111_s0653,111,653,0,0,0,1.0,3.04393211081333e-06,0.032296888530254364
v111_s0654,111,654,0,0,0,1.0,1.534008788439678e-06,0.0036130647640675306
v111_s0655,111,655,0,0,0,1.0,3.9488095353590325e-06,0.03246452286839485
v111_s0656,111,656,0,0,0,1.0,4.0935856304713525e-06,0.03443245589733124
v111_s0657,111,657,0,0,0,1.0,2.913107891799882e-06,0.025537053123116493
v111_s0658,111,658,0,0,0,1.0,1.3180090263631428e-06,0.0020289700478315353
v111_s0659,111,659,0,0,0,1.0,1.2003283700323664e-06,0.0015966288046911359
v111_s0660,111,660,0,0,0,1.0,1.8244604689243715e-06,0.027209240943193436
v111_s0661,111,661,0,0,0,1.0,1.7671893601800548e-06,0.01278075110167265
v111_s0662,111,662,0,0,0,1.0,6.653344826190732e-06,0.10389376431703568
v111_s0663,111,663,0,0,0,1.0,4.085879936610581e-06,0.025042623281478882
v111_s0664,111,664,0,0,0,1.0,3.6904257285641506e-06,0.02725268341600895
v111_s0665,111,665,0,0,0,1.0,2.1920409380982164e-06,0.01868763379752636
v111_s0666,111,666,0,0,0,1.0,1.5038880292195245e-06,0.00579203013330698
v111_s0667,111,667,0,0,0,1.0,1.8258506315760314e-06,0.007491338066756725
v111_s0668,111,668,0,0,0,1.0,3.3032692954293452e-06,0.029525186866521835
v111_s0669,111,669,0,0,0,1.0,1.9126700863125734e-06,0.011120387353003025
v111_s0670,111,670,0,0,0,1.0,1.1263455235166475e-06,0.0021064297761768103
v111_s0671,111,671,0,0,0,1.0,1.2373893696349114e-06,0.0026747379451990128
v111_s0672,111,672,0,0,0,1.0,1.683545860942104e-06,0.012404119595885277
v111_s0673,111,673,0,0,0,1.0,9.214770102516923e-07,0.003030340885743499
v111_s0674,111,674,0,0,0,1.0,8.496039072269923e-07,0.004283578600734472
v111_s0675,111,675,0,0,0,1.0,1.0332109923183452e-06,0.003117951797321439
v111_s0676,111,676,0,0,0,1.0,1.5566201909678057e-06,0.009063770063221455
v111_s0677,111,677,0,0,0,1.0,2.4786622816463932e-06,0.006264642812311649
v111_s0678,111,678,0,0,0,1.0,1.0584642495814478e-06,0.0027189466636627913
v111_s0679,111,679,0,0,0,1.0,1.6250664884864818e-06,0.005551630165427923
v111_s0680,111,680,0,0,0,1.0,1.7611901057534851e-06,0.007924030534923077
v111_s0681,111,681,0,0,0,1.0,1.6082079810075811e-06,0.0030423400457948446
v111_s0682,111,682,0,0,0,1.0,1.1144636573590105e-06,0.005734415724873543
v111_s0683,111,683,0,0,0,1.0,1.5035900560178561e-06,0.008463446982204914
v111_s0684,111,684,0,0,0,1.0,1.8361665752308909e-06,0.00832657516002655
v111_s0685,111,685,0,0,0,1.0,1.6498137256348855e-06,0.00488264998421073
v111_s0686,111,686,0,0,0,1.0,2.7950304684054572e-06,0.01248748879879713
v111_s0687,111,687,0,0,0,1.0,1.6801967603896628e-06,0.011451640166342258
v111_s0688,111,688,0,0,0,1.0,2.0080160538782366e-06,0.0138191357254982
v111_s0689,111,689,0,0,0,1.0,1.909326783788856e-06,0.008262946270406246
v111_s0690,111,690,0,0,0,1.0,1.3801513887301553e-06,0.004091169219464064
v111_s0691,111,691,0,0,0,1.0,1.1870305343109067e-06,0.0015751424944028258
v111_s0692,111,692,0,0,0,1.0,1.1499155334604438e-06,0.0011082482524216175
v111_s0693,111,693,0,0,0,1.0,1.4167278550303308e-06,0.0014981584390625358
v111_s0694,111,694,0,0,0,1.0,1.1789468317147112e-06,0.001061697257682681
v111_s0695,111,695,0,0,0,1.0,9.160579566014349e-07,0.0007612869958393276
v111_s0696,111,696,0,0,0,1.0,8.618560514150886e-07,0.0006459560827352107
v111_s0697,111,697,0,0,0,1.0,8.332482366313343e-07,0.000929900910705328
v111_s0698,111,698,0,0,0,1.0,9.711094435260748e-07,0.000414985726820305
v111_s0699,111,699,0,0,0,1.0,1.0894591468968429e-06,0.0016490748384967446
v111_s0700,111,700,0,0,0,1.0,1.5385894585051574e-06,0.011137931607663631
v111_s0701,111,701,0,0,0,1.0,1.4409959021577379e-06,0.011973581276834011
v111_s0702,111,702,0,0,0,1.0,1.438307094758784e-06,0.015671731904149055
v111_s0703,111,703,0,0,0,1.0,1.4838572042208398e-06,0.022739920765161514
v111_s0704,111,704,0,0,0,1.0,1.500035523349652e-06,0.01708442158997059
v111_s0705,111,705,0,0,0,1.0,1.015131601889152e-06,0.0031396897975355387
v111_s0706,111,706,0,0,0,1.0,1.1805423127952963e-06,0.002659432590007782
v111_s0707,111,707,0,0,0,1.0,1.1702666142809903e-06,0.003469155402854085
v111_s0708,111,708,0,0,0,1.0,1.1612928574322723e-06,0.0010163437109440565
v111_s0709,111,709,0,0,0,1.0,1.2087423328921432e-06,0.0008477107039652765
v111_s0710,111,710,0,0,0,1.0,1.3074111393507337e-06,0.0023135582450777292
v111_s0711,111,711,0,0,0,1.0,1.2354665841485257e-06,0.0017980376724153757
v111_s0712,111,712,0,0,0,1.0,1.1904687653441215e-06,0.0014178210403770208
v111_s0713,111,713,0,0,0,1.0,1.191380874843162e-06,0.003272436559200287
v111_s0714,111,714,0,0,0,1.0,1.2117698133806698e-06,0.004701660014688969
v111_s0715,111,715,0,0,0,1.0,1.028507313094451e-06,0.002533574355766177
v111_s0716,111,716,0,0,0,1.0,1.8468042526365025e-06,0.014378043822944164
v111_s0717,111,717,0,0,0,1.0,1.2819750736525748e-06,0.0028101413045078516
v111_s0718,111,718,0,0,0,1.0,1.5390492080769036e-06,0.008551600389182568
v111_s0719,111,719,0,0,0,1.0,3.130964614683762e-06,0.01692424900829792
v111_s0720,111,720,0,0,0,1.0,2.491450459274347e-06,0.015632521361112595
v111_s0721,111,721,0,0,0,1.0,2.908373062382452e-06,0.02676846645772457
v111_s0722,111,722,0,0,0,1.0,1.8581155245556147e-06,0.0073483968153595924
v111_s0723,111,723,0,0,0,1.0,1.8096643543685786e-06,0.005208687856793404
v111_s0724,111,724,0,0,0,1.0,1.4186571206664667e-06,0.003269272856414318
v111_s0725,111,725,0,0,0,1.0,1.317592818850244e-06,0.0016090775607153773
v111_s0726,111,726,0,0,0,1.0,1.3185469924792415e-06,0.0026720757596194744
v111_s0727,111,727,0,0,0,1.0,1.2581411965584266e-06,0.0037211726885288954
v111_s0728,111,728,0,0,0,1.0,1.0072558325191494e-06,0.002173846820369363
v111_s0729,111,729,0,0,0,1.0,9.38542541462084e-07,0.0024983363691717386
v111_s0730,111,730,0,0,0,1.0,8.781271958469006e-07,0.0012534757843241096
v111_s0731,111,731,0,0,0,1.0,9.81614107331552e-07,0.002232258440926671
v111_s0732,111,732,0,0,0,1.0,1.1314358516756329e-06,0.001249933848157525
v111_s0733,111,733,0,0,0,1.0,1.3101058584652492e-06,0.0012990160612389445
v111_s0734,111,734,0,0,0,1.0,1.2725972737825941e-06,0.004100762773305178
v111_s0735,111,735,0,0,0,1.0,1.7109399550463422e-06,0.005316487513482571
v111_s0736,111,736,0,0,0,1.0,1.662515387579333e-06,0.0024353896733373404
v111_s0737,111,737,0,0,0,1.0,1.8418078298054752e-06,0.005537372548133135
v111_s0738,111,738,0,0,0,1.0,2.9217776500445325e-06,0.013212235644459724
v111_s0739,111,739,0,0,0,1.0,1.8373372085989104e-06,0.0038663153536617756
v111_s0740,111,740,0,0,0,1.0,1.4247211765905377e-06,0.0012733519542962313
v111_s0741,111,741,0,0,0,1.0,2.292985300300643e-06,0.011260986328125
v111_s0742,111,742,0,0,0,1.0,1.098574557545362e-06,0.0009494486730545759
v111_s0743,111,743,0,0,0,1.0,1.127784912569041e-06,0.0024312434252351522
v111_s0744,111,744,0,0,0,1.0,1.1343649930495303e-06,0.0020972394850105047
v111_s0745,111,745,0,0,0,1.0,1.1773676078519202e-06,0.0014085780130699277
v111_s0746,111,746,0,0,0,1.0,1.1580882528505754e-06,0.008473625406622887
v111_s0747,111,747,0,0,0,1.0,1.6703747860447038e-06,0.013406168669462204
v111_s0748,111,748,0,0,0,1.0,2.1576902327069547e-06,0.017215164378285408
v111_s0749,111,749,0,0,0,1.0,1.957110725925304e-06,0.005750832613557577
v111_s0750,111,750,0,0,0,1.0,1.3022481653024442e-06,0.0012548883678391576
v111_s0751,111,751,0,0,0,1.0,1.1690332257785485e-06,0.004467527382075787
v111_s0752,111,752,0,0,0,1.0,1.391526552652067e-06,0.0020784016232937574
v111_s0753,111,753,0,0,0,1.0,1.4548631952493452e-06,0.0005495941732078791
v111_s0754,111,754,0,0,0,1.0,1.5403004454128677e-06,0.001030407496728003
v111_s0755,111,755,0,0,0,1.0,1.2734062693198211e-06,0.0006988414679653943
v111_s0756,111,756,0,0,0,1.0,1.2529620789791807e-06,0.001598849892616272
v111_s0757,111,757,0,0,0,1.0,4.333503056841437e-06,0.020442815497517586
v111_s0758,111,758,0,11,0,9.090908264462886e-08,0.00017230446974281222,0.9782223701477051
v111_s0759,111,759,0,17,0,5.882352595155729e-08,0.00032975911744870245,0.9938055276870728
v111_s0760,111,760,0,60,0,1.6666666388888892e-08,0.0009490082738921046,0.9999223947525024
v112_s0000,112,0,0,41,0,2.4390243307555043e-08,0.0006059673614799976,0.9999098777770996
v112_s0001,112,1,0,62,0,1.612903199791884e-08,0.0009454975370317698,0.9999918937683105
v112_s0002,112,2,0,71,0,1.4084506843880184e-08,0.0010765934130176902,0.999992847442627
v112_s0003,112,3,0,43,0,2.3255813412655503e-08,0.0006566397496499121,0.9997308850288391
v112_s0004,112,4,0,26,0,3.846153698224858e-08,0.0003936582070309669,0.991267740726471
v112_s0005,112,5,0,27,0,3.703703566529497e-08,0.00044346394133754075,0.9961338043212891
v112_s0006,112,6,0,0,0,1.0,8.159408935171086e-06,0.062285445630550385
v112_s0007,112,7,0,0,0,1.0,1.940288166224491e-05,0.18526315689086914
v112_s0008,112,8,0,31,0,3.225806347554634e-08,0.00045344739919528365,0.9974180459976196
v112_s0009,112,9,0,52,0,1.923076886094675e-08,0.0007777140126563609,0.9975202679634094
v112_s0010,112,10,0,36,0,2.7777777006172862e-08,0.0005291218985803425,0.9863706827163696
v112_s0011,112,11,0,0,0,1.0,2.0523805233096937e-06,0.004917430691421032
v112_s0012,112,12,0,0,0,1.0,1.2657442312047351e-06,0.0018372060731053352
v112_s0013,112,13,0,0,0,1.0,1.397465666741482e-06,0.003906346391886473
v112_s0014,112,14,0,0,0,1.0,2.8932123314007185e-05,0.4132096469402313
v112_s0015,112,15,0,0,0,1.0,6.525472417706624e-05,0.388334721326828
v112_s0016,112,16,0,7,0,1.428571224489825e-07,0.00014229313819669187,0.772527277469635
v112_s0017,112,17,0,0,0,1.0,1.0703454336180585e-06,0.002244802424684167
v112_s0018,112,18,0,0,0,1.0,1.509053845438757e-06,0.006433687638491392
v112_s0019,112,19,0,0,0,1.0,1.7135624830189045e-06,0.005796371027827263
v112_s0020,112,20,0,0,0,1.0,1.2398877515806817e-06,0.003033289685845375
v112_s0021,112,21,0,0,0,1.0,2.734897179834661e-06,0.018779151141643524
v112_s0022,112,22,0,0,0,1.0,4.954521955369273e-06,0.06183749809861183
v112_s0023,112,23,0,0,0,1.0,2.5094802822422935e-06,0.014128384180366993
v112_s0024,112,24,0,0,0,1.0,4.214685304759769e-06,0.06891926378011703
v112_s0025,112,25,0,0,0,1.0,2.6406626147945644e-06,0.02337062917649746
v112_s0026,112,26,0,0,0,1.0,3.0867993245919934e-06,0.02055623009800911
v112_s0027,112,27,0,0,0,1.0,1.8453270058671478e-06,0.014143301174044609
v112_s0028,112,28,0,0,0,1.0,1.1349141004757257e-06,0.0006723157130181789
v112_s0029,112,29,0,0,0,1.0,1.4648364867753116e-06,0.001783785060979426
v112_s0030,112,30,0,0,0,1.0,1.7192169252666645e-06,0.0026175216771662235
v112_s0031,112,31,0,0,0,1.0,1.7167037640319904e-06,0.0065159364603459835
v112_s0032,112,32,0,0,0,1.0,2.125162609445397e-06,0.006543776486068964
v112_s0033,112,33,0,0,0,1.0,1.618718101781269e-06,0.0027210265398025513
v112_s0034,112,34,0,0,0,1.0,1.89980255527189e-06,0.004456574097275734
v112_s0035,112,35,0,0,0,1.0,1.98097563952615e-06,0.006950555834919214
v112_s0036,112,36,0,0,0,1.0,1.9197059373254888e-06,0.004416646435856819
v112_s0037,112,37,0,0,0,1.0,2.2439719487010734e-06,0.0077304779551923275
v112_s0038,112,38,0,0,0,1.0,3.7396166590042412e-06,0.031280215829610825
v112_s0039,112,39,0,0,0,1.0,2.307539489265764e-06,0.0066520278342068195
v112_s0040,112,40,0,0,0,1.0,2.219253246948938e-06,0.013117159716784954
v112_s0041,112,41,0,0,0,1.0,2.212601430073846e-06,0.0066101085394620895
v112_s0042,112,42,0,0,0,1.0,2.043052063527284e-06,0.010145106352865696
v112_s0043,112,43,0,0,0,1.0,4.514988631854067e-06,0.0325298048555851
v112_s0044,112,44,0,0,0,1.0,5.203460659686243e-06,0.06994310021400452
v112_s0045,112,45,0,0,0,1.0,4.530945716396673e-06,0.020420316606760025
v112_s0046,112,46,0,0,0,1.0,6.820823273301357e-06,0.06237756088376045
v112_s0047,112,47,0,0,0,1.0,1.0190525244979654e-05,0.18090137839317322
v112_s0048,112,48,0,0,0,1.0,7.806926987541374e-06,0.10727370530366898
v112_s0049,112,49,0,0,0,1.0,8.838206667860504e-06,0.07198167592287064
v112_s0050,112,50,0,0,0,1.0,5.030557076679543e-06,0.02882993221282959
v112_s0051,112,51,0,0,0,1.0,3.7147735838516383e-06,0.019154807552695274
v112_s0052,112,52,0,0,0,1.0,4.467007329367334e-06,0.026513895019888878
v112_s0053,112,53,0,0,0,1.0,5.898868948861491e-06,0.04567965120077133
v112_s0054,112,54,0,0,0,1.0,5.206730747886468e-06,0.02478824555873871
v112_s0055,112,55,0,0,0,1.0,4.624155280907871e-06,0.0180413369089365
v112_s0056,112,56,0,0,0,1.0,3.1053937163960654e-06,0.01430884376168251
v112_s0057,112,57,0,0,0,1.0,3.78785762222833e-06,0.007307515013962984
v112_s0058,112,58,0,0,0,1.0,3.0084761419857386e-06,0.010332291945815086
v112_s0059,112,59,0,0,0,1.0,2.943005029010237e-06,0.015839049592614174
v112_s0060,112,60,0,0,0,1.0,2.552437763370108e-06,0.01159924827516079
v112_s0061,112,61,0,0,0,1.0,2.39177552430192e-06,0.007090060971677303
v112_s0062,112,62,0,0,0,1.0,3.6081778489460703e-06,0.052474070340394974
v112_s0063,112,63,0,0,0,1.0,3.4934257655550027e-06,0.03521133214235306
v112_s0064,112,64,0,0,0,1.0,3.2481793823535554e-06,0.023265905678272247
v112_s0065,112,65,0,6,0,1.666666388888935e-07,9.926871280185878e-05,0.9780654311180115
v112_s0066,112,66,0,0,0,1.0,1.6649401004542597e-05,0.17104420065879822
v112_s0067,112,67,0,0,0,1.0,1.4246945283957757e-05,0.08232555538415909
v112_s0068,112,68,0,1,0,9.99999000001e-07,2.7789885280071758e-05,0.5380416512489319
v112_s0069,112,69,0,3,0,3.3333322222225924e-07,4.8676010919734836e-05,0.8676296472549438
v112_s0070,112,70,0,12,0,8.333332638888946e-08,0.0001910886785481125,0.9998865127563477
v112_s0071,112,71,0,8,0,1.2499998437500196e-07,0.000131532724481076,0.9985148310661316
v112_s0072,112,72,0,0,0,1.0,1.6252026398433372e-05,0.08940447121858597
v112_s0073,112,73,0,34,0,2.9411763840830475e-08,0.0006030235672369599,0.9832716584205627
v112_s0074,112,74,0,0,0,1.0,2.3937936930451542e-06,0.007973743602633476
v112_s0075,112,75,0,0,0,1.0,3.2430059491161956e-06,0.029364924877882004
v112_s0076,112,76,0,0,0,1.0,6.93061974743614e-06,0.09769122302532196
v112_s0077,112,77,0,1,0,9.99999000001e-07,2.756566937023308e-05,0.6948143839836121
v112_s0078,112,78,0,0,0,1.0,4.735412858281052e-06,0.04681183770298958
v112_s0079,112,79,0,0,0,1.0,2.693656369956443e-06,0.013828528113663197
v112_s0080,112,80,0,0,0,1.0,5.270261681289412e-06,0.021960392594337463
v112_s0081,112,81,0,0,0,1.0,9.952875188901089e-06,0.09542720764875412
v112_s0082,112,82,0,0,0,1.0,4.159114268986741e-06,0.008307273499667645
v112_s0083,112,83,0,0,0,1.0,8.073508979578037e-06,0.144622340798378
v112_s0084,112,84,0,0,0,1.0,7.221245141408872e-06,0.03643358126282692
v112_s0085,112,85,0,0,0,1.0,2.847552423190791e-06,0.01594405435025692
v112_s0086,112,86,0,0,0,1.0,5.168235475139227e-06,0.14806728065013885
v112_s0087,112,87,0,0,0,1.0,1.7005914969558944e-06,0.003334836568683386
v112_s0088,112,88,0,0,0,1.0,2.0464647150220117e-06,0.009330798871815205
v112_s0089,112,89,0,0,0,1.0,1.784337655408308e-06,0.006182129494845867
v112_s0090,112,90,0,0,0,1.0,1.895046580102644e-06,0.013810742646455765
v112_s0091,112,91,0,0,0,1.0,3.6114061003900133e-06,0.05194155126810074
v112_s0092,112,92,0,0,0,1.0,2.497763944120379e-06,0.01466829888522625
v112_s0093,112,93,0,0,0,1.0,4.516212811722653e-06,0.05126749724149704
v112_s0094,112,94,0,0,0,1.0,2.5495669433439616e-06,0.009872851893305779
v112_s0095,112,95,0,0,0,1.0,4.6969785216788296e-06,0.01344277337193489
v112_s0096,112,96,0,0,0,1.0,2.2974224975769175e-06,0.017068246379494667
v112_s0097,112,97,0,0,0,1.0,3.3156015888380352e-06,0.014930061995983124
v112_s0098,112,98,0,0,0,1.0,2.794603005895624e-06,0.004768675193190575
v112_s0099,112,99,0,0,0,1.0,5.091676484880736e-06,0.016340717673301697
v112_s0100,112,100,0,0,0,1.0,5.934664386586519e-06,0.03247063234448433
v112_s0101,112,101,0,0,0,1.0,3.3304331736871973e-06,0.02007254958152771
v112_s0102,112,102,0,2,0,4.99999750000125e-07,5.7905293942894787e-05,0.5959435701370239
v112_s0103,112,103,0,0,0,1.0,3.5546432627597824e-05,0.288578599691391
v112_s0104,112,104,0,0,0,1.0,1.2106677786505315e-05,0.23829030990600586
v112_s0105,112,105,0,1,0,9.99999000001e-07,3.880256917909719e-05,0.5425352454185486
v112_s0106,112,106,0,0,0,1.0,2.231569169452996e-06,0.015040854923427105
v112_s0107,112,107,0,0,0,1.0,1.1065458238590509e-06,0.004248782992362976
v112_s0108,112,108,0,0,0,1.0,2.2691597223456483e-06,0.028387896716594696
v112_s0109,112,109,0,0,0,1.0,1.6369642253266647e-05,0.3320464789867401
v112_s0110,112,110,0,0,0,1.0,1.7730151284922613e-06,0.005061647389084101
v112_s0111,112,111,0,0,0,1.0,1.2762162668877863e-06,0.0019945597741752863
v112_s0112,112,112,0,0,0,1.0,3.2352209018426947e-06,0.03885306045413017
v112_s0113,112,113,0,0,0,1.0,2.7173468879482243e-06,0.006979066412895918
v112_s0114,112,114,0,0,0,1.0,2.4779390059848083e-06,0.017539391294121742
v112_s0115,112,115,0,0,0,1.0,1.5999019069568021e-06,0.015678294003009796
v112_s0116,112,116,0,0,0,1.0,4.768399776367005e-06,0.04981038346886635
v112_s0117,112,117,0,0,0,1.0,1.0333225191061501e-06,0.0022626162972301245
v112_s0118,112,118,0,0,0,1.0,3.42633302352624e-06,0.03826998919248581
v112_s0119,112,119,0,4,0,2.499999375000156e-07,4.7642879508202896e-05,0.6207951307296753
v112_s0120,112,120,0,0,0,1.0,8.615965271019377e-06,0.12850864231586456
v112_s0121,112,121,0,0,0,1.0,4.827982593269553e-06,0.05857958644628525
v112_s0122,112,122,0,0,0,1.0,1.6331460983565194e-06,0.00298432819545269
v112_s0123,112,123,0,0,0,1.0,1.7886560499391635e-06,0.002529621124267578
v112_s0124,112,124,0,0,0,1.0,2.4256873984995764e-06,0.009246720001101494
v112_s0125,112,125,0,0,0,1.0,9.454141036258079e-06,0.15615452826023102
v112_s0126,112,126,0,0,0,1.0,1.6189420648515807e-06,0.004382282495498657
v112_s0127,112,127,0,0,0,1.0,2.0009254058095394e-06,0.004870802164077759
v112_s0128,112,128,0,0,0,1.0,1.5743014955660328e-05,0.21280016005039215
v112_s0129,112,129,0,0,0,1.0,3.2400500913354335e-06,0.008683924563229084
v112_s0130,112,130,0,21,0,4.761904535147403e-08,0.0003207724657841027,0.9763862490653992
v112_s0131,112,131,0,0,0,1.0,4.686944066634169e-06,0.020993249490857124
v112_s0132,112,132,0,0,0,1.0,5.253466042631771e-06,0.02821493148803711
v112_s0133,112,133,0,0,0,1.0,8.226609679695684e-06,0.08875279873609543
v112_s0134,112,134,0,0,0,1.0,4.02550540457014e-06,0.006788324564695358
v112_s0135,112,135,0,0,0,1.0,2.7122766823595157e-06,0.008179731667041779
v112_s0136,112,136,0,4,0,2.499999375000156e-07,6.116818258306012e-05,0.9205278158187866
v112_s0137,112,137,0,8,0,1.2499998437500196e-07,0.00013654370559379458,0.895882248878479
v112_s0138,112,138,0,0,0,1.0,5.396043889049906e-06,0.026094535365700722
v112_s0139,112,139,0,2,0,4.99999750000125e-07,3.477707286947407e-05,0.8087828755378723
v112_s0140,112,140,0,3,0,3.3333322222225924e-07,5.051652988186106e-05,0.8285036683082581
v112_s0141,112,141,0,5,0,1.99999960000008e-07,8.465801511192694e-05,0.8828018307685852
v112_s0142,112,142,0,3,0,3.3333322222225924e-07,7.696384273003787e-05,0.7822381854057312
v112_s0143,112,143,0,6,0,1.666666388888935e-07,0.00011428735160734504,0.9060094356536865
v112_s0144,112,144,0,4,0,2.499999375000156e-07,7.445576193276793e-05,0.7279364466667175
v112_s0145,112,145,0,4,0,2.499999375000156e-07,6.310906610451639e-05,0.81781005859375
v112_s0146,112,146,0,0,0,1.0,1.541526580695063e-05,0.18345101177692413
v112_s0147,112,147,0,0,0,1.0,6.406399734260049e-06,0.07168928533792496
v112_s0148,112,148,0,0,0,1.0,2.568243144196458e-05,0.4956801235675812
v112_s0149,112,149,0,0,0,1.0,1.5253527635650244e-05,0.24606183171272278
v112_s0150,112,150,0,0,0,1.0,6.033491445123218e-06,0.05673040449619293
v112_s0151,112,151,0,0,0,1.0,2.9619513952638954e-05,0.40504807233810425
v112_s0152,112,152,0,0,0,1.0,8.669479939271696e-06,0.11759896576404572
v112_s0153,112,153,0,0,0,1.0,1.219553541886853e-05,0.09670756012201309
v112_s0154,112,154,0,0,0,1.0,2.35984189203009e-05,0.3551676571369171
v112_s0155,112,155,0,0,0,1.0,1.2907246855320409e-05,0.058686140924692154
v112_s0156,112,156,0,0,0,1.0,3.4470154787413776e-05,0.2450185865163803
v112_s0157,112,157,0,0,0,1.0,3.204684617230669e-05,0.24052312970161438
v112_s0158,112,158,0,0,0,1.0,7.70232600189047e-06,0.03957298398017883
v112_s0159,112,159,0,0,0,1.0,8.92348361958284e-06,0.0574699230492115
v112_s0160,112,160,0,0,0,1.0,8.488305866194423e-06,0.08287415653467178
v112_s0161,112,161,0,0,0,1.0,1.2454445823095739e-05,0.2201954424381256
v112_s0162,112,162,0,0,0,1.0,1.0228984137938824e-05,0.14081846177577972
v112_s0163,112,163,0,0,0,1.0,1.325457287748577e-05,0.06433737277984619
v112_s0164,112,164,0,1,0,9.99999000001e-07,2.6940419047605246e-05,0.5482011437416077
v112_s0165,112,165,0,0,0,1.0,1.2741437785734888e-05,0.13074293732643127
v112_s0166,112,166,0,0,0,1.0,1.4620261026720982e-05,0.0789448618888855
v112_s0167,112,167,0,0,0,1.0,7.914629350125324e-06,0.03790702298283577
v112_s0168,112,168,0,0,0,1.0,2.6141719899897e-06,0.005896930117160082
v112_s0169,112,169,0,0,0,1.0,2.207539182563778e-06,0.008138426579535007
v112_s0170,112,170,0,0,0,1.0,2.1771252249891404e-06,0.005767348222434521
v112_s0171,112,171,0,0,0,1.0,1.9931776478188112e-06,0.005440755281597376
v112_s0172,112,172,0,0,0,1.0,2.3642667201784207e-06,0.013232486322522163
v112_s0173,112,173,0,0,0,1.0,2.030560153798433e-06,0.004042730666697025
v112_s0174,112,174,0,0,0,1.0,2.8080348783987574e-06,0.017708823084831238
v112_s0175,112,175,0,0,0,1.0,4.515953150985297e-06,0.13739241659641266
v112_s0176,112,176,0,0,0,1.0,1.9680567220348166e-06,0.004807285498827696
v112_s0177,112,177,0,0,0,1.0,2.2074682419770397e-06,0.004724058322608471
v112_s0178,112,178,0,0,0,1.0,3.0214157504815375e-06,0.007602490484714508
v112_s0179,112,179,0,0,0,1.0,2.2190452000359073e-06,0.003925479482859373
v112_s0180,112,180,0,0,0,1.0,8.966500899987295e-06,0.26341691613197327
v112_s0181,112,181,0,0,0,1.0,2.2029598767403513e-06,0.01436689868569374
v112_s0182,112,182,0,0,0,1.0,1.7542854493513005e-06,0.0032458878122270107
v112_s0183,112,183,0,0,0,1.0,1.745786789797421e-06,0.0036136016715317965
v112_s0184,112,184,0,0,0,1.0,2.2633716980635654e-06,0.030710618942975998
v112_s0185,112,185,0,0,0,1.0,5.52752499061171e-06,0.1256500631570816
v112_s0186,112,186,0,0,0,1.0,4.9801465138443746e-06,0.09574945271015167
v112_s0187,112,187,0,0,0,1.0,3.2103330340760294e-06,0.01513858325779438
v112_s0188,112,188,0,0,0,1.0,3.6809472021559486e-06,0.01558917760848999
v112_s0189,112,189,0,0,0,1.0,5.2967511692258995e-06,0.025103572756052017
v112_s0190,112,190,0,0,0,1.0,2.517346729291603e-06,0.0031677281949669123
v112_s0191,112,191,0,0,0,1.0,2.4857145035639405e-06,0.009172135964035988
v112_s0192,112,192,0,0,0,1.0,3.176570771756815e-06,0.021205680444836617
v112_s0193,112,193,0,0,0,1.0,2.0895172383461613e-06,0.005301039665937424
v112_s0194,112,194,0,0,0,1.0,1.846796294557862e-06,0.004404169507324696
v112_s0195,112,195,0,0,0,1.0,1.9174533463228727e-06,0.011950209736824036
v112_s0196,112,196,0,0,0,1.0,1.735120349621866e-06,0.004041703417897224
v112_s0197,112,197,0,0,0,1.0,1.687999656496686e-06,0.0011780350469052792
v112_s0198,112,198,0,0,0,1.0,2.023976321652299e-06,0.00603892095386982
v112_s0199,112,199,0,0,0,1.0,4.814171916223131e-06,0.10623414814472198
v112_s0200,112,200,0,0,0,1.0,1.5017235455161426e-05,0.478735089302063
v112_s0201,112,201,0,0,0,1.0,4.906782123725861e-06,0.04317766800522804
v112_s0202,112,202,0,0,0,1.0,2.719087206060067e-06,0.015087762847542763
v112_s0203,112,203,0,0,0,1.0,1.0706537068472244e-05,0.3390892446041107
v112_s0204,112,204,0,0,0,1.0,9.486406270298176e-06,0.09991059452295303
v112_s0205,112,205,0,0,0,1.0,6.090313490858534e-06,0.04026047885417938
v112_s0206,112,206,0,0,0,1.0,3.339259137646877e-06,0.020047249272465706
v112_s0207,112,207,0,0,0,1.0,1.9427438019192778e-05,0.1878708004951477
v112_s0208,112,208,0,0,0,1.0,2.319424856978003e-05,0.1731288880109787
v112_s0209,112,209,0,0,0,1.0,2.4855801257217536e-06,0.004533769562840462
v112_s0210,112,210,0,0,0,1.0,2.623255113576306e-06,0.01579422317445278
v112_s0211,112,211,0,0,0,1.0,4.5491280616261065e-05,0.41536420583724976
v112_s0212,112,212,0,0,0,1.0,1.9518436147336615e-06,0.003665950847789645
v112_s0213,112,213,0,0,0,1.0,2.1132091205799952e-06,0.0028543740045279264
v112_s0214,112,214,0,0,0,1.0,6.8648082560685e-06,0.026023542508482933
v112_s0215,112,215,0,0,0,1.0,1.3575551747635473e-05,0.05622129142284393
v112_s0216,112,216,0,0,0,1.0,1.0041406312666368e-05,0.022297531366348267
v112_s0217,112,217,0,16,0,6.249999609375024e-08,0.0002661707694642246,0.966156005859375
v112_s0218,112,218,0,14,0,7.142856632653097e-08,0.00023929665621835738,0.8936743140220642
v112_s0219,112,219,0,23,0,4.347825897920613e-08,0.0003920742601621896,0.9902582168579102
v112_s0220,112,220,0,0,0,1.0,8.85775443748571e-06,0.045088399201631546
v112_s0221,112,221,0,0,0,1.0,8.431499736616388e-06,0.01747293584048748
v112_s0222,112,222,0,0,0,1.0,3.0589173547923565e-05,0.2789439260959625
v112_s0223,112,223,0,0,0,1.0,8.320667802763637e-06,0.07218468934297562
v112_s0224,112,224,0,0,0,1.0,3.9421406654582825e-06,0.007784696761518717
v112_s0225,112,225,0,0,0,1.0,2.0719562598969787e-06,0.004343952983617783
v112_s0226,112,226,0,0,0,1.0,3.4241684261360206e-06,0.008035684004426003
v112_s0227,112,227,0,11,0,9.090908264462886e-08,0.0001870974519988522,0.8965485692024231
v112_s0228,112,228,0,2,0,4.99999750000125e-07,5.059932664153166e-05,0.7269911170005798
v112_s0229,112,229,0,0,0,1.0,1.627198571441113e-06,0.007424463517963886
v112_s0230,112,230,0,0,0,1.0,1.971470283024246e-06,0.0036441965494304895
v112_s0231,112,231,0,0,0,1.0,4.906682079308666e-06,0.025403810665011406
v112_s0232,112,232,0,0,0,1.0,6.872550329717342e-06,0.03378741815686226
v112_s0233,112,233,0,0,0,1.0,2.6449411052453797e-06,0.007715276908129454
v112_s0234,112,234,0,0,0,1.0,6.63890796204214e-06,0.08059993386268616
v112_s0235,112,235,0,0,0,1.0,4.240806447342038e-06,0.003414741950109601
v112_s0236,112,236,0,0,0,1.0,3.825785370281665e-06,0.011673815548419952
v112_s0237,112,237,0,0,0,1.0,3.0732153390999883e-06,0.011337155476212502
v112_s0238,112,238,0,0,0,1.0,4.379751317173941e-06,0.07038843631744385
v112_s0239,112,239,0,0,0,1.0,2.575349981270847e-06,0.030072486028075218
v112_s0240,112,240,0,0,0,1.0,3.909631686838111e-06,0.02539920061826706
v112_s0241,112,241,0,0,0,1.0,9.119788956013508e-06,0.14149446785449982
v112_s0242,112,242,0,0,0,1.0,7.987648132257164e-06,0.021806905046105385
v112_s0243,112,243,0,0,0,1.0,5.842229711561231e-06,0.02361331321299076
v112_s0244,112,244,0,0,0,1.0,5.217527359491214e-06,0.009347536601126194
v112_s0245,112,245,0,0,0,1.0,2.2735689526598435e-06,0.003866056678816676
v112_s0246,112,246,0,0,0,1.0,2.531329755584011e-06,0.015657128766179085
v112_s0247,112,247,0,0,0,1.0,8.25518054625718e-06,0.11294779181480408
v112_s0248,112,248,0,0,0,1.0,6.244130418053828e-06,0.046231940388679504
v112_s0249,112,249,0,0,0,1.0,7.293845555977896e-06,0.09796858578920364
v112_s0250,112,250,0,0,0,1.0,2.618143753352342e-06,0.011428892612457275
v112_s0251,112,251,0,0,0,1.0,4.728835847345181e-06,0.07156218588352203
v112_s0252,112,252,0,0,0,1.0,2.2242343220568728e-06,0.007479564752429724
v112_s0253,112,253,0,0,0,1.0,2.6298791908629937e-06,0.004597161430865526
v112_s0254,112,254,0,0,0,1.0,1.634413820283953e-06,0.003152115037664771
v112_s0255,112,255,0,0,0,1.0,1.2465000054362463e-06,0.0012873195810243487
v112_s0256,112,256,0,0,0,1.0,3.5075220239377813e-06,0.01188752893358469
v112_s0257,112,257,0,0,0,1.0,4.3128620745847e-06,0.008196406997740269
v112_s0258,112,258,0,0,0,1.0,1.2963287190359551e-06,0.0014065331779420376
v112_s0259,112,259,0,0,0,1.0,1.2480666100600502e-06,0.0008461547549813986
v112_s0260,112,260,0,0,0,1.0,1.2491764209698886e-06,0.00492293993011117
v112_s0261,112,261,0,0,0,1.0,1.4784861832595197e-06,0.003952536266297102
v112_s0262,112,262,0,0,0,1.0,2.3503198463004082e-06,0.011565020307898521
v112_s0263,112,263,0,0,0,1.0,3.0920077733753715e-06,0.021345175802707672
v112_s0264,112,264,0,0,0,1.0,4.370083388494095e-06,0.006697562988847494
v112_s0265,112,265,0,0,0,1.0,2.7449141271063127e-06,0.0073061008006334305
v112_s0266,112,266,0,0,0,1.0,3.4154702461819397e-06,0.026253031566739082
v112_s0267,112,267,0,0,0,1.0,2.8109034246881492e-05,0.36351487040519714
v112_s0268,112,268,0,0,0,1.0,3.5435848531051306e-06,0.043044935911893845
v112_s0269,112,269,0,0,0,1.0,1.5681637250963831e-06,0.002456418704241514
v112_s0270,112,270,0,0,0,1.0,4.466834980121348e-06,0.007896028459072113
v112_s0271,112,271,0,0,0,1.0,5.753412096964894e-06,0.02226334996521473
v112_s0272,112,272,0,0,0,1.0,3.416370645936695e-06,0.009377539157867432
v112_s0273,112,273,0,0,0,1.0,2.2621354673901806e-06,0.0077490233816206455
v112_s0274,112,274,0,0,0,1.0,5.017535386286909e-06,0.006667304318398237
v112_s0275,112,275,0,0,0,1.0,1.3400915577221895e-06,0.001090442412532866
v112_s0276,112,276,0,0,0,1.0,2.2104341041995212e-06,0.005151897203177214
v112_s0277,112,277,0,0,0,1.0,1.0725229913077783e-06,0.0007756016566418111
v112_s0278,112,278,0,0,0,1.0,7.67487904340669e-07,0.0004993260954506695
v112_s0279,112,279,0,0,0,1.0,1.168176254395803e-06,0.0009816623060032725
v112_s0280,112,280,0,0,0,1.0,7.133309054552228e-07,0.0004529829602688551
v112_s0281,112,281,0,0,0,1.0,7.990109907041187e-07,0.000643857114482671
v112_s0282,112,282,0,0,0,1.0,1.5481206219192245e-06,0.01775287091732025
v112_s0283,112,283,0,0,0,1.0,1.8904773924077745e-06,0.014523684978485107
v112_s0284,112,284,0,0,0,1.0,3.307141696495819e-06,0.037416502833366394
v112_s0285,112,285,0,0,0,1.0,1.1074561143686878e-06,0.0010220531839877367
v112_s0286,112,286,0,0,0,1.0,8.67414769345487e-07,0.0006595542654395103
v112_s0287,112,287,0,0,0,1.0,7.788044626977353e-07,0.0006258526118472219
v112_s0288,112,288,0,0,0,1.0,8.782385521044489e-07,0.0007786256028339267
v112_s0289,112,289,0,0,0,1.0,7.909704891062574e-07,0.0015651144785806537
v112_s0290,112,290,0,0,0,1.0,9.081357461582229e-07,0.001343623618595302
v112_s0291,112,291,0,0,0,1.0,1.171429858004558e-06,0.0035338252782821655
v112_s0292,112,292,0,0,0,1.0,1.2480684290494537e-06,0.006889272015541792
v112_s0293,112,293,0,0,0,1.0,2.6114971660717856e-06,0.016276881098747253
v112_s0294,112,294,0,0,0,1.0,9.997806955652777e-07,0.0014020248781889677
v112_s0295,112,295,0,0,0,1.0,2.3976526790647767e-06,0.0059393346309661865
v112_s0296,112,296,0,0,0,1.0,1.0932878922176315e-06,0.0018201320199295878
v112_s0297,112,297,0,0,0,1.0,9.173809303320013e-07,0.001208041561767459
v112_s0298,112,298,0,0,0,1.0,8.971016995928949e-07,0.002149222418665886
v112_s0299,112,299,0,0,0,1.0,9.790027206690866e-07,0.004673599265515804
v112_s0300,112,300,0,0,0,1.0,2.3034203877614345e-06,0.03476984426379204
v112_s0301,112,301,0,0,0,1.0,9.843150110100396e-06,0.12526437640190125
v112_s0302,112,302,0,0,0,1.0,6.087666406529024e-07,0.0005562590667977929
v112_s0303,112,303,0,0,0,1.0,5.030888701185177e-07,0.0007802637410350144
v112_s0304,112,304,0,0,0,1.0,6.819470854679821e-07,0.004054767545312643
v112_s0305,112,305,0,0,0,1.0,6.607680234083091e-07,0.0010276390239596367
v112_s0306,112,306,0,0,0,1.0,7.0145182462511e-07,0.0011938296956941485
v112_s0307,112,307,0,0,0,1.0,8.159552180586616e-07,0.0011562422150745988
v112_s0308,112,308,0,0,0,1.0,8.846949413054972e-07,0.0044068461284041405
v112_s0309,112,309,0,0,0,1.0,8.396821726819326e-07,0.0016947926487773657
v112_s0310,112,310,0,0,0,1.0,1.0445835414429894e-06,0.0010433219140395522
v112_s0311,112,311,0,0,0,1.0,1.0594890227366704e-06,0.003932996653020382
v112_s0312,112,312,0,0,0,1.0,9.65936351349228e-07,0.0008012967300601304
v112_s0313,112,313,0,0,0,1.0,9.051834695128491e-07,0.0014558807015419006
v112_s0314,112,314,0,0,0,1.0,1.3642686553794192e-06,0.0187058188021183
v112_s0315,112,315,0,0,0,1.0,7.591540338580671e-07,0.0009060364100150764
v112_s0316,112,316,0,0,0,1.0,7.720425401203102e-07,0.000506603333633393
v112_s0317,112,317,0,8,0,1.2499998437500196e-07,0.00012366654118523002,0.8512765765190125
v112_s0318,112,318,0,6,0,1.666666388888935e-07,0.00011173320672241971,0.8198949694633484
v112_s0319,112,319,0,1,0,9.99999000001e-07,2.4317401766893454e-05,0.6694017052650452
v112_s0320,112,320,0,0,0,1.0,9.326143299404066e-06,0.41112545132637024
v112_s0321,112,321,0,0,0,1.0,1.1174539622516022e-06,0.003492757212370634
v112_s0322,112,322,0,0,0,1.0,1.3266231917441473e-06,0.012735201977193356
v112_s0323,112,323,0,0,0,1.0,9.666875939728925e-07,0.0032154463697224855
v112_s0324,112,324,0,0,0,1.0,9.094024449041171e-07,0.0020366564858704805
v112_s0325,112,325,0,0,0,1.0,1.1791719316534e-06,0.005920628551393747
v112_s0326,112,326,0,0,0,1.0,9.404987395100761e-06,0.2966029942035675
v112_s0327,112,327,0,15,0,6.666666222222252e-08,0.00020358631445560604,0.9860922694206238
v112_s0328,112,328,0,34,0,2.9411763840830475e-08,0.0005060831317678094,0.9999226331710815
v112_s0329,112,329,0,15,0,6.666666222222252e-08,0.00030363761470653117,0.9806500673294067
v112_s0330,112,330,0,0,0,1.0,1.0235296031169128e-05,0.18626722693443298
v112_s0331,112,331,0,0,0,1.0,1.238389700120024e-06,0.00236565456725657
v112_s0332,112,332,0,0,0,1.0,2.0133741145400563e-06,0.03416653722524643
v112_s0333,112,333,0,0,0,1.0,9.425098141946364e-07,0.001363378600217402
v112_s0334,112,334,0,0,0,1.0,1.1020844112863415e-06,0.0022067828103899956
v112_s0335,112,335,0,0,0,1.0,1.0848370948224328e-06,0.0007011957932263613
v112_s0336,112,336,0,0,0,1.0,1.0767246294562938e-06,0.0051920595578849316
v112_s0337,112,337,0,0,0,1.0,8.875450703271781e-07,0.0040909904055297375
v112_s0338,112,338,0,0,0,1.0,6.904678002683795e-07,0.002307666465640068
v112_s0339,112,339,0,0,0,1.0,5.813000711896166e-07,0.0006456840201281011
v112_s0340,112,340,0,0,0,1.0,6.099589882069267e-07,0.0006213745218701661
v112_s0341,112,341,0,0,0,1.0,6.158023779789801e-07,0.0005316064925864339
v112_s0342,112,342,0,0,0,1.0,8.715036301509826e-07,0.0011953867506235838
v112_s0343,112,343,0,0,0,1.0,6.6584709657036e-07,0.000531014462467283
v112_s0344,112,344,0,0,0,1.0,4.739048904411902e-07,0.0009092561085708439
v112_s0345,112,345,0,0,0,1.0,7.055616606521653e-07,0.0034604575484991074
v112_s0346,112,346,0,0,0,1.0,9.502393254479102e-07,0.006371882278472185
v112_s0347,112,347,0,1,0,9.99999000001e-07,1.4102130990067963e-05,0.5343836545944214
v112_s0348,112,348,0,0,0,1.0,3.4350555324635934e-06,0.06040462851524353
v112_s0349,112,349,0,0,0,1.0,1.6892565781745361e-06,0.03788340464234352
v112_s0350,112,350,0,0,0,1.0,1.178347361019405e-06,0.002066110959276557
v112_s0351,112,351,0,0,0,1.0,9.338029940408887e-07,0.00188987678848207
v112_s0352,112,352,0,19,0,5.263157617728546e-08,0.0003045221674256027,0.9991901516914368
v112_s0353,112,353,0,0,0,1.0,9.685111308499472e-07,0.009669581428170204
v112_s0354,112,354,0,0,0,1.0,4.9678301365929656e-06,0.15628182888031006
v112_s0355,112,355,0,2,0,4.99999750000125e-07,3.751649637706578e-05,0.9339268207550049
v112_s0356,112,356,0,0,0,1.0,9.98183895717375e-06,0.45462650060653687
v112_s0357,112,357,0,0,0,1.0,8.114919864965486e-07,0.003956220578402281
v112_s0358,112,358,0,0,0,1.0,8.119196195366385e-07,0.0034176248591393232
v112_s0359,112,359,0,0,0,1.0,6.792713520553662e-07,0.001903959782794118
v112_s0360,112,360,0,0,0,1.0,5.904208819629275e-07,0.0005689535173587501
v112_s0361,112,361,0,0,0,1.0,8.08074105407286e-07,0.007086684461683035
v112_s0362,112,362,0,0,0,1.0,1.4914737676008372e-06,0.009985427372157574
v112_s0363,112,363,0,0,0,1.0,1.049197180691408e-06,0.0026929460000246763
v112_s0364,112,364,0,0,0,1.0,1.063811760104727e-05,0.06240598112344742
v112_s0365,112,365,9,8,0,5.882352595155729e-08,0.00013609917368739843,0.9989995360374451
v112_s0366,112,366,15,13,13,0.9285714311224489,0.00021401562844403088,0.9999998807907104
v112_s0367,112,367,16,18,15,0.8823529446366782,0.00028526849928312004,1.0
v112_s0368,112,368,19,21,18,0.9000000024999999,0.000324709719279781,1.0
v112_s0369,112,369,21,20,19,0.9268292700773348,0.00031170452712103724,1.0
v112_s0370,112,370,13,16,13,0.8965517277051128,0.00024070290965028107,0.9999994039535522
v112_s0371,112,371,12,12,11,0.9166666701388887,0.00017910129099618644,0.9999938011169434
v112_s0372,112,372,1,0,0,9.99999000001e-07,9.018656783155166e-06,0.2765301764011383
v112_s0373,112,373,0,0,0,1.0,1.8138506447940017e-06,0.055160846561193466
v112_s0374,112,374,0,0,0,1.0,1.4303667512649554e-06,0.023265311494469643
v112_s0375,112,375,0,0,0,1.0,1.407669515174348e-06,0.013260466046631336
v112_s0376,112,376,0,14,0,7.142856632653097e-08,0.000220152796828188,0.9940049052238464
v112_s0377,112,377,0,30,0,3.3333332222222255e-08,0.00043848995119333267,0.9999513626098633
v112_s0378,112,378,0,46,0,2.173912996219283e-08,0.0007011828711256385,0.999997615814209
v112_s0379,112,379,0,16,0,6.249999609375024e-08,0.00021487196499947459,0.9991631507873535
v112_s0380,112,380,0,0,0,1.0,5.939504603702517e-07,0.0014570013154298067
v112_s0381,112,381,0,0,0,1.0,6.841097274445929e-06,0.0492880642414093
v112_s0382,112,382,0,0,0,1.0,1.4007191566633992e-05,0.21416442096233368
v112_s0383,112,383,0,0,0,1.0,1.5688594885432394e-06,0.010403339751064777
v112_s0384,112,384,0,0,0,1.0,6.475295322161401e-07,0.004308788105845451
v112_s0385,112,385,0,0,0,1.0,4.719929620478069e-06,0.0904458686709404
v112_s0386,112,386,0,21,0,4.761904535147403e-08,0.00032213525264523923,0.9999861717224121
v112_s0387,112,387,0,21,0,4.761904535147403e-08,0.00033177362638525665,0.9999933242797852
v112_s0388,112,388,0,11,0,9.090908264462886e-08,0.00016467063687741756,0.9828434586524963
v112_s0389,112,389,0,7,0,1.428571224489825e-07,0.00011421921226428822,0.9671488404273987
v112_s0390,112,390,0,13,0,7.692307100591761e-08,0.00018824674771167338,0.9990968704223633
v112_s0391,112,391,0,15,0,6.666666222222252e-08,0.00022488654940389097,0.9999929666519165
v112_s0392,112,392,0,21,0,4.761904535147403e-08,0.0003405831230338663,0.9999980926513672
v112_s0393,112,393,0,14,0,7.142856632653097e-08,0.00023364429944194853,0.9999758005142212
v112_s0394,112,394,0,7,0,1.428571224489825e-07,0.00010688797192415223,0.9984478950500488
v112_s0395,112,395,0,4,0,2.499999375000156e-07,5.217905709287152e-05,0.9157540798187256
v112_s0396,112,396,0,4,0,2.499999375000156e-07,6.128037784947082e-05,0.8212506175041199
v112_s0397,112,397,0,0,0,1.0,5.461450882648933e-07,0.0027279541827738285
v112_s0398,112,398,0,0,0,1.0,3.23861968354322e-07,0.0006233640015125275
v112_s0399,112,399,0,0,0,1.0,5.895064987271326e-07,0.0033622218761593103
v112_s0400,112,400,7,0,0,1.428571224489825e-07,9.611694622435607e-07,0.005983313079923391
v112_s0401,112,401,7,0,0,1.428571224489825e-07,2.473359927535057e-06,0.03311918303370476
v112_s0402,112,402,5,10,0,6.666666222222252e-08,0.00016254735237453133,0.9998577833175659
v112_s0403,112,403,8,18,0,3.846153698224858e-08,0.00025819119764491916,0.9999988079071045
v112_s0404,112,404,0,16,0,6.249999609375024e-08,0.0002543983282521367,0.9999967813491821
v112_s0405,112,405,0,11,0,9.090908264462886e-08,0.00017334175936412066,0.9980078339576721
v112_s0406,112,406,0,6,0,1.666666388888935e-07,9.318200318375602e-05,0.9878628253936768
v112_s0407,112,407,0,0,0,1.0,3.72528052139387e-06,0.05286189168691635
v112_s0408,112,408,0,0,0,1.0,4.888820058113197e-06,0.1687634289264679
v112_s0409,112,409,0,0,0,1.0,5.45770319604344e-07,0.006829945836216211
v112_s0410,112,410,0,0,0,1.0,3.456047750205471e-07,0.0013163064140826464
v112_s0411,112,411,0,0,0,1.0,3.4798077308551e-07,0.001548085012473166
v112_s0412,112,412,0,0,0,1.0,3.544705293734296e-07,0.0011926202569156885
v112_s0413,112,413,0,0,0,1.0,3.287704828380811e-07,0.0005966153112240136
v112_s0414,112,414,0,0,0,1.0,5.084253871245892e-07,0.002077165525406599
v112_s0415,112,415,0,6,0,1.666666388888935e-07,9.788604074856266e-05,0.9977495074272156
v112_s0416,112,416,9,13,3,0.27272730578512244,0.0002282899513375014,0.9999730587005615
v112_s0417,112,417,14,14,9,0.6428571556122444,0.0002292056306032464,0.9999622106552124
v112_s0418,112,418,21,20,19,0.9268292700773348,0.00031689039315097034,0.9999994039535522
v112_s0419,112,419,17,26,16,0.7441860524607895,0.00041398225584998727,1.0
v112_s0420,112,420,21,36,20,0.7017543911972913,0.0005346174002625048,1.0
v112_s0421,112,421,14,30,14,0.636363644628099,0.0004527184064500034,1.0
v112_s0422,112,422,12,10,9,0.8181818264462807,0.000176080473465845,0.9999959468841553
v112_s0423,112,423,0,0,0,1.0,5.112269150231441e-07,0.0026043644174933434
v112_s0424,112,424,0,0,0,1.0,4.002986315754242e-07,0.002390541136264801
v112_s0425,112,425,0,0,0,1.0,3.5147940025126445e-07,0.0013794985134154558
v112_s0426,112,426,0,0,0,1.0,5.796591722173616e-07,0.004271057900041342
v112_s0427,112,427,0,1,0,9.99999000001e-07,1.7150812709587626e-05,0.6653807163238525
v112_s0428,112,428,0,4,0,2.499999375000156e-07,7.466060924343765e-05,0.972024142742157
v112_s0429,112,429,0,0,0,1.0,8.355054319508781e-07,0.012528598308563232
v112_s0430,112,430,0,0,0,1.0,5.245494207883894e-07,0.0022900858893990517
v112_s0431,112,431,0,0,0,1.0,1.2310001693549566e-05,0.4783956706523895
v112_s0432,112,432,0,0,0,1.0,2.2187497961567715e-05,0.49361303448677063
v112_s0433,112,433,0,10,0,9.9999990000001e-08,0.00018420099513605237,0.9931269884109497
v112_s0434,112,434,0,0,0,1.0,3.910679151886143e-05,0.31167519092559814
v112_s0435,112,435,0,0,0,1.0,3.273053516750224e-05,0.3965955376625061
v112_s0436,112,436,0,0,0,1.0,3.7317151964089135e-06,0.02888604998588562
v112_s0437,112,437,0,0,0,1.0,4.6351487981155515e-06,0.08528589457273483
v112_s0438,112,438,0,2,0,4.99999750000125e-07,4.0066890505841e-05,0.8009151816368103
v112_s0439,112,439,0,13,0,7.692307100591761e-08,0.0001979618682526052,0.9914585947990417
v112_s0440,112,440,0,15,0,6.666666222222252e-08,0.00024008136824704707,0.9963410496711731
v112_s0441,112,441,0,12,0,8.333332638888946e-08,0.00020088840392418206,0.9893102645874023
v112_s0442,112,442,0,0,0,1.0,4.16966577176936e-05,0.41720178723335266
v112_s0443,112,443,0,4,0,2.499999375000156e-07,7.3213544965256e-05,0.9636313915252686
v112_s0444,112,444,0,8,0,1.2499998437500196e-07,0.0001233779184985906,0.9999233484268188
v112_s0445,112,445,0,8,0,1.2499998437500196e-07,0.00014879960508551449,0.9999526739120483
v112_s0446,112,446,0,7,0,1.428571224489825e-07,0.00011469071614556015,0.9992231130599976
v112_s0447,112,447,0,0,0,1.0,3.1032857350510312e-06,0.04457199200987816
v112_s0448,112,448,0,4,0,2.499999375000156e-07,7.391857798211277e-05,0.9939864873886108
v112_s0449,112,449,0,2,0,4.99999750000125e-07,3.749844472622499e-05,0.913972795009613
v112_s0450,112,450,3,19,2,0.18181821900826278,0.00031498505268245935,0.999996542930603
v112_s0451,112,451,8,2,1,0.20000007999999203,7.625687430845574e-05,0.9300195574760437
v112_s0452,112,452,9,1,0,9.9999990000001e-08,7.045689562801272e-05,0.6074972748756409
v112_s0453,112,453,11,2,0,7.692307100591761e-08,4.983321559848264e-05,0.7360270619392395
v112_s0454,112,454,14,0,0,7.142856632653097e-08,7.105227268766612e-06,0.053395628929138184
v112_s0455,112,455,6,13,5,0.5263158144044308,0.00021768765873275697,0.9998809099197388
v112_s0456,112,456,3,0,0,3.3333322222225924e-07,4.1400660848012194e-05,0.4902869164943695
v112_s0457,112,457,0,30,0,3.3333332222222255e-08,0.0004911797004751861,0.9999063014984131
v112_s0458,112,458,0,0,0,1.0,4.1467181290499866e-05,0.3250586688518524
v112_s0459,112,459,0,0,0,1.0,6.6404190874891356e-06,0.03879527375102043
v112_s0460,112,460,0,12,0,8.333332638888946e-08,0.00026838117628358305,0.9466529488563538
v112_s0461,112,461,0,40,0,2.4999999375000016e-08,0.0006150845438241959,0.9991437196731567
v112_s0462,112,462,0,77,0,1.2987012818350482e-08,0.001237583695910871,0.9999978542327881
v112_s0463,112,463,0,52,0,1.923076886094675e-08,0.0008451247704215348,0.9999922513961792
v112_s0464,112,464,0,36,0,2.7777777006172862e-08,0.0005366340628825128,0.9969074130058289
v112_s0465,112,465,0,0,0,1.0,1.0484677659405861e-05,0.17981919646263123
v112_s0466,112,466,0,0,0,1.0,2.2970309146330692e-05,0.3963946998119354
v112_s0467,112,467,0,0,0,1.0,1.9394732589717023e-05,0.37294724583625793
v112_s0468,112,468,0,12,0,8.333332638888946e-08,0.00019428961968515068,0.9445290565490723
v112_s0469,112,469,0,0,0,1.0,9.025689564623463e-07,0.0030996245332062244
v112_s0470,112,470,0,0,0,1.0,1.8120991853720625e-06,0.03104582615196705
v112_s0471,112,471,0,0,0,1.0,1.1651849263216718e-06,0.0068054781295359135
v112_s0472,112,472,0,12,0,8.333332638888946e-08,0.00018229585839435458,0.9869371056556702
v112_s0473,112,473,0,0,0,1.0,4.9558866521692835e-06,0.06375493854284286
v112_s0474,112,474,0,29,0,3.4482757431629055e-08,0.00044339121086522937,0.9999977350234985
v112_s0475,112,475,0,7,0,1.428571224489825e-07,0.0001176000660052523,0.9473056197166443
v112_s0476,112,476,0,0,0,1.0,3.7166773836361244e-06,0.08813629299402237
v112_s0477,112,477,0,9,0,1.1111109876543348e-07,0.00022536717006005347,0.9638471007347107
v112_s0478,112,478,0,0,0,1.0,3.1277190828404855e-06,0.025328751653432846
v112_s0479,112,479,0,0,0,1.0,8.281508598884102e-07,0.0028591034933924675
v112_s0480,112,480,0,0,0,1.0,5.5241653171833605e-06,0.10665000230073929
v112_s0481,112,481,0,3,0,3.3333322222225924e-07,5.3107527492102236e-05,0.9393070936203003
v112_s0482,112,482,0,8,0,1.2499998437500196e-07,0.00013720785500481725,0.9993979930877686
v112_s0483,112,483,0,6,0,1.666666388888935e-07,8.897450607037172e-05,0.9839577674865723
v112_s0484,112,484,0,28,0,3.571428443877555e-08,0.00042387022404000163,1.0
v112_s0485,112,485,0,19,0,5.263157617728546e-08,0.00028701641713269055,1.0
v112_s0486,112,486,0,16,0,6.249999609375024e-08,0.0002495890948921442,0.9999998807907104
v112_s0487,112,487,0,3,0,3.3333322222225924e-07,4.757924398290925e-05,0.8550571203231812
v112_s0488,112,488,0,0,0,1.0,7.888374057074543e-06,0.2047857940196991
v112_s0489,112,489,0,0,0,1.0,1.3042855471212533e-06,0.005185054615139961
v112_s0490,112,490,0,0,0,1.0,2.9691846066270955e-06,0.044293977320194244
v112_s0491,112,491,0,0,0,1.0,1.442381858396402e-06,0.005305444356054068
v112_s0492,112,492,0,0,0,1.0,1.8850682863558177e-06,0.006838691420853138
v112_s0493,112,493,0,2,0,4.99999750000125e-07,6.534125714097172e-05,0.9137397408485413
v112_s0494,112,494,0,4,0,2.499999375000156e-07,7.034878217382357e-05,0.9827558994293213
v112_s0495,112,495,0,0,0,1.0,1.16356682156038e-06,0.0036485702730715275
v112_s0496,112,496,0,0,0,1.0,8.010124474822078e-07,0.001642514718696475
v112_s0497,112,497,0,0,0,1.0,3.916507466783514e-06,0.08024651557207108
v112_s0498,112,498,0,8,0,1.2499998437500196e-07,0.0001142170513048768,0.9895468354225159
v112_s0499,112,499,0,9,0,1.1111109876543348e-07,0.00013729640340898186,0.9992218017578125
v112_s0500,112,500,0,17,0,5.882352595155729e-08,0.0002637323341332376,1.0
v112_s0501,112,501,0,17,0,5.882352595155729e-08,0.00025315670063719153,1.0
v112_s0502,112,502,0,18,0,5.555555246913597e-08,0.0002640192105900496,0.9999997615814209
v112_s0503,112,503,0,0,0,1.0,1.7452097381465137e-05,0.43444952368736267
v112_s0504,112,504,0,15,0,6.666666222222252e-08,0.00021564675262197852,0.9999992847442627
v112_s0505,112,505,0,23,0,4.347825897920613e-08,0.00034396658884361386,1.0
v112_s0506,112,506,0,7,0,1.428571224489825e-07,0.00010218041279586032,0.9269669651985168
v112_s0507,112,507,0,2,0,4.99999750000125e-07,5.212224641581997e-05,0.8888108134269714
v112_s0508,112,508,0,30,0,3.3333332222222255e-08,0.00047930568689480424,0.9996368885040283
v112_s0509,112,509,0,21,0,4.761904535147403e-08,0.00033653006539680064,0.9999120235443115
v112_s0510,112,510,0,17,0,5.882352595155729e-08,0.0002837150532286614,0.9992250204086304
v112_s0511,112,511,0,1,0,9.99999000001e-07,3.4971315471921116e-05,0.7040088772773743
v112_s0512,112,512,0,9,0,1.1111109876543348e-07,0.00015594916476402432,0.9874717593193054
v112_s0513,112,513,0,3,0,3.3333322222225924e-07,7.701479626121e-05,0.768728494644165
v112_s0514,112,514,0,0,0,1.0,2.404308816039702e-06,0.057748887687921524
v112_s0515,112,515,0,13,0,7.692307100591761e-08,0.00022729607007931918,0.9999954700469971
v112_s0516,112,516,0,44,0,2.2727272210743815e-08,0.0006952518015168607,1.0
v112_s0517,112,517,0,11,0,9.090908264462886e-08,0.00019540751236490905,0.9984163045883179
v112_s0518,112,518,0,1,0,9.99999000001e-07,8.307879761559889e-05,0.6468913555145264
v112_s0519,112,519,0,7,0,1.428571224489825e-07,0.00010340315202483907,0.9985570311546326
v112_s0520,112,520,0,5,0,1.99999960000008e-07,8.376436016988009e-05,0.9838911890983582
v112_s0521,112,521,0,3,0,3.3333322222225924e-07,5.236253127804957e-05,0.9169174432754517
v112_s0522,112,522,0,6,0,1.666666388888935e-07,9.552967821946368e-05,0.9991269707679749
v112_s0523,112,523,0,0,0,1.0,5.114632585900836e-06,0.10846366733312607
v112_s0524,112,524,0,11,0,9.090908264462886e-08,0.00015028838242869824,0.9974666833877563
v112_s0525,112,525,0,0,0,1.0,1.090924342861399e-05,0.35603636503219604
v112_s0526,112,526,0,9,0,1.1111109876543348e-07,0.00013163404946681112,0.9991820454597473
v112_s0527,112,527,0,16,0,6.249999609375024e-08,0.00023317716841120273,0.9999994039535522
v112_s0528,112,528,0,21,0,4.761904535147403e-08,0.0003286231658421457,0.9999997615814209
v112_s0529,112,529,0,12,0,8.333332638888946e-08,0.00017206765187438577,0.9976733326911926
v112_s0530,112,530,0,0,0,1.0,9.783900623006048e-07,0.006737451069056988
v112_s0531,112,531,0,0,0,1.0,1.8599323539092438e-06,0.025587573647499084
v112_s0532,112,532,0,0,0,1.0,4.964985691913171e-06,0.08072076737880707
v112_s0533,112,533,0,11,0,9.090908264462886e-08,0.0001710908836685121,0.9994557499885559
v112_s0534,112,534,0,20,0,4.999999750000012e-08,0.0002965899766422808,0.999803364276886
v112_s0535,112,535,0,10,0,9.9999990000001e-08,0.0001448199327569455,0.9999600648880005
v112_s0536,112,536,0,13,0,7.692307100591761e-08,0.00019710732158273458,0.9999698400497437
v112_s0537,112,537,0,1,0,9.99999000001e-07,2.8809252398787066e-05,0.5455465316772461
v112_s0538,112,538,0,0,0,1.0,8.749528319640376e-07,0.00364530086517334
v112_s0539,112,539,0,0,0,1.0,5.848489195159345e-07,0.0007347040809690952
v112_s0540,112,540,0,0,0,1.0,8.288093908959127e-07,0.0026782318018376827
v112_s0541,112,541,0,0,0,1.0,1.1529079984029522e-06,0.003869613166898489
v112_s0542,112,542,0,0,0,1.0,9.228693897966878e-07,0.003058761591091752
v112_s0543,112,543,0,0,0,1.0,5.40340465704503e-07,0.0014880861854180694
v112_s0544,112,544,0,0,0,1.0,4.3646340941450035e-07,0.0004113803443033248
v112_s0545,112,545,0,0,0,1.0,4.1778372406042763e-07,0.00033712698495946825
v112_s0546,112,546,0,0,0,1.0,5.637095341626264e-07,0.004773538559675217
v112_s0547,112,547,0,0,0,1.0,3.843796889668738e-07,0.0002450793399475515
v112_s0548,112,548,0,0,0,1.0,4.202174750389531e-07,0.0005241185426712036
v112_s0549,112,549,0,0,0,1.0,5.694594165106537e-07,0.0017433463362976909
v112_s0550,112,550,0,0,0,1.0,4.6645988049931475e-07,0.0002896926016546786
v112_s0551,112,551,0,0,0,1.0,5.837503067596117e-07,0.0011791583383455873
v112_s0552,112,552,0,0,0,1.0,4.281370138414786e-07,0.0007061460637487471
v112_s0553,112,553,0,0,0,1.0,4.426259465617477e-07,0.00043092292617075145
v112_s0554,112,554,0,0,0,1.0,4.60767353160918e-07,0.0005002476391382515
v112_s0555,112,555,0,0,0,1.0,3.833204686998215e-07,0.0004055424651596695
v112_s0556,112,556,0,0,0,1.0,3.804514676630788e-07,0.0002824586699716747
v112_s0557,112,557,0,0,0,1.0,3.487289745862654e-07,0.00018899647693615407
v112_s0558,112,558,0,0,0,1.0,3.8693593751304434e-07,0.0009190964046865702
v112_s0559,112,559,0,0,0,1.0,1.1834932820420363e-06,0.00993275549262762
v112_s0560,112,560,0,0,0,1.0,3.5467081715978566e-07,0.0004653022042475641
v112_s0561,112,561,0,0,0,1.0,3.003531219292199e-07,6.370909977704287e-05
v112_s0562,112,562,0,0,0,1.0,3.3328331028315006e-07,0.00019601736858021468
v112_s0563,112,563,0,0,0,1.0,6.609456022488303e-07,0.002847026102244854
v112_s0564,112,564,0,0,0,1.0,4.259602235379134e-07,0.000825541908852756
v112_s0565,112,565,0,0,0,1.0,3.626022646585625e-07,0.00021328819275368005
v112_s0566,112,566,0,0,0,1.0,3.0030966513550084e-07,0.0001595813810126856
v112_s0567,112,567,0,0,0,1.0,5.339255153558042e-07,0.0013331249356269836
v112_s0568,112,568,0,0,0,1.0,6.246107204788132e-07,0.0024487844202667475
v112_s0569,112,569,0,0,0,1.0,7.808678788023826e-07,0.0014618746936321259
v112_s0570,112,570,0,0,0,1.0,5.490266516972042e-07,0.0009731394820846617
v112_s0571,112,571,0,0,0,1.0,5.56088082248607e-07,0.0025317783001810312
v112_s0572,112,572,0,0,0,1.0,1.1731942777259974e-06,0.006993541959673166
v112_s0573,112,573,0,0,0,1.0,7.052202590784873e-07,0.003010184271261096
v112_s0574,112,574,0,0,0,1.0,9.88578676697216e-07,0.0076802377589046955
v112_s0575,112,575,0,0,0,1.0,8.507299753546249e-07,0.003787689609453082
v112_s0576,112,576,0,0,0,1.0,4.924432914776844e-07,0.003129021031782031
v112_s0577,112,577,0,0,0,1.0,8.052819566728431e-07,0.011821295134723186
v112_s0578,112,578,0,0,0,1.0,7.589301276311744e-07,0.011095978319644928
v112_s0579,112,579,0,0,0,1.0,7.521690008616133e-07,0.010666808113455772
v112_s0580,112,580,0,0,0,1.0,6.036988224877859e-07,0.006588236428797245
v112_s0581,112,581,0,0,0,1.0,7.736457519058604e-07,0.006829962134361267
v112_s0582,112,582,0,0,0,1.0,4.5644836177416437e-07,0.0015208414988592267
v112_s0583,112,583,0,0,0,1.0,4.376604749722901e-07,0.0008754297159612179
v112_s0584,112,584,0,0,0,1.0,8.480307087666006e-07,0.009255757555365562
v112_s0585,112,585,0,0,0,1.0,5.566113259192207e-07,0.0013772151432931423
v112_s0586,112,586,0,0,0,1.0,3.935622316930676e-07,0.000524992763530463
v112_s0587,112,587,0,0,0,1.0,5.086096734885359e-07,0.0006336926016956568
v112_s0588,112,588,0,0,0,1.0,1.2579712347360328e-06,0.007259048987179995
v112_s0589,112,589,0,0,0,1.0,5.141939709574217e-07,0.0006130256806500256
v112_s0590,112,590,0,0,0,1.0,4.211885311633523e-07,0.0002168934588553384
v112_s0591,112,591,0,0,0,1.0,3.9860742617747746e-07,0.0005980374990031123
v112_s0592,112,592,0,0,0,1.0,4.808949825019226e-07,0.0007942280499264598
v112_s0593,112,593,0,0,0,1.0,4.959051125297265e-07,0.000802058435510844
v112_s0594,112,594,0,0,0,1.0,5.611994993159897e-07,0.0007126439013518393
v112_s0595,112,595,0,0,0,1.0,8.909004236556939e-07,0.009534873999655247
v112_s0596,112,596,0,0,0,1.0,2.3610286916664336e-06,0.007687756326049566
v112_s0597,112,597,0,0,0,1.0,9.968391168513335e-06,0.06347808986902237
v112_s0598,112,598,0,0,0,1.0,1.7123621773862396e-06,0.008844970725476742
v112_s0599,112,599,0,0,0,1.0,6.908308023412246e-07,0.001267173676751554
v112_s0600,112,600,0,0,0,1.0,7.728439186394098e-07,0.0019538267515599728
v112_s0601,112,601,0,0,0,1.0,8.450962241113302e-07,0.0010137048084288836
v112_s0602,112,602,0,0,0,1.0,8.805226343611139e-07,0.004235472995787859
v112_s0603,112,603,0,0,0,1.0,1.023836261992983e-06,0.0088889691978693
v112_s0604,112,604,0,0,0,1.0,1.0008135404859786e-06,0.007945526391267776
v112_s0605,112,605,0,0,0,1.0,8.780021403254068e-07,0.006667250767350197
v112_s0606,112,606,0,0,0,1.0,1.0123933407157892e-06,0.001999585423618555
v112_s0607,112,607,0,0,0,1.0,1.0153481753150118e-06,0.0029966402798891068
v112_s0608,112,608,0,0,0,1.0,1.1906428198926733e-06,0.0051877461373806
v112_s0609,112,609,0,0,0,1.0,1.3780929748463677e-06,0.0032261917367577553
v112_s0610,112,610,0,0,0,1.0,1.6575750123593025e-06,0.01643611490726471
v112_s0611,112,611,0,0,0,1.0,2.5299361823272193e-06,0.07969299703836441
v112_s0612,112,612,0,0,0,1.0,2.4608686999272322e-06,0.0661265179514885
v112_s0613,112,613,0,0,0,1.0,1.6230166011155234e-06,0.015381033532321453
v112_s0614,112,614,0,0,0,1.0,1.264263914890762e-06,0.0045815082266926765
v112_s0615,112,615,0,0,0,1.0,1.824342689360492e-06,0.008064832538366318
v112_s0616,112,616,0,0,0,1.0,1.790290980352438e-06,0.00630057230591774
v112_s0617,112,617,0,0,0,1.0,1.5069997516548028e-06,0.007307813037186861
v112_s0618,112,618,0,0,0,1.0,1.4345253021019744e-06,0.010473556816577911
v112_s0619,112,619,0,0,0,1.0,1.0049334377981722e-06,0.006114847492426634
v112_s0620,112,620,0,0,0,1.0,1.036998810377554e-06,0.0014734762953594327
v112_s0621,112,621,0,0,0,1.0,8.668068289807707e-07,0.00105063256341964
v112_s0622,112,622,0,0,0,1.0,6.710537263643346e-07,0.0009735447238199413
v112_s0623,112,623,0,0,0,1.0,7.538153568020789e-07,0.0008041606051847339
v112_s0624,112,624,0,0,0,1.0,1.028569840855198e-06,0.0018818221287801862
v112_s0625,112,625,0,0,0,1.0,1.0765138540591579e-06,0.0032975305803120136
v112_s0626,112,626,0,0,0,1.0,9.134623724094126e-07,0.005729749333113432
v112_s0627,112,627,0,0,0,1.0,7.902116294644657e-07,0.0026062377728521824
v112_s0628,112,628,0,0,0,1.0,1.0550244269325049e-06,0.0067922151647508144
v112_s0629,112,629,0,0,0,1.0,9.957817610484199e-07,0.009017500095069408
v112_s0630,112,630,0,0,0,1.0,8.416923833465262e-07,0.006988897919654846
v112_s0631,112,631,0,0,0,1.0,9.784689609659836e-07,0.0050847530364990234
v112_s0632,112,632,0,0,0,1.0,8.855423061504553e-07,0.0030756548512727022
v112_s0633,112,633,0,0,0,1.0,8.216046580855618e-07,0.0019094168674200773
v112_s0634,112,634,0,0,0,1.0,1.540233370178612e-06,0.007364853285253048
v112_s0635,112,635,0,0,0,1.0,8.557120736440993e-07,0.0024153050035238266
v112_s0636,112,636,0,0,0,1.0,9.316905220657645e-07,0.0008382960222661495
v112_s0637,112,637,0,0,0,1.0,4.707651896751486e-06,0.055397167801856995
v112_s0638,112,638,0,0,0,1.0,1.3256698139230139e-06,0.0022258891258388758
v112_s0639,112,639,0,3,0,3.3333322222225924e-07,5.225728455116041e-05,0.5588937997817993
v112_s0640,112,640,0,0,0,1.0,2.4403250336035853e-06,0.010790576227009296
v112_s0641,112,641,0,0,0,1.0,7.95297069089429e-07,0.0005938686081208289
v112_s0642,112,642,0,0,0,1.0,8.227283387896023e-07,0.0015038915444165468
v112_s0643,112,643,0,0,0,1.0,1.179373612103518e-06,0.003722810186445713
v112_s0644,112,644,0,0,0,1.0,9.041491466632579e-07,0.0015334660420194268
v112_s0645,112,645,0,0,0,1.0,7.084138360369252e-07,0.0011882681865245104
v112_s0646,112,646,0,0,0,1.0,7.795010787958745e-07,0.0016292427899315953
v112_s0647,112,647,0,0,0,1.0,8.934254651649098e-07,0.0012835952220484614
v112_s0648,112,648,0,0,0,1.0,8.3417455698509e-07,0.002161382930353284
v112_s0649,112,649,0,0,0,1.0,5.179066420168965e-07,0.0003734497877303511
v112_s0650,112,650,0,0,0,1.0,5.128791826791712e-07,0.0004537775239441544
v112_s0651,112,651,0,0,0,1.0,5.555376674237777e-07,0.0004982477403245866
v112_s0652,112,652,0,0,0,1.0,6.384066182363313e-07,0.0007491026190109551
v112_s0653,112,653,0,0,0,1.0,6.204834903655865e-07,0.0008164719329215586
v112_s0654,112,654,0,0,0,1.0,6.75784235681931e-07,0.0012598003959283233
v112_s0655,112,655,0,0,0,1.0,7.362689871115435e-07,0.0018943928880617023
v112_s0656,112,656,0,0,0,1.0,5.896666834814823e-07,0.0013113393215462565
v112_s0657,112,657,0,0,0,1.0,1.005364765660488e-06,0.002204648219048977
v112_s0658,112,658,0,0,0,1.0,7.401701509479608e-07,0.0024769078008830547
v112_s0659,112,659,0,0,0,1.0,1.0814713959916844e-06,0.0028625016566365957
v112_s0660,112,660,0,0,0,1.0,7.037076557026012e-07,0.0010209388565272093
v112_s0661,112,661,0,0,0,1.0,1.0685494089557324e-06,0.0016283387085422873
v112_s0662,112,662,0,0,0,1.0,1.4994204775575781e-06,0.004615744110196829
v112_s0663,112,663,0,0,0,1.0,1.5612124570907326e-06,0.005269403103739023
v112_s0664,112,664,0,0,0,1.0,1.5025600532680983e-06,0.00396437244489789
v112_s0665,112,665,0,0,0,1.0,1.0908615877269767e-06,0.002305876463651657
v112_s0666,112,666,0,0,0,1.0,1.0470745337443077e-06,0.002365252934396267
v112_s0667,112,667,0,0,0,1.0,7.368856813627644e-07,0.0012931240489706397
v112_s0668,112,668,0,0,0,1.0,9.413978432348813e-07,0.004573825281113386
v112_s0669,112,669,0,0,0,1.0,8.286252182188036e-07,0.0011300083715468645
v112_s0670,112,670,0,0,0,1.0,1.0406728279122035e-06,0.003941050264984369
v112_s0671,112,671,0,0,0,1.0,1.3276401205075672e-06,0.008019800297915936
v112_s0672,112,672,0,0,0,1.0,9.915695500239963e-07,0.0037127432879060507
v112_s0673,112,673,0,0,0,1.0,1.0680187187972479e-06,0.003552129492163658
v112_s0674,112,674,0,0,0,1.0,7.442777132382616e-07,0.0008466087747365236
v112_s0675,112,675,0,0,0,1.0,9.42521410252084e-07,0.0009199967025779188
v112_s0676,112,676,0,0,0,1.0,9.710927315609297e-07,0.0013066852698102593
v112_s0677,112,677,0,0,0,1.0,7.842906484256673e-07,0.0012317231157794595
v112_s0678,112,678,0,0,0,1.0,9.960051556845428e-07,0.00443655252456665
v112_s0679,112,679,0,0,0,1.0,1.1474242000986123e-06,0.0028157318010926247
v112_s0680,112,680,0,0,0,1.0,9.686036719358526e-07,0.0034381139557808638
v112_s0681,112,681,0,3,0,3.3333322222225924e-07,6.0532511270139366e-05,0.7652459144592285
v112_s0682,112,682,0,0,0,1.0,1.300780581914296e-06,0.0026250288356095552
v112_s0683,112,683,0,0,0,1.0,2.0992881673009833e-06,0.005207771901041269
v112_s0684,112,684,0,0,0,1.0,1.7375760990034905e-06,0.006622572895139456
v112_s0685,112,685,0,0,0,1.0,1.218189936480485e-06,0.0011832588352262974
v112_s0686,112,686,0,0,0,1.0,9.961918294720817e-07,0.0009010174544528127
v112_s0687,112,687,0,0,0,1.0,1.0553148968028836e-06,0.0016750185750424862
v112_s0688,112,688,0,0,0,1.0,1.749048124111141e-06,0.010002478025853634
v112_s0689,112,689,0,0,0,1.0,2.4673895495652687e-06,0.016893794760107994
v112_s0690,112,690,0,0,0,1.0,2.8808080969611183e-06,0.02732202038168907
v112_s0691,112,691,0,7,0,1.428571224489825e-07,0.00011247584916418418,0.8450740575790405
v112_s0692,112,692,0,0,0,1.0,3.064461634494364e-05,0.4540272355079651
v112_s0693,112,693,0,0,0,1.0,4.436577910382766e-06,0.047154925763607025
v112_s0694,112,694,0,0,0,1.0,1.5840860214666463e-06,0.006131431553512812
v112_s0695,112,695,0,0,0,1.0,2.8002307317365194e-06,0.011688679456710815
v112_s0696,112,696,0,0,0,1.0,2.41145880863769e-06,0.014904375188052654
v112_s0697,112,697,0,0,0,1.0,2.0310887975938385e-06,0.008122679777443409
v112_s0698,112,698,0,0,0,1.0,3.958114575652871e-06,0.024870842695236206
v112_s0699,112,699,0,0,0,1.0,2.3897987375676166e-06,0.01412421278655529
v112_s0700,112,700,0,0,0,1.0,1.3039386885793647e-06,0.004197076894342899
v112_s0701,112,701,0,0,0,1.0,1.2990055893169483e-06,0.004544029477983713
v112_s0702,112,702,0,0,0,1.0,2.3514130589319393e-06,0.006714899092912674
v112_s0703,112,703,0,0,0,1.0,1.486698238295503e-06,0.007146499119699001
v112_s0704,112,704,0,0,0,1.0,1.15450484372559e-06,0.0028323910664767027
v112_s0705,112,705,0,0,0,1.0,1.3116454056216753e-06,0.0028491197153925896
v112_s0706,112,706,0,0,0,1.0,1.8570815427665366e-06,0.008635196834802628
v112_s0707,112,707,0,0,0,1.0,2.0528389086393872e-06,0.006810472812503576
v112_s0708,112,708,0,0,0,1.0,1.3947849311080063e-06,0.002630043774843216
v112_s0709,112,709,0,0,0,1.0,2.041000925601111e-06,0.01885002851486206
v112_s0710,112,710,0,0,0,1.0,2.6554521355137695e-06,0.015743521973490715
v112_s0711,112,711,0,0,0,1.0,1.4654674487246666e-06,0.004710453096777201
v112_s0712,112,712,0,0,0,1.0,1.3401424894254887e-06,0.006865783594548702
v112_s0713,112,713,0,0,0,1.0,1.1044453458453063e-06,0.002048168797045946
v112_s0714,112,714,0,0,0,1.0,1.4220636330719572e-06,0.003356372471898794
v112_s0715,112,715,0,0,0,1.0,1.642601887397177e-06,0.007073353510349989
v112_s0716,112,716,0,0,0,1.0,1.4159468264551833e-06,0.0016686710296198726
v112_s0717,112,717,0,0,0,1.0,1.1642016488622176e-06,0.0033446229062974453
v112_s0718,112,718,0,0,0,1.0,9.825794222706463e-07,0.00227035628631711
v112_s0719,112,719,0,0,0,1.0,9.569441772327991e-07,0.0014555167872458696
v112_s0720,112,720,0,0,0,1.0,9.672482974565355e-07,0.0023762951605021954
v112_s0721,112,721,0,0,0,1.0,1.1360411917848978e-06,0.001904220669530332
v112_s0722,112,722,0,0,0,1.0,1.273615453101229e-06,0.002136342925950885
v112_s0723,112,723,0,0,0,1.0,1.0535466117289616e-06,0.0014598415000364184
v112_s0724,112,724,0,0,0,1.0,1.3211422356107505e-06,0.001561652636155486
v112_s0725,112,725,0,0,0,1.0,3.2195309813687345e-06,0.023689797148108482
v112_s0726,112,726,0,0,0,1.0,7.3173459895770065e-06,0.09114507585763931
v112_s0727,112,727,0,2,0,4.99999750000125e-07,5.075129956821911e-05,0.6370022892951965
v112_s0728,112,728,0,0,0,1.0,1.2333568975009257e-06,0.003454657504335046
v112_s0729,112,729,0,0,0,1.0,1.0378897741247783e-06,0.002694130642339587
v112_s0730,112,730,0,0,0,1.0,1.0332917099731276e-06,0.0038348110392689705
v112_s0731,112,731,0,0,0,1.0,1.0856433618755545e-06,0.006879142951220274
v112_s0732,112,732,0,0,0,1.0,1.9496355889714323e-06,0.020782768726348877
v112_s0733,112,733,0,0,0,1.0,1.1431066013756208e-06,0.005961865186691284
v112_s0734,112,734,0,0,0,1.0,9.225194617101806e-07,0.005282246042042971
v112_s0735,112,735,0,0,0,1.0,1.3292652738527977e-06,0.00715302862226963
v112_s0736,112,736,0,0,0,1.0,1.6233832411671756e-06,0.006805046461522579
v112_s0737,112,737,0,0,0,1.0,1.8013108729064697e-06,0.015356145799160004
v112_s0738,112,738,0,0,0,1.0,2.358568053750787e-06,0.014141806401312351
v112_s0739,112,739,0,0,0,1.0,1.35133404910448e-06,0.009283359162509441
v112_s0740,112,740,0,0,0,1.0,1.3173926163290162e-06,0.00867078173905611
v112_s0741,112,741,0,0,0,1.0,1.594347963873588e-06,0.011145380325615406
v112_s0742,112,742,0,0,0,1.0,1.3356689123611432e-06,0.008343270979821682
v112_s0743,112,743,0,0,0,1.0,1.4979011666582664e-06,0.00938478484749794
v112_s0744,112,744,0,0,0,1.0,1.5058833469083766e-06,0.009764588437974453
v112_s0745,112,745,0,0,0,1.0,1.7196389308082871e-06,0.011810371652245522
v112_s0746,112,746,0,0,0,1.0,2.4753289835643955e-06,0.01483435183763504
v112_s0747,112,747,0,0,0,1.0,4.1042476368602365e-06,0.04084758833050728
v112_s0748,112,748,0,0,0,1.0,2.221625436504837e-06,0.014592927880585194
v112_s0749,112,749,0,0,0,1.0,1.6237693216680782e-06,0.010431467555463314
v112_s0750,112,750,0,0,0,1.0,1.3201478168411995e-06,0.0066370186395943165
v113_s0000,113,0,0,0,0,1.0,4.653792984754546e-06,0.07247474044561386
v113_s0001,113,1,0,0,0,1.0,1.9561423414415913e-06,0.010218300856649876
v113_s0002,113,2,0,0,0,1.0,1.480890659877332e-06,0.006139643024653196
v113_s0003,113,3,0,0,0,1.0,1.1858793413921376e-06,0.0041753859259188175
v113_s0004,113,4,0,0,0,1.0,1.2041167565257638e-06,0.0038948541041463614
v113_s0005,113,5,0,0,0,1.0,1.0353564903198276e-06,0.001233029062859714
v113_s0006,113,6,0,0,0,1.0,1.0023609320342075e-06,0.0023293588310480118
v113_s0007,113,7,0,0,0,1.0,1.5074102748258156e-06,0.005306909326463938
v113_s0008,113,8,0,0,0,1.0,3.6455794543144293e-06,0.025992529466748238
v113_s0009,113,9,0,0,0,1.0,1.576576141815167e-05,0.38053300976753235
v113_s0010,113,10,0,0,0,1.0,4.858911324845394e-06,0.04424680396914482
v113_s0011,113,11,0,0,0,1.0,3.989661763625918e-06,0.02649795636534691
v113_s0012,113,12,0,0,0,1.0,2.954582669190131e-06,0.027561206370592117
v113_s0013,113,13,0,0,0,1.0,1.728120651023346e-06,0.003976741805672646
v113_s0014,113,14,0,0,0,1.0,1.5516480971200508e-06,0.004357344005256891
v113_s0015,113,15,0,0,0,1.0,1.5765933767397655e-06,0.004741620272397995
v113_s0016,113,16,0,0,0,1.0,1.6661317658872576e-06,0.009417214430868626
v113_s0017,113,17,0,0,0,1.0,1.8120096001439379e-06,0.003588091814890504
v113_s0018,113,18,0,0,0,1.0,1.743546476973279e-06,0.007414097897708416
v113_s0019,113,19,0,2,0,4.99999750000125e-07,3.867002305923961e-05,0.9407445788383484
v113_s0020,113,20,0,0,0,1.0,8.129669367917813e-06,0.26504722237586975
v113_s0021,113,21,0,0,0,1.0,4.235632786731003e-06,0.0448395237326622
v113_s0022,113,22,0,0,0,1.0,1.7651568668952677e-06,0.003284769831225276
v113_s0023,113,23,0,0,0,1.0,1.774914608176914e-06,0.0147478012368083
v113_s0024,113,24,0,0,0,1.0,2.185720632041921e-06,0.010223476216197014
v113_s0025,113,25,0,0,0,1.0,2.450858119118493e-06,0.029378460720181465
v113_s0026,113,26,0,0,0,1.0,3.5701975775737083e-06,0.04020419344305992
v113_s0027,113,27,0,0,0,1.0,7.121776889107423e-06,0.08504826575517654
v113_s0028,113,28,0,0,0,1.0,7.796344107191544e-06,0.07835005968809128
v113_s0029,113,29,0,0,0,1.0,7.785349225741811e-06,0.06765926629304886
v113_s0030,113,30,0,4,0,2.499999375000156e-07,7.648717291885987e-05,0.7863765954971313
v113_s0031,113,31,0,1,0,9.99999000001e-07,2.946718996099662e-05,0.621103048324585
v113_s0032,113,32,0,0,0,1.0,3.1771010981174186e-05,0.4844878017902374
v113_s0033,113,33,0,0,0,1.0,8.228925253206398e-06,0.10890869051218033
v113_s0034,113,34,0,0,0,1.0,7.000715413596481e-06,0.045921750366687775
v113_s0035,113,35,0,0,0,1.0,2.9936666123830946e-06,0.02526928298175335
v113_s0036,113,36,0,0,0,1.0,2.380501427978743e-06,0.005949977785348892
v113_s0037,113,37,0,0,0,1.0,1.578833871462848e-05,0.12295396625995636
v113_s0038,113,38,0,9,0,1.1111109876543348e-07,0.00016015877190511674,0.9221738576889038
v113_s0039,113,39,0,14,0,7.142856632653097e-08,0.00022975739557296038,0.9809266328811646
v113_s0040,113,40,0,4,0,2.499999375000156e-07,7.747684139758348e-05,0.7545420527458191
v113_s0041,113,41,0,0,0,1.0,1.9236151274526492e-05,0.2640831172466278
v113_s0042,113,42,0,0,0,1.0,1.7032834875863045e-05,0.12905485928058624
v113_s0043,113,43,0,0,0,1.0,2.4810984541545622e-05,0.24495521187782288
v113_s0044,113,44,0,0,0,1.0,1.1848516805912368e-05,0.07506495714187622
v113_s0045,113,45,0,0,0,1.0,8.25347797217546e-06,0.054204780608415604
v113_s0046,113,46,0,0,0,1.0,3.6194221593177645e-06,0.01857125200331211
v113_s0047,113,47,0,0,0,1.0,8.361145773960743e-06,0.052291080355644226
v113_s0048,113,48,0,0,0,1.0,1.0865360309253447e-05,0.08122619241476059
v113_s0049,113,49,0,0,0,1.0,5.520121248991927e-06,0.05219293385744095
v113_s0050,113,50,0,0,0,1.0,2.612472144392086e-06,0.016274116933345795
v113_s0051,113,51,0,0,0,1.0,2.1258945253066486e-06,0.009000489488244057
v113_s0052,113,52,0,0,0,1.0,3.7627974052156787e-06,0.022071845829486847
v113_s0053,113,53,0,0,0,1.0,3.1027889235701878e-06,0.01661211997270584
v113_s0054,113,54,0,0,0,1.0,4.379087840788998e-06,0.03063628077507019
v113_s0055,113,55,0,0,0,1.0,1.4598301277146675e-05,0.1113516241312027
v113_s0056,113,56,0,0,0,1.0,2.2314874513540417e-05,0.17882102727890015
v113_s0057,113,57,0,0,0,1.0,2.6504860215936787e-05,0.29515302181243896
v113_s0058,113,58,0,0,0,1.0,2.3650572984479368e-05,0.4193841814994812
v113_s0059,113,59,0,1,0,9.99999000001e-07,2.4861064957804047e-05,0.6290271282196045
v113_s0060,113,60,0,0,0,1.0,3.661057689896552e-06,0.012141254730522633
v113_s0061,113,61,0,0,0,1.0,1.989044903893955e-06,0.0048020463436841965
v113_s0062,113,62,0,0,0,1.0,2.1504047253984027e-06,0.008336873725056648
v113_s0063,113,63,0,0,0,1.0,2.4617095277790213e-06,0.0189827810972929
v113_s0064,113,64,0,0,0,1.0,1.7312286217929795e-06,0.005985009018331766
v113_s0065,113,65,0,0,0,1.0,1.3365779523155652e-06,0.00334643735550344
v113_s0066,113,66,0,0,0,1.0,1.559084239488584e-06,0.011363931931555271
v113_s0067,113,67,0,0,0,1.0,2.1939406451565446e-06,0.02402968890964985
v113_s0068,113,68,0,0,0,1.0,1.956852656803676e-06,0.016855372115969658
v113_s0069,113,69,0,0,0,1.0,1.504714418842923e-06,0.004276673309504986
v113_s0070,113,70,0,0,0,1.0,1.2495595456130104e-06,0.00162272690795362
v113_s0071,113,71,0,0,0,1.0,9.062721915142902e-07,0.0008014158811420202
v113_s0072,113,72,0,0,0,1.0,1.0051501249108696e-06,0.001721167122013867
v113_s0073,113,73,0,0,0,1.0,1.010559799397015e-06,0.0037331953644752502
v113_s0074,113,74,0,0,0,1.0,9.328137480224541e-07,0.001399876899085939
v113_s0075,113,75,0,0,0,1.0,1.5823961803107522e-06,0.0186549611389637
v113_s0076,113,76,0,0,0,1.0,1.4507384094031295e-06,0.011858583427965641
v113_s0077,113,77,0,0,0,1.0,1.1286083463346586e-06,0.0026191130746155977
v113_s0078,113,78,0,0,0,1.0,1.2929875765621546e-06,0.0033155332785099745
v113_s0079,113,79,0,0,0,1.0,1.910321998366271e-06,0.019927743822336197
v113_s0080,113,80,0,0,0,1.0,2.1789678612549324e-06,0.018058056011795998
v113_s0081,113,81,0,0,0,1.0,3.344785909575876e-06,0.034914180636405945
v113_s0082,113,82,0,0,0,1.0,1.9724498088180553e-06,0.0156415868550539
v113_s0083,113,83,0,0,0,1.0,1.7510585621494101e-06,0.007291786372661591
v113_s0084,113,84,0,0,0,1.0,2.005625219680951e-06,0.009559557773172855
v113_s0085,113,85,0,0,0,1.0,3.0867695386405103e-06,0.03761262819170952
v113_s0086,113,86,0,0,0,1.0,7.801916581229307e-06,0.11144150793552399
v113_s0087,113,87,0,0,0,1.0,3.483429827610962e-05,0.27793145179748535
v113_s0088,113,88,0,0,0,1.0,2.231674807262607e-05,0.17792092263698578
v113_s0089,113,89,0,0,0,1.0,4.358219939604169e-06,0.030705992132425308
v113_s0090,113,90,0,0,0,1.0,3.969394128944259e-06,0.04819217696785927
v113_s0091,113,91,0,0,0,1.0,3.7959996461722767e-06,0.024460047483444214
v113_s0092,113,92,0,0,0,1.0,5.627548489428591e-06,0.04764701798558235
v113_s0093,113,93,0,0,0,1.0,6.033806585037382e-06,0.04277710244059563
v113_s0094,113,94,0,0,0,1.0,4.101364993402967e-06,0.03742212429642677
v113_s0095,113,95,0,0,0,1.0,2.0657485038100276e-06,0.0037501598708331585
v113_s0096,113,96,0,0,0,1.0,1.7759535921868519e-06,0.006165151484310627
v113_s0097,113,97,0,0,0,1.0,6.562999260495417e-06,0.0637909322977066
v113_s0098,113,98,0,0,0,1.0,2.1064932298031636e-05,0.257018119096756
v113_s0099,113,99,0,0,0,1.0,1.0359290172345936e-05,0.07763227075338364
v113_s0100,113,100,0,0,0,1.0,4.556490239338018e-06,0.03924490138888359
v113_s0101,113,101,0,0,0,1.0,7.530627499363618e-06,0.056548744440078735
v113_s0102,113,102,0,0,0,1.0,4.495896519074449e-06,0.046557847410440445
v113_s0103,113,103,0,0,0,1.0,2.0227848835929763e-06,0.01179110910743475
v113_s0104,113,104,0,0,0,1.0,2.1856192688574083e-05,0.47148948907852173
v113_s0105,113,105,0,0,0,1.0,2.102564940287266e-05,0.4490964412689209
v113_s0106,113,106,0,4,0,2.499999375000156e-07,7.257973629748449e-05,0.8133803009986877
v113_s0107,113,107,0,0,0,1.0,4.427917883731425e-05,0.4922880530357361
v113_s0108,113,108,0,0,0,1.0,1.5947347492328845e-05,0.1836351454257965
v113_s0109,113,109,0,0,0,1.0,4.700214049080387e-06,0.03865385800600052
v113_s0110,113,110,0,0,0,1.0,4.353736585471779e-06,0.04007928445935249
v113_s0111,113,111,0,0,0,1.0,3.019249106728239e-06,0.025596674531698227
v113_s0112,113,112,0,0,0,1.0,3.284464582975488e-06,0.02421991154551506
v113_s0113,113,113,0,0,0,1.0,1.953606442839373e-06,0.008179225027561188
v113_s0114,113,114,0,0,0,1.0,1.96129985852167e-06,0.004709004890173674
v113_s0115,113,115,0,0,0,1.0,1.8439382074575406e-06,0.009817272424697876
v113_s0116,113,116,0,0,0,1.0,4.13450561609352e-06,0.026496289297938347
v113_s0117,113,117,0,0,0,1.0,1.8853647816285957e-06,0.009977690875530243
v113_s0118,113,118,0,0,0,1.0,2.9567313504230697e-06,0.03532109782099724
v113_s0119,113,119,0,0,0,1.0,6.731478606525343e-06,0.08471735566854477
v113_s0120,113,120,0,0,0,1.0,1.0532216947467532e-05,0.15164248645305634
v113_s0121,113,121,0,0,0,1.0,9.830798262555618e-06,0.1843564808368683
v113_s0122,113,122,0,0,0,1.0,2.252054400742054e-06,0.03374231234192848
v113_s0123,113,123,0,0,0,1.0,1.1820220606750809e-06,0.003012646920979023
v113_s0124,113,124,0,0,0,1.0,1.0994203876180109e-06,0.001938454108312726
v113_s0125,113,125,0,0,0,1.0,0.00011475478822831064,0.4057250916957855
v113_s0126,113,126,0,30,0,3.3333332222222255e-08,0.000523274764418602,0.8615577816963196
v113_s0127,113,127,0,0,0,1.0,5.977059117867611e-06,0.02448410727083683
v113_s0128,113,128,0,0,0,1.0,1.1402369182178518e-06,0.0018684043316170573
v113_s0129,113,129,0,0,0,1.0,1.789411726349499e-05,0.035549115389585495
v113_s0130,113,130,0,0,0,1.0,4.651104063668754e-06,0.013026043772697449
v113_s0131,113,131,0,9,0,1.1111109876543348e-07,0.00020714709535241127,0.6170459985733032
v113_s0132,113,132,0,26,0,3.846153698224858e-08,0.00043903556070290506,0.9111096262931824
v113_s0133,113,133,0,2,0,4.99999750000125e-07,5.1166469347663224e-05,0.6407867074012756
v113_s0134,113,134,0,0,0,1.0,1.9276141756563447e-05,0.18486306071281433
v113_s0135,113,135,0,0,0,1.0,5.5341224651783705e-05,0.1982869654893875
v113_s0136,113,136,0,0,0,1.0,3.698727141454583e-06,0.007371968124061823
v113_s0137,113,137,0,0,0,1.0,6.231370662135305e-06,0.021048275753855705
v113_s0138,113,138,0,0,0,1.0,4.370376700535417e-06,0.016388731077313423
v113_s0139,113,139,0,0,0,1.0,3.437759232838289e-06,0.016192583367228508
v113_s0140,113,140,0,0,0,1.0,3.876414211845258e-06,0.009840606711804867
v113_s0141,113,141,0,0,0,1.0,2.5754166017577518e-06,0.006576960906386375
v113_s0142,113,142,0,0,0,1.0,1.3489641332853353e-06,0.0020926890429109335
v113_s0143,113,143,0,0,0,1.0,1.301175871049054e-06,0.0017317035235464573
v113_s0144,113,144,0,0,0,1.0,1.1487624078654335e-06,0.00167076603975147
v113_s0145,113,145,0,0,0,1.0,1.991892077057855e-06,0.0021442314609885216
v113_s0146,113,146,0,0,0,1.0,1.1410631941544125e-06,0.0011878671357408166
v113_s0147,113,147,0,0,0,1.0,1.2956967339050607e-06,0.003696579486131668
v113_s0148,113,148,0,0,0,1.0,2.137514456990175e-06,0.016461674124002457
v113_s0149,113,149,0,0,0,1.0,1.1424924650782486e-06,0.00131179578602314
v113_s0150,113,150,0,64,0,1.562499975585938e-08,0.0009871042566373944,0.9720512628555298
v113_s0151,113,151,0,105,0,9.523809433106576e-09,0.0016948499251157045,0.99404376745224
v113_s0152,113,152,0,7,0,1.428571224489825e-07,0.00029976677615195513,0.5515848398208618
v113_s0153,113,153,0,0,0,1.0,2.94211122309207e-06,0.010618948377668858
v113_s0154,113,154,0,0,0,1.0,9.450304787606001e-05,0.23614773154258728
v113_s0155,113,155,0,222,0,4.5045044842139434e-09,0.003324120072647929,0.9911178946495056
v113_s0156,113,156,0,254,0,3.937007858515717e-09,0.0038450185675174,0.9969593286514282
v113_s0157,113,157,0,68,0,1.4705882136678204e-08,0.0012729227310046554,0.8906246423721313
v113_s0158,113,158,0,0,0,1.0,1.5760793758090585e-05,0.040562909096479416
v113_s0159,113,159,0,18,0,5.555555246913597e-08,0.0003479400766082108,0.7877432107925415
v113_s0160,113,160,0,18,0,5.555555246913597e-08,0.00036856307997368276,0.8108431100845337
v113_s0161,113,161,0,21,0,4.761904535147403e-08,0.00033659327891655266,0.998578667640686
v113_s0162,113,162,0,147,0,6.80272104215836e-09,0.002932812785729766,0.9999716281890869
v113_s0163,113,163,0,221,0,4.524886857353453e-09,0.00333209615200758,0.9982871413230896
v113_s0164,113,164,0,24,0,4.166666493055563e-08,0.0004186028381809592,0.9821089506149292
v113_s0165,113,165,0,8,0,1.2499998437500196e-07,0.0002489766338840127,0.9972225427627563
v113_s0166,113,166,0,72,0,1.3888888695987657e-08,0.001203379943035543,0.9944392442703247
v113_s0167,113,167,0,142,0,7.042253471533426e-09,0.0022284253500401974,0.9991926550865173
v113_s0168,113,168,0,38,0,2.6315788781163454e-08,0.0006420076242648065,0.9893354773521423
v113_s0169,113,169,0,0,0,1.0,2.5843819457804784e-05,0.14455482363700867
v113_s0170,113,170,0,0,0,1.0,0.00011527293099788949,0.47006580233573914
v113_s0171,113,171,0,45,0,2.2222221728395074e-08,0.0007600902463309467,0.9801769256591797
v113_s0172,113,172,0,26,0,3.846153698224858e-08,0.00043405574979260564,0.9700291156768799
v113_s0173,113,173,0,17,0,5.882352595155729e-08,0.0003046188794542104,0.8757498264312744
v113_s0174,113,174,0,7,0,1.428571224489825e-07,0.00019119010539725423,0.6149941682815552
v113_s0175,113,175,0,136,0,7.3529411224048445e-09,0.002018570201471448,0.9930617213249207
v113_s0176,113,176,0,64,0,1.562499975585938e-08,0.0009963343618437648,0.992312490940094
v113_s0177,113,177,0,26,0,3.846153698224858e-08,0.00042214090353809297,0.8228635787963867
v113_s0178,113,178,0,33,0,3.0303029384756685e-08,0.0005031366017647088,0.9187751412391663
v113_s0179,113,179,0,0,0,1.0,1.6760611742938636e-06,0.007038782350718975
v113_s0180,113,180,0,0,0,1.0,8.185211299860384e-07,0.0011412166059017181
v113_s0181,113,181,0,0,0,1.0,8.395742270295159e-07,0.0026051062159240246
v113_s0182,113,182,0,0,0,1.0,7.743506102997344e-07,0.0012005445314571261
v113_s0183,113,183,0,0,0,1.0,9.957107067748439e-07,0.001765403081662953
v113_s0184,113,184,0,0,0,1.0,9.173309649668226e-07,0.0031651181634515524
v113_s0185,113,185,0,0,0,1.0,1.0179982155023026e-06,0.0010980237275362015
v113_s0186,113,186,0,0,0,1.0,1.4996583104220917e-06,0.004844349808990955
v113_s0187,113,187,0,4,0,2.499999375000156e-07,6.485151243396103e-05,0.8523941040039062
v113_s0188,113,188,0,7,0,1.428571224489825e-07,9.346759179607034e-05,0.9572138786315918
v113_s0189,113,189,0,16,0,6.249999609375024e-08,0.00027355621568858624,0.9917888045310974
v113_s0190,113,190,0,0,0,1.0,1.332062538494938e-06,0.009572460316121578
v113_s0191,113,191,0,0,0,1.0,9.883580105451983e-07,0.0060650259256362915
v113_s0192,113,192,0,2,0,4.99999750000125e-07,4.3399701098678634e-05,0.6560029983520508
v113_s0193,113,193,0,0,0,1.0,1.5147370504564606e-06,0.009958350099623203
v113_s0194,113,194,0,0,0,1.0,1.33516459754901e-06,0.0067024631425738335
v113_s0195,113,195,0,1,0,9.99999000001e-07,2.718500400078483e-05,0.5971626043319702
v113_s0196,113,196,0,4,0,2.499999375000156e-07,6.012769881635904e-05,0.8484671711921692
v113_s0197,113,197,0,0,0,1.0,4.425624410941964e-06,0.08363266289234161
v113_s0198,113,198,0,0,0,1.0,1.862288627307862e-06,0.005849059671163559
v113_s0199,113,199,0,0,0,1.0,1.607795525160327e-06,0.006156028714030981
v113_s0200,113,200,0,2,0,4.99999750000125e-07,5.289919863571413e-05,0.7763583660125732
v113_s0201,113,201,0,0,0,1.0,1.0176016758123296e-06,0.005034787580370903
v113_s0202,113,202,0,0,0,1.0,3.6536125662678387e-06,0.06125739961862564
v113_s0203,113,203,0,0,0,1.0,1.6531372239114717e-05,0.2859461307525635
v113_s0204,113,204,0,0,0,1.0,1.8305721596334479e-06,0.020208358764648438
v113_s0205,113,205,0,0,0,1.0,8.642969646643905e-07,0.002104751532897353
v113_s0206,113,206,0,0,0,1.0,1.211050175697892e-06,0.008778681047260761
v113_s0207,113,207,0,0,0,1.0,1.873909582172928e-06,0.018003277480602264
v113_s0208,113,208,0,0,0,1.0,1.628819063625997e-06,0.013662226498126984
v113_s0209,113,209,0,0,0,1.0,1.2324262570473365e-06,0.0027285784017294645
v113_s0210,113,210,0,0,0,1.0,1.3968827943244833e-06,0.013459433801472187
v113_s0211,113,211,0,0,0,1.0,1.2084411764590186e-06,0.00536602595821023
v113_s0212,113,212,0,0,0,1.0,1.2109380804758985e-06,0.005111536476761103
v113_s0213,113,213,0,0,0,1.0,1.732440068735741e-06,0.013192469254136086
v113_s0214,113,214,0,0,0,1.0,1.1287082770650159e-06,0.0014160621212795377
v113_s0215,113,215,0,0,0,1.0,9.415704198545427e-07,0.0008569749188609421
v113_s0216,113,216,0,0,0,1.0,1.2585917374963174e-06,0.0016555318143218756
v113_s0217,113,217,0,0,0,1.0,1.1315257779642707e-06,0.002957808319479227
v113_s0218,113,218,0,0,0,1.0,8.90813396381418e-07,0.0019807496573776007
v113_s0219,113,219,0,0,0,1.0,6.7157589000999e-07,0.0003583344805520028
v113_s0220,113,220,0,0,0,1.0,7.178547321018414e-07,0.0006458640564233065
v113_s0221,113,221,0,0,0,1.0,8.107862186079728e-07,0.0010901006171479821
v113_s0222,113,222,0,0,0,1.0,9.908437732519815e-07,0.0018402693094685674
v113_s0223,113,223,0,0,0,1.0,1.9760038867389085e-06,0.012011542916297913
v113_s0224,113,224,0,0,0,1.0,5.151302502781618e-06,0.03533859923481941
v113_s0225,113,225,0,0,0,1.0,2.1859491425857414e-06,0.016598649322986603
v113_s0226,113,226,0,0,0,1.0,8.54870506827865e-07,0.001604933408088982
v113_s0227,113,227,0,0,0,1.0,1.0761475550680188e-06,0.001964830793440342
v113_s0228,113,228,0,0,0,1.0,4.790656475961441e-06,0.07414942234754562
v113_s0229,113,229,0,0,0,1.0,2.2860151148051955e-05,0.4857318103313446
v113_s0230,113,230,0,0,0,1.0,3.784320597333135e-06,0.07783522456884384
v113_s0231,113,231,0,0,0,1.0,7.868017746659461e-06,0.10385339707136154
v113_s0232,113,232,0,0,0,1.0,1.0313316352039692e-06,0.0043942490592598915
v113_s0233,113,233,0,0,0,1.0,8.862030881573446e-06,0.22217293083667755
v113_s0234,113,234,0,0,0,1.0,2.36963728639239e-06,0.03989005088806152
v113_s0235,113,235,0,0,0,1.0,4.943663043377455e-06,0.05670800432562828
v113_s0236,113,236,0,0,0,1.0,6.570477580680745e-06,0.06556675583124161
v113_s0237,113,237,0,0,0,1.0,1.8736927813733928e-06,0.009297610260546207
v113_s0238,113,238,0,0,0,1.0,2.7908815809496446e-06,0.031144285574555397
v113_s0239,113,239,0,0,0,1.0,6.543882022924663e-07,0.0006033475510776043
v113_s0240,113,240,0,0,0,1.0,6.475415830209386e-07,0.001287958468310535
v113_s0241,113,241,0,0,0,1.0,9.049339269040502e-07,0.0025752075016498566
v113_s0242,113,242,0,0,0,1.0,1.3398200735537102e-06,0.0063591161742806435
v113_s0243,113,243,0,0,0,1.0,1.3776104879070772e-06,0.012933646328747272
v113_s0244,113,244,0,0,0,1.0,6.039024356141454e-06,0.07523149996995926
v113_s0245,113,245,0,0,0,1.0,1.2773222124451422e-06,0.00139960169326514
v113_s0246,113,246,0,0,0,1.0,9.145841772806307e-07,0.0012396607780829072
v113_s0247,113,247,0,0,0,1.0,8.322049893649819e-07,0.0006157453171908855
v113_s0248,113,248,0,0,0,1.0,6.312563414212491e-07,0.0011215914273634553
v113_s0249,113,249,0,0,0,1.0,9.198989801006974e-07,0.006618126295506954
v113_s0250,113,250,0,0,0,1.0,1.7197497754750657e-06,0.01133271586149931
v113_s0251,113,251,0,0,0,1.0,1.4216780073184054e-06,0.00403258902952075
v113_s0252,113,252,0,0,0,1.0,9.264733193958818e-07,0.00239697122015059
v113_s0253,113,253,0,0,0,1.0,2.2323122266243445e-06,0.03854988142848015
v113_s0254,113,254,0,0,0,1.0,3.837979420495685e-06,0.14413082599639893
v113_s0255,113,255,0,0,0,1.0,6.641627805947792e-06,0.17581625282764435
v113_s0256,113,256,0,0,0,1.0,4.943857675243635e-06,0.1446453332901001
v113_s0257,113,257,0,0,0,1.0,6.632965778408106e-06,0.17133253812789917
v113_s0258,113,258,0,0,0,1.0,1.4465365438809386e-06,0.004425630904734135
v113_s0259,113,259,0,0,0,1.0,1.0857515917450655e-06,0.002526522846892476
v113_s0260,113,260,0,0,0,1.0,1.583489506629121e-06,0.005725174210965633
v113_s0261,113,261,0,0,0,1.0,1.0500224561837967e-05,0.1705002784729004
v113_s0262,113,262,0,0,0,1.0,6.383783784258412e-06,0.07697521150112152
v113_s0263,113,263,0,0,0,1.0,1.895520654215943e-06,0.005792107433080673
v113_s0264,113,264,0,0,0,1.0,2.510534159227973e-06,0.005974482279270887
v113_s0265,113,265,0,0,0,1.0,1.253061554962187e-06,0.001939520938321948
v113_s0266,113,266,0,0,0,1.0,1.7988022591453046e-06,0.006096339784562588
v113_s0267,113,267,0,0,0,1.0,2.65266680798959e-06,0.0063124229200184345
v113_s0268,113,268,0,0,0,1.0,2.0720808606711216e-06,0.0031450865790247917
v113_s0269,113,269,0,0,0,1.0,1.6106049542941037e-06,0.00254911370575428
v113_s0270,113,270,0,0,0,1.0,2.468198090355145e-06,0.017638958990573883
v113_s0271,113,271,0,0,0,1.0,1.5476836097150226e-06,0.002110999310389161
v113_s0272,113,272,0,0,0,1.0,1.0085598205478163e-06,0.0010306466137990355
v113_s0273,113,273,0,0,0,1.0,1.2924432439831435e-06,0.0018117643194273114
v113_s0274,113,274,0,0,0,1.0,2.438840283502941e-06,0.005977584049105644
v113_s0275,113,275,0,0,0,1.0,1.9090603018412367e-06,0.005759962368756533
v113_s0276,113,276,0,0,0,1.0,3.71734722648398e-06,0.02075672522187233
v113_s0277,113,277,0,0,0,1.0,1.7338115867460147e-06,0.0017003128305077553
v113_s0278,113,278,0,0,0,1.0,2.2068536509323167e-06,0.004253237508237362
v113_s0279,113,279,0,0,0,1.0,4.173741217528004e-06,0.007300167810171843
v113_s0280,113,280,0,0,0,1.0,1.442445636712364e-06,0.006227229721844196
v113_s0281,113,281,0,0,0,1.0,1.871306153589103e-06,0.010260115377604961
v113_s0282,113,282,0,0,0,1.0,2.172075710404897e-06,0.0078535545617342
v113_s0283,113,283,0,52,0,1.923076886094675e-08,0.0007981325034052134,0.9999169111251831
v113_s0284,113,284,0,6,0,1.666666388888935e-07,0.00012886685726698488,0.7557839751243591
v113_s0285,113,285,0,0,0,1.0,3.233040843042545e-06,0.010353772900998592
v113_s0286,113,286,0,0,0,1.0,2.2454084955825238e-06,0.0064201620407402515
v113_s0287,113,287,0,0,0,1.0,1.032333102557459e-06,0.001306717051193118
v113_s0288,113,288,0,0,0,1.0,7.579537850688212e-07,0.0005366064724512398
v113_s0289,113,289,0,0,0,1.0,1.1996561397609184e-06,0.004164361394941807
v113_s0290,113,290,0,0,0,1.0,8.51253901146265e-07,0.0006884670001454651
v113_s0291,113,291,0,0,0,1.0,8.461210541099717e-07,0.0013968851417303085
v113_s0292,113,292,0,0,0,1.0,7.606760732414841e-07,0.0013415425783023238
v113_s0293,113,293,0,0,0,1.0,9.295025051869743e-07,0.002142534591257572
v113_s0294,113,294,0,0,0,1.0,2.2812362203694647e-06,0.007804508320987225
v113_s0295,113,295,0,0,0,1.0,1.270084567295271e-06,0.004421553108841181
v113_s0296,113,296,0,0,0,1.0,9.259635476155381e-07,0.002695315983146429
v113_s0297,113,297,0,0,0,1.0,1.5802573898326955e-06,0.017582787200808525
v113_s0298,113,298,0,0,0,1.0,2.6357568003732013e-06,0.034223925322294235
v113_s0299,113,299,0,0,0,1.0,2.2162350887811044e-06,0.005282082594931126
v113_s0300,113,300,0,0,0,1.0,9.470425084145973e-07,0.0008817375637590885
v113_s0301,113,301,0,0,0,1.0,1.1371259915904375e-06,0.000968756852671504
v113_s0302,113,302,0,0,0,1.0,9.355330803373363e-07,0.0017815196188166738
v113_s0303,113,303,0,0,0,1.0,8.700662874616683e-07,0.0009795485530048609
v113_s0304,113,304,0,0,0,1.0,1.501227643530001e-06,0.0050429776310920715
v113_s0305,113,305,0,0,0,1.0,1.4520828699460253e-06,0.002992989495396614
v113_s0306,113,306,0,0,0,1.0,1.0165097137360135e-06,0.0009530775714665651
v113_s0307,113,307,0,0,0,1.0,8.863236189426971e-07,0.0013354154070839286
v113_s0308,113,308,0,0,0,1.0,6.173520432639634e-07,0.0008224595803767443
v113_s0309,113,309,0,0,0,1.0,1.1019086514352239e-06,0.0011191064259037375
v113_s0310,113,310,0,0,0,1.0,1.518066028438625e-06,0.004031836055219173
v113_s0311,113,311,0,0,0,1.0,1.8207757648269762e-06,0.007560307160019875
v113_s0312,113,312,0,0,0,1.0,3.3151036404888146e-06,0.007998554967343807
v113_s0313,113,313,0,0,0,1.0,1.5469039453819278e-06,0.0016756912227720022
v113_s0314,113,314,0,0,0,1.0,9.25055360312399e-07,0.0014303657226264477
v113_s0315,113,315,0,0,0,1.0,1.1252272997808177e-06,0.004263555631041527
v113_s0316,113,316,0,0,0,1.0,1.6900489754334558e-06,0.009469141252338886
v113_s0317,113,317,0,0,0,1.0,1.5420151839862228e-06,0.002647514920681715
v113_s0318,113,318,0,0,0,1.0,1.7055489252015832e-06,0.0039038979448378086
v113_s0319,113,319,0,0,0,1.0,2.0172897166048642e-06,0.004180488642305136
v113_s0320,113,320,0,0,0,1.0,6.966281034692656e-06,0.0815989300608635
v113_s0321,113,321,0,0,0,1.0,1.3333210517885163e-06,0.006274817977100611
v113_s0322,113,322,0,0,0,1.0,9.074484523807769e-07,0.00124149932526052
v113_s0323,113,323,0,0,0,1.0,1.017044496620656e-06,0.00132325931917876
v113_s0324,113,324,0,0,0,1.0,1.0604890121612698e-06,0.0012022742303088307
v113_s0325,113,325,0,0,0,1.0,1.3361503761188942e-06,0.00166728300973773
v113_s0326,113,326,0,0,0,1.0,3.1692829907115083e-06,0.030923381447792053
v113_s0327,113,327,0,0,0,1.0,1.3594478787126718e-06,0.004410607274621725
v113_s0328,113,328,0,0,0,1.0,1.0425931122881593e-06,0.001206026179715991
v113_s0329,113,329,0,0,0,1.0,2.6174379854637664e-06,0.0058111706748604774
v113_s0330,113,330,0,0,0,1.0,1.371530970573076e-06,0.0019301928114145994
v113_s0331,113,331,0,0,0,1.0,1.8261835066368803e-06,0.0028215365018695593
v113_s0332,113,332,0,0,0,1.0,1.1894805993506452e-06,0.0021982379257678986
v113_s0333,113,333,0,0,0,1.0,1.550659362692386e-06,0.0027860470581799746
v113_s0334,113,334,0,0,0,1.0,1.653923845879035e-06,0.0025374731048941612
v113_s0335,113,335,0,0,0,1.0,8.288299113701214e-07,0.0007836938020773232
v113_s0336,113,336,0,0,0,1.0,2.7594333005254157e-06,0.007756717968732119
v113_s0337,113,337,0,0,0,1.0,3.0012258775968803e-06,0.00772332726046443
v113_s0338,113,338,0,0,0,1.0,1.1543053233253886e-06,0.0011772004654631019
v113_s0339,113,339,0,0,0,1.0,1.7352610939269653e-06,0.0020490395836532116
v113_s0340,113,340,0,0,0,1.0,1.997392701014178e-06,0.008718229830265045
v113_s0341,113,341,0,0,0,1.0,9.52926143327204e-07,0.0016792461974546313
v113_s0342,113,342,0,0,0,1.0,9.716943623061525e-07,0.0010112508898600936
v113_s0343,113,343,0,0,0,1.0,1.2209412716401857e-06,0.0019799014553427696
v113_s0344,113,344,0,0,0,1.0,8.247748723988479e-07,0.0007367623620666564
v113_s0345,113,345,0,0,0,1.0,1.1482910622362397e-06,0.0020590806379914284
v113_s0346,113,346,0,0,0,1.0,7.270060677910806e-07,0.0005943275173194706
v113_s0347,113,347,0,0,0,1.0,6.382007882166363e-07,0.00035592791391536593
v113_s0348,113,348,0,0,0,1.0,7.484034085791791e-07,0.0009056212729774415
v113_s0349,113,349,0,0,0,1.0,7.393637133645825e-07,0.0014311791164800525
v113_s0350,113,350,0,0,0,1.0,1.3183035889596795e-06,0.017084117978811264
v113_s0351,113,351,0,0,0,1.0,2.825840965670068e-06,0.05127401649951935
v113_s0352,113,352,0,0,0,1.0,4.608023118635174e-06,0.05591224879026413
v113_s0353,113,353,0,0,0,1.0,3.515636308293324e-06,0.05099606141448021
v113_s0354,113,354,0,0,0,1.0,5.874152066098759e-06,0.10929658263921738
v113_s0355,113,355,0,0,0,1.0,6.017214673192939e-06,0.10354378819465637
v113_s0356,113,356,0,0,0,1.0,4.119053301110398e-06,0.056397177278995514
v113_s0357,113,357,0,0,0,1.0,3.5229440982220694e-06,0.048783719539642334
v113_s0358,113,358,0,0,0,1.0,1.4077456853556214e-06,0.010510423220694065
v113_s0359,113,359,0,0,0,1.0,1.184794882647111e-06,0.005323641002178192
v113_s0360,113,360,0,0,0,1.0,1.4501279110845644e-06,0.007363416720181704
v113_s0361,113,361,0,0,0,1.0,1.0226065114693483e-06,0.0017080073012039065
v113_s0362,113,362,0,0,0,1.0,8.577172252444143e-07,0.0018001871649175882
v113_s0363,113,363,0,0,0,1.0,1.4733309399161953e-06,0.012690190225839615
v113_s0364,113,364,0,0,0,1.0,1.714225254545454e-05,0.2749219536781311
v113_s0365,113,365,0,0,0,1.0,8.340080626112467e-07,0.0020508060697466135
v113_s0366,113,366,0,0,0,1.0,1.2944083209731616e-06,0.0037084524519741535
v113_s0367,113,367,0,0,0,1.0,1.0126758525075275e-06,0.0016014795983210206
v113_s0368,113,368,0,0,0,1.0,9.737216259964043e-07,0.003701243083924055
v113_s0369,113,369,0,0,0,1.0,9.057768011189182e-07,0.0032697704154998064
v113_s0370,113,370,0,0,0,1.0,1.0216048167421832e-06,0.0035128332674503326
v113_s0371,113,371,0,0,0,1.0,8.127504997901269e-07,0.0010289590572938323
v113_s0372,113,372,0,0,0,1.0,8.558463946428674e-07,0.0011358107440173626
v113_s0373,113,373,0,0,0,1.0,1.1220362239328097e-06,0.0033704624511301517
v113_s0374,113,374,0,0,0,1.0,1.296515392823494e-06,0.005130790174007416
v113_s0375,113,375,0,0,0,1.0,7.3253568189102225e-06,0.1312623918056488
v113_s0376,113,376,0,2,0,4.99999750000125e-07,2.848703479685355e-05,0.6122081875801086
v113_s0377,113,377,0,0,0,1.0,1.0141541224584216e-06,0.008309202268719673
v113_s0378,113,378,0,0,0,1.0,1.2904106370115187e-06,0.006229759659618139
v113_s0379,113,379,0,0,0,1.0,4.743433237308636e-06,0.1480998545885086
v113_s0380,113,380,0,0,0,1.0,1.3395278074312955e-05,0.4556910991668701
v113_s0381,113,381,0,0,0,1.0,6.4481041590624955e-06,0.17587810754776
v113_s0382,113,382,0,0,0,1.0,1.1317115422571078e-06,0.007688225246965885
v113_s0383,113,383,0,0,0,1.0,5.573944008574472e-07,0.0007869850960560143
v113_s0384,113,384,0,0,0,1.0,4.7639420586165215e-07,0.0004292581870686263
v113_s0385,113,385,0,0,0,1.0,5.964441243122565e-07,0.0012063339818269014
v113_s0386,113,386,0,0,0,1.0,7.496436182918842e-07,0.0014503380516543984
v113_s0387,113,387,0,0,0,1.0,7.819297707101214e-07,0.0012403405271470547
v113_s0388,113,388,0,0,0,1.0,1.068103983925539e-06,0.0030625504441559315
v113_s0389,113,389,0,0,0,1.0,8.558051263207744e-07,0.0008839782094582915
v113_s0390,113,390,0,0,0,1.0,7.206099326140247e-07,0.0003927208890672773
v113_s0391,113,391,0,0,0,1.0,6.804557415307499e-07,0.0003159006591886282
v113_s0392,113,392,0,0,0,1.0,9.070317901205271e-07,0.0008524866425432265
v113_s0393,113,393,0,0,0,1.0,1.024131961457897e-06,0.00047104147961363196
v113_s0394,113,394,0,0,0,1.0,1.0066692084365059e-06,0.002075094962492585
v113_s0395,113,395,0,0,0,1.0,1.6649348708597245e-06,0.00701285433024168
v113_s0396,113,396,0,5,0,1.99999960000008e-07,9.31895337998867e-05,0.8136629462242126
v113_s0397,113,397,0,0,0,1.0,9.849525213212473e-07,0.0012981860199943185
v113_s0398,113,398,0,0,0,1.0,8.470408374705585e-07,0.0010761674493551254
v113_s0399,113,399,0,0,0,1.0,7.944533990666969e-07,0.004468950442969799
v113_s0400,113,400,0,0,0,1.0,6.845410212008574e-07,0.0015801272820681334
v113_s0401,113,401,0,0,0,1.0,5.964017759652052e-07,0.000508319993969053
v113_s0402,113,402,0,0,0,1.0,8.187572007045674e-07,0.0032784328795969486
v113_s0403,113,403,0,0,0,1.0,1.101211068998964e-06,0.008561045862734318
v113_s0404,113,404,0,0,0,1.0,1.006220372801181e-06,0.008220567367970943
v113_s0405,113,405,0,0,0,1.0,4.693315531767439e-07,0.0007587499567307532
v113_s0406,113,406,0,0,0,1.0,4.796969506060123e-07,0.0005600532167591155
v113_s0407,113,407,0,0,0,1.0,5.697050937669701e-07,0.0010093767195940018
v113_s0408,113,408,0,0,0,1.0,5.784830250377127e-07,0.0006698003853671253
v113_s0409,113,409,0,0,0,1.0,5.697644382962608e-07,0.0009116959408856928
v113_s0410,113,410,0,0,0,1.0,5.389393322730029e-07,0.0006168575491756201
v113_s0411,113,411,0,0,0,1.0,5.741811150983267e-07,0.00039992446545511484
v113_s0412,113,412,0,0,0,1.0,6.083284915803233e-07,0.0004064746608491987
v113_s0413,113,413,0,0,0,1.0,5.55186375095218e-07,0.0004891397547908127
v113_s0414,113,414,0,0,0,1.0,5.302587169353501e-07,0.0005485333385877311
v113_s0415,113,415,1,0,0,9.99999000001e-07,5.563268814512412e-07,0.0005125915049575269
v113_s0416,113,416,1,0,0,9.99999000001e-07,8.141641387737764e-07,0.004583383444696665
v113_s0417,113,417,0,0,0,1.0,8.168915428541368e-07,0.00214944314211607
v113_s0418,113,418,0,0,0,1.0,1.5912457456579432e-05,0.27388855814933777
v113_s0419,113,419,4,13,0,5.882352595155729e-08,0.00019687676103785634,0.9974279999732971
v113_s0420,113,420,54,19,11,0.30136987258397435,0.00029392840224318206,0.9998314380645752
v113_s0421,113,421,55,15,12,0.3428571522448979,0.00021543094771914184,0.9975455403327942
v113_s0422,113,422,70,12,12,0.29268293545508617,0.00018174739670939744,0.9966901540756226
v113_s0423,113,423,91,44,32,0.47407407796982165,0.0006659667706117034,1.0
v113_s0424,113,424,110,55,43,0.5212121241138659,0.000834755483083427,1.0
v113_s0425,113,425,151,62,49,0.46009389924838545,0.0009679518407210708,1.0
v113_s0426,113,426,164,63,52,0.4581497821226882,0.0009722356335259974,1.0
v113_s0427,113,427,199,91,84,0.5793103462782402,0.0014205508632585406,1.0
v113_s0428,113,428,186,71,62,0.4824902743871974,0.0010822745971381664,1.0
v113_s0429,113,429,203,46,45,0.36144578569700486,0.0007066992111504078,1.0
v113_s0430,113,430,198,47,46,0.37551020663057055,0.0007377933943644166,1.0
v113_s0431,113,431,213,38,36,0.286852592482659,0.000589326664339751,1.0
v113_s0432,113,432,216,53,43,0.3197026047594699,0.0008567118784412742,1.0
v113_s0433,113,433,243,140,131,0.6840731078744827,0.0021734684705734253,1.0
v113_s0434,113,434,239,150,136,0.6992287925469697,0.002313760109245777,1.0
v113_s0435,113,435,257,160,140,0.67146283052407,0.002424871549010277,1.0
v113_s0436,113,436,277,110,91,0.47028423909487277,0.0016971330624073744,1.0
v113_s0437,113,437,299,103,89,0.44278607103784556,0.0015645666280761361,1.0
v113_s0438,113,438,293,94,73,0.37726098352128945,0.0014454219490289688,1.0
v113_s0439,113,439,292,194,172,0.7078189306423479,0.0029260804876685143,1.0
v113_s0440,113,440,297,187,161,0.6652892568898983,0.0028916201554238796,1.0
v113_s0441,113,441,271,216,175,0.7186858321998237,0.00328047014772892,1.0
v113_s0442,113,442,260,232,186,0.7560975614713464,0.0035289430525153875,1.0
v113_s0443,113,443,260,242,196,0.7808764944604054,0.003724515438079834,1.0
v113_s0444,113,444,213,225,165,0.7534246580972039,0.003435866441577673,0.9999995231628418
v113_s0445,113,445,212,210,152,0.7203791475820399,0.0032095133792608976,0.9999997615814209
v113_s0446,113,446,204,193,134,0.6750629731106726,0.0029299126472324133,0.9999998807907104
v113_s0447,113,447,163,195,127,0.7094972075153709,0.0030137000139802694,0.9999997615814209
v113_s0448,113,448,139,182,105,0.6542056085538767,0.0027692047879099846,0.9999997615814209
v113_s0449,113,449,121,168,85,0.5882352955424385,0.002570643089711666,0.9999992847442627
v113_s0450,113,450,111,129,70,0.5833333350694444,0.001976605737581849,0.9999974966049194
v113_s0451,113,451,99,135,60,0.5128205149024764,0.002094235038384795,0.9999990463256836
v113_s0452,113,452,96,122,51,0.4678899106977527,0.0018451703945174813,0.9999995231628418
v113_s0453,113,453,99,77,41,0.46590909394369834,0.0011906928848475218,0.999996542930603
v113_s0454,113,454,112,60,39,0.4534883752704164,0.0009184680529870093,0.9999935626983643
v113_s0455,113,455,85,30,3,0.052173921285444166,0.0004756576963700354,0.9999465942382812
v113_s0456,113,456,90,57,4,0.05442177513998792,0.0009131169063039124,0.9999864101409912
v113_s0457,113,457,104,146,51,0.408000002368,0.0022049546241760254,0.9999995231628418
v113_s0458,113,458,110,141,61,0.48605577894001684,0.002136268187314272,0.9999929666519165
v113_s0459,113,459,124,0,0,8.064516063995838e-09,1.7174146705656312e-05,0.16373328864574432
v113_s0460,113,460,122,54,4,0.04545455087809914,0.0008544520242139697,0.9998641014099121
v113_s0461,113,461,124,61,4,0.043243248414901354,0.0009436185355298221,0.9999616146087646
v113_s0462,113,462,124,33,2,0.02547771321351775,0.0005178360734134912,0.9997968077659607
v113_s0463,113,463,127,0,0,7.874015686031373e-09,3.2953425943560433e-06,0.08071234077215195
v113_s0464,113,464,137,25,9,0.11111111659807954,0.0004353761032689363,0.9911891222000122
v113_s0465,113,465,150,60,32,0.3047619080725623,0.0008920272812247276,0.9999103546142578
v113_s0466,113,466,168,3,0,5.8479531821757124e-09,8.912497287383303e-05,0.7191792726516724
v113_s0467,113,467,185,38,0,4.484304912626435e-09,0.0006030560471117496,0.9998427629470825
v113_s0468,113,468,204,45,5,0.04016064642505764,0.0007004995713941753,0.9996702671051025
v113_s0469,113,469,206,50,18,0.14062500335693356,0.0007571806781925261,0.9999604225158691
v113_s0470,113,470,152,51,25,0.246305422431993,0.0007827050285413861,0.9999985694885254
v113_s0471,113,471,178,57,31,0.26382979036668175,0.0008893356425687671,0.9999982118606567
v113_s0472,113,472,214,65,55,0.39426523514600276,0.0009988525416702032,0.9999978542327881
v113_s0473,113,473,271,97,92,0.5000000013586956,0.001487618894316256,0.9999998807907104
v113_s0474,113,474,211,111,85,0.527950312024999,0.0017097324598580599,1.0
v113_s0475,113,475,196,81,48,0.346570399470865,0.0012534623965620995,1.0
v113_s0476,113,476,180,68,27,0.21774193863813734,0.0010364371119067073,1.0
v113_s0477,113,477,164,73,27,0.22784810452384766,0.0011187121272087097,0.9999998807907104
v113_s0478,113,478,156,61,20,0.18433180099386265,0.0009399016853421926,0.9999954700469971
v113_s0479,113,479,134,38,19,0.2209302370876149,0.0005895156064070761,0.9999825954437256
v113_s0480,113,480,114,39,18,0.23529412264513644,0.0005801786319352686,0.9999892711639404
v113_s0481,113,481,83,7,0,1.1111110987654323e-08,0.0001470490387873724,0.9466332793235779
v113_s0482,113,482,60,0,0,1.6666666388888892e-08,3.0019029395589314e-07,0.0008566242759115994
v113_s0483,113,483,48,0,0,2.0833332899305566e-08,2.3839373852752033e-07,0.00043137502507306635
v113_s0484,113,484,25,0,0,3.999999840000006e-08,3.1031908065415337e-07,0.0009444854222238064
v113_s0485,113,485,24,0,0,4.166666493055563e-08,1.0227702205156675e-06,0.016232024878263474
v113_s0486,113,486,25,0,0,3.999999840000006e-08,1.561903627589345e-05,0.44426488876342773
v113_s0487,113,487,20,0,0,4.999999750000012e-08,6.0309685068205e-07,0.004451898857951164
v113_s0488,113,488,20,0,0,4.999999750000012e-08,4.1977118598879315e-06,0.08102988451719284
v113_s0489,113,489,18,0,0,5.555555246913597e-08,1.5954092305037193e-06,0.023064257577061653
v113_s0490,113,490,15,0,0,6.666666222222252e-08,1.449161459277093e-06,0.01607879251241684
v113_s0491,113,491,13,15,0,3.571428443877555e-08,0.0002347099652979523,0.9999997615814209
v113_s0492,113,492,13,19,0,3.124999902343753e-08,0.0002935350057668984,1.0
v113_s0493,113,493,0,18,0,5.555555246913597e-08,0.0002900319523178041,1.0
v113_s0494,113,494,0,22,0,4.5454543388429843e-08,0.00033311120932921767,1.0
v113_s0495,113,495,0,15,0,6.666666222222252e-08,0.00025246822042390704,1.0
v113_s0496,113,496,0,10,0,9.9999990000001e-08,0.00015209968842100352,0.9999198913574219
v113_s0497,113,497,0,0,0,1.0,5.052132792116026e-07,0.003940049093216658
v113_s0498,113,498,0,17,0,5.882352595155729e-08,0.000262611749349162,0.9987164735794067
v113_s0499,113,499,0,70,0,1.4285714081632656e-08,0.001084421412087977,1.0
v113_s0500,113,500,2,97,0,1.0101009998979696e-08,0.0014640653971582651,1.0
v113_s0501,113,501,45,84,0,7.751937924403582e-09,0.0012901104055345058,1.0
v113_s0502,113,502,50,86,0,7.3529411224048445e-09,0.0013398568844422698,1.0
v113_s0503,113,503,64,43,1,0.018691597956153293,0.0007138638757169247,0.9995357990264893
v113_s0504,113,504,80,27,14,0.2616822498908201,0.0004625993315130472,0.9999548196792603
v113_s0505,113,505,90,86,41,0.46590909394369834,0.001279362477362156,0.9999972581863403
v113_s0506,113,506,135,123,71,0.5503875986419086,0.0018810851033776999,0.9999998807907104
v113_s0507,113,507,211,169,122,0.642105264099723,0.0025904153008013964,0.9999998807907104
v113_s0508,113,508,234,226,163,0.7086956528071834,0.003474208526313305,0.9999998807907104
v113_s0509,113,509,266,279,173,0.6348623859910781,0.004280694294720888,0.9999998807907104
v113_s0510,113,510,317,464,295,0.755441741670369,0.007080104202032089,1.0
v113_s0511,113,511,308,556,298,0.6898148151738255,0.00845773983746767,1.0
v113_s0512,113,512,318,590,311,0.6850220267786101,0.009034371003508568,0.9999998807907104
v113_s0513,113,513,332,599,320,0.6874328682197284,0.009113430045545101,0.9999997615814209
v113_s0514,113,514,330,589,313,0.6811751907713001,0.00894913636147976,0.9999994039535522
v113_s0515,113,515,343,537,319,0.7250000003125,0.008239084854722023,0.9999994039535522
v113_s0516,113,516,359,450,288,0.7119901116044621,0.00689075980335474,0.9999996423721313
v113_s0517,113,517,343,470,271,0.6666666670766708,0.007163403555750847,0.999998927116394
v113_s0518,113,518,333,524,300,0.7001166864642746,0.0080561563372612,0.9999980926513672
v113_s0519,113,519,328,542,306,0.703448276202933,0.008331583812832832,0.9999991655349731
v113_s0520,113,520,335,589,328,0.7099567102706096,0.00899311900138855,0.9999985694885254
v113_s0521,113,521,331,618,328,0.6912539518532624,0.009439360350370407,0.9999991655349731
v113_s0522,113,522,290,571,289,0.6713124277917394,0.008767914958298206,0.9999986886978149
v113_s0523,113,523,262,585,262,0.6186540736497591,0.008935983292758465,0.9999980926513672
v113_s0524,113,524,243,584,243,0.5876662641019755,0.008896742947399616,0.9999974966049194
v113_s0525,113,525,226,595,226,0.5505481126059097,0.009123296476900578,0.9999985694885254
v113_s0526,113,526,216,608,215,0.5218446607744603,0.009247621521353722,0.9999991655349731
v113_s0527,113,527,178,474,174,0.5337423320034627,0.007253912277519703,0.9999994039535522
v113_s0528,113,528,159,462,159,0.5120772954716952,0.007027043495327234,0.9999994039535522
v113_s0529,113,529,144,464,144,0.47368421139196676,0.007115565240383148,0.9999995231628418
v113_s0530,113,530,134,430,134,0.4751773058950757,0.0066087692975997925,0.9999998807907104
v113_s0531,113,531,161,412,132,0.4607329852343229,0.0063737425953149796,0.9999998807907104
v113_s0532,113,532,180,416,149,0.5000000008389262,0.006311131175607443,1.0
v113_s0533,113,533,183,355,150,0.5576208186661323,0.005446421913802624,1.0
v113_s0534,113,534,207,356,163,0.5790408533231957,0.005470683798193932,1.0
v113_s0535,113,535,238,308,186,0.6813186819023468,0.004706499166786671,1.0
v113_s0536,113,536,238,284,202,0.7739463605863096,0.004404603037983179,1.0
v113_s0537,113,537,220,242,177,0.7662337667397537,0.0037359048146754503,1.0
v113_s0538,113,538,199,207,151,0.7438423651629499,0.0032100332900881767,0.9999998807907104
v113_s0539,113,539,204,205,153,0.7481662597844345,0.0030950901564210653,0.9999998807907104
v113_s0540,113,540,202,158,117,0.6500000009722222,0.0024175820872187614,0.9999997615814209
v113_s0541,113,541,189,143,83,0.5000000015060241,0.0021985406056046486,0.9999978542327881
v113_s0542,113,542,174,112,46,0.3216783240500758,0.0018047504127025604,0.9999834299087524
v113_s0543,113,543,190,64,31,0.2440944911649823,0.0010174677008762956,0.9999895095825195
v113_s0544,113,544,133,155,37,0.2569444470244984,0.0023828293196856976,0.9999998807907104
v113_s0545,113,545,105,135,19,0.15833333684027776,0.0021280311048030853,1.0
v113_s0546,113,546,86,90,0,5.681818149535124e-09,0.0014444631524384022,0.9999998807907104
v113_s0547,113,547,72,36,0,9.259259173525378e-09,0.0005592032102867961,0.9999901056289673
v113_s0548,113,548,59,33,0,1.0869565099243857e-08,0.0005022129626013339,0.9999909400939941
v113_s0549,113,549,0,34,0,2.9411763840830475e-08,0.0005289894179441035,0.9987926483154297
v113_s0550,113,550,0,4,0,2.499999375000156e-07,0.00010809916420839727,0.9129757285118103
v113_s0551,113,551,0,8,0,1.2499998437500196e-07,0.00012502248864620924,0.9607307314872742
v113_s0552,113,552,0,0,0,1.0,4.639691724150907e-06,0.06558594107627869
v113_s0553,113,553,0,0,0,1.0,1.7933085473487154e-05,0.47705328464508057
v113_s0554,113,554,0,0,0,1.0,1.7758629837771878e-05,0.1789066046476364
v113_s0555,113,555,0,0,0,1.0,1.4040641872270498e-05,0.1043255627155304
v113_s0556,113,556,0,0,0,1.0,3.284814010839909e-05,0.2888637185096741
v113_s0557,113,557,0,15,0,6.666666222222252e-08,0.00023414113093167543,0.9999947547912598
v113_s0558,113,558,21,18,16,0.8205128251150557,0.00026606948813423514,0.9999948740005493
v113_s0559,113,559,21,12,10,0.6060606179981631,0.00018883650773204863,0.9998912811279297
v113_s0560,113,560,18,1,1,0.10526320498614711,9.905092883855104e-05,0.871344804763794
v113_s0561,113,561,19,0,0,5.263157617728546e-08,6.356893572956324e-05,0.49904346466064453
v113_s0562,113,562,17,7,0,4.166666493055563e-08,0.00016315001994371414,0.878127932548523
v113_s0563,113,563,15,16,0,3.225806347554634e-08,0.0002707296807784587,0.9493194222450256
v113_s0564,113,564,17,17,0,2.9411763840830475e-08,0.0003315783687867224,0.9639144539833069
v113_s0565,113,565,14,1,0,6.666666222222252e-08,0.00010102492524310946,0.539262592792511
v113_s0566,113,566,12,0,0,8.333332638888946e-08,8.958125545177609e-05,0.35380202531814575
v113_s0567,113,567,9,2,0,9.090908264462886e-08,7.212020136648789e-05,0.6288005709648132
v113_s0568,113,568,0,0,0,1.0,1.2645593415072653e-05,0.057057928293943405
v113_s0569,113,569,0,0,0,1.0,1.2632302059500944e-05,0.09601635485887527
v113_s0570,113,570,0,0,0,1.0,9.355456859339029e-05,0.397683322429657
v113_s0571,113,571,0,31,0,3.225806347554634e-08,0.0005360203795135021,0.999574601650238
v113_s0572,113,572,0,0,0,1.0,5.705891453544609e-06,0.043663572520017624
v113_s0573,113,573,0,0,0,1.0,1.0438162689752062e-06,0.006213935557752848
v113_s0574,113,574,0,0,0,1.0,3.099435616604751e-06,0.016606800258159637
v113_s0575,113,575,0,0,0,1.0,9.740411769598722e-06,0.20792068541049957
v113_s0576,113,576,0,0,0,1.0,2.2580545646633254e-06,0.021679282188415527
v113_s0577,113,577,0,3,0,3.3333322222225924e-07,6.002793452353217e-05,0.9223414659500122
v113_s0578,113,578,0,0,0,1.0,2.194072749261977e-06,0.012327962554991245
v113_s0579,113,579,0,1,0,9.99999000001e-07,3.1838109862292185e-05,0.5281039476394653
v113_s0580,113,580,0,0,0,1.0,1.149462946159474e-06,0.008582020178437233
v113_s0581,113,581,0,0,0,1.0,1.3429444152279757e-06,0.02491000108420849
v113_s0582,113,582,0,0,0,1.0,1.3490710443875287e-05,0.32173970341682434
v113_s0583,113,583,0,0,0,1.0,1.8581126823846716e-06,0.030235949903726578
v113_s0584,113,584,0,0,0,1.0,8.227711418840045e-07,0.004837552551180124
v113_s0585,113,585,0,15,0,6.666666222222252e-08,0.00025152089074254036,0.9999972581863403
v113_s0586,113,586,0,23,0,4.347825897920613e-08,0.0003534459392540157,0.9999998807907104
v113_s0587,113,587,0,25,0,3.999999840000006e-08,0.0003985044313594699,0.9999984502792358
v113_s0588,113,588,0,18,0,5.555555246913597e-08,0.0003035911940969527,0.9996980428695679
v113_s0589,113,589,0,0,0,1.0,4.551090569293592e-06,0.05974206700921059
v113_s0590,113,590,0,0,0,1.0,1.0641653034326737e-06,0.00719818938523531
v113_s0591,113,591,0,0,0,1.0,8.442136277153622e-06,0.20028434693813324
v113_s0592,113,592,0,6,0,1.666666388888935e-07,9.761558612808585e-05,0.9178367853164673
v113_s0593,113,593,0,9,0,1.1111109876543348e-07,0.00016282785509247333,0.9998114705085754
v113_s0594,113,594,0,4,0,2.499999375000156e-07,6.598624167963862e-05,0.8214941620826721
v113_s0595,113,595,0,0,0,1.0,1.6802470781840384e-05,0.4059610962867737
v113_s0596,113,596,0,5,0,1.99999960000008e-07,7.598162483191118e-05,0.9418502449989319
v113_s0597,113,597,0,17,0,5.882352595155729e-08,0.00031024179770611227,0.9999939203262329
v113_s0598,113,598,0,33,0,3.0303029384756685e-08,0.0005059307441115379,0.9999988079071045
v113_s0599,113,599,0,19,0,5.263157617728546e-08,0.00031924888025969267,0.9999872446060181
v113_s0600,113,600,0,4,0,2.499999375000156e-07,6.722375837853178e-05,0.7798749804496765
v113_s0601,113,601,0,17,0,5.882352595155729e-08,0.00031433042022399604,0.9999164342880249
v113_s0602,113,602,0,0,0,1.0,8.631042874185368e-06,0.10257478803396225
v113_s0603,113,603,0,25,0,3.999999840000006e-08,0.0004193645727355033,0.9998878240585327
v113_s0604,113,604,0,42,0,2.38095232426304e-08,0.0006558083696290851,0.9999887943267822
v113_s0605,113,605,0,2,0,4.99999750000125e-07,5.460182728711516e-05,0.9380282163619995
v113_s0606,113,606,0,0,0,1.0,4.94995447297697e-07,0.0013592764735221863
v113_s0607,113,607,0,0,0,1.0,4.5746261889689777e-07,0.0008744098013266921
v113_s0608,113,608,0,0,0,1.0,4.615188515799673e-07,0.0007463844958692789
v113_s0609,113,609,0,0,0,1.0,7.98295786808012e-06,0.23403996229171753
v113_s0610,113,610,0,0,0,1.0,7.994354746188037e-06,0.2694670259952545
v113_s0611,113,611,0,6,0,1.666666388888935e-07,0.00010102763189934194,0.9962121248245239
v113_s0612,113,612,0,9,0,1.1111109876543348e-07,0.0001441649510525167,0.9995885491371155
v113_s0613,113,613,0,9,0,1.1111109876543348e-07,0.00014406823902390897,0.9996570348739624
v113_s0614,113,614,0,5,0,1.99999960000008e-07,8.337684266734868e-05,0.9812751412391663
v113_s0615,113,615,0,8,0,1.2499998437500196e-07,0.00013075009337626398,0.9979099631309509
v113_s0616,113,616,0,5,0,1.99999960000008e-07,9.731464524520561e-05,0.990858256816864
v113_s0617,113,617,0,0,0,1.0,5.961588840364129e-07,0.0010098149068653584
v113_s0618,113,618,0,0,0,1.0,2.9813818400725722e-06,0.030338289216160774
v113_s0619,113,619,0,0,0,1.0,2.323804892512271e-06,0.03944966569542885
v113_s0620,113,620,0,0,0,1.0,5.011328539694659e-06,0.09262137115001678
v113_s0621,113,621,0,0,0,1.0,7.221921123345965e-07,0.0030052801594138145
v113_s0622,113,622,0,0,0,1.0,4.000658577751892e-07,0.0007329107611440122
v113_s0623,113,623,0,0,0,1.0,4.188652837910922e-07,0.0006910898955538869
v113_s0624,113,624,0,0,0,1.0,3.8767649357396294e-07,0.0002421480749035254
v113_s0625,113,625,0,0,0,1.0,4.4742631644112407e-07,0.0013803632464259863
v113_s0626,113,626,0,0,0,1.0,3.716411356435856e-07,0.0003902438038494438
v113_s0627,113,627,0,0,0,1.0,3.484154262878292e-07,0.0002334846358280629
v113_s0628,113,628,0,0,0,1.0,3.145724463138322e-07,0.000321388739394024
v113_s0629,113,629,0,0,0,1.0,2.8800394602512824e-07,0.00022318535775411874
v113_s0630,113,630,0,0,0,1.0,3.829899242191459e-07,0.00326234707608819
v113_s0631,113,631,0,0,0,1.0,3.3368320373483584e-07,0.0006619601626880467
v113_s0632,113,632,0,0,0,1.0,3.3994629689004796e-07,0.0002860478707589209
v113_s0633,113,633,0,0,0,1.0,3.413073272895417e-07,0.00023931602481752634
v113_s0634,113,634,0,0,0,1.0,3.6257370084058493e-07,0.0003857277042698115
v113_s0635,113,635,0,0,0,1.0,4.4489092942967545e-07,0.000673101341817528
v113_s0636,113,636,0,0,0,1.0,3.9580373822900583e-07,0.0005002346006222069
v113_s0637,113,637,0,0,0,1.0,3.2353648293792503e-07,0.0002605585614219308
v113_s0638,113,638,0,0,0,1.0,3.492311577701912e-07,0.000281256390735507
v113_s0639,113,639,0,0,0,1.0,3.9701518517176737e-07,0.00015655573224648833
v113_s0640,113,640,0,0,0,1.0,3.8777838540227094e-07,0.0003028515202458948
v113_s0641,113,641,0,0,0,1.0,4.455180260265479e-07,0.0006486856727860868
v113_s0642,113,642,0,0,0,1.0,4.678680340930441e-07,0.0009173190919682384
v113_s0643,113,643,0,0,0,1.0,5.224273422754777e-07,0.0006984898936934769
v113_s0644,113,644,0,0,0,1.0,6.253554829527275e-07,0.0010598707012832165
v113_s0645,113,645,0,0,0,1.0,6.306789828158799e-07,0.0009710334124974906
v113_s0646,113,646,0,0,0,1.0,5.932492399551847e-07,0.0007449793047271669
v113_s0647,113,647,0,0,0,1.0,6.039596769369382e-07,0.0007043989025987685
v113_s0648,113,648,0,0,0,1.0,8.263341442216188e-07,0.0017780698835849762
v113_s0649,113,649,0,0,0,1.0,1.2912391866848338e-06,0.008992815390229225
v113_s0650,113,650,0,0,0,1.0,9.476556215304299e-07,0.004124128725379705
v113_s0651,113,651,0,0,0,1.0,8.596743441557919e-07,0.002708042971789837
v113_s0652,113,652,0,0,0,1.0,1.0909009233728284e-06,0.0038911059964448214
v113_s0653,113,653,0,0,0,1.0,1.0390315310360165e-06,0.003150801407173276
v113_s0654,113,654,0,0,0,1.0,6.932351652721991e-07,0.0016362625174224377
v113_s0655,113,655,0,0,0,1.0,7.455677177858888e-07,0.002577165374532342
v113_s0656,113,656,0,0,0,1.0,9.086858767659578e-07,0.004607669077813625
v113_s0657,113,657,0,0,0,1.0,1.027979351420072e-06,0.00507493456825614
v113_s0658,113,658,0,0,0,1.0,8.867717156135768e-07,0.0011794110760092735
v113_s0659,113,659,0,0,0,1.0,1.0459334589540958e-06,0.0017467653378844261
v113_s0660,113,660,0,0,0,1.0,1.0000844667956699e-06,0.0039027282036840916
v113_s0661,113,661,0,0,0,1.0,8.332865490956465e-07,0.001596153830178082
v113_s0662,113,662,0,0,0,1.0,8.282364092337957e-07,0.002100835321471095
v113_s0663,113,663,0,0,0,1.0,8.924104122343124e-07,0.001971537247300148
v113_s0664,113,664,0,0,0,1.0,1.0035755622084253e-06,0.0032599091064184904
v113_s0665,113,665,0,0,0,1.0,1.0007026958192e-06,0.004133492708206177
v113_s0666,113,666,0,0,0,1.0,8.943604825617513e-07,0.0038268351927399635
v113_s0667,113,667,0,0,0,1.0,8.182659030353534e-07,0.0025797297712415457
v113_s0668,113,668,0,0,0,1.0,1.005885906124604e-06,0.0031186442356556654
v113_s0669,113,669,0,0,0,1.0,1.2999024647797341e-06,0.004507479257881641
v113_s0670,113,670,0,0,0,1.0,1.040636675497808e-06,0.00234986562281847
v113_s0671,113,671,0,0,0,1.0,9.090303478842543e-07,0.005937887821346521
v113_s0672,113,672,0,0,0,1.0,1.4171539532981114e-06,0.011939280666410923
v113_s0673,113,673,0,0,0,1.0,1.407841409672983e-06,0.008635678328573704
v113_s0674,113,674,0,0,0,1.0,2.3295767732633976e-06,0.015255417674779892
v113_s0675,113,675,0,0,0,1.0,3.44601380675158e-06,0.035353560000658035
v113_s0676,113,676,0,0,0,1.0,5.442083420348354e-06,0.1478642374277115
v113_s0677,113,677,0,0,0,1.0,1.2817636161344126e-05,0.4790551960468292
v113_s0678,113,678,0,1,0,9.99999000001e-07,1.9246786905569024e-05,0.7080391645431519
v113_s0679,113,679,0,0,0,1.0,7.93704020907171e-06,0.33216503262519836
v113_s0680,113,680,0,0,0,1.0,5.93553704675287e-06,0.22731319069862366
v113_s0681,113,681,0,0,0,1.0,5.914220309932716e-06,0.21824781596660614
v113_s0682,113,682,0,0,0,1.0,6.043488610885106e-06,0.21534810960292816
v113_s0683,113,683,0,0,0,1.0,4.37982271250803e-06,0.10279424488544464
v113_s0684,113,684,0,0,0,1.0,4.312686542107258e-06,0.07857958972454071
v113_s0685,113,685,0,0,0,1.0,3.5452571864880156e-06,0.0695253312587738
v113_s0686,113,686,0,0,0,1.0,4.564379196381196e-06,0.12621654570102692
v113_s0687,113,687,0,0,0,1.0,3.8688071981596295e-06,0.12131988257169724
v113_s0688,113,688,0,0,0,1.0,2.6759200864034938e-06,0.09029276669025421
v113_s0689,113,689,0,0,0,1.0,2.3567570224258816e-06,0.07286616414785385
v113_s0690,113,690,0,0,0,1.0,1.2782307976522134e-06,0.01716318167746067
v113_s0691,113,691,0,0,0,1.0,8.301495313389751e-07,0.0021813458297401667
v113_s0692,113,692,0,0,0,1.0,8.034299412429391e-07,0.00198043673299253
v113_s0693,113,693,0,0,0,1.0,7.773132892907597e-07,0.0013973735040053725
v113_s0694,113,694,0,0,0,1.0,6.951927389309276e-07,0.0010285190073773265
v113_s0695,113,695,0,0,0,1.0,5.840959147462854e-07,0.0007853261195123196
v113_s0696,113,696,0,0,0,1.0,8.03685225037043e-07,0.00598360737785697
v113_s0697,113,697,0,0,0,1.0,1.087276700673101e-06,0.009454232640564442
v113_s0698,113,698,0,0,0,1.0,1.392814624523453e-06,0.012580309994518757
v113_s0699,113,699,0,0,0,1.0,7.725483328613336e-07,0.0058401795104146
v113_s0700,113,700,0,0,0,1.0,8.800134878583776e-07,0.003850032575428486
v113_s0701,113,701,0,0,0,1.0,1.1474191978777526e-06,0.005874479189515114
v113_s0702,113,702,0,0,0,1.0,9.252014478988713e-07,0.0033299617934972048
v113_s0703,113,703,0,0,0,1.0,1.2097708577130106e-06,0.006404586602002382
v113_s0704,113,704,0,0,0,1.0,8.244998070949805e-07,0.0026681493036448956
v113_s0705,113,705,0,0,0,1.0,8.19298861642892e-07,0.0016313842497766018
v113_s0706,113,706,0,0,0,1.0,1.189628505926521e-06,0.009625512175261974
v113_s0707,113,707,0,0,0,1.0,9.299747944169212e-06,0.22210991382598877
v113_s0708,113,708,0,1,0,9.99999000001e-07,3.374932930455543e-05,0.6557790637016296
v113_s0709,113,709,0,0,0,1.0,2.0513527942966903e-06,0.028773311525583267
v113_s0710,113,710,0,0,0,1.0,9.379800758324564e-07,0.0038785228971391916
v113_s0711,113,711,0,0,0,1.0,1.075053432941786e-06,0.0022481114137917757
v113_s0712,113,712,0,0,0,1.0,1.1921893019462004e-06,0.003897237591445446
v113_s0713,113,713,0,0,0,1.0,1.12351767711516e-06,0.004864545073360205
v113_s0714,113,714,0,0,0,1.0,1.630763790672063e-06,0.015770692378282547
v113_s0715,113,715,0,0,0,1.0,1.2175609072073712e-06,0.006817626766860485
v113_s0716,113,716,0,14,0,7.142856632653097e-08,0.0002507762983441353,0.9677125215530396
v113_s0717,113,717,0,0,0,1.0,1.133316800405737e-06,0.001802912331186235
v113_s0718,113,718,0,0,0,1.0,2.0602367385436082e-06,0.010098195634782314
v113_s0719,113,719,0,0,0,1.0,1.0877197382797021e-06,0.0029885361436754465
v113_s0720,113,720,0,0,0,1.0,1.2724925682050525e-06,0.010505356825888157
v113_s0721,113,721,0,0,0,1.0,9.185162070934894e-07,0.004083476960659027
v113_s0722,113,722,0,0,0,1.0,6.924379931660951e-07,0.000909678521566093
v113_s0723,113,723,0,0,0,1.0,1.022619699142524e-06,0.0017782646464183927
v113_s0724,113,724,0,0,0,1.0,1.4936317711544689e-06,0.014966693706810474
v113_s0725,113,725,0,0,0,1.0,1.4898048448230838e-06,0.011165684089064598
v113_s0726,113,726,0,0,0,1.0,1.719953843348776e-06,0.013588769361376762
v113_s0727,113,727,0,0,0,1.0,1.1902950518560829e-06,0.00474651949480176
v113_s0728,113,728,0,0,0,1.0,1.5876114503043937e-06,0.004117939155548811
v113_s0729,113,729,0,0,0,1.0,1.1249803719692864e-06,0.0028454589191824198
v113_s0730,113,730,0,0,0,1.0,9.430159479961731e-07,0.0014085550792515278
v113_s0731,113,731,0,0,0,1.0,1.5964085378072923e-06,0.00411267252638936
v113_s0732,113,732,0,0,0,1.0,1.0596901347526e-06,0.0027836898807436228
v113_s0733,113,733,0,0,0,1.0,1.0240522669846541e-06,0.0022992142476141453
v113_s0734,113,734,0,0,0,1.0,9.339705684396904e-07,0.0028693994972854853
v113_s0735,113,735,0,0,0,1.0,7.840225748623197e-07,0.0013881702907383442
v113_s0736,113,736,0,0,0,1.0,8.78046989782888e-07,0.0007230123155750334
v113_s0737,113,737,0,0,0,1.0,1.0063207582788891e-06,0.0016234267968684435
v113_s0738,113,738,0,0,0,1.0,1.1203408121218672e-06,0.002067866735160351
v113_s0739,113,739,0,0,0,1.0,1.2750056157528888e-06,0.015682104974985123
v113_s0740,113,740,0,0,0,1.0,8.550528036721516e-07,0.005332771688699722
v113_s0741,113,741,0,0,0,1.0,7.691829182476795e-07,0.001276929397135973
v113_s0742,113,742,0,0,0,1.0,6.719914154018625e-07,0.0007189044263213873
v113_s0743,113,743,0,0,0,1.0,6.436713420043816e-07,0.0005527783650904894
v113_s0744,113,744,0,0,0,1.0,1.918307589221513e-06,0.018335873261094093
v113_s0745,113,745,0,0,0,1.0,1.213803443533834e-06,0.003925112541764975
v113_s0746,113,746,0,0,0,1.0,1.1601616733969422e-06,0.0024079277645796537
v113_s0747,113,747,0,0,0,1.0,8.100380455289269e-07,0.001362074981443584
v113_s0748,113,748,0,0,0,1.0,8.632607659819769e-07,0.0012868231860920787
v113_s0749,113,749,0,0,0,1.0,2.19001640289207e-06,0.008116735145449638
v113_s0750,113,750,0,0,0,1.0,2.005084979828098e-06,0.006063973531126976
v113_s0751,113,751,0,0,0,1.0,1.1126928711746586e-06,0.009453567676246166
v113_s0752,113,752,0,0,0,1.0,1.0077810657094233e-06,0.0038982871919870377
v113_s0753,113,753,0,0,0,1.0,1.7104290463976213e-06,0.005962340161204338
v113_s0754,113,754,0,0,0,1.0,2.9783327590848785e-06,0.025538038462400436
v113_s0755,113,755,0,0,0,1.0,1.6604060419922462e-06,0.011088306084275246
v113_s0756,113,756,0,0,0,1.0,1.7192276118294103e-06,0.0036904558073729277
v113_s0757,113,757,0,0,0,1.0,1.4742990970262326e-06,0.015435381792485714
v113_s0758,113,758,0,0,0,1.0,1.0103665317728883e-06,0.004872311372309923
v113_s0759,113,759,0,0,0,1.0,1.097538074645854e-06,0.0020089775789529085
v113_s0760,113,760,0,0,0,1.0,1.026021095640317e-06,0.0013620159588754177
v113_s0761,113,761,0,0,0,1.0,9.746447631187038e-07,0.0009127689409069717
v113_s0762,113,762,0,0,0,1.0,1.59460932991351e-06,0.002887669252231717
v113_s0763,113,763,0,0,0,1.0,1.5550097032246413e-06,0.0018557372968643904
v113_s0764,113,764,0,0,0,1.0,1.0996635637638974e-06,0.0008961035055108368
v113_s0765,113,765,0,0,0,1.0,1.0429696430946933e-06,0.0005623611505143344
v113_s0766,113,766,0,0,0,1.0,1.327442532783607e-06,0.0007368037477135658
v113_s0767,113,767,0,0,0,1.0,9.431437320017722e-07,0.0005524354637600482
v113_s0768,113,768,0,0,0,1.0,7.625831131008454e-07,0.0009583525825291872
v113_s0769,113,769,0,0,0,1.0,6.688101166218985e-07,0.0005361654330044985
v113_s0770,113,770,0,0,0,1.0,5.91703837926616e-07,0.0004906169488094747
v113_s0771,113,771,0,0,0,1.0,6.175567932587001e-07,0.0005207008798606694
v113_s0772,113,772,0,0,0,1.0,9.201182820106624e-07,0.005000635050237179
v113_s0773,113,773,0,0,0,1.0,7.714490948274033e-07,0.0005178424762561917
v113_s0774,113,774,0,0,0,1.0,6.497579079223215e-07,0.00032835284946486354
v113_s0775,113,775,0,0,0,1.0,6.365933131746715e-07,0.0003318586968816817
v113_s0776,113,776,0,0,0,1.0,5.519677301890624e-07,0.00018179610196966678
v113_s0777,113,777,0,0,0,1.0,6.464455282184645e-07,0.0011048222659155726
v113_s0778,113,778,0,0,0,1.0,8.367064765479881e-07,0.00434863893315196
v113_s0779,113,779,0,0,0,1.0,9.028166232383228e-07,0.001183254993520677
v113_s0780,113,780,0,0,0,1.0,7.841949241083057e-07,0.0010821734322234988
v113_s0781,113,781,0,0,0,1.0,6.169856874294055e-07,0.0004430178087204695
v113_s0782,113,782,0,0,0,1.0,6.345388214867853e-07,0.0004786947392858565
v113_s0783,113,783,0,0,0,1.0,6.305185138444358e-07,0.0006826124736107886
v113_s0784,113,784,0,0,0,1.0,1.2948975154358777e-06,0.003937241155654192
v113_s0785,113,785,0,0,0,1.0,1.4399872725334717e-06,0.00758035434409976
v113_s0786,113,786,0,0,0,1.0,1.1313544518998242e-06,0.0059707569889724255
v113_s0787,113,787,0,0,0,1.0,8.272850209323224e-07,0.0014213130343705416
v113_s0788,113,788,0,0,0,1.0,7.400794856948778e-07,0.0005259702447801828
v113_s0789,113,789,0,0,0,1.0,8.006810503502493e-07,0.000947995635215193
v113_s0790,113,790,0,0,0,1.0,2.4462592591589782e-06,0.026750367134809494
v113_s0791,113,791,0,0,0,1.0,9.269273277823231e-07,0.0031994404271245003
v113_s0792,113,792,0,0,0,1.0,1.0888238648476545e-06,0.001411766861565411
v113_s0793,113,793,0,0,0,1.0,9.981142738979543e-07,0.0016642308328300714
v113_s0794,113,794,0,0,0,1.0,2.2558251657756045e-06,0.020864125341176987
v113_s0795,113,795,0,0,0,1.0,1.12490533865639e-06,0.011671328917145729
v113_s0796,113,796,0,0,0,1.0,9.060775028046919e-07,0.002567043760791421
v113_s0797,113,797,0,0,0,1.0,9.299486691816128e-07,0.0008967504254542291
v113_s0798,113,798,0,0,0,1.0,1.408017396897776e-06,0.008160574361681938
v113_s0799,113,799,0,0,0,1.0,7.178294936238672e-07,0.00046734517673030496
v113_s0800,113,800,0,0,0,1.0,1.4473030205408577e-06,0.00848996639251709
v113_s0801,113,801,0,0,0,1.0,1.7956233477889327e-06,0.008219249546527863
v113_s0802,113,802,0,0,0,1.0,3.1991098694561515e-06,0.015018507838249207
v113_s0803,113,803,0,0,0,1.0,2.1061043753434205e-06,0.005419019144028425
v113_s0804,113,804,0,0,0,1.0,2.3324760149989743e-06,0.014574496075510979
v113_s0805,113,805,0,0,0,1.0,1.2507118754001567e-06,0.0010844324715435505
v113_s0806,113,806,0,0,0,1.0,1.1995116437901743e-06,0.001968351425603032
v113_s0807,113,807,0,0,0,1.0,1.7086700836443924e-06,0.005668838508427143
v113_s0808,113,808,0,0,0,1.0,2.1637044937961036e-06,0.0058617000468075275
v113_s0809,113,809,0,0,0,1.0,1.2507790643212502e-06,0.008589975535869598
v113_s0810,113,810,0,0,0,1.0,1.3546039099310292e-06,0.006622949615120888
v113_s0811,113,811,0,0,0,1.0,1.7317081528744893e-06,0.005351204425096512
v113_s0812,113,812,0,0,0,1.0,1.6998772025544895e-06,0.006365862209349871
v113_s0813,113,813,0,0,0,1.0,1.3897101780457888e-06,0.00824164878576994
v113_s0814,113,814,0,0,0,1.0,1.3143285286787432e-06,0.0019762800075113773
v113_s0815,113,815,0,0,0,1.0,1.512216385890497e-06,0.004145351704210043
v113_s0816,113,816,0,0,0,1.0,1.2835034794989042e-06,0.0010815926361829042
v113_s0817,113,817,0,0,0,1.0,1.6138446881086566e-06,0.001604546676389873
v113_s0818,113,818,0,0,0,1.0,1.8551054381532595e-06,0.002957545453682542
v113_s0819,113,819,0,0,0,1.0,1.3694809695152799e-06,0.0011464947601780295
v113_s0820,113,820,0,0,0,1.0,1.519104898761725e-06,0.0075514065101742744
v113_s0821,113,821,0,0,0,1.0,1.927358425746206e-06,0.010400567203760147
v113_s0822,113,822,0,0,0,1.0,2.5967199235310545e-06,0.008889367803931236
v113_s0823,113,823,0,0,0,1.0,2.0551792658807244e-06,0.003916476853191853
v113_s0824,113,824,0,0,0,1.0,1.799297820070933e-06,0.008272998034954071
v113_s0825,113,825,0,0,0,1.0,2.205295913881855e-06,0.005424611270427704
v113_s0826,113,826,0,0,0,1.0,1.3916387615608983e-06,0.0033147456124424934
v113_s0827,113,827,0,0,0,1.0,1.8480261587683344e-06,0.018805040046572685
v113_s0828,113,828,0,0,0,1.0,1.7389703543813084e-06,0.023239582777023315
v113_s0829,113,829,0,0,0,1.0,1.0117838655787637e-06,0.0007639311952516437
v113_s0830,113,830,0,0,0,1.0,1.4839505411146092e-06,0.003402744885534048
v113_s0831,113,831,0,0,0,1.0,1.5337096783696325e-06,0.00196272530592978
v113_s0832,113,832,0,0,0,1.0,1.1372081871741102e-06,0.0007125434349291027
v113_s0833,113,833,0,0,0,1.0,1.0127098448720062e-06,0.0010647233575582504
v113_s0834,113,834,0,0,0,1.0,8.371972626264323e-07,0.0007456153398379683
v113_s0835,113,835,0,0,0,1.0,7.561669121969317e-07,0.0005947791505604982
v114_s0000,114,0,0,0,0,1.0,1.4973073803048464e-06,0.00754694826900959
v114_s0001,114,1,0,0,0,1.0,1.0058124644274358e-06,0.002754401182755828
v114_s0002,114,2,0,0,0,1.0,7.67496487696917e-07,0.0018488280475139618
v114_s0003,114,3,0,0,0,1.0,2.7393516575102694e-06,0.028715945780277252
v114_s0004,114,4,0,0,0,1.0,2.3002947273198515e-05,0.2694861888885498
v114_s0005,114,5,0,0,0,1.0,3.014595222339267e-06,0.049401674419641495
v114_s0006,114,6,0,0,0,1.0,8.352056966032251e-07,0.0010841189650818706
v114_s0007,114,7,0,0,0,1.0,9.592288279236527e-07,0.004168335814028978
v114_s0008,114,8,0,0,0,1.0,9.165156029666832e-07,0.0038887117989361286
v114_s0009,114,9,0,0,0,1.0,6.723057026647439e-07,0.0005455357604660094
v114_s0010,114,10,0,0,0,1.0,8.310058774441131e-07,0.001844297512434423
v114_s0011,114,11,0,0,0,1.0,1.4138878441372071e-06,0.008463227190077305
v114_s0012,114,12,0,25,0,3.999999840000006e-08,0.00039381496026180685,0.9612754583358765
v114_s0013,114,13,0,15,0,6.666666222222252e-08,0.00024587532971054316,0.984386146068573
v114_s0014,114,14,0,0,0,1.0,2.300387905052048e-06,0.0035562701523303986
v114_s0015,114,15,0,0,0,1.0,3.5497873795975465e-06,0.032214343547821045
v114_s0016,114,16,0,0,0,1.0,2.930619757535169e-06,0.05014544352889061
v114_s0017,114,17,0,0,0,1.0,9.799223334994167e-07,0.0031046916265040636
v114_s0018,114,18,0,0,0,1.0,9.82196070253849e-07,0.000660644203890115
v114_s0019,114,19,0,0,0,1.0,1.0992407624144107e-06,0.00045989142381586134
v114_s0020,114,20,0,0,0,1.0,1.3766493793809786e-06,0.0024094171822071075
v114_s0021,114,21,0,0,0,1.0,1.6007345493562752e-06,0.0038876805920153856
v114_s0022,114,22,0,0,0,1.0,2.3555294319521636e-06,0.038313981145620346
v114_s0023,114,23,0,0,0,1.0,2.5622271095926408e-06,0.04317125678062439
v114_s0024,114,24,0,0,0,1.0,1.533076897430874e-06,0.004925176035612822
v114_s0025,114,25,0,0,0,1.0,1.3104879599268315e-06,0.004601580090820789
v114_s0026,114,26,0,0,0,1.0,1.4605061551264953e-06,0.011183439753949642
v114_s0027,114,27,0,0,0,1.0,1.980149590963265e-06,0.024677632376551628
v114_s0028,114,28,0,0,0,1.0,3.339414888614556e-06,0.05374625325202942
v114_s0029,114,29,0,0,0,1.0,1.485091615904821e-05,0.15457271039485931
v114_s0030,114,30,0,0,0,1.0,5.560812041949248e-06,0.05462445318698883
v114_s0031,114,31,0,0,0,1.0,2.4833348106767517e-06,0.013444681651890278
v114_s0032,114,32,0,0,0,1.0,1.3478102118824609e-06,0.0027076269034296274
v114_s0033,114,33,0,0,0,1.0,1.4579211438103812e-06,0.003421986708417535
v114_s0034,114,34,0,0,0,1.0,1.4602487681258935e-06,0.003467509290203452
v114_s0035,114,35,0,0,0,1.0,1.4205570550984703e-06,0.00428739795461297
v114_s0036,114,36,0,0,0,1.0,1.34254651129595e-06,0.003806421300396323
v114_s0037,114,37,0,0,0,1.0,1.9456044810794992e-06,0.008462158963084221
v114_s0038,114,38,0,0,0,1.0,2.673727067303844e-06,0.01839129440486431
v114_s0039,114,39,0,0,0,1.0,2.5693343559396453e-06,0.01670822873711586
v114_s0040,114,40,0,0,0,1.0,2.808761564665474e-06,0.018700556829571724
v114_s0041,114,41,0,0,0,1.0,1.4720452554684016e-06,0.0041976310312747955
v114_s0042,114,42,0,0,0,1.0,2.7953035441896645e-06,0.012202521786093712
v114_s0043,114,43,0,0,0,1.0,3.6793589970329776e-06,0.013906536623835564
v114_s0044,114,44,0,0,0,1.0,2.838780801539542e-06,0.009364241734147072
v114_s0045,114,45,0,16,0,6.249999609375024e-08,0.0002665955398697406,0.9886981248855591
v114_s0046,114,46,0,20,0,4.999999750000012e-08,0.0003535124706104398,0.9873391389846802
v114_s0047,114,47,0,0,0,1.0,8.30178578326013e-06,0.10690475255250931
v114_s0048,114,48,0,0,0,1.0,1.414551843481604e-05,0.19228994846343994
v114_s0049,114,49,0,0,0,1.0,1.1608017302933149e-05,0.11743590235710144
v114_s0050,114,50,0,0,0,1.0,3.3691585485939868e-06,0.05772733315825462
v114_s0051,114,51,0,0,0,1.0,1.6768191926530562e-05,0.47684869170188904
v114_s0052,114,52,0,0,0,1.0,8.808923666947521e-06,0.1462530791759491
v114_s0053,114,53,0,0,0,1.0,2.7446667445474304e-06,0.007774718105792999
v114_s0054,114,54,0,0,0,1.0,1.464108208892867e-06,0.0009522816399112344
v114_s0055,114,55,0,0,0,1.0,1.0445586440255283e-06,0.0011262058978900313
v114_s0056,114,56,0,0,0,1.0,9.61892624218308e-07,0.0009331221808679402
v114_s0057,114,57,0,0,0,1.0,1.2993148175155511e-06,0.0038686245679855347
v114_s0058,114,58,0,0,0,1.0,2.6665939003578387e-06,0.01269939448684454
v114_s0059,114,59,0,0,0,1.0,4.7676003305241466e-06,0.03443513065576553
v114_s0060,114,60,0,0,0,1.0,4.235896085447166e-06,0.01689785160124302
v114_s0061,114,61,0,0,0,1.0,8.873235856299289e-06,0.11823928356170654
v114_s0062,114,62,0,12,0,8.333332638888946e-08,0.0001725162292132154,0.9474163055419922
v114_s0063,114,63,0,0,0,1.0,1.9968313154095085e-06,0.00781618058681488
v114_s0064,114,64,0,0,0,1.0,1.4056172403797973e-06,0.001344254007562995
v114_s0065,114,65,0,0,0,1.0,1.269866515940521e-06,0.0032333913259208202
v114_s0066,114,66,0,0,0,1.0,1.4383188045030693e-06,0.004775152076035738
v114_s0067,114,67,0,0,0,1.0,1.652822902542539e-06,0.00698496401309967
v114_s0068,114,68,0,0,0,1.0,1.857343136180134e-06,0.01534802932292223
v114_s0069,114,69,0,0,0,1.0,2.1380581074481597e-06,0.006581071298569441
v114_s0070,114,70,0,0,0,1.0,2.072233883154695e-06,0.017127128317952156
v114_s0071,114,71,0,0,0,1.0,1.4897129858582048e-06,0.001921523129567504
v114_s0072,114,72,0,0,0,1.0,1.7545282844366739e-06,0.003285018028691411
v114_s0073,114,73,0,0,0,1.0,2.1027981347288005e-06,0.011024176143109798
v114_s0074,114,74,0,0,0,1.0,2.1121611553098774e-06,0.009489082731306553
v114_s0075,114,75,0,0,0,1.0,1.8072680632030824e-06,0.0027336757630109787
v114_s0076,114,76,0,0,0,1.0,2.207793613706599e-06,0.009389715269207954
v114_s0077,114,77,0,0,0,1.0,1.8522002847021213e-06,0.004455778282135725
v114_s0078,114,78,0,0,0,1.0,3.2742802886787103e-06,0.027851806953549385
v114_s0079,114,79,0,0,0,1.0,1.5903183339105453e-06,0.0063551040366292
v114_s0080,114,80,0,0,0,1.0,1.5920436453598086e-06,0.007587259169667959
v114_s0081,114,81,0,0,0,1.0,1.542726522529847e-06,0.005644899792969227
v114_s0082,114,82,0,0,0,1.0,1.8111234112438979e-06,0.004046420566737652
v114_s0083,114,83,0,0,0,1.0,1.3763849437964382e-06,0.004273705650120974
v114_s0084,114,84,0,0,0,1.0,1.895346713354229e-06,0.012740833684802055
v114_s0085,114,85,0,0,0,1.0,2.4992241378640756e-06,0.0264753270894289
v114_s0086,114,86,0,0,0,1.0,3.2638768061588053e-06,0.037439048290252686
v114_s0087,114,87,0,0,0,1.0,2.3273212264030008e-06,0.03157951310276985
v114_s0088,114,88,0,0,0,1.0,1.9028739188797772e-06,0.010888242162764072
v114_s0089,114,89,0,0,0,1.0,1.5985067420842825e-06,0.004194837529212236
v114_s0090,114,90,0,0,0,1.0,1.4513594805976027e-06,0.008303601294755936
v114_s0091,114,91,0,0,0,1.0,1.4308609479485312e-06,0.006166025996208191
v114_s0092,114,92,0,0,0,1.0,1.665184186094848e-06,0.005266102496534586
v114_s0093,114,93,0,0,0,1.0,1.2054731541866204e-06,0.002799250651150942
v114_s0094,114,94,0,0,0,1.0,1.1684352330121328e-06,0.003027457743883133
v114_s0095,114,95,0,0,0,1.0,2.813921128108632e-06,0.019143948331475258
v114_s0096,114,96,0,0,0,1.0,1.7924146504810778e-06,0.004780101124197245
v114_s0097,114,97,0,0,0,1.0,2.487593292244128e-06,0.01198034081608057
v114_s0098,114,98,0,0,0,1.0,3.212862793589011e-06,0.014111151918768883
v114_s0099,114,99,0,0,0,1.0,1.23606764645956e-06,0.003132580779492855
v114_s0100,114,100,0,0,0,1.0,1.2979628536413657e-06,0.004288745578378439
v114_s0101,114,101,0,0,0,1.0,1.954367235157406e-06,0.011251280084252357
v114_s0102,114,102,0,0,0,1.0,6.977205430303002e-06,0.09100067615509033
v114_s0103,114,103,0,0,0,1.0,9.68160657066619e-06,0.11535166949033737
v114_s0104,114,104,0,8,0,1.2499998437500196e-07,0.00012048910139128566,0.9566112160682678
v114_s0105,114,105,0,15,0,6.666666222222252e-08,0.0002589824434835464,0.99886155128479
v114_s0106,114,106,0,0,0,1.0,1.5373535688922857e-06,0.007005042862147093
v114_s0107,114,107,0,0,0,1.0,1.4050782510821591e-06,0.005065608769655228
v114_s0108,114,108,0,0,0,1.0,1.505191335127165e-06,0.006690502166748047
v114_s0109,114,109,0,0,0,1.0,2.7929320367547916e-06,0.036965686827898026
v114_s0110,114,110,0,0,0,1.0,2.9722184535785345e-06,0.01392087060958147
v114_s0111,114,111,0,0,0,1.0,9.38480070544756e-07,0.0009092863765545189
v114_s0112,114,112,0,0,0,1.0,1.306704916714807e-06,0.000947360007558018
v114_s0113,114,113,0,0,0,1.0,8.630290722067002e-07,0.0004431088163983077
v114_s0114,114,114,0,0,0,1.0,3.828675289696548e-06,0.028672317042946815
v114_s0115,114,115,0,0,0,1.0,1.3843689430359518e-06,0.003749916097149253
v114_s0116,114,116,0,0,0,1.0,1.4868919606669806e-06,0.003762301290407777
v114_s0117,114,117,0,0,0,1.0,3.2697166716388892e-06,0.03740758076310158
v114_s0118,114,118,0,0,0,1.0,1.9328963389853016e-06,0.012743975967168808
v114_s0119,114,119,0,0,0,1.0,2.0717252482427284e-06,0.015210292302072048
v114_s0120,114,120,0,0,0,1.0,2.4262383249151753e-06,0.03540024161338806
v114_s0121,114,121,0,0,0,1.0,1.377334115204576e-06,0.006930022034794092
v114_s0122,114,122,0,1,0,9.99999000001e-07,2.64019599853782e-05,0.6267843842506409
v114_s0123,114,123,0,1,0,9.99999000001e-07,2.7302321541355923e-05,0.5945909023284912
v114_s0124,114,124,0,0,0,1.0,2.0756835965585196e-06,0.017424605786800385
v114_s0125,114,125,0,0,0,1.0,2.3757191229378805e-05,0.39590588212013245
v114_s0126,114,126,0,0,0,1.0,7.863935934437905e-06,0.1535431295633316
v114_s0127,114,127,0,0,0,1.0,1.9141266420774627e-06,0.014769282191991806
v114_s0128,114,128,0,0,0,1.0,1.680457671682234e-06,0.012153437361121178
v114_s0129,114,129,0,0,0,1.0,3.0385579066205537e-06,0.03548350930213928
v114_s0130,114,130,0,0,0,1.0,7.861155609134585e-06,0.11434514820575714
v114_s0131,114,131,0,0,0,1.0,9.810475603444502e-06,0.11083541065454483
v114_s0132,114,132,0,0,0,1.0,8.250513928942382e-06,0.12409742921590805
v114_s0133,114,133,0,0,0,1.0,3.5597295209299773e-06,0.041242994368076324
v114_s0134,114,134,0,0,0,1.0,1.1906072359124664e-06,0.002406140323728323
v114_s0135,114,135,0,0,0,1.0,1.1633837857516482e-06,0.005139435641467571
v114_s0136,114,136,0,0,0,1.0,1.1689319308061386e-06,0.003309574443846941
v114_s0137,114,137,0,0,0,1.0,9.957124120774097e-07,0.0024072290398180485
v114_s0138,114,138,0,0,0,1.0,1.213082668982679e-06,0.001995695289224386
v114_s0139,114,139,0,0,0,1.0,2.592446435301099e-06,0.027064744383096695
v114_s0140,114,140,0,0,0,1.0,1.8250646007800242e-06,0.009238488972187042
v114_s0141,114,141,0,0,0,1.0,4.796990651811939e-06,0.014958567917346954
v114_s0142,114,142,0,0,0,1.0,9.077342042473902e-07,0.0007695583044551313
v114_s0143,114,143,0,0,0,1.0,7.428176900248218e-07,0.0006465399055741727
v114_s0144,114,144,0,0,0,1.0,6.02989871367754e-07,0.0004084460961166769
v114_s0145,114,145,0,0,0,1.0,4.618290176949813e-07,0.00011300914047751576
v114_s0146,114,146,0,0,0,1.0,6.095658022786665e-07,0.0003730354073923081
v114_s0147,114,147,0,0,0,1.0,6.458028565248242e-07,0.00042956601828336716
v114_s0148,114,148,0,0,0,1.0,1.3906640106142731e-06,0.006079083774238825
v114_s0149,114,149,0,0,0,1.0,8.039145882321463e-07,0.0004857629246544093
v114_s0150,114,150,0,0,0,1.0,1.2087816685379948e-06,0.0011606550542637706
v114_s0151,114,151,0,0,0,1.0,1.5707834108980023e-06,0.0046154106967151165
v114_s0152,114,152,0,0,0,1.0,1.6839435375004541e-06,0.003436970291659236
v114_s0153,114,153,0,0,0,1.0,1.5993459783203434e-06,0.0008102159481495619
v114_s0154,114,154,0,14,0,7.142856632653097e-08,0.00022695511870551854,0.9996891021728516
v114_s0155,114,155,0,0,0,1.0,2.3056077225191984e-06,0.009032836183905602
v114_s0156,114,156,0,0,0,1.0,1.594222226231068e-06,0.0016988725401461124
v114_s0157,114,157,0,0,0,1.0,2.130064785887953e-06,0.00851681362837553
v114_s0158,114,158,0,0,0,1.0,1.881500111267087e-06,0.012885939329862595
v114_s0159,114,159,0,0,0,1.0,1.7305774235865101e-06,0.003271853318437934
v114_s0160,114,160,0,0,0,1.0,1.294238700211281e-06,0.0014605841133743525
v114_s0161,114,161,0,0,0,1.0,1.2802620403817855e-06,0.0025225889403373003
v114_s0162,114,162,0,0,0,1.0,1.738033643050585e-05,0.2844959795475006
v114_s0163,114,163,0,0,0,1.0,9.220209449267713e-07,0.0007701548165641725
v114_s0164,114,164,0,0,0,1.0,1.5493411638090038e-06,0.013737216591835022
v114_s0165,114,165,0,3,0,3.3333322222225924e-07,5.007585059502162e-05,0.9343897104263306
v114_s0166,114,166,0,18,0,5.555555246913597e-08,0.0002648694207891822,0.9999802112579346
v114_s0167,114,167,0,14,0,7.142856632653097e-08,0.00021573776029981673,0.9998032450675964
v114_s0168,114,168,0,0,0,1.0,1.3888580724596977e-05,0.24124972522258759
v114_s0169,114,169,0,0,0,1.0,1.4655709037469933e-06,0.0015255975304171443
v114_s0170,114,170,0,0,0,1.0,2.2450421965913847e-06,0.007930693216621876
v114_s0171,114,171,0,0,0,1.0,1.959361270564841e-06,0.002878956962376833
v114_s0172,114,172,0,0,0,1.0,2.4956962079158984e-06,0.01293255016207695
v114_s0173,114,173,0,0,0,1.0,2.145828602806432e-06,0.0057103452272713184
v114_s0174,114,174,0,0,0,1.0,1.3654480426339433e-06,0.0017609961796551943
v114_s0175,114,175,0,0,0,1.0,1.1464287581475219e-06,0.004341771826148033
v114_s0176,114,176,0,0,0,1.0,9.405043783772271e-07,0.0021650914568454027
v114_s0177,114,177,0,0,0,1.0,8.762784204918717e-07,0.0011569489724934101
v114_s0178,114,178,0,0,0,1.0,1.1285758318990702e-06,0.0015980980824679136
v114_s0179,114,179,0,0,0,1.0,1.0891220654229983e-06,0.002053133910521865
v114_s0180,114,180,0,0,0,1.0,1.7664187907939777e-06,0.0070795887149870396
v114_s0181,114,181,0,0,0,1.0,1.5818692418179126e-06,0.006411690264940262
v114_s0182,114,182,0,0,0,1.0,1.388651980960276e-06,0.005916520953178406
v114_s0183,114,183,0,0,0,1.0,2.413825313851703e-06,0.005105685908347368
v114_s0184,114,184,0,0,0,1.0,8.002834874787368e-06,0.07504449039697647
v114_s0185,114,185,0,19,0,5.263157617728546e-08,0.00033001822885125875,0.9730066061019897
v114_s0186,114,186,0,0,0,1.0,2.331479663553182e-06,0.007103184703737497
v114_s0187,114,187,0,0,0,1.0,2.126421122738975e-06,0.0032978502567857504
v114_s0188,114,188,0,0,0,1.0,1.363947717436531e-06,0.0026654391549527645
v114_s0189,114,189,0,0,0,1.0,1.867578021119698e-06,0.008264739066362381
v114_s0190,114,190,0,0,0,1.0,2.083698745991569e-06,0.013619739562273026
v114_s0191,114,191,0,0,0,1.0,1.2385219179122942e-06,0.0046203904785215855
v114_s0192,114,192,0,0,0,1.0,1.4862305306451162e-06,0.004091231618076563
v114_s0193,114,193,0,0,0,1.0,1.7657193893683143e-06,0.005686481017619371
v114_s0194,114,194,0,0,0,1.0,1.908081685542129e-06,0.007896088995039463
v114_s0195,114,195,0,0,0,1.0,1.5715744439148693e-06,0.0066932253539562225
v114_s0196,114,196,0,0,0,1.0,2.664591875145561e-06,0.013209458440542221
v114_s0197,114,197,0,0,0,1.0,1.91887556866277e-06,0.011036733165383339
v114_s0198,114,198,0,0,0,1.0,2.675340510904789e-06,0.019618147984147072
v114_s0199,114,199,0,0,0,1.0,1.417161115568888e-06,0.006970549002289772
v114_s0200,114,200,0,0,0,1.0,1.9994804461020976e-06,0.01597941294312477
v114_s0201,114,201,0,0,0,1.0,1.0082802646138589e-06,0.0012743305414915085
v114_s0202,114,202,0,0,0,1.0,3.7235267882351764e-06,0.026335109025239944
v114_s0203,114,203,0,0,0,1.0,5.2748541747860145e-06,0.03361200913786888
v114_s0204,114,204,0,0,0,1.0,3.3020032788044773e-06,0.023798836395144463
v114_s0205,114,205,0,0,0,1.0,6.724664217472309e-06,0.07005081325769424
v114_s0206,114,206,0,0,0,1.0,3.0466883345070528e-06,0.034858305007219315
v114_s0207,114,207,0,0,0,1.0,3.280034889030503e-06,0.05223960429430008
v114_s0208,114,208,0,0,0,1.0,2.3543029783468228e-06,0.024789778515696526
v114_s0209,114,209,0,0,0,1.0,5.1931215239164885e-06,0.03460993990302086
v114_s0210,114,210,0,0,0,1.0,4.683129645854933e-06,0.019937440752983093
v114_s0211,114,211,0,0,0,1.0,7.116902907000622e-06,0.08272881805896759
v114_s0212,114,212,0,0,0,1.0,1.53979126480408e-05,0.1200338676571846
v114_s0213,114,213,0,0,0,1.0,6.122662853158545e-06,0.0334148108959198
v114_s0214,114,214,0,12,0,8.333332638888946e-08,0.00016774657706264406,0.9935356378555298
v114_s0215,114,215,0,30,0,3.3333332222222255e-08,0.00045367112034000456,0.999998927116394
v114_s0216,114,216,0,0,0,1.0,4.2036317609017715e-06,0.08869209885597229
v114_s0217,114,217,0,0,0,1.0,1.691015540927765e-06,0.008501746691763401
v114_s0218,114,218,0,0,0,1.0,3.146085873595439e-06,0.021739494055509567
v114_s0219,114,219,0,0,0,1.0,2.0685276922449702e-06,0.0041446867398917675
v114_s0220,114,220,0,0,0,1.0,2.6409647944092285e-06,0.018499648198485374
v114_s0221,114,221,0,0,0,1.0,2.364297642998281e-06,0.020734861493110657
v114_s0222,114,222,0,0,0,1.0,1.1946915492444532e-06,0.002590877003967762
v114_s0223,114,223,0,0,0,1.0,1.0814887900778558e-06,0.006606330629438162
v114_s0224,114,224,0,0,0,1.0,1.2631709296329063e-06,0.0056511396542191505
v114_s0225,114,225,0,0,0,1.0,9.181428595184116e-07,0.001923397067002952
v114_s0226,114,226,0,0,0,1.0,6.603136171179358e-07,0.0003393727820366621
v114_s0227,114,227,0,0,0,1.0,6.953982847335283e-07,0.0008957953541539609
v114_s0228,114,228,0,0,0,1.0,1.2070955790477456e-06,0.002195704262703657
v114_s0229,114,229,0,0,0,1.0,1.324919935541402e-06,0.00585521524772048
v114_s0230,114,230,0,0,0,1.0,6.476640464825323e-06,0.07291404902935028
v114_s0231,114,231,0,0,0,1.0,3.724584985320689e-06,0.02532329596579075
v114_s0232,114,232,0,0,0,1.0,1.1431327493482968e-06,0.0019117892952635884
v114_s0233,114,233,0,0,0,1.0,1.7265874703298323e-06,0.011099087074398994
v114_s0234,114,234,0,0,0,1.0,1.7354011561110383e-06,0.004304919391870499
v114_s0235,114,235,0,0,0,1.0,1.6859257812029682e-05,0.17567212879657745
v114_s0236,114,236,0,0,0,1.0,4.031915068480885e-06,0.0178753063082695
v114_s0237,114,237,0,0,0,1.0,1.248633907380281e-06,0.0020651614759117365
v114_s0238,114,238,0,0,0,1.0,1.4931222267478006e-06,0.0035473681055009365
v114_s0239,114,239,0,0,0,1.0,3.480848363324185e-06,0.008350375108420849
v114_s0240,114,240,0,0,0,1.0,7.440090485033579e-06,0.22752098739147186
v114_s0241,114,241,0,0,0,1.0,8.168438398570288e-06,0.11258158832788467
v114_s0242,114,242,0,0,0,1.0,8.79607250681147e-06,0.021669132634997368
v114_s0243,114,243,0,0,0,1.0,6.877460691612214e-06,0.00667097233235836
v114_s0244,114,244,0,0,0,1.0,6.176076567498967e-06,0.011802532710134983
v114_s0245,114,245,0,0,0,1.0,4.228270881867502e-06,0.02603972516953945
v114_s0246,114,246,0,0,0,1.0,4.028815055789892e-06,0.03421561047434807
v114_s0247,114,247,0,0,0,1.0,2.6578113647701684e-06,0.014435364864766598
v114_s0248,114,248,0,0,0,1.0,6.535698958032299e-06,0.07752389460802078
v114_s0249,114,249,0,0,0,1.0,5.428740223578643e-06,0.08297406136989594
v114_s0250,114,250,0,0,0,1.0,3.829944034805521e-06,0.028352372348308563
v114_s0251,114,251,0,0,0,1.0,3.1352421956398757e-06,0.0035769310779869556
v114_s0252,114,252,0,0,0,1.0,2.421374574623769e-06,0.0036708482075482607
v114_s0253,114,253,0,0,0,1.0,1.5033408544695703e-06,0.0027862684801220894
v114_s0254,114,254,0,0,0,1.0,2.496730758139165e-06,0.007966342382133007
v114_s0255,114,255,0,0,0,1.0,1.3313820090843365e-06,0.0024602951016277075
v114_s0256,114,256,0,0,0,1.0,3.0709798011230305e-06,0.002695721108466387
v114_s0257,114,257,0,0,0,1.0,3.906834535882808e-06,0.003083116142079234
v114_s0258,114,258,0,0,0,1.0,3.2597190511296503e-06,0.0030028594192117453
v114_s0259,114,259,0,0,0,1.0,4.301844455767423e-06,0.006702745333313942
v114_s0260,114,260,0,0,0,1.0,1.3373161209528917e-06,0.0008299948531202972
v114_s0261,114,261,0,0,0,1.0,1.0885723895626143e-06,0.0021879454143345356
v114_s0262,114,262,0,0,0,1.0,1.5164471278694691e-06,0.0026403337251394987
v114_s0263,114,263,0,0,0,1.0,4.0295726648764685e-06,0.016272047534585
v114_s0264,114,264,0,0,0,1.0,4.395377800392453e-06,0.015310681425035
v114_s0265,114,265,0,0,0,1.0,2.738747753028292e-06,0.013935324735939503
v114_s0266,114,266,0,0,0,1.0,4.466061000130139e-06,0.05467502400279045
v114_s0267,114,267,0,0,0,1.0,6.175881480885437e-06,0.10443858057260513
v114_s0268,114,268,0,0,0,1.0,1.5204818737402093e-05,0.4544702470302582
v114_s0269,114,269,0,0,0,1.0,5.606536433333531e-06,0.012411680072546005
v114_s0270,114,270,0,0,0,1.0,1.0257235771859996e-05,0.014832358807325363
v114_s0271,114,271,0,0,0,1.0,4.48905348093831e-06,0.012821599841117859
v114_s0272,114,272,0,0,0,1.0,4.567115865938831e-06,0.004549531266093254
v114_s0273,114,273,0,0,0,1.0,4.517831712291809e-06,0.003667315235361457
v114_s0274,114,274,0,0,0,1.0,1.4696544894832186e-05,0.017283501103520393
v114_s0275,114,275,0,0,0,1.0,3.958996785513591e-06,0.00538100628182292
v114_s0276,114,276,0,0,0,1.0,3.768085434785462e-06,0.002253664890304208
v114_s0277,114,277,0,0,0,1.0,8.373250238946639e-06,0.021755559369921684
v114_s0278,114,278,0,0,0,1.0,5.924819106439827e-06,0.010451559908688068
v114_s0279,114,279,0,0,0,1.0,3.625191993705812e-06,0.005447902251034975
v114_s0280,114,280,0,0,0,1.0,3.0134037842799444e-06,0.0034930610563606024
v114_s0281,114,281,0,0,0,1.0,3.1923605092742946e-06,0.0039192852564156055
v114_s0282,114,282,0,0,0,1.0,4.991800778952893e-06,0.013868055306375027
v114_s0283,114,283,0,0,0,1.0,9.121471521211788e-06,0.031344883143901825
v114_s0284,114,284,0,0,0,1.0,3.6461265153775457e-06,0.010230248793959618
v114_s0285,114,285,0,0,0,1.0,2.096034677379066e-06,0.0019752532243728638
v114_s0286,114,286,0,0,0,1.0,1.6625281205051579e-06,0.0011774617014452815
v114_s0287,114,287,0,0,0,1.0,8.997889722195396e-07,0.0008744039223529398
v114_s0288,114,288,0,0,0,1.0,1.193218622574932e-06,0.001731335069052875
v114_s0289,114,289,0,0,0,1.0,8.679188567839446e-07,0.0006675701588392258
v114_s0290,114,290,0,0,0,1.0,1.3659001751875621e-06,0.0023267418146133423
v114_s0291,114,291,0,0,0,1.0,1.3343546925170813e-06,0.0008952973876148462
v114_s0292,114,292,0,0,0,1.0,2.902751020883443e-06,0.006065149325877428
v114_s0293,114,293,0,0,0,1.0,2.235201236544526e-06,0.018015079200267792
v114_s0294,114,294,0,0,0,1.0,8.815603678158368e-07,0.0013983399840071797
v114_s0295,114,295,0,0,0,1.0,1.343397570963134e-06,0.0014249823288992047
v114_s0296,114,296,0,0,0,1.0,1.887725488813885e-06,0.0017573342192918062
v114_s0297,114,297,0,0,0,1.0,4.136130428378237e-06,0.006866964511573315
v114_s0298,114,298,0,0,0,1.0,1.1077127055614255e-06,0.0007763062603771687
v114_s0299,114,299,0,0,0,1.0,9.581149242876563e-07,0.0016931566642597318
v114_s0300,114,300,0,0,0,1.0,1.679844217505888e-06,0.0038763389457017183
v114_s0301,114,301,0,0,0,1.0,1.9908889044017997e-06,0.0028916301671415567
v114_s0302,114,302,0,0,0,1.0,2.7514383873494808e-06,0.002808377845212817
v114_s0303,114,303,0,0,0,1.0,1.8825314782588976e-06,0.0035360408946871758
v114_s0304,114,304,0,0,0,1.0,1.8677649222809123e-06,0.00229660258628428
v114_s0305,114,305,0,0,0,1.0,1.394810396959656e-06,0.0010545895202085376
v114_s0306,114,306,0,0,0,1.0,1.1383614264559583e-06,0.0012505375780165195
v114_s0307,114,307,0,0,0,1.0,2.7403432341088774e-06,0.003355584805831313
v114_s0308,114,308,0,0,0,1.0,2.1064020074845757e-06,0.0038068515714257956
v114_s0309,114,309,0,0,0,1.0,2.864015186787583e-06,0.014164620079100132
v114_s0310,114,310,0,0,0,1.0,1.3180920177546795e-06,0.001466080080717802
v114_s0311,114,311,0,0,0,1.0,2.66285746874928e-06,0.0045759836211800575
v114_s0312,114,312,0,0,0,1.0,1.904537725749833e-06,0.0026444594841450453
v114_s0313,114,313,0,0,0,1.0,1.6064097962953383e-06,0.003460664302110672
v114_s0314,114,314,0,0,0,1.0,2.7591715934249805e-06,0.020701158791780472
v114_s0315,114,315,0,0,0,1.0,1.1609724879235728e-06,0.002373692113906145
v114_s0316,114,316,0,0,0,1.0,2.810336354741594e-06,0.029048260301351547
v114_s0317,114,317,0,0,0,1.0,7.396078217425384e-06,0.1685166358947754
v114_s0318,114,318,0,0,0,1.0,4.391492439026479e-06,0.03405481576919556
v114_s0319,114,319,0,0,0,1.0,4.040526619064622e-06,0.016343308612704277
v114_s0320,114,320,0,0,0,1.0,1.8050957351078978e-06,0.007191506680101156
v114_s0321,114,321,0,0,0,1.0,1.3716272633246263e-06,0.005060732364654541
v114_s0322,114,322,0,0,0,1.0,1.0376242016718606e-06,0.001803757855668664
v114_s0323,114,323,0,0,0,1.0,9.897647714751656e-07,0.004014336969703436
v114_s0324,114,324,0,0,0,1.0,7.701265758441878e-07,0.001262100413441658
v114_s0325,114,325,0,0,0,1.0,1.2864436484960606e-06,0.003279707860201597
v114_s0326,114,326,0,0,0,1.0,1.665151103225071e-06,0.003518312470987439
v114_s0327,114,327,0,0,0,1.0,8.16026499705913e-07,0.000582138542085886
v114_s0328,114,328,0,0,0,1.0,7.390973451038008e-07,0.0007973557221703231
v114_s0329,114,329,0,0,0,1.0,8.164527116605313e-07,0.0005217360449023545
v114_s0330,114,330,0,0,0,1.0,9.719528861751314e-07,0.001194286742247641
v114_s0331,114,331,0,0,0,1.0,1.49675383909198e-06,0.005364616401493549
v114_s0332,114,332,0,0,0,1.0,1.0170972473133588e-06,0.0025072942953556776
v114_s0333,114,333,0,0,0,1.0,8.001001106094918e-07,0.0006326045840978622
v114_s0334,114,334,0,0,0,1.0,7.289922336894961e-07,0.001168372342363
v114_s0335,114,335,0,0,0,1.0,9.148402568825986e-07,0.006947620306164026
v114_s0336,114,336,0,0,0,1.0,2.9774719223496504e-06,0.039281293749809265
v114_s0337,114,337,0,0,0,1.0,1.142851260738098e-06,0.0059578255750238895
v114_s0338,114,338,0,0,0,1.0,1.5682674074923852e-06,0.002935894066467881
v114_s0339,114,339,0,0,0,1.0,1.6225492345256498e-06,0.0033275701571255922
v114_s0340,114,340,0,0,0,1.0,1.443138216927764e-06,0.0023002864327281713
v114_s0341,114,341,0,0,0,1.0,1.0789058251248207e-06,0.0019421466859057546
v114_s0342,114,342,0,0,0,1.0,1.1022902981494553e-06,0.0008277458255179226
v114_s0343,114,343,0,0,0,1.0,1.1504272379170288e-06,0.004253163002431393
v114_s0344,114,344,0,0,0,1.0,1.0946566817437997e-06,0.0009744782582856715
v114_s0345,114,345,0,0,0,1.0,1.1824440662167035e-06,0.0029583696741610765
v114_s0346,114,346,0,0,0,1.0,1.395780259372259e-06,0.0009986750083044171
v114_s0347,114,347,0,0,0,1.0,1.7718457456794567e-06,0.0037498928140848875
v114_s0348,114,348,0,0,0,1.0,1.2431039522198262e-06,0.0021729646250605583
v114_s0349,114,349,0,0,0,1.0,1.7676521792964195e-06,0.003248225897550583
v114_s0350,114,350,0,0,0,1.0,2.3094530661182944e-06,0.03695052117109299
v114_s0351,114,351,0,0,0,1.0,4.654515578295104e-06,0.10038317739963531
v114_s0352,114,352,0,0,0,1.0,3.072311756113777e-06,0.06559840589761734
v114_s0353,114,353,0,0,0,1.0,2.876519829442259e-06,0.0858536809682846
v114_s0354,114,354,0,0,0,1.0,2.953766852442641e-06,0.09881183505058289
v114_s0355,114,355,0,0,0,1.0,2.463588998580235e-06,0.022905096411705017
v114_s0356,114,356,0,0,0,1.0,5.244146905170055e-06,0.13931116461753845
v114_s0357,114,357,0,0,0,1.0,3.866638053295901e-06,0.04335405305027962
v114_s0358,114,358,0,0,0,1.0,1.5040933476484497e-06,0.011697473004460335
v114_s0359,114,359,0,0,0,1.0,1.8490061393094948e-06,0.009187250398099422
v114_s0360,114,360,0,0,0,1.0,3.3995002013398334e-06,0.014108173549175262
v114_s0361,114,361,0,0,0,1.0,1.4415053328775684e-06,0.002092714887112379
v114_s0362,114,362,0,0,0,1.0,1.3633755315822782e-06,0.003440924920141697
v114_s0363,114,363,0,0,0,1.0,1.3298188150656642e-06,0.005290203727781773
v114_s0364,114,364,0,0,0,1.0,2.0788836536667077e-06,0.006154429633170366
v114_s0365,114,365,0,0,0,1.0,2.5041647404577816e-06,0.0032022870145738125
v114_s0366,114,366,0,0,0,1.0,1.6226256320805987e-06,0.006432895082980394
v114_s0367,114,367,0,0,0,1.0,1.0385516588939936e-06,0.0018535542767494917
v114_s0368,114,368,0,0,0,1.0,2.4011505956877954e-06,0.005617419723421335
v114_s0369,114,369,0,0,0,1.0,1.6708045222912915e-06,0.0050121815875172615
v114_s0370,114,370,0,0,0,1.0,1.2120153769501485e-06,0.0018155720317736268
v114_s0371,114,371,0,0,0,1.0,2.8296030905039515e-06,0.01233109924942255
v114_s0372,114,372,0,0,0,1.0,1.2343954267635127e-06,0.002076362259685993
v114_s0373,114,373,0,0,0,1.0,1.327581799159816e-06,0.002053867792710662
v114_s0374,114,374,0,0,0,1.0,1.1997124147455906e-06,0.0012295832857489586
v114_s0375,114,375,0,0,0,1.0,1.4807650359216495e-06,0.0007836486329324543
v114_s0376,114,376,0,0,0,1.0,1.3905604419051087e-06,0.0011853402247652411
v114_s0377,114,377,0,0,0,1.0,1.6724738998163957e-06,0.004616009071469307
v114_s0378,114,378,0,0,0,1.0,1.9887552298314404e-06,0.002706431085243821
v114_s0379,114,379,0,0,0,1.0,1.2272341791685903e-06,0.001574331778101623
v114_s0380,114,380,0,0,0,1.0,1.0119272246811306e-06,0.0007397875306196511
v114_s0381,114,381,0,0,0,1.0,1.361700469715288e-06,0.020339783281087875
v114_s0382,114,382,0,0,0,1.0,6.734215389769815e-07,0.00042215557186864316
v114_s0383,114,383,0,0,0,1.0,2.6304473976779263e-06,0.0734301209449768
v114_s0384,114,384,0,38,0,2.6315788781163454e-08,0.0005925039295107126,0.9999868869781494
v114_s0385,114,385,0,31,0,3.225806347554634e-08,0.00046921070315875113,0.9999912977218628
v114_s0386,114,386,0,8,0,1.2499998437500196e-07,0.00012914098624605685,0.9956478476524353
v114_s0387,114,387,0,0,0,1.0,2.151468379452126e-06,0.017315035685896873
v114_s0388,114,388,0,0,0,1.0,1.4883605672366684e-06,0.002739550080150366
v114_s0389,114,389,0,0,0,1.0,1.2363607311272062e-06,0.0030446865130215883
v114_s0390,114,390,0,0,0,1.0,1.385738187309471e-06,0.002247316762804985
v114_s0391,114,391,0,0,0,1.0,1.385917471452558e-06,0.0017889462178573012
v114_s0392,114,392,0,0,0,1.0,1.178065986096044e-06,0.001426012720912695
v114_s0393,114,393,0,0,0,1.0,9.209001063936739e-07,0.00048052321653813124
v114_s0394,114,394,0,0,0,1.0,1.4933864349586656e-06,0.002933371113613248
v114_s0395,114,395,0,0,0,1.0,1.291324952035211e-05,0.337417870759964
v114_s0396,114,396,0,0,0,1.0,1.4720092167408438e-06,0.0023160723503679037
v114_s0397,114,397,0,0,0,1.0,1.6552390889046364e-06,0.015982119366526604
v114_s0398,114,398,0,13,0,7.692307100591761e-08,0.00019498230540193617,0.9999915361404419
v114_s0399,114,399,0,55,0,1.8181817851239675e-08,0.0008410569280385971,0.9999998807907104
v114_s0400,114,400,0,34,0,2.9411763840830475e-08,0.0004993914044462144,1.0
v114_s0401,114,401,0,21,0,4.761904535147403e-08,0.0003440020955167711,0.9999992847442627
v114_s0402,114,402,0,35,0,2.8571427755102065e-08,0.0005380950751714408,0.9999995231628418
v114_s0403,114,403,0,38,0,2.6315788781163454e-08,0.0006041579181328416,1.0
v114_s0404,114,404,0,51,0,1.9607842752787398e-08,0.0007786283968016505,1.0
v114_s0405,114,405,0,62,0,1.612903199791884e-08,0.0009494174155406654,1.0
v114_s0406,114,406,0,36,0,2.7777777006172862e-08,0.0005600635195150971,1.0
v114_s0407,114,407,0,47,0,2.1276595291987334e-08,0.0007106540142558515,0.9999978542327881
v114_s0408,114,408,0,88,0,1.1363636234504133e-08,0.0013463844079524279,0.9999990463256836
v114_s0409,114,409,0,122,0,8.19672124428917e-09,0.0018530155066400766,0.9999997615814209
v114_s0410,114,410,0,78,0,1.2820512656147274e-08,0.0011804448440670967,0.9999996423721313
v114_s0411,114,411,0,9,0,1.1111109876543348e-07,0.00014160048158373684,0.9908509850502014
v114_s0412,114,412,0,4,0,2.499999375000156e-07,6.228127313079312e-05,0.8976756930351257
v114_s0413,114,413,0,0,0,1.0,1.0488579391676467e-06,0.006062614265829325
v114_s0414,114,414,0,0,0,1.0,1.0463633088875213e-06,0.00248312926851213
v114_s0415,114,415,0,0,0,1.0,7.912130968179554e-06,0.18578733503818512
v114_s0416,114,416,0,0,0,1.0,1.1106315014330903e-06,0.010550513863563538
v114_s0417,114,417,0,0,0,1.0,3.9482921465605614e-07,0.000281084852758795
v114_s0418,114,418,0,0,0,1.0,4.296340989640157e-07,0.000713110959623009
v114_s0419,114,419,0,0,0,1.0,3.354019781909301e-07,0.0002881530672311783
v114_s0420,114,420,0,0,0,1.0,3.628200602179277e-07,0.00038204435259103775
v114_s0421,114,421,0,0,0,1.0,3.680987106235989e-07,0.0007685162709094584
v114_s0422,114,422,0,0,0,1.0,3.3429773793614004e-07,0.00021180353360250592
v114_s0423,114,423,0,0,0,1.0,1.4036996844879468e-06,0.035118792206048965
v114_s0424,114,424,0,0,0,1.0,6.372870871018677e-07,0.007297193631529808
v114_s0425,114,425,0,0,0,1.0,3.832527113445394e-07,0.0019425544887781143
v114_s0426,114,426,0,0,0,1.0,7.580056262668222e-07,0.016856439411640167
v114_s0427,114,427,0,0,0,1.0,3.055835122722783e-07,0.0019898233003914356
v114_s0428,114,428,0,0,0,1.0,7.773771812935593e-07,0.022140290588140488
v114_s0429,114,429,0,0,0,1.0,1.4855132803859306e-06,0.01730753853917122
v114_s0430,114,430,0,0,0,1.0,3.820387973973993e-06,0.13001877069473267
v114_s0431,114,431,0,0,0,1.0,5.397126869866042e-07,0.002378657925873995
v114_s0432,114,432,0,0,0,1.0,3.66791027772706e-07,0.0009928069775924087
v114_s0433,114,433,0,0,0,1.0,3.1408654876941e-07,0.0003125219664070755
v114_s0434,114,434,0,0,0,1.0,3.00841719536038e-07,0.0012281705858185887
v114_s0435,114,435,0,0,0,1.0,2.931995481958438e-07,0.00048044329741969705
v114_s0436,114,436,0,0,0,1.0,2.605895588203566e-07,0.0003109076642431319
v114_s0437,114,437,0,0,0,1.0,2.6048564905067906e-07,0.00030858011450618505
v114_s0438,114,438,0,0,0,1.0,6.462779538196628e-07,0.0037769454065710306
v114_s0439,114,439,0,0,0,1.0,2.8180670597066637e-07,0.0002496499218977988
v114_s0440,114,440,0,0,0,1.0,2.6231589345115935e-07,0.00020125826995354146
v114_s0441,114,441,0,0,0,1.0,2.9861243433515483e-07,0.0008865479612722993
v114_s0442,114,442,0,0,0,1.0,2.867323019017931e-07,0.0005835556657984853
v114_s0443,114,443,0,0,0,1.0,2.961490963571123e-07,0.0022594043985009193
v114_s0444,114,444,0,0,0,1.0,2.489844348474435e-07,0.0001302424061577767
v114_s0445,114,445,0,0,0,1.0,2.9753948638244765e-07,0.00025884140632115304
v114_s0446,114,446,0,0,0,1.0,3.4647570146262296e-07,0.0006361560663208365
v114_s0447,114,447,0,0,0,1.0,1.5249796661009896e-06,0.03964793682098389
v114_s0448,114,448,0,0,0,1.0,2.6431627020429005e-07,0.0002075709489872679
v114_s0449,114,449,0,0,0,1.0,3.0120895644358825e-07,0.0008212258107960224
v114_s0450,114,450,0,0,0,1.0,3.5924026065004e-07,0.0008109083864837885
v114_s0451,114,451,0,0,0,1.0,8.29233954391384e-07,0.007384029217064381
v114_s0452,114,452,0,0,0,1.0,5.617617375719419e-07,0.0069864653050899506
v114_s0453,114,453,0,0,0,1.0,7.96061158325756e-07,0.009062075056135654
v114_s0454,114,454,0,0,0,1.0,2.167144884879235e-06,0.01828092522919178
v114_s0455,114,455,0,0,0,1.0,9.284697171096923e-07,0.007670094259083271
v114_s0456,114,456,0,0,0,1.0,9.84750499810616e-07,0.019336190074682236
v114_s0457,114,457,0,0,0,1.0,6.355944606184494e-07,0.006241948343813419
v114_s0458,114,458,0,0,0,1.0,7.380855322480784e-07,0.002607791218906641
v114_s0459,114,459,0,0,0,1.0,4.6090661953712697e-07,0.0010760501027107239
v114_s0460,114,460,0,23,0,4.347825897920613e-08,0.0003426289767958224,0.9990680813789368
v114_s0461,114,461,0,0,0,1.0,3.9123932538132067e-07,0.0008629510411992669
v114_s0462,114,462,0,0,0,1.0,4.3581576392170973e-07,0.00187285419087857
v114_s0463,114,463,0,0,0,1.0,4.3878529254470777e-07,0.0038017660845071077
v114_s0464,114,464,0,0,0,1.0,3.214745731838775e-07,0.0011094771325588226
v114_s0465,114,465,0,0,0,1.0,3.6470402164923144e-07,0.000636324577499181
v114_s0466,114,466,0,63,0,1.5873015621063245e-08,0.0009712528553791344,0.9999905824661255
v114_s0467,114,467,0,24,0,4.166666493055563e-08,0.0003720232052728534,0.9999614953994751
v114_s0468,114,468,0,0,0,1.0,3.298658270978194e-07,0.000771748716942966
v114_s0469,114,469,0,0,0,1.0,3.623959798915166e-07,0.0012643756344914436
v114_s0470,114,470,0,0,0,1.0,7.626792921655579e-07,0.014312569983303547
v114_s0471,114,471,0,0,0,1.0,3.6913817780259706e-07,0.003648551180958748
v114_s0472,114,472,0,0,0,1.0,3.0170292575348867e-07,0.0010090806754305959
v114_s0473,114,473,0,0,0,1.0,3.857325282297097e-06,0.060851190239191055
v114_s0474,114,474,0,7,0,1.428571224489825e-07,9.995093569159508e-05,0.9885072708129883
v114_s0475,114,475,0,13,0,7.692307100591761e-08,0.00021260888024698943,0.999958872795105
v114_s0476,114,476,0,12,0,8.333332638888946e-08,0.00018740279483608902,0.9956479668617249
v114_s0477,114,477,0,0,0,1.0,6.0069983192079235e-06,0.09843713790178299
v114_s0478,114,478,0,0,0,1.0,3.099099103565095e-06,0.04390954226255417
v114_s0479,114,479,0,0,0,1.0,4.528984618445975e-07,0.0012372201308608055
v114_s0480,114,480,0,0,0,1.0,3.7468367963811033e-07,0.0007362351752817631
v114_s0481,114,481,0,0,0,1.0,2.7385453904571477e-07,0.0003500921302475035
v114_s0482,114,482,0,0,0,1.0,2.556024014666036e-07,0.00037352132494561374
v114_s0483,114,483,0,0,0,1.0,7.075962003000313e-07,0.0038794593419879675
v114_s0484,114,484,0,0,0,1.0,3.369523983565159e-05,0.4699370861053467
v114_s0485,114,485,0,0,0,1.0,2.4969029254862107e-05,0.27088117599487305
v114_s0486,114,486,0,3,0,3.3333322222225924e-07,5.2221254009054974e-05,0.8642104268074036
v114_s0487,114,487,0,0,0,1.0,1.551375248709519e-06,0.021765459328889847
v114_s0488,114,488,0,0,0,1.0,7.674394737477996e-07,0.004034684505313635
v114_s0489,114,489,0,52,0,1.923076886094675e-08,0.0007952647283673286,0.9996852874755859
v114_s0490,114,490,0,0,0,1.0,5.514660870176158e-07,0.005912108346819878
v114_s0491,114,491,0,0,0,1.0,4.626962208931218e-07,0.0025831207167357206
v114_s0492,114,492,0,0,0,1.0,1.119135731642018e-06,0.015275351703166962
v114_s0493,114,493,0,0,0,1.0,9.721416063257493e-07,0.018968677148222923
v114_s0494,114,494,0,0,0,1.0,5.404396574704151e-07,0.001813524286262691
v114_s0495,114,495,0,0,0,1.0,6.091228783589031e-07,0.0032199565321207047
v114_s0496,114,496,0,0,0,1.0,2.1409605324151926e-06,0.06163424998521805
v114_s0497,114,497,0,0,0,1.0,4.504524895310169e-07,0.0008164392784237862
v114_s0498,114,498,0,0,0,1.0,3.2012105748435715e-06,0.020088372752070427
v114_s0499,114,499,0,34,0,2.9411763840830475e-08,0.0005366138648241758,0.9996834993362427
v114_s0500,114,500,0,0,0,1.0,1.0969026334350929e-05,0.2290055751800537
v114_s0501,114,501,0,2,0,4.99999750000125e-07,3.108988676103763e-05,0.7023544311523438
v114_s0502,114,502,0,0,0,1.0,5.660275292029837e-06,0.12085764110088348
v114_s0503,114,503,0,0,0,1.0,2.2420820187107893e-06,0.03510580211877823
v114_s0504,114,504,0,0,0,1.0,4.140406417718623e-07,0.0006860174471512437
v114_s0505,114,505,0,0,0,1.0,7.01699718774762e-07,0.003858243115246296
v114_s0506,114,506,0,0,0,1.0,2.522042086638976e-05,0.3219243586063385
v114_s0507,114,507,0,0,0,1.0,2.180963747377973e-06,0.03187542036175728
v114_s0508,114,508,0,0,0,1.0,7.2392585934721865e-06,0.12674182653427124
v114_s0509,114,509,0,0,0,1.0,1.2404191238601925e-06,0.03608577698469162
v114_s0510,114,510,0,0,0,1.0,4.417738921347336e-07,0.0015276079066097736
v114_s0511,114,511,0,0,0,1.0,4.859456339545432e-07,0.0034894447308033705
v114_s0512,114,512,0,0,0,1.0,6.287131100179977e-07,0.0041017113253474236
v114_s0513,114,513,0,0,0,1.0,8.448079142908682e-07,0.015450970269739628
v114_s0514,114,514,0,0,0,1.0,4.061874960825662e-07,0.0003150498087052256
v114_s0515,114,515,0,0,0,1.0,4.205541586088657e-07,0.0006230637081898749
v114_s0516,114,516,0,0,0,1.0,8.049837560974993e-06,0.26717695593833923
v114_s0517,114,517,0,0,0,1.0,2.9997119099789415e-07,0.0002526437456253916
v114_s0518,114,518,0,0,0,1.0,4.1565641595298075e-07,0.00406962726265192
v114_s0519,114,519,0,0,0,1.0,3.493887561489828e-07,0.0012023178860545158
v114_s0520,114,520,0,0,0,1.0,3.6261698710404744e-07,0.000897012825589627
v114_s0521,114,521,0,0,0,1.0,3.7348854675656185e-07,0.0008859187946654856
v114_s0522,114,522,0,0,0,1.0,7.136330850698869e-07,0.009818611666560173
v114_s0523,114,523,0,6,0,1.666666388888935e-07,9.989803947973996e-05,0.8938847780227661
v114_s0524,114,524,0,24,0,4.166666493055563e-08,0.0003567745443433523,0.9985913634300232
v114_s0525,114,525,0,0,0,1.0,2.574553263912094e-07,0.002058899262920022
v114_s0526,114,526,0,0,0,1.0,2.2702768376348104e-07,0.0004153124173171818
v114_s0527,114,527,0,0,0,1.0,3.395929581984092e-07,0.002301813568919897
v114_s0528,114,528,0,0,0,1.0,3.2725768051022897e-07,0.0018620418850332499
v114_s0529,114,529,0,0,0,1.0,3.4466984288883395e-07,0.001166063011623919
v114_s0530,114,530,0,0,0,1.0,3.36318009885872e-07,0.0006871412042528391
v114_s0531,114,531,0,0,0,1.0,3.535289749834192e-07,0.0006558950408361852
v114_s0532,114,532,0,0,0,1.0,5.58362330593809e-07,0.007986683398485184
v114_s0533,114,533,0,0,0,1.0,2.913928369707719e-07,0.0011690936516970396
v114_s0534,114,534,0,0,0,1.0,2.8746291036441107e-07,0.0018097440479323268
v114_s0535,114,535,0,0,0,1.0,3.9872324464340636e-07,0.002338941441848874
v114_s0536,114,536,0,0,0,1.0,4.574147169478238e-06,0.047603707760572433
v114_s0537,114,537,0,0,0,1.0,6.191028205648763e-07,0.005296329967677593
v114_s0538,114,538,0,0,0,1.0,1.8936837022920372e-06,0.02753026783466339
v114_s0539,114,539,0,0,0,1.0,3.581797329843539e-07,0.0005675668944604695
v114_s0540,114,540,0,0,0,1.0,3.4671873549996235e-07,0.00030051631620153785
v114_s0541,114,541,0,0,0,1.0,5.353174401534488e-07,0.0012952806428074837
v114_s0542,114,542,0,5,0,1.99999960000008e-07,8.803587115835398e-05,0.9660499691963196
v114_s0543,114,543,0,0,0,1.0,4.806423703485052e-07,0.0023946273140609264
v114_s0544,114,544,0,0,0,1.0,4.137985456509341e-07,0.0011105297598987818
v114_s0545,114,545,0,0,0,1.0,3.437507984926924e-07,0.0005812703166157007
v114_s0546,114,546,0,0,0,1.0,3.110381499027426e-07,0.00038564112037420273
v114_s0547,114,547,0,0,0,1.0,4.2205829231534153e-07,0.001308601931668818
v114_s0548,114,548,0,0,0,1.0,5.274263799037726e-07,0.0031043842900544405
v114_s0549,114,549,0,2,0,4.99999750000125e-07,2.272569327033125e-05,0.6255240440368652
v114_s0550,114,550,0,0,0,1.0,4.7103011979743314e-07,0.0020378821063786745
v114_s0551,114,551,0,6,0,1.666666388888935e-07,9.19094673008658e-05,0.9802024960517883
v114_s0552,114,552,0,1,0,9.99999000001e-07,2.6280773454345763e-05,0.623163640499115
v114_s0553,114,553,0,0,0,1.0,3.5618938909465214e-06,0.0614825114607811
v114_s0554,114,554,0,0,0,1.0,3.0237868031690596e-06,0.056394677609205246
v114_s0555,114,555,0,0,0,1.0,2.116321866196813e-06,0.04395592585206032
v114_s0556,114,556,0,0,0,1.0,6.372198413373553e-07,0.00622586952522397
v114_s0557,114,557,0,0,0,1.0,6.192867658683099e-07,0.00466263247653842
v114_s0558,114,558,0,0,0,1.0,4.038396355099394e-07,0.0014759900514036417
v114_s0559,114,559,0,0,0,1.0,3.0920850235816033e-07,0.0005252245464362204
v114_s0560,114,560,0,0,0,1.0,2.9189985184530087e-07,0.00030736191547475755
v114_s0561,114,561,0,0,0,1.0,3.2097710800371715e-07,0.0006491123931482434
v114_s0562,114,562,0,0,0,1.0,3.505921313262661e-07,0.0004078922502230853
v114_s0563,114,563,0,0,0,1.0,3.531471293172217e-07,0.00026735838036984205
v114_s0564,114,564,0,0,0,1.0,4.860672220274864e-07,0.0011332310969009995
v114_s0565,114,565,0,0,0,1.0,3.181985903211171e-06,0.06461978703737259
v114_s0566,114,566,0,0,0,1.0,4.414993099999265e-07,0.0039228107780218124
v114_s0567,114,567,0,0,0,1.0,5.704981731469161e-07,0.004698514472693205
v114_s0568,114,568,0,0,0,1.0,5.961700821899285e-07,0.005358043126761913
v114_s0569,114,569,0,3,0,3.3333322222225924e-07,4.7653411456849426e-05,0.9666144847869873
v114_s0570,114,570,0,0,0,1.0,2.311056050530169e-06,0.08431817591190338
v114_s0571,114,571,0,0,0,1.0,9.482841960561927e-07,0.011607347056269646
v114_s0572,114,572,0,0,0,1.0,9.199061992148927e-07,0.01657487079501152
v114_s0573,114,573,0,0,0,1.0,3.4880233101830527e-07,0.0002515251690056175
v114_s0574,114,574,0,0,0,1.0,3.4024867545667803e-07,0.0007848843815736473
v114_s0575,114,575,0,0,0,1.0,4.18424946246887e-07,0.0011423021787777543
v114_s0576,114,576,0,0,0,1.0,1.4147153706289828e-06,0.01872996799647808
v114_s0577,114,577,0,0,0,1.0,6.366071829688735e-07,0.0017209919169545174
v114_s0578,114,578,0,0,0,1.0,1.964612692972878e-06,0.03394550085067749
v114_s0579,114,579,0,0,0,1.0,5.617498572974e-07,0.003122523194178939
v114_s0580,114,580,0,0,0,1.0,5.685673158950522e-07,0.0012419334379956126
v114_s0581,114,581,0,0,0,1.0,5.360313366509217e-07,0.0019897958263754845
v114_s0582,114,582,0,0,0,1.0,4.781925326824421e-07,0.001405858900398016
v114_s0583,114,583,0,0,0,1.0,7.910163617452781e-07,0.013722183182835579
v114_s0584,114,584,0,0,0,1.0,4.380827931527165e-07,0.00031941637280397117
v114_s0585,114,585,0,0,0,1.0,4.2085156337634544e-07,0.0008544428856112063
v114_s0586,114,586,0,0,0,1.0,4.290154436148441e-07,0.000949040288105607
v114_s0587,114,587,0,0,0,1.0,3.850651069114974e-07,0.0007008617394603789
v114_s0588,114,588,0,0,0,1.0,1.017928934743395e-05,0.45215103030204773
v114_s0589,114,589,0,0,0,1.0,2.5283613922510995e-06,0.032117586582899094
v114_s0590,114,590,0,0,0,1.0,2.3327079361479264e-06,0.00840266514569521
v114_s0591,114,591,0,0,0,1.0,3.1072440833668225e-06,0.013291724026203156
v114_s0592,114,592,0,0,0,1.0,1.01632326732215e-06,0.00395076023414731
v114_s0593,114,593,0,0,0,1.0,1.347347847513447e-06,0.00830826722085476
v114_s0594,114,594,0,0,0,1.0,6.544680672959657e-07,0.0015258974162861705
v114_s0595,114,595,0,0,0,1.0,7.656163916180958e-07,0.002588757546618581
v114_s0596,114,596,0,0,0,1.0,1.0227702205156675e-06,0.004022703506052494
v114_s0597,114,597,0,0,0,1.0,6.430217354136403e-07,0.0022741928696632385
v114_s0598,114,598,0,0,0,1.0,3.39399463200607e-07,0.0004693262162618339
v114_s0599,114,599,0,0,0,1.0,3.1818933621252654e-07,0.0004271250218153
v114_s0600,114,600,0,0,0,1.0,2.848120175258373e-07,0.00029638377600349486
v114_s0601,114,601,0,0,0,1.0,4.513764508828899e-07,0.0006669005961157382
v114_s0602,114,602,0,0,0,1.0,5.503226248038118e-07,0.002695168601348996
v114_s0603,114,603,0,0,0,1.0,2.8744915425704676e-07,0.000368704175343737
v114_s0604,114,604,0,0,0,1.0,3.7544825204349763e-07,0.0004850295663345605
v114_s0605,114,605,0,0,0,1.0,3.192527060491557e-07,0.00041805338696576655
v114_s0606,114,606,0,0,0,1.0,5.039806865170249e-07,0.0012296646600589156
v114_s0607,114,607,0,0,0,1.0,4.792403842657222e-07,0.002205268247053027
v114_s0608,114,608,0,0,0,1.0,2.858243988157483e-06,0.0615563802421093
v114_s0609,114,609,0,0,0,1.0,1.357670498691732e-05,0.3177904784679413
v114_s0610,114,610,0,1,0,9.99999000001e-07,4.242411887389608e-05,0.5264459252357483
v114_s0611,114,611,0,10,0,9.9999990000001e-08,0.00013165536802262068,0.9738377332687378
v114_s0612,114,612,0,13,0,7.692307100591761e-08,0.0001937962369993329,0.9940469264984131
v114_s0613,114,613,0,4,0,2.499999375000156e-07,7.006722444202751e-05,0.7749207615852356
v114_s0614,114,614,0,0,0,1.0,1.5279904346243711e-06,0.015027441084384918
v114_s0615,114,615,0,0,0,1.0,5.168750476514106e-07,0.0024705587420612574
v114_s0616,114,616,0,0,0,1.0,3.9184638467304467e-07,0.0002861569810193032
v114_s0617,114,617,0,0,0,1.0,7.829506785128615e-07,0.0036322916857898235
v114_s0618,114,618,0,0,0,1.0,5.062338459538296e-07,0.0006787617458030581
v114_s0619,114,619,0,0,0,1.0,6.931819029887265e-07,0.0013776349369436502
v114_s0620,114,620,0,0,0,1.0,8.567367899559031e-07,0.0006512124091386795
v114_s0621,114,621,0,0,0,1.0,1.2548071026685648e-06,0.002454411005601287
v114_s0622,114,622,0,0,0,1.0,4.6327957647918083e-07,0.0004965854459442198
v114_s0623,114,623,0,0,0,1.0,4.773576165462146e-07,0.00022229296155273914
v114_s0624,114,624,0,0,0,1.0,4.3317189124536526e-07,0.0002858774969354272
v114_s0625,114,625,0,0,0,1.0,4.316472654863901e-07,0.0002912894997280091
v114_s0626,114,626,0,0,0,1.0,4.391054062580224e-07,0.00044670331408269703
v114_s0627,114,627,0,0,0,1.0,4.29257056566712e-07,0.00042107058106921613
v114_s0628,114,628,0,0,0,1.0,4.012525494090369e-07,0.0005411278689280152
v114_s0629,114,629,0,0,0,1.0,3.587313699426886e-07,0.00029917218489572406
v114_s0630,114,630,0,0,0,1.0,8.809914788798778e-07,0.004804491996765137
v114_s0631,114,631,0,0,0,1.0,4.019921107101254e-07,0.0018878901610150933
v114_s0632,114,632,0,0,0,1.0,3.4572207141536637e-07,0.0005224605556577444
v114_s0633,114,633,0,0,0,1.0,5.636285891341686e-07,0.003324090735986829
v114_s0634,114,634,0,0,0,1.0,4.785484861713485e-07,0.00040162631194107234
v114_s0635,114,635,0,0,0,1.0,5.237666300672572e-07,0.0006960777100175619
v114_s0636,114,636,0,0,0,1.0,3.715835532602796e-07,0.0005273952265270054
v114_s0637,114,637,0,0,0,1.0,2.698989476357383e-07,0.000104070822999347
v114_s0638,114,638,0,0,0,1.0,2.834161705322913e-07,0.00013399131421465427
v114_s0639,114,639,0,0,0,1.0,4.579524102155119e-07,0.00027383805718272924
v114_s0640,114,640,0,0,0,1.0,3.9491590086981887e-07,0.0002324772794963792
v114_s0641,114,641,0,0,0,1.0,6.272310884014587e-07,0.00031649996526539326
v114_s0642,114,642,0,0,0,1.0,8.13697511148348e-07,0.0013350327499210835
v114_s0643,114,643,0,0,0,1.0,6.79654476698488e-07,0.0004780119052156806
v114_s0644,114,644,0,0,0,1.0,1.092051888917922e-06,0.002341808518394828
v114_s0645,114,645,0,0,0,1.0,1.4139742461338756e-06,0.0020151850767433643
v114_s0646,114,646,0,0,0,1.0,2.049565864581382e-06,0.003205454209819436
v114_s0647,114,647,0,0,0,1.0,4.417627224029275e-06,0.007084233220666647
v114_s0648,114,648,0,0,0,1.0,2.2739209271094296e-06,0.002987709827721119
v114_s0649,114,649,0,0,0,1.0,1.34618358060834e-06,0.002130721230059862
v114_s0650,114,650,0,0,0,1.0,1.6503640836162958e-06,0.005401202477514744
v114_s0651,114,651,0,0,0,1.0,3.110828629360185e-06,0.014706915244460106
v114_s0652,114,652,0,0,0,1.0,7.854888508518343e-07,0.0016837286530062556
v114_s0653,114,653,0,0,0,1.0,1.3952853805676568e-06,0.01088919211179018
v114_s0654,114,654,0,0,0,1.0,2.785679498629179e-06,0.0060190013609826565
v114_s0655,114,655,0,0,0,1.0,8.624028282611107e-07,0.0009220523643307388
v114_s0656,114,656,0,0,0,1.0,8.567166105422075e-07,0.0007613066118210554
v114_s0657,114,657,0,0,0,1.0,7.6073615673522e-07,0.0006379024707712233
v114_s0658,114,658,0,0,0,1.0,8.464097618343658e-07,0.002455455018207431
v114_s0659,114,659,0,0,0,1.0,1.135926368078799e-06,0.00457095168530941
v114_s0660,114,660,0,0,0,1.0,5.465624326461693e-07,0.0018059811554849148
v114_s0661,114,661,0,0,0,1.0,5.694691935786977e-07,0.0010202252306044102
v114_s0662,114,662,0,0,0,1.0,3.724121029335947e-07,0.00021554582053795457
v114_s0663,114,663,0,0,0,1.0,3.6357965882416465e-07,0.00010986095730913803
v114_s0664,114,664,0,0,0,1.0,3.8403300095524173e-07,0.0002455826906953007
v114_s0665,114,665,0,0,0,1.0,1.0677243835743866e-06,0.00494646979495883
v114_s0666,114,666,0,0,0,1.0,1.3977140724819037e-06,0.003571191104128957
v114_s0667,114,667,0,0,0,1.0,1.1067120340157999e-06,0.0029718561563640833
v114_s0668,114,668,0,0,0,1.0,6.551666956511326e-06,0.01149143185466528
v114_s0669,114,669,0,0,0,1.0,5.108947789267404e-06,0.012576175853610039
v114_s0670,114,670,0,0,0,1.0,3.830156401818385e-06,0.006779209244996309
v114_s0671,114,671,0,0,0,1.0,7.289029326784657e-06,0.009194819256663322
v114_s0672,114,672,0,0,0,1.0,2.33878881772398e-06,0.004284361377358437
v114_s0673,114,673,0,0,0,1.0,3.2388641102443216e-06,0.0032978502567857504
v114_s0674,114,674,0,0,0,1.0,6.869074240967166e-06,0.014350547455251217
v114_s0675,114,675,0,0,0,1.0,1.0737365300883539e-05,0.027757873758673668
v114_s0676,114,676,0,0,0,1.0,6.308569481916493e-06,0.005137383006513119
v114_s0677,114,677,0,0,0,1.0,6.373802989401156e-06,0.005037504248321056
v114_s0678,114,678,0,0,0,1.0,1.1804826272054925e-06,0.0010056812316179276
v114_s0679,114,679,0,0,0,1.0,1.0509955927773262e-06,0.0005624404875561595
v114_s0680,114,680,0,0,0,1.0,9.804618912312435e-07,0.0006701767561025918
v114_s0681,114,681,0,0,0,1.0,1.633163833503204e-06,0.0032083066180348396
v114_s0682,114,682,0,0,0,1.0,1.370030440739356e-05,0.15144364535808563
v114_s0683,114,683,0,0,0,1.0,6.646975634794217e-06,0.04374831169843674
v114_s0684,114,684,0,0,0,1.0,1.1115678717033006e-05,0.15056489408016205
v114_s0685,114,685,0,0,0,1.0,1.42570734169567e-05,0.34265631437301636
v114_s0686,114,686,0,0,0,1.0,3.3609203455853276e-06,0.05602173134684563
v114_s0687,114,687,0,0,0,1.0,1.203984311359818e-06,0.001589275780133903
v114_s0688,114,688,0,0,0,1.0,8.654805014884914e-07,0.001107021584175527
v114_s0689,114,689,0,0,0,1.0,7.757497542115743e-07,0.001359963440336287
v114_s0690,114,690,0,0,0,1.0,6.365978606481804e-07,0.0005506182205863297
v114_s0691,114,691,0,0,0,1.0,6.10020549629553e-07,0.0005330629646778107
v114_s0692,114,692,0,0,0,1.0,1.1432867950134096e-06,0.0007899499614723027
v114_s0693,114,693,0,0,0,1.0,3.0403780328924768e-06,0.003330447943881154
v114_s0694,114,694,0,0,0,1.0,4.855312454310479e-06,0.004674060735851526
v114_s0695,114,695,0,0,0,1.0,1.9043022803089116e-06,0.014210617169737816
v114_s0696,114,696,0,0,0,1.0,1.0373076975156437e-06,0.004419930744916201
v114_s0697,114,697,0,0,0,1.0,1.6032544181143749e-06,0.02215096727013588
v114_s0698,114,698,0,7,0,1.428571224489825e-07,0.00011809320858446881,0.9815419316291809
v114_s0699,114,699,0,0,0,1.0,8.885063834895846e-06,0.022753100842237473
v114_s0700,114,700,0,0,0,1.0,7.401781658700202e-07,0.0004569067677948624
v114_s0701,114,701,0,0,0,1.0,4.666270797315519e-06,0.022219300270080566
v114_s0702,114,702,0,0,0,1.0,7.089200835252996e-07,0.0008880921523086727
v114_s0703,114,703,0,0,0,1.0,6.80626840221521e-07,0.0008230781531892717
v114_s0704,114,704,0,0,0,1.0,7.822684437996941e-07,0.0006316066137515008
v114_s0705,114,705,0,0,0,1.0,6.308468982751947e-07,0.0012467383639886975
v114_s0706,114,706,0,0,0,1.0,6.67963320211129e-07,0.0018831572961062193
v114_s0707,114,707,0,0,0,1.0,5.964835736449459e-07,0.0008225967758335173
v114_s0708,114,708,0,0,0,1.0,7.450513521689572e-07,0.00046512018889188766
v114_s0709,114,709,0,0,0,1.0,3.106251824647188e-06,0.023845287039875984
v114_s0710,114,710,0,0,0,1.0,2.0175202735117637e-05,0.2254510074853897
v114_s0711,114,711,0,0,0,1.0,1.204685531774885e-06,0.00226658140309155
v114_s0712,114,712,0,0,0,1.0,2.3268403310794383e-06,0.01807532273232937
v114_s0713,114,713,0,0,0,1.0,7.903831260591687e-07,0.0004815944121219218
v114_s0714,114,714,0,0,0,1.0,1.2198267995700007e-06,0.0021479157730937004
v114_s0715,114,715,0,0,0,1.0,1.4312574876385042e-06,0.0043141040951013565
v114_s0716,114,716,0,0,0,1.0,1.469046765123494e-06,0.002264523645862937
v114_s0717,114,717,0,0,0,1.0,1.7315725244770874e-06,0.005178894381970167
v114_s0718,114,718,0,0,0,1.0,1.651184447837295e-06,0.003352567320689559
v114_s0719,114,719,0,0,0,1.0,2.243878952867817e-06,0.00406778184697032
v114_s0720,114,720,0,0,0,1.0,1.2812743079848588e-06,0.002515454078093171
v114_s0721,114,721,0,0,0,1.0,9.123547215494909e-07,0.0009110703249461949
v114_s0722,114,722,0,0,0,1.0,1.8211071619589347e-06,0.0042287856340408325
v114_s0723,114,723,0,0,0,1.0,8.621269671493792e-07,0.002543303184211254
v114_s0724,114,724,0,0,0,1.0,8.110035878416966e-07,0.00035662163281813264
v114_s0725,114,725,0,0,0,1.0,1.8602429918246344e-05,0.40170297026634216
v114_s0726,114,726,0,0,0,1.0,2.846679308277089e-06,0.057156406342983246
v114_s0727,114,727,0,0,0,1.0,9.89143472907017e-07,0.0027439191471785307
v114_s0728,114,728,0,0,0,1.0,9.400644103152445e-07,0.0010217376984655857
v114_s0729,114,729,0,0,0,1.0,8.412190481976722e-07,0.000521613925229758
v114_s0730,114,730,0,0,0,1.0,1.0748346994660096e-06,0.0006902424502186477
v114_s0731,114,731,0,0,0,1.0,1.0149421996175079e-06,0.0010435852454975247
v114_s0732,114,732,0,0,0,1.0,8.325795874952746e-07,0.0005727212410420179
v114_s0733,114,733,0,0,0,1.0,2.411832838333794e-06,0.002365163993090391
v114_s0734,114,734,0,0,0,1.0,1.8865707716031466e-06,0.002751535503193736
v114_s0735,114,735,0,0,0,1.0,2.594557372503914e-06,0.005707968957722187
v114_s0736,114,736,0,0,0,1.0,4.283111138647655e-06,0.04926381632685661
v114_s0737,114,737,0,0,0,1.0,3.4165218494308647e-06,0.021243389695882797
v114_s0738,114,738,0,0,0,1.0,1.26559280033689e-06,0.0020585183519870043
v114_s0739,114,739,0,0,0,1.0,1.414059397575329e-06,0.0008873521001078188
v114_s0740,114,740,0,0,0,1.0,1.0396839797977009e-06,0.000771918217651546
v114_s0741,114,741,0,0,0,1.0,1.4123420442047063e-06,0.0035274322144687176
v114_s0742,114,742,0,0,0,1.0,1.2892655831819866e-06,0.007366952020674944
v114_s0743,114,743,0,0,0,1.0,1.2327280956014874e-06,0.009126835502684116
v114_s0744,114,744,0,0,0,1.0,3.3177843761222903e-06,0.028713934123516083
v114_s0745,114,745,0,0,0,1.0,2.010520802286919e-06,0.017811879515647888
v114_s0746,114,746,0,0,0,1.0,1.9539165805326775e-06,0.01075738575309515
v114_s0747,114,747,0,0,0,1.0,1.1609134844547953e-06,0.005928491707891226
v114_s0748,114,748,0,0,0,1.0,1.185003611681168e-06,0.003288567066192627
v114_s0749,114,749,0,0,0,1.0,9.904557600748376e-07,0.0010221812408417463
v114_s0750,114,750,0,0,0,1.0,1.1001649227182497e-06,0.00146011752076447
v114_s0751,114,751,0,0,0,1.0,1.0390645002189558e-06,0.0009798986138775945
v114_s0752,114,752,0,0,0,1.0,1.1738338798750192e-06,0.0010138819925487041
v114_s0753,114,753,0,0,0,1.0,1.4735890090378234e-06,0.0013891641283407807
v114_s0754,114,754,0,0,0,1.0,9.146791057901282e-07,0.0015151333063840866
v114_s0755,114,755,0,0,0,1.0,7.592460633532028e-07,0.0011424599215388298
v114_s0756,114,756,0,0,0,1.0,7.845419531804509e-07,0.001341317081823945
v114_s0757,114,757,0,0,0,1.0,8.541433089703787e-07,0.0012653188314288855
v114_s0758,114,758,0,0,0,1.0,1.3471327520164778e-06,0.006508116144686937
v114_s0759,114,759,0,0,0,1.0,1.7783078192223911e-06,0.014142490923404694
v114_s0760,114,760,0,0,0,1.0,1.2406744644977152e-06,0.004142338875681162
v114_s0761,114,761,0,0,0,1.0,2.1609635041386355e-06,0.009648002684116364
v114_s0762,114,762,0,0,0,1.0,2.9416169127216563e-06,0.007346685975790024
v114_s0763,114,763,0,0,0,1.0,1.3598307759821182e-06,0.0033887105528265238
v114_s0764,114,764,0,0,0,1.0,2.2228521174838534e-06,0.008538547903299332
v114_s0765,114,765,0,0,0,1.0,1.479932961956365e-06,0.006824220065027475
v114_s0766,114,766,0,0,0,1.0,9.88498186416109e-07,0.0014278526650741696
v114_s0767,114,767,0,0,0,1.0,8.540761200492852e-07,0.0009545870707370341
v114_s0768,114,768,0,0,0,1.0,8.980416623671772e-07,0.0009070764062926173
v114_s0769,114,769,0,0,0,1.0,1.9470162442303263e-06,0.00914706103503704
v114_s0770,114,770,0,0,0,1.0,1.7221439065906452e-06,0.0026046540588140488
v114_s0771,114,771,0,0,0,1.0,1.375012061544112e-06,0.002305147238075733
v114_s0772,114,772,0,0,0,1.0,1.5759036386953085e-06,0.005399404559284449
v114_s0773,114,773,0,0,0,1.0,8.432448339590337e-07,0.0012749915476888418
v114_s0774,114,774,0,0,0,1.0,1.0931262295343913e-06,0.0035214063245803118
v114_s0775,114,775,0,0,0,1.0,1.4771002270208555e-06,0.0014637127751484513
v114_s0776,114,776,0,0,0,1.0,1.1086744962085504e-06,0.0006007141200825572
v114_s0777,114,777,0,0,0,1.0,9.174375463771867e-07,0.0005026209983043373
v114_s0778,114,778,0,0,0,1.0,1.059527221514145e-06,0.00079535465920344
v114_s0779,114,779,0,0,0,1.0,9.62335661824909e-07,0.0011234681587666273
v114_s0780,114,780,0,0,0,1.0,9.328050509793684e-07,0.0030705081298947334
v114_s0781,114,781,0,0,0,1.0,8.378074767279031e-07,0.0009366004378534853
v114_s0782,114,782,0,0,0,1.0,8.81958044374187e-07,0.0009157446911558509
v114_s0783,114,783,0,0,0,1.0,8.738768428884214e-07,0.0006403066217899323
v114_s0784,114,784,0,0,0,1.0,1.1598549463087693e-06,0.0016874517314136028
v114_s0785,114,785,0,0,0,1.0,1.279708499168919e-06,0.0013004718348383904
v114_s0786,114,786,0,0,0,1.0,1.092357820198231e-06,0.0016623385017737746
v114_s0787,114,787,0,0,0,1.0,1.0965234196191886e-06,0.0014129295013844967
v114_s0788,114,788,0,0,0,1.0,2.5839894078671932e-05,0.3371772766113281
v114_s0789,114,789,0,19,0,5.263157617728546e-08,0.00032684148754924536,0.9928901195526123
v114_s0790,114,790,0,1,0,9.99999000001e-07,4.683161387220025e-05,0.5686885118484497
v114_s0791,114,791,0,0,0,1.0,1.4925749383110087e-06,0.002112090354785323
v114_s0792,114,792,0,0,0,1.0,7.778969575156225e-07,0.0007642144919373095
v114_s0793,114,793,0,0,0,1.0,1.248905050488247e-06,0.004442137666046619
v114_s0794,114,794,0,0,0,1.0,9.714110547065502e-07,0.001185920205898583
v114_s0795,114,795,0,0,0,1.0,8.389724825974554e-07,0.000790220161434263
v114_s0796,114,796,0,0,0,1.0,9.593989034328843e-07,0.0019363084575161338
v114_s0797,114,797,0,0,0,1.0,7.956982130963297e-07,0.0009860589634627104
v114_s0798,114,798,0,0,0,1.0,9.955936093319906e-07,0.0004150134336668998
v114_s0799,114,799,0,0,0,1.0,1.0397045571153285e-06,0.0013090469874441624
v114_s0800,114,800,0,0,0,1.0,1.2790846994903404e-06,0.007777558173984289
v114_s0801,114,801,0,0,0,1.0,8.122400458887569e-07,0.0020018734503537416
v114_s0802,114,802,0,0,0,1.0,1.0104652119480306e-06,0.0007068348350003362
v114_s0803,114,803,0,0,0,1.0,8.325428666466905e-07,0.0019752720836549997
v114_s0804,114,804,0,0,0,1.0,9.237534754902299e-07,0.0019027150701731443
v114_s0805,114,805,0,0,0,1.0,1.7913737337948987e-06,0.008266685530543327
v114_s0806,114,806,0,0,0,1.0,2.012618324442883e-06,0.008396517485380173
v114_s0807,114,807,0,0,0,1.0,1.9540104858606355e-06,0.007371244952082634
v114_s0808,114,808,0,0,0,1.0,1.110559310291137e-06,0.0028228636365383863
v114_s0809,114,809,0,0,0,1.0,8.33392903132335e-07,0.0017117748502641916
v114_s0810,114,810,0,0,0,1.0,1.0273303132635192e-06,0.0020891132298856974
v114_s0811,114,811,0,0,0,1.0,1.5461213251910522e-06,0.006193339824676514
v114_s0812,114,812,0,0,0,1.0,9.811717518459773e-07,0.0012000324204564095
v114_s0813,114,813,0,0,0,1.0,9.510908398624451e-07,0.0009594822768121958
v114_s0814,114,814,0,0,0,1.0,8.462586151836149e-07,0.001966062467545271
v114_s0815,114,815,0,0,0,1.0,9.600132671039319e-07,0.0022445651702582836
v114_s0816,114,816,0,0,0,1.0,1.0512230801396072e-06,0.0025166820269078016
v114_s0817,114,817,0,0,0,1.0,1.0462908903718926e-06,0.0018669856945052743
v114_s0818,114,818,0,0,0,1.0,1.0868742492675665e-06,0.00288910954259336
v114_s0819,114,819,0,0,0,1.0,8.408260327996686e-07,0.005078220274299383
v114_s0820,114,820,0,0,0,1.0,8.207845212382381e-07,0.0031855846755206585
v114_s0821,114,821,0,0,0,1.0,6.251423769754183e-07,0.001295855618081987
v114_s0822,114,822,0,0,0,1.0,7.558427910225873e-07,0.0013532900484278798
v114_s0823,114,823,0,0,0,1.0,6.901178721818724e-07,0.0005735966260544956
v114_s0824,114,824,0,0,0,1.0,4.0491850086255e-06,0.03154377266764641
v114_s0825,114,825,0,0,0,1.0,7.3349215199414175e-06,0.048290107399225235
v114_s0826,114,826,0,0,0,1.0,8.235979862547538e-07,0.0013480251654982567
v114_s0827,114,827,0,0,0,1.0,1.4478193861577893e-06,0.004654440563172102
v114_s0828,114,828,0,0,0,1.0,2.589143832665286e-06,0.016521349549293518
v114_s0829,114,829,0,3,0,3.3333322222225924e-07,8.000038360478356e-05,0.6400131583213806
v114_s0830,114,830,0,0,0,1.0,1.6461765426356578e-06,0.005171716213226318
v114_s0831,114,831,0,0,0,1.0,9.959403541870415e-07,0.005075484048575163
v114_s0832,114,832,0,0,0,1.0,1.078948571375804e-06,0.006754214875400066
v114_s0833,114,833,0,0,0,1.0,1.8518198885431048e-06,0.00521047692745924
v114_s0834,114,834,0,0,0,1.0,1.1026647825929103e-06,0.0017764930380508304
v114_s0835,114,835,0,0,0,1.0,1.576950126036536e-06,0.0030258777551352978
v114_s0836,114,836,0,0,0,1.0,1.2288822972550406e-06,0.0068807657808065414
v114_s0837,114,837,0,0,0,1.0,1.1826523405034095e-06,0.017812930047512054
v114_s0838,114,838,0,0,0,1.0,7.623995657013438e-07,0.001089707133360207
v114_s0839,114,839,0,0,0,1.0,6.272837254073238e-07,0.00046761188423261046
v114_s0840,114,840,0,0,0,1.0,9.143906822828285e-07,0.0017273945268243551
v114_s0841,114,841,0,0,0,1.0,1.2975601748621557e-06,0.005144255235791206
v114_s0842,114,842,0,0,0,1.0,1.0960486633848632e-06,0.0011158377164974809
v114_s0843,114,843,0,0,0,1.0,1.5070546623974224e-06,0.002768923994153738
v114_s0844,114,844,0,0,0,1.0,1.098533289223269e-06,0.0030586046632379293
v114_s0845,114,845,0,0,0,1.0,1.274781766369415e-06,0.009137113578617573
v115_s0000,115,0,0,0,0,1.0,3.0520750442519784e-06,0.04752323031425476
v115_s0001,115,1,0,0,0,1.0,1.1289680514892098e-06,0.0025046684313565493
v115_s0002,115,2,0,0,0,1.0,1.3285434761201032e-06,0.0027364082634449005
v115_s0003,115,3,0,0,0,1.0,2.9310710942809237e-06,0.00596923753619194
v115_s0004,115,4,0,0,0,1.0,2.4192863747884985e-06,0.027581484988331795
v115_s0005,115,5,0,0,0,1.0,1.9431454347795807e-06,0.00889132171869278
v115_s0006,115,6,0,0,0,1.0,1.3890908121538814e-06,0.0023214975371956825
v115_s0007,115,7,0,0,0,1.0,1.5196576441667276e-06,0.0029538117814809084
v115_s0008,115,8,0,0,0,1.0,1.0488797670404892e-06,0.0010826708748936653
v115_s0009,115,9,0,0,0,1.0,1.32819434384146e-06,0.012496329843997955
v115_s0010,115,10,0,0,0,1.0,9.013510862132534e-07,0.0022420219611376524
v115_s0011,115,11,0,0,0,1.0,7.261676273628836e-07,0.0006233244785107672
v115_s0012,115,12,0,0,0,1.0,6.688476332783466e-07,0.00039216704317368567
v115_s0013,115,13,0,0,0,1.0,7.578132112939784e-07,0.0005771949072368443
v115_s0014,115,14,0,0,0,1.0,7.69075313655776e-07,0.0005612840177491307
v115_s0015,115,15,0,0,0,1.0,7.044549761303642e-07,0.0004666885652113706
v115_s0016,115,16,0,0,0,1.0,7.052148021102767e-07,0.000686580897308886
v115_s0017,115,17,0,0,0,1.0,7.935697681205056e-07,0.000801954825874418
v115_s0018,115,18,0,0,0,1.0,9.695286280475557e-07,0.0020441212691366673
v115_s0019,115,19,0,0,0,1.0,8.929622481446131e-07,0.0010537735652178526
v115_s0020,115,20,0,0,0,1.0,8.244511491284356e-07,0.00047916907351464033
v115_s0021,115,21,0,0,0,1.0,1.0158767054235796e-06,0.0006372443749569356
v115_s0022,115,22,0,0,0,1.0,1.8684254428080749e-06,0.002048992784693837
v115_s0023,115,23,0,49,0,2.0408162848813002e-08,0.0008061371627263725,0.993943989276886
v115_s0024,115,24,0,14,0,7.142856632653097e-08,0.000357389566488564,0.9217210412025452
v115_s0025,115,25,0,0,0,1.0,6.179144838824868e-05,0.28808078169822693
v115_s0026,115,26,0,0,0,1.0,8.83806114870822e-06,0.08457380533218384
v115_s0027,115,27,0,103,0,9.708737769818079e-09,0.001522028585895896,0.9732369780540466
v115_s0028,115,28,0,247,0,4.0485829795603925e-09,0.003826763015240431,0.9998912811279297
v115_s0029,115,29,0,334,0,2.9940119670837962e-09,0.005097204819321632,0.9999192953109741
v115_s0030,115,30,0,494,0,2.0242914938779522e-09,0.0075055318884551525,0.9998694658279419
v115_s0031,115,31,0,527,0,1.8975332032304872e-09,0.00801838655024767,0.9998728036880493
v115_s0032,115,32,0,352,0,2.8409090828383262e-09,0.0053670573979616165,0.9999279975891113
v115_s0033,115,33,0,299,0,3.344481594165613e-09,0.0045318398624658585,0.9998928308486938
v115_s0034,115,34,0,94,0,1.0638297759167044e-08,0.0015646282117813826,0.9996364116668701
v115_s0035,115,35,0,0,0,1.0,4.950313268636819e-06,0.0792376771569252
v115_s0036,115,36,0,0,0,1.0,2.11915971704002e-06,0.006062200292944908
v115_s0037,115,37,0,0,0,1.0,4.187036392977461e-05,0.15938378870487213
v115_s0038,115,38,0,44,0,2.2727272210743815e-08,0.0007356852875091136,0.9925256967544556
v115_s0039,115,39,0,0,0,1.0,1.3958780300526996e-06,0.006175822112709284
v115_s0040,115,40,0,0,0,1.0,1.0283355322826537e-06,0.0030373469926416874
v115_s0041,115,41,0,0,0,1.0,8.412200145357929e-07,0.00045234840945340693
v115_s0042,115,42,0,0,0,1.0,9.631562534195837e-07,0.001929683145135641
v115_s0043,115,43,0,0,0,1.0,1.3089493222651072e-06,0.004828410688787699
v115_s0044,115,44,0,0,0,1.0,2.1520604605029803e-06,0.018720382824540138
v115_s0045,115,45,0,0,0,1.0,1.63518689078046e-06,0.008220220915973186
v115_s0046,115,46,0,0,0,1.0,1.6022095223888755e-06,0.0020159780979156494
v115_s0047,115,47,0,0,0,1.0,2.0289608073653653e-06,0.003701941343024373
v115_s0048,115,48,0,0,0,1.0,1.172803195004235e-06,0.0023977800738066435
v115_s0049,115,49,0,0,0,1.0,1.116065959649859e-06,0.0023557315580546856
v115_s0050,115,50,0,0,0,1.0,3.10096902467194e-06,0.03882315009832382
v115_s0051,115,51,0,0,0,1.0,8.97778409125749e-06,0.1724572777748108
v115_s0052,115,52,0,0,0,1.0,4.826747954211896e-06,0.09614021331071854
v115_s0053,115,53,0,0,0,1.0,1.2252428405190585e-06,0.00911778025329113
v115_s0054,115,54,0,0,0,1.0,1.1591157544899033e-06,0.0012879334390163422
v115_s0055,115,55,0,0,0,1.0,1.2302748473302927e-06,0.001486083841882646
v115_s0056,115,56,0,0,0,1.0,1.7317937590632937e-06,0.007905088365077972
v115_s0057,115,57,0,0,0,1.0,1.8994866195498616e-06,0.006632310803979635
v115_s0058,115,58,0,0,0,1.0,1.4569875474990113e-06,0.005450887605547905
v115_s0059,115,59,0,0,0,1.0,1.4117227919996367e-06,0.003731151344254613
v115_s0060,115,60,0,0,0,1.0,1.4030492820893414e-06,0.0014446807326748967
v115_s0061,115,61,0,0,0,1.0,1.2193065686005866e-06,0.0018650493584573269
v115_s0062,115,62,0,0,0,1.0,1.1998477020824794e-06,0.0016614223131909966
v115_s0063,115,63,0,0,0,1.0,1.010673372547899e-06,0.0011944506550207734
v115_s0064,115,64,0,0,0,1.0,9.907580533763394e-07,0.001011398620903492
v115_s0065,115,65,0,0,0,1.0,1.0320768524252344e-06,0.0011087296297773719
v115_s0066,115,66,0,0,0,1.0,1.144796442531515e-06,0.0019479424227029085
v115_s0067,115,67,0,0,0,1.0,9.406638810105505e-07,0.000809875491540879
v115_s0068,115,68,0,0,0,1.0,9.84711732598953e-07,0.0009605780942365527
v115_s0069,115,69,0,0,0,1.0,1.0436851880513132e-06,0.0011092833010479808
v115_s0070,115,70,0,0,0,1.0,1.126756160374498e-06,0.001978902146220207
v115_s0071,115,71,0,0,0,1.0,9.557140856486512e-07,0.002769853686913848
v115_s0072,115,72,0,0,0,1.0,7.312934258152382e-07,0.0005899089737795293
v115_s0073,115,73,0,0,0,1.0,1.3967760423838627e-06,0.0038410713896155357
v115_s0074,115,74,0,0,0,1.0,3.5373873288335744e-06,0.01731140725314617
v115_s0075,115,75,0,0,0,1.0,2.2071676539781038e-06,0.010846908204257488
v115_s0076,115,76,0,0,0,1.0,1.1898782759089954e-06,0.0031435322016477585
v115_s0077,115,77,0,0,0,1.0,2.077508497677627e-06,0.0069106025621294975
v115_s0078,115,78,0,0,0,1.0,3.2578169339103624e-05,0.17483264207839966
v115_s0079,115,79,0,4,0,2.499999375000156e-07,0.00014515213842969388,0.6610344052314758
v115_s0080,115,80,0,31,0,3.225806347554634e-08,0.00047778181033208966,0.970613956451416
v115_s0081,115,81,0,58,0,1.724137901307967e-08,0.0009124823845922947,0.999695897102356
v115_s0082,115,82,0,11,0,9.090908264462886e-08,0.00023670859809499234,0.7687890529632568
v115_s0083,115,83,0,6,0,1.666666388888935e-07,9.695336484583095e-05,0.9723939299583435
v115_s0084,115,84,0,1,0,9.99999000001e-07,3.68663968401961e-05,0.5116919279098511
v115_s0085,115,85,0,0,0,1.0,6.8790764089499135e-06,0.1371692270040512
v115_s0086,115,86,0,0,0,1.0,3.0379694635485066e-06,0.04913817346096039
v115_s0087,115,87,0,0,0,1.0,1.2090129075659206e-06,0.0012360522523522377
v115_s0088,115,88,0,0,0,1.0,1.5939979221002432e-06,0.0028531458228826523
v115_s0089,115,89,0,0,0,1.0,2.198899892391637e-06,0.008551260456442833
v115_s0090,115,90,0,0,0,1.0,1.5305120086850366e-06,0.004444691818207502
v115_s0091,115,91,0,0,0,1.0,1.1945783171540825e-06,0.002516759792342782
v115_s0092,115,92,0,0,0,1.0,1.2400357718433952e-06,0.00453107850626111
v115_s0093,115,93,0,0,0,1.0,1.134991975959565e-06,0.002842144574970007
v115_s0094,115,94,0,0,0,1.0,2.502644974811119e-06,0.026031898334622383
v115_s0095,115,95,0,0,0,1.0,7.044975973258261e-06,0.11261632293462753
v115_s0096,115,96,0,0,0,1.0,3.450021267781267e-06,0.030628027394413948
v115_s0097,115,97,0,0,0,1.0,1.3112605756759876e-06,0.0031531595159322023
v115_s0098,115,98,0,0,0,1.0,7.803299695297028e-07,0.0008425539708696306
v115_s0099,115,99,0,0,0,1.0,1.0721855687734205e-06,0.0066324518993496895
v115_s0100,115,100,0,0,0,1.0,1.021713501359045e-06,0.0023304284550249577
v115_s0101,115,101,0,0,0,1.0,9.42204906095867e-07,0.0026939604431390762
v115_s0102,115,102,0,0,0,1.0,1.3328451586858137e-06,0.005726664327085018
v115_s0103,115,103,0,0,0,1.0,1.1303019391561975e-06,0.00308849080465734
v115_s0104,115,104,0,0,0,1.0,1.0855890195671236e-06,0.003852719906717539
v115_s0105,115,105,0,0,0,1.0,1.955883135451586e-06,0.017624644562602043
v115_s0106,115,106,0,0,0,1.0,1.9699650692928117e-06,0.023909850046038628
v115_s0107,115,107,0,0,0,1.0,1.9746248653973453e-06,0.021701032295823097
v115_s0108,115,108,0,0,0,1.0,8.716926345186948e-07,0.0018761373357847333
v115_s0109,115,109,0,0,0,1.0,9.113853138842387e-07,0.0019846088252961636
v115_s0110,115,110,0,0,0,1.0,8.097195518530498e-07,0.0013738954439759254
v115_s0111,115,111,0,0,0,1.0,7.714634193689562e-07,0.0005104532465338707
v115_s0112,115,112,0,0,0,1.0,8.223876193369506e-07,0.000856831728015095
v115_s0113,115,113,0,0,0,1.0,7.214993047455209e-07,0.001102389651350677
v115_s0114,115,114,0,0,0,1.0,1.594304649188416e-06,0.016565905883908272
v115_s0115,115,115,0,0,0,1.0,2.1678256416635122e-06,0.023068197071552277
v115_s0116,115,116,0,0,0,1.0,2.914145625254605e-06,0.02567702904343605
v115_s0117,115,117,0,3,0,3.3333322222225924e-07,5.2172181312926114e-05,0.5597561597824097
v115_s0118,115,118,0,0,0,1.0,3.1233462323143613e-06,0.05133085325360298
v115_s0119,115,119,0,0,0,1.0,7.1670388024358544e-06,0.1922156810760498
v115_s0120,115,120,0,0,0,1.0,1.0393568118161056e-05,0.302700012922287
v115_s0121,115,121,0,0,0,1.0,7.6407313827076e-06,0.23234334588050842
v115_s0122,115,122,0,0,0,1.0,2.4421299258392537e-06,0.021079419180750847
v115_s0123,115,123,0,0,0,1.0,2.3048244202072965e-06,0.015519165433943272
v115_s0124,115,124,0,0,0,1.0,1.887576445369632e-06,0.009321494027972221
v115_s0125,115,125,0,0,0,1.0,1.290078103011183e-06,0.004264575894922018
v115_s0126,115,126,0,0,0,1.0,1.2785269518644782e-06,0.004049269482493401
v115_s0127,115,127,0,0,0,1.0,1.9538319975254126e-06,0.009361968375742435
v115_s0128,115,128,0,0,0,1.0,2.2720378183294088e-06,0.012565516866743565
v115_s0129,115,129,0,0,0,1.0,1.262488694919739e-06,0.003350963117554784
v115_s0130,115,130,0,0,0,1.0,1.2246199503351818e-06,0.0034467412624508142
v115_s0131,115,131,0,0,0,1.0,1.755114226398291e-06,0.013005956076085567
v115_s0132,115,132,0,0,0,1.0,2.7621192657534266e-06,0.032835278660058975
v115_s0133,115,133,0,0,0,1.0,2.1278001440805383e-06,0.025002961978316307
v115_s0134,115,134,0,0,0,1.0,1.6387391497119097e-06,0.016976449638605118
v115_s0135,115,135,0,0,0,1.0,1.429548888154386e-06,0.010041986592113972
v115_s0136,115,136,0,0,0,1.0,9.792421451493283e-07,0.003737441962584853
v115_s0137,115,137,0,0,0,1.0,1.0137117669728468e-06,0.0020021123345941305
v115_s0138,115,138,0,0,0,1.0,1.174197791442566e-06,0.004294149111956358
v115_s0139,115,139,0,0,0,1.0,1.874133317869564e-06,0.01946328580379486
v115_s0140,115,140,0,0,0,1.0,1.4328815041153575e-06,0.008508196100592613
v115_s0141,115,141,0,0,0,1.0,1.170251266557898e-06,0.0015828092582523823
v115_s0142,115,142,0,0,0,1.0,1.296618279411632e-06,0.0044011385180056095
v115_s0143,115,143,0,0,0,1.0,2.0903405584249413e-06,0.01365700177848339
v115_s0144,115,144,0,0,0,1.0,2.3634493118152022e-06,0.01184740848839283
v115_s0145,115,145,0,0,0,1.0,6.607596787944203e-06,0.0812186449766159
v115_s0146,115,146,0,0,0,1.0,1.8115202692570165e-05,0.25204330682754517
v115_s0147,115,147,0,0,0,1.0,1.7317159290541895e-05,0.2728315591812134
v115_s0148,115,148,0,0,0,1.0,1.1224227819184307e-05,0.11804066598415375
v115_s0149,115,149,0,0,0,1.0,1.3779686014459003e-06,0.004524592310190201
v115_s0150,115,150,0,0,0,1.0,9.481888127993443e-07,0.0006590374978259206
v115_s0151,115,151,0,0,0,1.0,8.991709705696849e-07,0.000585361965931952
v115_s0152,115,152,0,0,0,1.0,1.4906484011589782e-06,0.01285379659384489
v115_s0153,115,153,0,0,0,1.0,8.439579346486425e-07,0.0012550929095596075
v115_s0154,115,154,0,0,0,1.0,8.623956091469154e-07,0.00173976831138134
v115_s0155,115,155,0,0,0,1.0,9.725213203637395e-07,0.003120457986369729
v115_s0156,115,156,0,0,0,1.0,1.0113683401868911e-06,0.0012496160343289375
v115_s0157,115,157,0,6,0,1.666666388888935e-07,9.131816477747634e-05,0.9405995011329651
v115_s0158,115,158,0,0,0,1.0,8.532894071322517e-07,0.00329937064088881
v115_s0159,115,159,0,0,0,1.0,1.8705076172409463e-06,0.0360497422516346
v115_s0160,115,160,0,0,0,1.0,4.324482688389253e-06,0.05817233398556709
v115_s0161,115,161,0,0,0,1.0,1.7946165826288052e-05,0.34730467200279236
v115_s0162,115,162,0,0,0,1.0,1.4785693565499969e-05,0.24758969247341156
v115_s0163,115,163,0,0,0,1.0,1.3891205981053645e-06,0.008581528440117836
v115_s0164,115,164,0,0,0,1.0,6.388288966263644e-06,0.09814558178186417
v115_s0165,115,165,0,0,0,1.0,8.757467639952665e-07,0.00156981882173568
v115_s0166,115,166,0,0,0,1.0,9.75814714365697e-07,0.006863774731755257
v115_s0167,115,167,0,3,0,3.3333322222225924e-07,6.123178172856569e-05,0.73703533411026
v115_s0168,115,168,0,0,0,1.0,2.220012447651243e-06,0.0192799661308527
v115_s0169,115,169,0,0,0,1.0,1.712375478746253e-06,0.014695015735924244
v115_s0170,115,170,0,2,0,4.99999750000125e-07,4.8789032007334754e-05,0.5536516308784485
v115_s0171,115,171,0,6,0,1.666666388888935e-07,9.238544589607045e-05,0.782502293586731
v115_s0172,115,172,0,0,0,1.0,9.533862339594634e-07,0.0011718319728970528
v115_s0173,115,173,0,0,0,1.0,8.644677222946484e-07,0.0012153907446190715
v115_s0174,115,174,0,0,0,1.0,1.0107282832905184e-06,0.004397843033075333
v115_s0175,115,175,0,0,0,1.0,1.025294181999925e-06,0.003002461278811097
v115_s0176,115,176,0,0,0,1.0,8.943020475271624e-06,0.18221870064735413
v115_s0177,115,177,0,0,0,1.0,2.7628270800050814e-06,0.04159475862979889
v115_s0178,115,178,0,0,0,1.0,9.394641438120743e-07,0.0009472010424360633
v115_s0179,115,179,0,0,0,1.0,9.383636552229291e-07,0.0007343961042352021
v115_s0180,115,180,0,0,0,1.0,9.818833177632769e-07,0.0004861242778133601
v115_s0181,115,181,0,0,0,1.0,9.861356602414162e-07,0.0006084275082685053
v115_s0182,115,182,0,0,0,1.0,9.316112823398726e-07,0.0008913284400478005
v115_s0183,115,183,0,0,0,1.0,8.860715752234682e-07,0.0009905092883855104
v115_s0184,115,184,0,0,0,1.0,1.1752324553526705e-06,0.004347578156739473
v115_s0185,115,185,0,0,0,1.0,1.9543890630302485e-06,0.02285505086183548
v115_s0186,115,186,0,0,0,1.0,1.384118490932451e-06,0.009698103182017803
v115_s0187,115,187,0,0,0,1.0,1.0382059372204822e-06,0.0037591122090816498
v115_s0188,115,188,0,0,0,1.0,1.0880072522923001e-06,0.0010780220618471503
v115_s0189,115,189,0,0,0,1.0,9.461948593525449e-07,0.00161138572730124
v115_s0190,115,190,0,0,0,1.0,8.536944733350538e-07,0.0005102246068418026
v115_s0191,115,191,0,0,0,1.0,9.316310070062173e-07,0.0010061963694170117
v115_s0192,115,192,0,0,0,1.0,8.65739593791659e-07,0.00047313442337326705
v115_s0193,115,193,0,0,0,1.0,1.1466356681921752e-06,0.004618816543370485
v115_s0194,115,194,0,0,0,1.0,1.2356242677924456e-06,0.0024360106326639652
v115_s0195,115,195,0,0,0,1.0,1.2366598411972518e-06,0.002579465974122286
v115_s0196,115,196,0,0,0,1.0,9.397986673320702e-07,0.00046268297592177987
v115_s0197,115,197,0,0,0,1.0,1.0602158226902247e-06,0.006394010502845049
v115_s0198,115,198,0,0,0,1.0,2.34977687796345e-06,0.05469287186861038
v115_s0199,115,199,0,0,0,1.0,3.0431915547524113e-06,0.04879826307296753
v115_s0200,115,200,0,0,0,1.0,1.0934818419627845e-06,0.0035876245237886906
v115_s0201,115,201,0,0,0,1.0,1.2373583331282134e-06,0.003347886260598898
v115_s0202,115,202,0,0,0,1.0,1.1061038094339892e-06,0.0014756625751033425
v115_s0203,115,203,0,0,0,1.0,1.1713307230820647e-06,0.0009917349088937044
v115_s0204,115,204,0,0,0,1.0,1.2591864333444391e-06,0.005403098184615374
v115_s0205,115,205,0,0,0,1.0,1.2024300986013259e-06,0.001771746203303337
v115_s0206,115,206,0,0,0,1.0,1.4580056131308083e-06,0.0019344488391652703
v115_s0207,115,207,0,0,0,1.0,1.7091184645323665e-06,0.007346706464886665
v115_s0208,115,208,0,0,0,1.0,1.4639335859101266e-06,0.005468693561851978
v115_s0209,115,209,0,0,0,1.0,1.1100351002824027e-06,0.00124003563541919
v115_s0210,115,210,0,0,0,1.0,9.585319276084192e-07,0.00039066921453922987
v115_s0211,115,211,0,0,0,1.0,1.1637819170573493e-06,0.0008379973587580025
v115_s0212,115,212,0,0,0,1.0,1.1841957530123182e-06,0.0012138404417783022
v115_s0213,115,213,0,0,0,1.0,1.4664744867332047e-06,0.007333462592214346
v115_s0214,115,214,0,0,0,1.0,3.9076785469660535e-06,0.052045200020074844
v115_s0215,115,215,0,0,0,1.0,2.683307229744969e-06,0.012356712482869625
v115_s0216,115,216,0,0,0,1.0,8.510025509167463e-06,0.1787891685962677
v115_s0217,115,217,0,0,0,1.0,3.4096913168468745e-06,0.030598262324929237
v115_s0218,115,218,0,0,0,1.0,8.67889048095094e-06,0.11467302590608597
v115_s0219,115,219,0,1,0,9.99999000001e-07,2.3706370484433137e-05,0.5010889172554016
v115_s0220,115,220,0,7,0,1.428571224489825e-07,0.00012213579611852765,0.9844689965248108
v115_s0221,115,221,0,7,0,1.428571224489825e-07,0.00011162080045323819,0.9795529246330261
v115_s0222,115,222,0,4,0,2.499999375000156e-07,7.531544542871416e-05,0.9142348766326904
v115_s0223,115,223,0,1,0,9.99999000001e-07,3.0476339816232212e-05,0.7302381992340088
v115_s0224,115,224,0,0,0,1.0,1.2249613973835949e-05,0.2605781555175781
v115_s0225,115,225,0,0,0,1.0,1.9042872736463323e-05,0.13084563612937927
v115_s0226,115,226,0,0,0,1.0,1.9813287508441135e-06,0.008347481489181519
v115_s0227,115,227,0,0,0,1.0,1.9788785721175373e-06,0.00596214784309268
v115_s0228,115,228,0,0,0,1.0,1.700574102869723e-06,0.01162387989461422
v115_s0229,115,229,0,0,0,1.0,1.6223048078245483e-06,0.018248677253723145
v115_s0230,115,230,0,0,0,1.0,4.888412149739452e-06,0.0684274211525917
v115_s0231,115,231,0,0,0,1.0,4.514778083830606e-06,0.05029972642660141
v115_s0232,115,232,0,0,0,1.0,2.774813310679747e-06,0.02614939957857132
v115_s0233,115,233,0,0,0,1.0,4.2921374188154005e-06,0.026101259514689445
v115_s0234,115,234,0,0,0,1.0,1.917512463478488e-06,0.007538142614066601
v115_s0235,115,235,0,0,0,1.0,1.541983692732174e-06,0.011421390809118748
v115_s0236,115,236,0,0,0,1.0,1.0691126135498052e-06,0.0022532232105731964
v115_s0237,115,237,0,0,0,1.0,2.0652764760598075e-06,0.008402545936405659
v115_s0238,115,238,0,0,0,1.0,1.0609701348585077e-06,0.0017875767080113292
v115_s0239,115,239,0,0,0,1.0,1.1044755865441402e-06,0.004698080010712147
v115_s0240,115,240,0,0,0,1.0,1.0627857136569219e-06,0.0031435173004865646
v115_s0241,115,241,0,0,0,1.0,8.658519163873279e-07,0.0008742714999243617
v115_s0242,115,242,0,0,0,1.0,9.053762255462061e-07,0.0010791004169732332
v115_s0243,115,243,0,0,0,1.0,9.883315215120092e-07,0.006527809891849756
v115_s0244,115,244,0,0,0,1.0,1.1803412007793668e-06,0.005615504924207926
v115_s0245,115,245,0,0,0,1.0,1.1211750461370684e-06,0.0027400320395827293
v115_s0246,115,246,0,0,0,1.0,1.0884608627748094e-06,0.0034353244118392467
v115_s0247,115,247,0,0,0,1.0,8.114265597214398e-07,0.0018376188818365335
v115_s0248,115,248,0,0,0,1.0,7.175480050136684e-07,0.001094251056201756
v115_s0249,115,249,0,0,0,1.0,1.323502033301338e-06,0.013045164756476879
v115_s0250,115,250,0,0,0,1.0,1.1831056099254056e-06,0.005013116169720888
v115_s0251,115,251,0,0,0,1.0,1.1012332379323198e-06,0.003836204530671239
v115_s0252,115,252,0,0,0,1.0,8.73525777933537e-07,0.001229648245498538
v115_s0253,115,253,0,0,0,1.0,1.9947408418374835e-06,0.009506394155323505
v115_s0254,115,254,0,0,0,1.0,3.483740511001088e-05,0.2918941378593445
v115_s0255,115,255,0,2,0,4.99999750000125e-07,8.148245979100466e-05,0.6031113862991333
v115_s0256,115,256,0,1,0,9.99999000001e-07,3.752484553842805e-05,0.5081162452697754
v115_s0257,115,257,0,0,0,1.0,3.6327210182207637e-06,0.03147197887301445
v115_s0258,115,258,0,0,0,1.0,7.746144774500863e-07,0.0002683113852981478
v115_s0259,115,259,0,0,0,1.0,8.113337344184401e-07,0.0014312241692095995
v115_s0260,115,260,0,0,0,1.0,6.609774345633923e-07,0.00032878885394893587
v115_s0261,115,261,0,0,0,1.0,6.628725373047928e-07,0.0002959610428661108
v115_s0262,115,262,0,0,0,1.0,6.728644166287268e-07,0.0006748613086529076
v115_s0263,115,263,0,0,0,1.0,6.872282938275021e-07,0.00044017971958965063
v115_s0264,115,264,0,0,0,1.0,7.605459586557117e-07,0.00023112489725463092
v115_s0265,115,265,0,0,0,1.0,7.33322735868569e-07,0.00041511355084367096
v115_s0266,115,266,0,0,0,1.0,7.889256607995776e-07,0.0011755034793168306
v115_s0267,115,267,0,0,0,1.0,8.772749424679205e-07,0.00304330768994987
v115_s0268,115,268,0,0,0,1.0,4.240622274664929e-06,0.08584065735340118
v115_s0269,115,269,0,0,0,1.0,1.0498980373085942e-05,0.2023685872554779
v115_s0270,115,270,0,0,0,1.0,7.895445151007152e-07,0.002113166032359004
v115_s0271,115,271,0,0,0,1.0,6.28345446784806e-07,0.00033697093022055924
v115_s0272,115,272,0,0,0,1.0,6.344932330648589e-07,0.00039826700231060386
v115_s0273,115,273,0,0,0,1.0,6.539621608681045e-07,0.000347322114976123
v115_s0274,115,274,0,0,0,1.0,7.512214779126225e-07,0.00038006820250302553
v115_s0275,115,275,0,0,0,1.0,7.037699560896726e-07,0.0008569892961531878
v115_s0276,115,276,0,0,0,1.0,7.594877615701989e-07,0.0005700860638171434
v115_s0277,115,277,0,0,0,1.0,7.08886432221334e-07,0.0005850855959579349
v115_s0278,115,278,0,0,0,1.0,7.479124519704783e-07,0.0005303333746269345
v115_s0279,115,279,0,0,0,1.0,6.545499218191253e-07,0.0005222561885602772
v115_s0280,115,280,0,0,0,1.0,7.056772233227093e-07,0.00038303571636788547
v115_s0281,115,281,0,0,0,1.0,6.796012712584343e-07,0.00045439149835146964
v115_s0282,115,282,0,0,0,1.0,7.022960062386119e-07,0.0005701757618226111
v115_s0283,115,283,0,0,0,1.0,7.807080919519649e-07,0.0017064760904759169
v115_s0284,115,284,0,0,0,1.0,6.664337206530035e-07,0.0003833842638414353
v115_s0285,115,285,0,0,0,1.0,6.61530521028908e-07,0.0004383342165965587
v115_s0286,115,286,0,0,0,1.0,7.849886287658592e-07,0.0005006390856578946
v115_s0287,115,287,0,0,0,1.0,7.401511652460613e-07,0.0010945767862722278
v115_s0288,115,288,0,0,0,1.0,2.396734998910688e-06,0.052213262766599655
v115_s0289,115,289,0,0,0,1.0,9.795294317882508e-07,0.016540825366973877
v115_s0290,115,290,0,0,0,1.0,1.6178398709598696e-06,0.041208185255527496
v115_s0291,115,291,0,0,0,1.0,8.049130428844364e-07,0.0009298339718952775
v115_s0292,115,292,0,0,0,1.0,6.094041964388452e-07,0.001395113649778068
v115_s0293,115,293,0,0,0,1.0,9.691925697552506e-07,0.00271469890139997
v115_s0294,115,294,0,0,0,1.0,1.1612826256168773e-06,0.0024832061026245356
v115_s0295,115,295,0,0,0,1.0,4.6924370167289453e-07,0.0008015377097763121
v115_s0296,115,296,0,0,0,1.0,5.216375598138256e-07,0.0008023186819627881
v115_s0297,115,297,0,0,0,1.0,3.4160868835897418e-06,0.058459315448999405
v115_s0298,115,298,0,0,0,1.0,2.4474527435813798e-06,0.05020064115524292
v115_s0299,115,299,0,0,0,1.0,1.0408996331534581e-06,0.015033815056085587
v115_s0300,115,300,0,0,0,1.0,6.46248054181342e-07,0.0019107051193714142
v115_s0301,115,301,0,0,0,1.0,6.968494972170447e-07,0.0010159366065636277
v115_s0302,115,302,0,0,0,1.0,6.355731443363766e-07,0.002406349638476968
v115_s0303,115,303,0,0,0,1.0,6.018160547682783e-07,0.0012992225820198655
v115_s0304,115,304,0,0,0,1.0,7.700763831053337e-07,0.005166387651115656
v115_s0305,115,305,0,0,0,1.0,8.569761575927259e-07,0.0033278181217610836
v115_s0306,115,306,0,0,0,1.0,1.3897857797928737e-06,0.019076449796557426
v115_s0307,115,307,0,0,0,1.0,8.608510029262106e-07,0.00483716418966651
v115_s0308,115,308,0,0,0,1.0,1.079465164366411e-06,0.00786727387458086
v115_s0309,115,309,0,0,0,1.0,1.3877538549422752e-06,0.020827198401093483
v115_s0310,115,310,0,0,0,1.0,7.159589472394146e-07,0.0021118130534887314
v115_s0311,115,311,0,0,0,1.0,6.772301617274934e-07,0.0004352495016064495
v115_s0312,115,312,0,0,0,1.0,7.613243724335916e-07,0.0006426561158150434
v115_s0313,115,313,0,0,0,1.0,7.920605185063323e-07,0.0006464974721893668
v115_s0314,115,314,0,0,0,1.0,2.6403267838759348e-06,0.02976089157164097
v115_s0315,115,315,0,0,0,1.0,5.528281235456234e-06,0.10147636383771896
v115_s0316,115,316,0,0,0,1.0,1.4330753401736729e-06,0.013288339599967003
v115_s0317,115,317,0,0,0,1.0,6.579883802260156e-07,0.0009219464263878763
v115_s0318,115,318,0,0,0,1.0,1.0839918104466051e-05,0.2222473919391632
v115_s0319,115,319,0,0,0,1.0,1.3721464711125009e-06,0.01627773605287075
v115_s0320,115,320,0,0,0,1.0,1.177517560790875e-06,0.015884237363934517
v115_s0321,115,321,0,0,0,1.0,7.095270575518953e-07,0.00520583800971508
v115_s0322,115,322,0,0,0,1.0,9.375960416946327e-07,0.014148203656077385
v115_s0323,115,323,0,0,0,1.0,6.121483124843508e-07,0.0017485631396993995
v115_s0324,115,324,0,0,0,1.0,5.907519948777917e-07,0.00044722206075675786
v115_s0325,115,325,0,0,0,1.0,5.580947117778123e-07,0.0004619934770744294
v115_s0326,115,326,0,0,0,1.0,5.028158511777292e-07,0.0004859587934333831
v115_s0327,115,327,0,0,0,1.0,5.216408567321196e-07,0.000458889699075371
v115_s0328,115,328,0,0,0,1.0,5.323801701706543e-07,0.0004624256689567119
v115_s0329,115,329,0,0,0,1.0,6.027996732882457e-07,0.000671534740831703
v115_s0330,115,330,0,0,0,1.0,5.60459398002422e-07,0.0020675284322351217
v115_s0331,115,331,0,0,0,1.0,4.6051968638494145e-07,0.000651578011456877
v115_s0332,115,332,0,0,0,1.0,4.531782735739398e-07,0.0005650470266118646
v115_s0333,115,333,0,0,0,1.0,4.627108012300596e-07,0.0005586314364336431
v115_s0334,115,334,0,0,0,1.0,4.25127296921346e-07,0.0004420083714649081
v115_s0335,115,335,0,0,0,1.0,4.1567764696992526e-07,0.0004272551159374416
v115_s0336,115,336,0,0,0,1.0,4.3229147195233963e-07,0.0005180483567528427
v115_s0337,115,337,0,0,0,1.0,4.3292567397656967e-07,0.0005129475612193346
v115_s0338,115,338,0,0,0,1.0,4.671211115692131e-07,0.0005578590207733214
v115_s0339,115,339,0,0,0,1.0,4.4118442588114704e-07,0.00048375592450611293
v115_s0340,115,340,0,0,0,1.0,4.692923880611488e-07,0.00046567292883992195
v115_s0341,115,341,0,0,0,1.0,4.528728823061101e-07,0.00043112222920171916
v115_s0342,115,342,0,0,0,1.0,5.817236683469673e-07,0.0021324707195162773
v115_s0343,115,343,0,0,0,1.0,4.119977177197143e-07,0.00036746234400197864
v115_s0344,115,344,0,0,0,1.0,4.878419872511586e-07,0.00047498688218183815
v115_s0345,115,345,0,0,0,1.0,5.147599040355999e-07,0.0003376552776899189
v115_s0346,115,346,0,0,0,1.0,5.819646275995183e-07,0.0008991298382170498
v115_s0347,115,347,0,0,0,1.0,4.7058168206604023e-07,0.00030427079764194787
v115_s0348,115,348,0,0,0,1.0,4.3065278987342026e-07,0.0002636514836922288
v115_s0349,115,349,0,0,0,1.0,4.5285150918061845e-07,0.00034687211154960096
v115_s0350,115,350,0,0,0,1.0,4.5782240931657725e-07,0.0004986212006770074
v115_s0351,115,351,0,0,0,1.0,5.380104539653985e-07,0.0005142797017470002
v115_s0352,115,352,0,0,0,1.0,5.644404836857575e-07,0.0009241192019544542
v115_s0353,115,353,0,0,0,1.0,1.1521990472829202e-06,0.010437513701617718
v115_s0354,115,354,0,0,0,1.0,3.394674195078551e-06,0.025052111595869064
v115_s0355,115,355,0,0,0,1.0,2.44881994149182e-06,0.01608334295451641
v115_s0356,115,356,0,0,0,1.0,4.179107691015815e-06,0.04363342747092247
v115_s0357,115,357,0,0,0,1.0,2.4596936782472767e-05,0.311331570148468
v115_s0358,115,358,0,2,0,4.99999750000125e-07,5.487714224727824e-05,0.5823042392730713
v115_s0359,115,359,0,1,0,9.99999000001e-07,5.3462696087080985e-05,0.509790301322937
v115_s0360,115,360,0,0,0,1.0,5.5792302191548515e-06,0.046099573373794556
v115_s0361,115,361,0,0,0,1.0,8.308194310302497e-07,0.0008825281984172761
v115_s0362,115,362,0,0,0,1.0,7.504338555008871e-07,0.0009502418688498437
v115_s0363,115,363,0,0,0,1.0,6.951669320187648e-07,0.0004330775118432939
v115_s0364,115,364,0,0,0,1.0,6.005917043694353e-07,0.0004366379289422184
v115_s0365,115,365,0,0,0,1.0,5.713383188776788e-07,0.00048639351734891534
v115_s0366,115,366,0,0,0,1.0,6.295431376202032e-07,0.0009921272285282612
v115_s0367,115,367,0,0,0,1.0,6.883127525725286e-07,0.0003757844679057598
v115_s0368,115,368,0,0,0,1.0,7.092481837389641e-07,0.0005993927479721606
v115_s0369,115,369,0,0,0,1.0,7.367423791038163e-07,0.0016342034796252847
v115_s0370,115,370,0,0,0,1.0,1.4321843764264486e-06,0.02387232892215252
v115_s0371,115,371,0,0,0,1.0,3.388862069186871e-06,0.06309377402067184
v115_s0372,115,372,0,0,0,1.0,1.1732360007954412e-06,0.01779419369995594
v115_s0373,115,373,0,0,0,1.0,9.485460736868845e-07,0.005214238539338112
v115_s0374,115,374,0,0,0,1.0,8.614523494543391e-07,0.009992760606110096
v115_s0375,115,375,0,0,0,1.0,1.122243929785327e-06,0.018088124692440033
v115_s0376,115,376,0,0,0,1.0,6.669757794952602e-07,0.0034275935031473637
v115_s0377,115,377,0,0,0,1.0,5.764991328760516e-07,0.0008208439685404301
v115_s0378,115,378,0,0,0,1.0,1.1144986729050288e-06,0.010150969959795475
v115_s0379,115,379,0,0,0,1.0,1.1956460639339639e-06,0.011675565503537655
v115_s0380,115,380,0,0,0,1.0,1.0696047638703021e-06,0.008387652225792408
v115_s0381,115,381,0,0,0,1.0,8.911001145861519e-07,0.008284520357847214
v115_s0382,115,382,0,0,0,1.0,1.634113687032368e-06,0.02656446024775505
v115_s0383,115,383,0,0,0,1.0,9.095398354475037e-07,0.010725372470915318
v115_s0384,115,384,0,0,0,1.0,1.3800444094158593e-06,0.01739620976150036
v115_s0385,115,385,0,0,0,1.0,4.225225438858615e-06,0.12887164950370789
v115_s0386,115,386,0,0,0,1.0,3.9013020796119235e-06,0.11157695204019547
v115_s0387,115,387,0,0,0,1.0,1.95256620827422e-06,0.03268837183713913
v115_s0388,115,388,0,0,0,1.0,1.082305516320048e-06,0.009512807242572308
v115_s0389,115,389,0,0,0,1.0,1.4869965525576845e-06,0.025455040857195854
v115_s0390,115,390,0,0,0,1.0,9.735100547914044e-07,0.012587698176503181
v115_s0391,115,391,0,0,0,1.0,6.976749205023225e-07,0.0048887538723647594
v115_s0392,115,392,0,0,0,1.0,2.8424478841770906e-06,0.027168992906808853
v115_s0393,115,393,0,0,0,1.0,2.6025095394288655e-06,0.02420152723789215
v115_s0394,115,394,0,0,0,1.0,6.63491164232255e-07,0.0032227325718849897
v115_s0395,115,395,0,0,0,1.0,1.083502411347581e-06,0.014926381409168243
v115_s0396,115,396,0,0,0,1.0,8.991183335638198e-07,0.016133682802319527
v115_s0397,115,397,0,0,0,1.0,5.817097417093464e-07,0.0029835919849574566
v115_s0398,115,398,0,0,0,1.0,1.2643073432627716e-06,0.01594400219619274
v115_s0399,115,399,0,0,0,1.0,8.49956052206835e-07,0.005809974856674671
v115_s0400,115,400,0,0,0,1.0,5.101499596094072e-07,0.0005610307562164962
v115_s0401,115,401,0,0,0,1.0,4.871683358942391e-07,0.0006327471928671002
v115_s0402,115,402,0,0,0,1.0,5.164733352103212e-07,0.0005016257055103779
v115_s0403,115,403,0,0,0,1.0,7.055612059048144e-07,0.005898954346776009
v115_s0404,115,404,0,0,0,1.0,5.257731459096249e-07,0.00040247352444566786
v115_s0405,115,405,0,0,0,1.0,4.090936272405088e-06,0.04817993938922882
v115_s0406,115,406,0,0,0,1.0,2.70947020908352e-06,0.02741933986544609
v115_s0407,115,407,0,0,0,1.0,1.5139243259909563e-05,0.2408406287431717
v115_s0408,115,408,0,0,0,1.0,4.6612979076599004e-07,0.00046124649816192687
v115_s0409,115,409,0,0,0,1.0,4.896641598861606e-07,0.00044064762187190354
v115_s0410,115,410,0,0,0,1.0,5.04691229252785e-07,0.0007824241183698177
v115_s0411,115,411,0,0,0,1.0,4.752933477902843e-07,0.0009030112996697426
v115_s0412,115,412,0,0,0,1.0,4.0166980852518464e-07,0.0003208603011444211
v115_s0413,115,413,0,0,0,1.0,3.92396742654455e-07,0.0004232219944242388
v115_s0414,115,414,0,0,0,1.0,3.792331426666351e-07,0.00041008726111613214
v115_s0415,115,415,0,0,0,1.0,4.0252282929031935e-07,0.000253979058470577
v115_s0416,115,416,0,0,0,1.0,4.262835773261031e-07,0.00032093070331029594
v115_s0417,115,417,0,0,0,1.0,4.196933218736376e-07,0.0004355385899543762
v115_s0418,115,418,0,0,0,1.0,4.469177383725764e-07,0.0005650623934343457
v115_s0419,115,419,0,0,0,1.0,5.93405957260984e-07,0.003550291759893298
v115_s0420,115,420,0,0,0,1.0,1.0375454166933196e-06,0.028070690110325813
v115_s0421,115,421,0,0,0,1.0,6.167552442093438e-07,0.009142766706645489
v115_s0422,115,422,0,0,0,1.0,4.7219322141245357e-07,0.00103556620888412
v115_s0423,115,423,0,0,0,1.0,4.382770839583827e-07,0.0005165223265066743
v115_s0424,115,424,0,0,0,1.0,3.996587167875987e-07,0.0005776010220870376
v115_s0425,115,425,0,0,0,1.0,3.657515321719984e-07,0.0005197111750021577
v115_s0426,115,426,0,0,0,1.0,3.4186868447250163e-07,0.0002217827714048326
v115_s0427,115,427,0,0,0,1.0,3.572411912955431e-07,0.00020875486370641738
v115_s0428,115,428,0,0,0,1.0,3.2831718499437557e-07,0.00032407045364379883
v115_s0429,115,429,0,0,0,1.0,3.847763991871034e-07,0.000888843962457031
v115_s0430,115,430,0,0,0,1.0,5.591805916083104e-07,0.004334962461143732
v115_s0431,115,431,0,0,0,1.0,7.103524808371731e-07,0.009596390649676323
v115_s0432,115,432,0,0,0,1.0,1.1525416994118132e-06,0.02913736365735531
v115_s0433,115,433,0,0,0,1.0,3.3901264941960108e-06,0.07893377542495728
v115_s0434,115,434,0,3,0,3.3333322222225924e-07,5.128453631186858e-05,0.7993175983428955
v115_s0435,115,435,0,0,0,1.0,6.227115818546736e-07,0.004164734855294228
v115_s0436,115,436,0,0,0,1.0,6.768198090867372e-07,0.002512675244361162
v115_s0437,115,437,0,0,0,1.0,9.400611133969505e-07,0.002327777910977602
v115_s0438,115,438,0,0,0,1.0,3.7858751511521405e-06,0.03925451636314392
v115_s0439,115,439,0,0,0,1.0,2.8034119168296456e-06,0.01771264709532261
v115_s0440,115,440,0,0,0,1.0,1.0586956022962113e-06,0.004461933858692646
v115_s0441,115,441,0,0,0,1.0,7.691537575738039e-07,0.002468842314556241
v115_s0442,115,442,0,0,0,1.0,6.391948090822552e-07,0.001132114790380001
v115_s0443,115,443,0,0,0,1.0,4.65925012349544e-07,0.00046327142626978457
v115_s0444,115,444,0,0,0,1.0,4.739543157938897e-07,0.0006332892808131874
v115_s0445,115,445,0,0,0,1.0,7.811850650796259e-07,0.003565892344340682
v115_s0446,115,446,0,0,0,1.0,6.149564342194935e-07,0.0015393479261547327
v115_s0447,115,447,0,0,0,1.0,5.67193183087511e-07,0.001472202711738646
v115_s0448,115,448,0,1,0,9.99999000001e-07,2.6305991923436522e-05,0.9044296145439148
v115_s0449,115,449,0,7,0,1.428571224489825e-07,0.00011917953816009685,0.9999420642852783
v115_s0450,115,450,0,11,0,9.090908264462886e-08,0.00016915201558731496,0.9999988079071045
v115_s0451,115,451,0,13,0,7.692307100591761e-08,0.00019741192227229476,0.9999998807907104
v115_s0452,115,452,0,26,0,3.846153698224858e-08,0.00040180093492381275,0.9999994039535522
v115_s0453,115,453,0,9,0,1.1111109876543348e-07,0.0001683517184574157,0.9999994039535522
v115_s0454,115,454,0,9,0,1.1111109876543348e-07,0.00013481055793818086,0.9999971389770508
v115_s0455,115,455,0,4,0,2.499999375000156e-07,6.772473716409877e-05,0.9980897307395935
v115_s0456,115,456,0,3,0,3.3333322222225924e-07,4.7231696953531355e-05,0.9935397505760193
v115_s0457,115,457,0,2,0,4.99999750000125e-07,3.4589840652188286e-05,0.9611218571662903
v115_s0458,115,458,0,0,0,1.0,5.140331040820456e-07,0.0036151905078440905
v115_s0459,115,459,0,0,0,1.0,4.759749003824254e-07,0.001422115950845182
v115_s0460,115,460,0,5,0,1.99999960000008e-07,8.511057967552915e-05,0.865406334400177
v115_s0461,115,461,0,0,0,1.0,3.396220336071565e-06,0.07372830808162689
v115_s0462,115,462,0,0,0,1.0,5.555688744607323e-07,0.002992147346958518
v115_s0463,115,463,0,0,0,1.0,2.061853592749685e-05,0.49207618832588196
v115_s0464,115,464,0,11,0,9.090908264462886e-08,0.00017450735322199762,0.9992650151252747
v115_s0465,115,465,0,12,0,8.333332638888946e-08,0.00017932106857188046,0.9995050430297852
v115_s0466,115,466,0,11,0,9.090908264462886e-08,0.0001797495933715254,0.999858021736145
v115_s0467,115,467,0,13,0,7.692307100591761e-08,0.0001999223604798317,0.9999641180038452
v115_s0468,115,468,0,9,0,1.1111109876543348e-07,0.00013371743261814117,0.9999029636383057
v115_s0469,115,469,0,7,0,1.428571224489825e-07,0.00012016065011266619,0.9985942244529724
v115_s0470,115,470,0,8,0,1.2499998437500196e-07,0.00011818653729278594,0.9945012331008911
v115_s0471,115,471,0,4,0,2.499999375000156e-07,5.775351382908411e-05,0.9503287672996521
v115_s0472,115,472,0,2,0,4.99999750000125e-07,2.752795808191877e-05,0.6453266739845276
v115_s0473,115,473,0,5,0,1.99999960000008e-07,7.374947017524391e-05,0.971224844455719
v115_s0474,115,474,0,0,0,1.0,2.1322657630662434e-06,0.05823228135704994
v115_s0475,115,475,0,0,0,1.0,1.1688076483551413e-05,0.30734148621559143
v115_s0476,115,476,0,7,0,1.428571224489825e-07,0.00010074052261188626,0.9997286200523376
v115_s0477,115,477,0,31,0,3.225806347554634e-08,0.0004976637428626418,0.9999994039535522
v115_s0478,115,478,0,6,0,1.666666388888935e-07,0.00010076760372612625,0.9988366961479187
v115_s0479,115,479,0,4,0,2.499999375000156e-07,6.770328036509454e-05,0.9671671390533447
v115_s0480,115,480,0,2,0,4.99999750000125e-07,4.902541695628315e-05,0.9160398244857788
v115_s0481,115,481,0,10,0,9.9999990000001e-08,0.00014950917102396488,0.9997984766960144
v115_s0482,115,482,0,6,0,1.666666388888935e-07,9.644572855904698e-05,0.9986326098442078
v115_s0483,115,483,0,6,0,1.666666388888935e-07,7.790831296006218e-05,0.9864422082901001
v115_s0484,115,484,0,3,0,3.3333322222225924e-07,6.347861199174076e-05,0.9189311265945435
v115_s0485,115,485,0,0,0,1.0,1.1760062079702038e-05,0.3872571885585785
v115_s0486,115,486,0,0,0,1.0,3.260804987803567e-06,0.0606304295361042
v115_s0487,115,487,0,3,0,3.3333322222225924e-07,4.629081013263203e-05,0.7946003675460815
v115_s0488,115,488,0,10,0,9.9999990000001e-08,0.0001815243886085227,0.9999256134033203
v115_s0489,115,489,0,78,0,1.2820512656147274e-08,0.0011655300622805953,0.9999867677688599
v115_s0490,115,490,0,298,0,3.355704686725823e-09,0.0046065859496593475,1.0
v115_s0491,115,491,0,225,0,4.444444424691358e-09,0.003421736415475607,0.9999990463256836
v115_s0492,115,492,0,101,0,9.900990000980297e-09,0.0015418721595779061,0.9999759197235107
v115_s0493,115,493,0,25,0,3.999999840000006e-08,0.0004278163251001388,0.9978284239768982
v115_s0494,115,494,0,15,0,6.666666222222252e-08,0.0002535741950850934,0.9303948879241943
v115_s0495,115,495,0,24,0,4.166666493055563e-08,0.0004269657365512103,0.957981288433075
v115_s0496,115,496,0,29,0,3.4482757431629055e-08,0.0005098043475300074,0.9999644756317139
v115_s0497,115,497,0,28,0,3.571428443877555e-08,0.00038292325916700065,0.9997767806053162
v115_s0498,115,498,0,15,0,6.666666222222252e-08,0.0002273038262501359,0.9980693459510803
v115_s0499,115,499,0,9,0,1.1111109876543348e-07,0.00013807583309244365,0.9901789426803589
v115_s0500,115,500,0,7,0,1.428571224489825e-07,0.00011897604417754337,0.959605872631073
v115_s0501,115,501,0,7,0,1.428571224489825e-07,0.00010943778033833951,0.9600393772125244
v115_s0502,115,502,0,20,0,4.999999750000012e-08,0.0003038571448996663,0.9998650550842285
v115_s0503,115,503,0,33,0,3.0303029384756685e-08,0.0005030625616200268,0.9999998807907104
v115_s0504,115,504,0,33,0,3.0303029384756685e-08,0.0005310976412147284,0.9999998807907104
v115_s0505,115,505,0,26,0,3.846153698224858e-08,0.0004180563264526427,1.0
v115_s0506,115,506,0,19,0,5.263157617728546e-08,0.00032242864836007357,0.9999998807907104
v115_s0507,115,507,0,15,0,6.666666222222252e-08,0.00022450636606663465,0.9998743534088135
v115_s0508,115,508,0,9,0,1.1111109876543348e-07,0.00014548609033226967,0.997929573059082
v115_s0509,115,509,0,5,0,1.99999960000008e-07,0.00010948326962534338,0.9608295559883118
v115_s0510,115,510,0,7,0,1.428571224489825e-07,0.00014883882249705493,0.9991456270217896
v115_s0511,115,511,0,9,0,1.1111109876543348e-07,0.00015632306167390198,0.9999701976776123
v115_s0512,115,512,0,3,0,3.3333322222225924e-07,6.162248610053211e-05,0.8310950398445129
v115_s0513,115,513,0,4,0,2.499999375000156e-07,5.8207424444844946e-05,0.9670866131782532
v115_s0514,115,514,0,3,0,3.3333322222225924e-07,4.9411792133469135e-05,0.9348018765449524
v115_s0515,115,515,0,4,0,2.499999375000156e-07,5.228645386523567e-05,0.8098220229148865
v115_s0516,115,516,0,7,0,1.428571224489825e-07,0.00013121370284352452,0.9805511236190796
v115_s0517,115,517,0,7,0,1.428571224489825e-07,0.00011992922372883186,0.9983435869216919
v115_s0518,115,518,0,57,0,1.75438593413358e-08,0.0008885402930900455,1.0
v115_s0519,115,519,0,5,0,1.99999960000008e-07,9.237443009624258e-05,0.9567320942878723
v115_s0520,115,520,0,26,0,3.846153698224858e-08,0.0003932413528673351,0.9998961687088013
v115_s0521,115,521,0,33,0,3.0303029384756685e-08,0.0005046127480454743,0.9999864101409912
v115_s0522,115,522,0,35,0,2.8571427755102065e-08,0.0005261896876618266,0.9999778270721436
v115_s0523,115,523,0,24,0,4.166666493055563e-08,0.0003918383736163378,0.9998927116394043
v115_s0524,115,524,0,32,0,3.124999902343753e-08,0.0005334983579814434,0.9998713731765747
v115_s0525,115,525,0,56,0,1.7857142538265312e-08,0.0009539984166622162,0.9997830986976624
v115_s0526,115,526,0,37,0,2.7027026296566858e-08,0.0005698964232578874,0.9998490810394287
v115_s0527,115,527,0,16,0,6.249999609375024e-08,0.00024724926333874464,0.9984110593795776
v115_s0528,115,528,0,21,0,4.761904535147403e-08,0.00031514029251411557,0.9981346130371094
v115_s0529,115,529,0,38,0,2.6315788781163454e-08,0.0005839689401909709,0.9998674392700195
v115_s0530,115,530,0,58,0,1.724137901307967e-08,0.0008765211678110063,0.9999575614929199
v115_s0531,115,531,0,37,0,2.7027026296566858e-08,0.000566203729249537,0.9999604225158691
v115_s0532,115,532,0,21,0,4.761904535147403e-08,0.0003360724076628685,0.9999995231628418
v115_s0533,115,533,0,25,0,3.999999840000006e-08,0.00040436486597172916,1.0
v115_s0534,115,534,0,49,0,2.0408162848813002e-08,0.0007626254227943718,1.0
v115_s0535,115,535,0,60,0,1.6666666388888892e-08,0.0009188085678033531,0.9999995231628418
v115_s0536,115,536,0,29,0,3.4482757431629055e-08,0.00045484272413887084,0.9999223947525024
v115_s0537,115,537,0,36,0,2.7777777006172862e-08,0.0005685075302608311,0.9998742341995239
v115_s0538,115,538,0,60,0,1.6666666388888892e-08,0.0009242280502803624,0.99997878074646
v115_s0539,115,539,0,68,0,1.4705882136678204e-08,0.0010362939210608602,0.9999967813491821
v115_s0540,115,540,0,19,0,5.263157617728546e-08,0.00028899763128720224,0.999993085861206
v115_s0541,115,541,0,12,0,8.333332638888946e-08,0.0002221977338194847,0.9999902248382568
v115_s0542,115,542,0,23,0,4.347825897920613e-08,0.0003921319148503244,0.9999938011169434
v115_s0543,115,543,0,28,0,3.571428443877555e-08,0.000448779173893854,0.9999949932098389
v115_s0544,115,544,0,20,0,4.999999750000012e-08,0.0003405392053537071,0.999871015548706
v115_s0545,115,545,0,14,0,7.142856632653097e-08,0.0002213722764281556,0.9439566731452942
v115_s0546,115,546,0,37,0,2.7027026296566858e-08,0.0005947819445282221,0.9999734163284302
v115_s0547,115,547,0,77,0,1.2987012818350482e-08,0.0011943262070417404,1.0
v115_s0548,115,548,0,83,0,1.204819262592539e-08,0.001270955428481102,1.0
v115_s0549,115,549,0,46,0,2.173912996219283e-08,0.0007013984140940011,1.0
v115_s0550,115,550,0,25,0,3.999999840000006e-08,0.00042654367280192673,0.9999818801879883
v115_s0551,115,551,0,18,0,5.555555246913597e-08,0.0003026837366633117,0.9998354911804199
v115_s0552,115,552,0,7,0,1.428571224489825e-07,0.00010988274880219251,0.9838314056396484
v115_s0553,115,553,0,3,0,3.3333322222225924e-07,0.00015433299995493144,0.6395134329795837
v115_s0554,115,554,0,89,0,1.123595492993309e-08,0.001340939081273973,0.9885526895523071
v115_s0555,115,555,0,187,0,5.347593554290944e-09,0.0029489141888916492,0.996785044670105
v115_s0556,115,556,0,219,0,4.566210024811826e-09,0.0034782832954078913,0.9987803101539612
v115_s0557,115,557,0,29,0,3.4482757431629055e-08,0.0008562587318010628,0.9968786239624023
v115_s0558,115,558,0,31,0,3.225806347554634e-08,0.000671583809889853,0.9008693695068359
v115_s0559,115,559,0,64,0,1.562499975585938e-08,0.001313921995460987,0.9341424107551575
v115_s0560,115,560,0,0,0,1.0,0.00018644699594005942,0.24069838225841522
v115_s0561,115,561,0,6,0,1.666666388888935e-07,0.00028560517239384353,0.5762180089950562
v115_s0562,115,562,0,58,0,1.724137901307967e-08,0.0008930617477744818,0.9473278522491455
v115_s0563,115,563,0,136,0,7.3529411224048445e-09,0.002107808832079172,0.9915314316749573
v115_s0564,115,564,0,209,0,4.784688972322062e-09,0.003296626266092062,0.9968158602714539
v115_s0565,115,565,0,277,0,3.6101082902162156e-09,0.004463402088731527,0.9965086579322815
v115_s0566,115,566,0,40,0,2.4999999375000016e-08,0.0008215608540922403,0.9963578581809998
v115_s0567,115,567,0,108,0,9.259259173525378e-09,0.0016223123529925942,0.9937533736228943
v115_s0568,115,568,0,152,0,6.578947325138505e-09,0.002795741194859147,0.99782395362854
v115_s0569,115,569,0,23,0,4.347825897920613e-08,0.00048310155398212373,0.99898761510849
v115_s0570,115,570,0,26,0,3.846153698224858e-08,0.00044811711995862424,0.999416708946228
v115_s0571,115,571,0,14,0,7.142856632653097e-08,0.00025616123457439244,0.9999979734420776
v115_s0572,115,572,0,17,0,5.882352595155729e-08,0.00030378837254829705,0.9999997615814209
v115_s0573,115,573,0,14,0,7.142856632653097e-08,0.00023349119874183089,0.9999954700469971
v115_s0574,115,574,0,9,0,1.1111109876543348e-07,0.00017985522572416812,0.9380335807800293
v115_s0575,115,575,0,68,0,1.4705882136678204e-08,0.0011836170451715589,0.982464611530304
v115_s0576,115,576,0,220,0,4.5454545247933885e-09,0.0033887713216245174,0.9992784857749939
v115_s0577,115,577,0,393,0,2.5445292556118847e-09,0.006077161058783531,0.9986806511878967
v115_s0578,115,578,0,219,0,4.566210024811826e-09,0.00328697357326746,0.9942408800125122
v115_s0579,115,579,0,150,0,6.666666622222223e-09,0.0023329113610088825,0.9963396787643433
v115_s0580,115,580,0,196,0,5.10204079029571e-09,0.0029763977508991957,0.9957079887390137
v115_s0581,115,581,0,36,0,2.7777777006172862e-08,0.0005932472995482385,0.9578298926353455
v115_s0582,115,582,0,259,0,3.86100384609651e-09,0.00389667134732008,0.9988914132118225
v115_s0583,115,583,0,255,0,3.92156861207228e-09,0.003741149790585041,0.9986109733581543
v115_s0584,115,584,0,256,0,3.906249984741211e-09,0.0037338240072131157,0.9997527003288269
v115_s0585,115,585,0,113,0,8.849557443809227e-09,0.0017914250493049622,0.9996821880340576
v115_s0586,115,586,0,46,0,2.173912996219283e-08,0.0008184494217857718,0.9993221759796143
v115_s0587,115,587,0,15,0,6.666666222222252e-08,0.0002518390247132629,0.9652840495109558
v115_s0588,115,588,0,38,0,2.6315788781163454e-08,0.0005642887554131448,0.9993290901184082
v115_s0589,115,589,0,0,0,1.0,1.6182655599550344e-05,0.11470728367567062
v115_s0590,115,590,0,0,0,1.0,1.2253576642251574e-06,0.0017496469663456082
v115_s0591,115,591,0,0,0,1.0,9.283843610319309e-06,0.039094578474760056
v115_s0592,115,592,0,0,0,1.0,8.517662308804574e-07,0.0022911427076905966
v115_s0593,115,593,0,0,0,1.0,8.567044460505713e-07,0.0033403674606233835
v115_s0594,115,594,0,0,0,1.0,1.3199306522437837e-05,0.21825365722179413
v115_s0595,115,595,0,3,0,3.3333322222225924e-07,4.254302621120587e-05,0.6902870535850525
v115_s0596,115,596,0,0,0,1.0,1.6246217455773149e-06,0.01993606798350811
v115_s0597,115,597,0,4,0,2.499999375000156e-07,7.57356610847637e-05,0.926546573638916
v115_s0598,115,598,0,10,0,9.9999990000001e-08,0.00013841857435181737,0.9986574649810791
v115_s0599,115,599,0,8,0,1.2499998437500196e-07,0.00011085010919487104,0.9918252229690552
v115_s0600,115,600,0,1,0,9.99999000001e-07,3.4261618566233665e-05,0.6994282603263855
v115_s0601,115,601,0,0,0,1.0,7.275290954567026e-06,0.17692017555236816
v115_s0602,115,602,0,0,0,1.0,5.743653446188546e-07,0.0029840446077287197
v115_s0603,115,603,0,0,0,1.0,8.839598422127892e-07,0.009018808603286743
v115_s0604,115,604,0,0,0,1.0,7.444236871378962e-07,0.0015014437958598137
v115_s0605,115,605,0,0,0,1.0,2.1243679384497227e-06,0.036752209067344666
v115_s0606,115,606,0,0,0,1.0,2.5187453047692543e-06,0.053643256425857544
v115_s0607,115,607,0,3,0,3.3333322222225924e-07,5.3711690270574763e-05,0.9883973002433777
v115_s0608,115,608,0,8,0,1.2499998437500196e-07,0.00011932513734791428,0.9999669790267944
v115_s0609,115,609,0,12,0,8.333332638888946e-08,0.0001914104213938117,0.9999958276748657
v115_s0610,115,610,0,20,0,4.999999750000012e-08,0.00029799743788316846,0.9992753863334656
v115_s0611,115,611,0,20,0,4.999999750000012e-08,0.0003095936554018408,0.9999998807907104
v115_s0612,115,612,0,17,0,5.882352595155729e-08,0.0002526965399738401,0.9999998807907104
v115_s0613,115,613,0,14,0,7.142856632653097e-08,0.00021118158474564552,1.0
v115_s0614,115,614,0,24,0,4.166666493055563e-08,0.00036359988735057414,1.0
v115_s0615,115,615,0,27,0,3.703703566529497e-08,0.000415493588661775,1.0
v115_s0616,115,616,0,18,0,5.555555246913597e-08,0.00026551849441602826,0.9999877214431763
v115_s0617,115,617,0,20,0,4.999999750000012e-08,0.0003145116497762501,0.9999790191650391
v115_s0618,115,618,0,37,0,2.7027026296566858e-08,0.0005466227885335684,0.9999958276748657
v115_s0619,115,619,0,29,0,3.4482757431629055e-08,0.0004699874552898109,0.9999922513961792
v115_s0620,115,620,0,0,0,1.0,4.3170903154532425e-06,0.05306323990225792
v115_s0621,115,621,0,1,0,9.99999000001e-07,1.9261624402133748e-05,0.5301034450531006
v115_s0622,115,622,0,0,0,1.0,2.256348125229124e-06,0.018553122878074646
v115_s0623,115,623,0,2,0,4.99999750000125e-07,3.776820085477084e-05,0.706945538520813
v115_s0624,115,624,0,0,0,1.0,1.5996076854207786e-06,0.007604148704558611
v115_s0625,115,625,0,0,0,1.0,9.284405564358167e-07,0.0025023426860570908
v115_s0626,115,626,0,0,0,1.0,1.3670005500898696e-06,0.01803368516266346
v115_s0627,115,627,0,0,0,1.0,7.306807674467564e-07,0.0009262740495614707
v115_s0628,115,628,0,0,0,1.0,5.053317408965086e-07,0.0007952341693453491
v115_s0629,115,629,0,0,0,1.0,4.752855886636098e-07,0.00069055036874488
v115_s0630,115,630,0,0,0,1.0,5.430146075013909e-07,0.0011295709991827607
v115_s0631,115,631,0,0,0,1.0,6.256053666220396e-07,0.0014655342092737556
v115_s0632,115,632,0,0,0,1.0,6.352487957883568e-07,0.0024715601466596127
v115_s0633,115,633,0,0,0,1.0,4.5638000756298425e-07,0.00027425456210039556
v115_s0634,115,634,0,0,0,1.0,4.551327492663404e-07,0.0005258028395473957
v115_s0635,115,635,0,0,0,1.0,5.333629360393388e-07,0.00106803048402071
v115_s0636,115,636,0,0,0,1.0,6.164490287119406e-07,0.007355791982263327
v115_s0637,115,637,0,0,0,1.0,4.466431846594787e-07,0.0048125977627933025
v115_s0638,115,638,0,0,0,1.0,5.025837594985205e-07,0.0034884747583419085
v115_s0639,115,639,0,0,0,1.0,6.050807996871299e-07,0.00690972525626421
v115_s0640,115,640,0,0,0,1.0,4.888896114607633e-07,0.002886025933548808
v115_s0641,115,641,0,0,0,1.0,1.1951681244681822e-06,0.024745574221014977
v115_s0642,115,642,0,0,0,1.0,6.833622592239408e-06,0.1559598445892334
v115_s0643,115,643,0,0,0,1.0,5.17616513207031e-07,0.0029643464367836714
v115_s0644,115,644,0,0,0,1.0,7.009440423644264e-07,0.01187085546553135
v115_s0645,115,645,0,0,0,1.0,6.278215778365848e-07,0.006670687813311815
v115_s0646,115,646,0,0,0,1.0,8.725089628569549e-07,0.009097576141357422
v115_s0647,115,647,0,0,0,1.0,1.3488916010828689e-06,0.028216110542416573
v115_s0648,115,648,0,0,0,1.0,5.745844191551441e-07,0.0008323050569742918
v115_s0649,115,649,0,0,0,1.0,3.8458557582998765e-07,0.00027023558504879475
v115_s0650,115,650,0,0,0,1.0,3.698659725159814e-07,0.0001379479217575863
v115_s0651,115,651,0,0,0,1.0,5.210606559558073e-07,0.0005314030568115413
v115_s0652,115,652,0,0,0,1.0,3.965228643210139e-07,0.0007858601748012006
v115_s0653,115,653,0,0,0,1.0,3.864581117341004e-07,0.00030377021175809205
v115_s0654,115,654,0,0,0,1.0,4.4192796622155583e-07,0.0011784204980358481
v115_s0655,115,655,0,0,0,1.0,5.185412419450586e-07,0.0017143363365903497
v115_s0656,115,656,0,0,0,1.0,5.95920766954805e-07,0.0019144160905852914
v115_s0657,115,657,0,0,0,1.0,5.569852419284871e-07,0.0015623510116711259
v115_s0658,115,658,0,0,0,1.0,5.459194198920159e-07,0.000875074474606663
v115_s0659,115,659,0,0,0,1.0,4.853320660913596e-07,0.0010643643327057362
v115_s0660,115,660,0,0,0,1.0,7.578487952741852e-07,0.002789906458929181
v115_s0661,115,661,0,0,0,1.0,5.836025138705736e-07,0.0013269362971186638
v115_s0662,115,662,0,0,0,1.0,4.790794037035084e-07,0.0004996333736926317
v115_s0663,115,663,0,0,0,1.0,6.488378403446404e-07,0.0021997164003551006
v115_s0664,115,664,0,0,0,1.0,6.082319714550977e-07,0.003765973960980773
v115_s0665,115,665,0,0,0,1.0,6.735432407367625e-07,0.002775359433144331
v115_s0666,115,666,0,0,0,1.0,5.081432163933641e-07,0.0012634691083803773
v115_s0667,115,667,0,0,0,1.0,6.510381354019046e-07,0.0018195221200585365
v115_s0668,115,668,0,0,0,1.0,6.913657557561237e-07,0.0024991859681904316
v115_s0669,115,669,0,0,0,1.0,7.303740972020023e-07,0.006323724519461393
v115_s0670,115,670,0,0,0,1.0,7.510226396334474e-07,0.006209119688719511
v115_s0671,115,671,0,0,0,1.0,9.626062364986865e-07,0.007615435402840376
v115_s0672,115,672,0,0,0,1.0,1.113286543841241e-06,0.01360570639371872
v115_s0673,115,673,0,0,0,1.0,1.2024084981021588e-06,0.00904855690896511
v115_s0674,115,674,0,0,0,1.0,7.499991170334397e-07,0.005256743635982275
v115_s0675,115,675,0,0,0,1.0,9.157665203929355e-07,0.0078043704852461815
v115_s0676,115,676,0,0,0,1.0,1.2371517641440732e-06,0.0136678172275424
v115_s0677,115,677,0,0,0,1.0,1.384844608764979e-06,0.02580253779888153
v115_s0678,115,678,0,0,0,1.0,1.3026187843934167e-06,0.026567425578832626
v115_s0679,115,679,0,0,0,1.0,9.189603815684677e-07,0.011071988381445408
v115_s0680,115,680,0,0,0,1.0,6.621344255108852e-07,0.0021011342760175467
v115_s0681,115,681,0,0,0,1.0,8.784968485997524e-07,0.003411859506741166
v115_s0682,115,682,0,0,0,1.0,6.482123353634961e-07,0.0022048454266041517
v115_s0683,115,683,0,0,0,1.0,7.059412610033178e-07,0.001371569000184536
v115_s0684,115,684,0,0,0,1.0,6.990065912759746e-07,0.0016527402913197875
v115_s0685,115,685,0,0,0,1.0,6.035287469785544e-07,0.002390695735812187
v115_s0686,115,686,0,0,0,1.0,6.88432635342906e-07,0.005207297392189503
v115_s0687,115,687,0,0,0,1.0,9.285142823500792e-07,0.007802817039191723
v115_s0688,115,688,0,0,0,1.0,7.547209861513693e-06,0.0684693306684494
v115_s0689,115,689,0,0,0,1.0,1.0856734888875508e-06,0.021319374442100525
v115_s0690,115,690,0,0,0,1.0,5.528706878976664e-07,0.003113705664873123
v115_s0691,115,691,0,0,0,1.0,5.903971214138437e-07,0.004891169723123312
v115_s0692,115,692,0,0,0,1.0,7.58952751311881e-07,0.004130410496145487
v115_s0693,115,693,0,0,0,1.0,1.9830201836157357e-06,0.021079260855913162
v115_s0694,115,694,0,0,0,1.0,3.702568847074872e-06,0.036404822021722794
v115_s0695,115,695,0,0,0,1.0,2.3507400328526273e-06,0.011621273122727871
v115_s0696,115,696,0,23,0,4.347825897920613e-08,0.0003685480623971671,0.9999957084655762
v115_s0697,115,697,0,34,0,2.9411763840830475e-08,0.0005241426988504827,1.0
v115_s0698,115,698,0,38,0,2.6315788781163454e-08,0.000551836856175214,1.0
v115_s0699,115,699,0,25,0,3.999999840000006e-08,0.00039343119715340436,0.9999996423721313
v115_s0700,115,700,0,23,0,4.347825897920613e-08,0.00035787199158221483,0.9999936819076538
v115_s0701,115,701,0,18,0,5.555555246913597e-08,0.0002890377654694021,0.9999771118164062
v115_s0702,115,702,0,28,0,3.571428443877555e-08,0.0004276800900697708,0.9999970197677612
v115_s0703,115,703,0,34,0,2.9411763840830475e-08,0.0005531254573725164,0.9999997615814209
v115_s0704,115,704,0,35,0,2.8571427755102065e-08,0.0005211567622609437,0.999267041683197
v115_s0705,115,705,0,24,0,4.166666493055563e-08,0.0003655432374216616,0.997330904006958
v115_s0706,115,706,0,35,0,2.8571427755102065e-08,0.0005348081467673182,0.9999277591705322
v115_s0707,115,707,0,0,0,1.0,9.61272689892212e-06,0.24064651131629944
v115_s0708,115,708,0,0,0,1.0,5.490538796948385e-07,0.0006303389673121274
v115_s0709,115,709,0,0,0,1.0,5.621865284410887e-07,0.0006863493472337723
v115_s0710,115,710,0,0,0,1.0,6.279092303884681e-07,0.0006576974992640316
v115_s0711,115,711,0,0,0,1.0,7.177620204856794e-07,0.0019105979008600116
v115_s0712,115,712,0,0,0,1.0,7.265045951498905e-07,0.0013754690298810601
v115_s0713,115,713,0,0,0,1.0,8.126517059281468e-07,0.0031487587839365005
v115_s0714,115,714,0,0,0,1.0,7.383256956927653e-07,0.0016332033555954695
v115_s0715,115,715,0,0,0,1.0,1.2395194062264636e-06,0.011893169954419136
v115_s0716,115,716,0,0,0,1.0,9.528177997708553e-07,0.005434880964457989
v115_s0717,115,717,0,0,0,1.0,9.80438812803186e-07,0.0039009617175906897
v115_s0718,115,718,0,0,0,1.0,6.455815309891477e-06,0.07720067352056503
v115_s0719,115,719,0,0,0,1.0,3.1943698104441864e-06,0.02646813727915287
v115_s0720,115,720,0,1,0,9.99999000001e-07,1.4404457942873705e-05,0.5070466995239258
v115_s0721,115,721,0,0,0,1.0,1.24616849461745e-06,0.007769607473164797
v115_s0722,115,722,0,0,0,1.0,9.061342893801339e-07,0.00459137000143528
v115_s0723,115,723,0,0,0,1.0,7.726964668108849e-07,0.005565898958593607
v115_s0724,115,724,0,0,0,1.0,7.893042948126094e-07,0.004673630464822054
v115_s0725,115,725,0,0,0,1.0,9.692888625068008e-07,0.002870317781344056
v115_s0726,115,726,0,0,0,1.0,9.511849157206598e-07,0.0026499510277062654
v115_s0727,115,727,0,0,0,1.0,9.579761126587982e-07,0.002627402078360319
v115_s0728,115,728,0,0,0,1.0,1.0842142046385561e-06,0.007802702486515045
v115_s0729,115,729,0,0,0,1.0,1.0323868764317012e-06,0.0055159530602395535
v115_s0730,115,730,0,0,0,1.0,9.872870805338607e-07,0.005149836651980877
v115_s0731,115,731,0,0,0,1.0,1.2366870123514673e-06,0.001225388958118856
v115_s0732,115,732,0,0,0,1.0,1.2362356756057125e-06,0.002154385671019554
v115_s0733,115,733,0,0,0,1.0,1.084078235180641e-06,0.002111127832904458
v115_s0734,115,734,0,0,0,1.0,8.47532305670029e-07,0.0011173902312293649
v115_s0735,115,735,0,0,0,1.0,8.397431088269514e-07,0.0014674789272248745
v115_s0736,115,736,0,0,0,1.0,9.984637472371105e-07,0.004434790462255478
v115_s0737,115,737,0,0,0,1.0,1.26519910281786e-06,0.01380143128335476
v115_s0738,115,738,0,0,0,1.0,1.6625219814159209e-06,0.017293618991971016
v115_s0739,115,739,0,0,0,1.0,1.8173997204939951e-06,0.014440684579312801
v115_s0740,115,740,0,0,0,1.0,1.0210610525973607e-06,0.0029958353843539953
v115_s0741,115,741,0,0,0,1.0,7.275758662217413e-07,0.000682024285197258
v115_s0742,115,742,0,0,0,1.0,7.335611940106901e-07,0.0006440537981688976
v115_s0743,115,743,0,0,0,1.0,8.722930147087027e-07,0.00189183687325567
v115_s0744,115,744,0,0,0,1.0,1.1661162488962873e-06,0.011014952324330807
v115_s0745,115,745,0,0,0,1.0,1.1382796856196364e-06,0.004652326460927725
v115_s0746,115,746,0,0,0,1.0,9.934769877872895e-07,0.0030209722463041544
v115_s0747,115,747,0,0,0,1.0,1.095220909519412e-06,0.0010748114436864853
v115_s0748,115,748,0,0,0,1.0,1.201525492433575e-06,0.0039718905463814735
v115_s0749,115,749,0,0,0,1.0,1.2740464399030316e-06,0.003908374812453985
v115_s0750,115,750,0,0,0,1.0,1.2829364095523488e-06,0.001809571753256023
v115_s0751,115,751,0,0,0,1.0,1.3848427897755755e-06,0.002409042324870825
v115_s0752,115,752,0,0,0,1.0,1.1245256246183999e-06,0.0015774454222992063
v115_s0753,115,753,0,0,0,1.0,1.5228195024974411e-06,0.004160360898822546
v115_s0754,115,754,0,0,0,1.0,1.519313173048431e-06,0.004596578888595104
v115_s0755,115,755,0,0,0,1.0,1.1818930261142668e-06,0.0011120748240500689
v115_s0756,115,756,0,0,0,1.0,1.1690441397149698e-06,0.002830515382811427
v115_s0757,115,757,0,0,0,1.0,1.022901074065885e-06,0.0006511404062621295
v115_s0758,115,758,0,0,0,1.0,9.395058668815182e-07,0.0006009993376210332
v115_s0759,115,759,0,0,0,1.0,1.0255855613650056e-06,0.001091493060812354
v115_s0760,115,760,0,0,0,1.0,9.988452802645043e-07,0.002365611959248781
v115_s0761,115,761,0,0,0,1.0,1.0781496939671342e-06,0.0019302360014989972
v115_s0762,115,762,0,0,0,1.0,9.064193022823019e-07,0.001278452924452722
v115_s0763,115,763,0,0,0,1.0,1.0747826308943331e-06,0.00135459762532264
v115_s0764,115,764,0,0,0,1.0,9.826519544731127e-07,0.0018208582187071443
v115_s0765,115,765,0,0,0,1.0,8.924976668822637e-07,0.001037956913933158
v115_s0766,115,766,0,0,0,1.0,9.537043297314085e-07,0.0015222163638100028
v115_s0767,115,767,0,0,0,1.0,9.670236522651976e-07,0.0016158543294295669
v115_s0768,115,768,0,0,0,1.0,9.227549071511021e-07,0.0006533876294270158
v115_s0769,115,769,0,0,0,1.0,9.186371698888252e-07,0.0007936281617730856
v115_s0770,115,770,0,0,0,1.0,8.915174021240091e-07,0.0006817685789428651
v115_s0771,115,771,0,0,0,1.0,1.0105435421792208e-06,0.0016284536104649305
v115_s0772,115,772,0,0,0,1.0,1.2152506769780302e-06,0.001981988549232483
v115_s0773,115,773,0,0,0,1.0,1.2389668881951366e-06,0.0027435719966888428
v115_s0774,115,774,0,0,0,1.0,1.0396078096164274e-06,0.0023712473921477795
v115_s0775,115,775,0,0,0,1.0,9.303325327891798e-07,0.001199147431179881
v115_s0776,115,776,0,0,0,1.0,9.389410706717172e-07,0.0010641426779329777
v115_s0777,115,777,0,0,0,1.0,1.1526624348334735e-06,0.001574704423546791
v115_s0778,115,778,0,0,0,1.0,1.1448837540228851e-06,0.0022058559115976095
v115_s0779,115,779,0,0,0,1.0,1.2125351531722117e-06,0.0028126195538789034
v115_s0780,115,780,0,0,0,1.0,1.4544461919285823e-06,0.003415757790207863
v115_s0781,115,781,0,0,0,1.0,1.8317637113796081e-06,0.008305631577968597
v115_s0782,115,782,0,0,0,1.0,1.962698661372997e-06,0.004676084034144878
v115_s0783,115,783,0,0,0,1.0,1.772083351170295e-06,0.008644725196063519
v115_s0784,115,784,0,0,0,1.0,3.825651219813153e-06,0.013926933519542217
v115_s0785,115,785,0,0,0,1.0,5.12522819917649e-06,0.04459940269589424
v115_s0786,115,786,0,0,0,1.0,2.1171417756704614e-06,0.003751336131244898
v115_s0787,115,787,0,0,0,1.0,1.5349648947449168e-06,0.0051920004189014435
v115_s0788,115,788,0,0,0,1.0,2.336303850825061e-06,0.026210330426692963
v115_s0789,115,789,0,0,0,1.0,1.6601877632638207e-06,0.009550423361361027
v115_s0790,115,790,0,0,0,1.0,1.1674349025270203e-06,0.0027597197331488132
v115_s0791,115,791,0,0,0,1.0,2.375142230448546e-06,0.017719069495797157
v115_s0792,115,792,0,0,0,1.0,1.0299675068381475e-06,0.007277034688740969
v115_s0793,115,793,0,0,0,1.0,1.0199175903835567e-06,0.004418514668941498
v115_s0794,115,794,0,0,0,1.0,1.20675804282655e-06,0.012895338237285614
v115_s0795,115,795,0,0,0,1.0,4.428862212080276e-06,0.13133272528648376
v115_s0796,115,796,0,0,0,1.0,1.109579216063139e-06,0.014211745001375675
v115_s0797,115,797,0,0,0,1.0,7.129098776204046e-06,0.14266355335712433
v115_s0798,115,798,0,7,0,1.428571224489825e-07,0.00010327110067009926,0.9757041931152344
v115_s0799,115,799,0,5,0,1.99999960000008e-07,9.371050691697747e-05,0.9739694595336914
v115_s0800,115,800,0,0,0,1.0,6.193839453771943e-06,0.1634605973958969
v115_s0801,115,801,0,0,0,1.0,9.044809303304646e-06,0.1509273499250412
v115_s0802,115,802,0,0,0,1.0,1.7345503238175297e-06,0.008699442259967327
v115_s0803,115,803,0,0,0,1.0,1.018672264763154e-06,0.0020286466460675
v115_s0804,115,804,0,0,0,1.0,1.414306098013185e-06,0.008143709972500801
v115_s0805,115,805,0,0,0,1.0,2.8327399377303664e-06,0.05588674917817116
v115_s0806,115,806,0,0,0,1.0,1.0377407306805253e-06,0.002099533099681139
v115_s0807,115,807,0,0,0,1.0,1.1083307072112802e-06,0.002359040081501007
v115_s0808,115,808,0,0,0,1.0,1.060392150975531e-06,0.002232263796031475
v115_s0809,115,809,0,0,0,1.0,1.0391495379735716e-06,0.0027906771283596754
v115_s0810,115,810,0,0,0,1.0,9.9946771570103e-07,0.0009411791688762605
v115_s0811,115,811,0,0,0,1.0,8.711419468454551e-06,0.1251949965953827
v115_s0812,115,812,0,15,0,6.666666222222252e-08,0.00022584830003324896,0.9959932565689087
v115_s0813,115,813,0,0,0,1.0,2.939210844488116e-06,0.025010986253619194
v115_s0814,115,814,0,0,0,1.0,1.0898828577410313e-06,0.0030033420771360397
v115_s0815,115,815,0,0,0,1.0,1.1576960332604358e-06,0.0038182465359568596
v115_s0816,115,816,0,0,0,1.0,1.401689678459661e-05,0.2223396897315979
v115_s0817,115,817,0,0,0,1.0,2.5900535547407344e-06,0.026369189843535423
v115_s0818,115,818,0,0,0,1.0,9.034821459863451e-07,0.0004043785738758743
v115_s0819,115,819,0,0,0,1.0,1.6325918750226265e-06,0.0025104840751737356
v115_s0820,115,820,0,0,0,1.0,1.4599629594158614e-06,0.0038822428323328495
v115_s0821,115,821,0,0,0,1.0,1.0006629054259975e-06,0.0015618675388395786
v115_s0822,115,822,0,0,0,1.0,1.1366059879946988e-06,0.0016236857045441866
v115_s0823,115,823,0,0,0,1.0,2.118811380569241e-06,0.011544478125870228
v115_s0824,115,824,0,0,0,1.0,1.3674168712896062e-06,0.002667419845238328
v115_s0825,115,825,0,0,0,1.0,1.0402700354461558e-06,0.0006489457446150482
v115_s0826,115,826,0,0,0,1.0,1.2433185929694446e-06,0.0017859430518001318
v115_s0827,115,827,0,0,0,1.0,1.3379483334574616e-06,0.0007897978648543358
v115_s0828,115,828,0,0,0,1.0,1.4349168395710876e-06,0.001099967397749424
v115_s0829,115,829,0,0,0,1.0,1.0585406471363967e-06,0.0016719684936106205
v115_s0830,115,830,0,0,0,1.0,9.365444384457078e-07,0.000491629762109369
v115_s0831,115,831,0,0,0,1.0,1.3905159903515596e-06,0.006583759095519781
v115_s0832,115,832,0,0,0,1.0,1.7576062418811489e-06,0.008631369099020958
v115_s0833,115,833,0,0,0,1.0,1.3920671335654333e-06,0.0038396117743104696
v115_s0834,115,834,0,0,0,1.0,1.70487396644603e-06,0.00404280936345458
v115_s0835,115,835,0,0,0,1.0,1.4524389371217694e-06,0.0014319937909021974
v115_s0836,115,836,0,0,0,1.0,1.7720226423989516e-06,0.014962165616452694
v115_s0837,115,837,0,0,0,1.0,1.5904220163065474e-06,0.01674448326230049
v115_s0838,115,838,0,0,0,1.0,1.3834505807608366e-06,0.00153084855992347
v115_s0839,115,839,0,0,0,1.0,1.5713280845375266e-06,0.001589747960679233
v115_s0840,115,840,0,0,0,1.0,2.4491178010066506e-06,0.012566179037094116
v115_s0841,115,841,0,0,0,1.0,1.7497097360319458e-05,0.3632414638996124
v115_s0842,115,842,0,0,0,1.0,8.18629177956609e-06,0.15463361144065857
v115_s0843,115,843,0,0,0,1.0,1.395819526806008e-05,0.36331042647361755
v115_s0844,115,844,0,0,0,1.0,3.1349629807664314e-06,0.0796344205737114
v115_s0845,115,845,0,0,0,1.0,9.595654546501464e-07,0.0025633457116782665
v116_s0000,116,0,0,0,0,1.0,1.2990740287932567e-06,0.008498189970850945
v116_s0001,116,1,0,0,0,1.0,1.6161335452125059e-06,0.014078982174396515
v116_s0002,116,2,0,0,0,1.0,7.240086006277124e-07,0.0011140757706016302
v116_s0003,116,3,0,0,0,1.0,1.0290689260727959e-06,0.0020240575540810823
v116_s0004,116,4,0,0,0,1.0,7.954748753036256e-07,0.001056827255524695
v116_s0005,116,5,0,0,0,1.0,9.447236379855894e-07,0.004214202985167503
v116_s0006,116,6,0,0,0,1.0,7.177728775786818e-07,0.00391278974711895
v116_s0007,116,7,0,0,0,1.0,9.375827403346193e-07,0.008993754163384438
v116_s0008,116,8,0,0,0,1.0,7.49246737541398e-07,0.003826748114079237
v116_s0009,116,9,0,0,0,1.0,5.049107585364254e-07,0.0005951786879450083
v116_s0010,116,10,0,0,0,1.0,7.703455366936396e-07,0.004199070390313864
v116_s0011,116,11,0,0,0,1.0,7.336589078477118e-07,0.0020228703506290913
v116_s0012,116,12,0,0,0,1.0,5.595462653218419e-07,0.0010176206706091762
v116_s0013,116,13,0,0,0,1.0,5.541926952901122e-07,0.001632352126762271
v116_s0014,116,14,0,0,0,1.0,4.660446961679554e-07,0.00029903475660830736
v116_s0015,116,15,0,0,0,1.0,6.090115789447736e-07,0.0006595376180484891
v116_s0016,116,16,0,0,0,1.0,7.953351541800657e-07,0.0017487426521256566
v116_s0017,116,17,0,0,0,1.0,4.419802053234889e-07,0.00027839859831146896
v116_s0018,116,18,0,0,0,1.0,5.319000138115371e-07,0.0005271803820505738
v116_s0019,116,19,0,0,0,1.0,5.695158051821636e-07,0.0005063475109636784
v116_s0020,116,20,0,0,0,1.0,5.337045649866923e-07,0.0002399669901933521
v116_s0021,116,21,0,0,0,1.0,6.422017122531543e-07,0.0010673434007912874
v116_s0022,116,22,0,0,0,1.0,1.5231012184813153e-06,0.0043024588376283646
v116_s0023,116,23,0,0,0,1.0,4.367215751699405e-06,0.08555545657873154
v116_s0024,116,24,0,0,0,1.0,8.095071279967669e-07,0.00140269729308784
v116_s0025,116,25,0,0,0,1.0,6.28140412572975e-07,0.0007619099924340844
v116_s0026,116,26,0,0,0,1.0,6.530825089612335e-07,0.0008714026189409196
v116_s0027,116,27,0,0,0,1.0,7.45439820093452e-07,0.0013381649041548371
v116_s0028,116,28,0,0,0,1.0,7.652208751096623e-07,0.002003290457651019
v116_s0029,116,29,0,0,0,1.0,1.877691147456062e-06,0.008497173897922039
v116_s0030,116,30,0,0,0,1.0,3.0076407711021602e-06,0.04030995070934296
v116_s0031,116,31,0,0,0,1.0,1.068748815669096e-06,0.0021306045819073915
v116_s0032,116,32,0,0,0,1.0,1.3624713801618782e-06,0.0068089463748037815
v116_s0033,116,33,0,0,0,1.0,1.5076378758749343e-06,0.004121715202927589
v116_s0034,116,34,0,0,0,1.0,1.9817289285128936e-06,0.011150656268000603
v116_s0035,116,35,0,0,0,1.0,3.1148836114880396e-06,0.018333405256271362
v116_s0036,116,36,0,13,0,7.692307100591761e-08,0.00022930861450731754,0.841767430305481
v116_s0037,116,37,0,108,0,9.259259173525378e-09,0.0017838181229308248,0.9999825954437256
v116_s0038,116,38,0,108,0,9.259259173525378e-09,0.0016842616023495793,0.999715268611908
v116_s0039,116,39,0,14,0,7.142856632653097e-08,0.0002681552432477474,0.9166994690895081
v116_s0040,116,40,0,37,0,2.7027026296566858e-08,0.0005658140289597213,0.997469425201416
v116_s0041,116,41,0,6,0,1.666666388888935e-07,0.00010602913243928924,0.7919167876243591
v116_s0042,116,42,0,0,0,1.0,2.0152010620222427e-06,0.012019678018987179
v116_s0043,116,43,0,0,0,1.0,1.0315969802832115e-06,0.0014762296341359615
v116_s0044,116,44,0,0,0,1.0,2.014119218074484e-06,0.031220396980643272
v116_s0045,116,45,0,0,0,1.0,1.243024371433421e-06,0.0034004237968474627
v116_s0046,116,46,0,20,0,4.999999750000012e-08,0.00034302027779631317,0.9740221500396729
v116_s0047,116,47,0,0,0,1.0,4.293463643989526e-05,0.38237130641937256
v116_s0048,116,48,0,0,0,1.0,2.7375430363463238e-05,0.2553112208843231
v116_s0049,116,49,0,0,0,1.0,3.521415055729449e-05,0.2547904849052429
v116_s0050,116,50,0,0,0,1.0,5.817810233565979e-06,0.05652788653969765
v116_s0051,116,51,0,0,0,1.0,5.033671186538413e-06,0.035184815526008606
v116_s0052,116,52,0,0,0,1.0,5.714507551601855e-06,0.05767431482672691
v116_s0053,116,53,0,0,0,1.0,7.0415799200418405e-06,0.0649135559797287
v116_s0054,116,54,0,15,0,6.666666222222252e-08,0.0002198510483140126,0.9927917718887329
v116_s0055,116,55,0,0,0,1.0,2.1095515876368154e-06,0.007688469719141722
v116_s0056,116,56,0,0,0,1.0,1.869831407930178e-06,0.005889756139367819
v116_s0057,116,57,0,0,0,1.0,2.7497121664055157e-06,0.02926517464220524
v116_s0058,116,58,0,0,0,1.0,2.9352231649681926e-06,0.025749212130904198
v116_s0059,116,59,0,4,0,2.499999375000156e-07,7.256145181600004e-05,0.9413424730300903
v116_s0060,116,60,0,0,0,1.0,1.2845882338297088e-05,0.29979079961776733
v116_s0061,116,61,0,0,0,1.0,2.141635923180729e-05,0.43716081976890564
v116_s0062,116,62,0,0,0,1.0,3.233921233913861e-05,0.2812683582305908
v116_s0063,116,63,0,0,0,1.0,1.9497858374961652e-05,0.4597456753253937
v116_s0064,116,64,0,0,0,1.0,2.3482853066525422e-05,0.36821869015693665
v116_s0065,116,65,0,1,0,9.99999000001e-07,2.5188588551827706e-05,0.5736826062202454
v116_s0066,116,66,0,0,0,1.0,1.5120296666282229e-05,0.286601722240448
v116_s0067,116,67,0,0,0,1.0,8.026560863072518e-06,0.11596465110778809
v116_s0068,116,68,0,0,0,1.0,5.222882464295253e-06,0.07712098211050034
v116_s0069,116,69,0,0,0,1.0,1.6826668343128404e-06,0.010855608619749546
v116_s0070,116,70,0,0,0,1.0,9.535578442410042e-07,0.002705708146095276
v116_s0071,116,71,0,0,0,1.0,1.2053474165441003e-06,0.0038279478903859854
v116_s0072,116,72,0,0,0,1.0,1.2372871651677997e-06,0.0025827251374721527
v116_s0073,116,73,0,0,0,1.0,1.4791910416533938e-06,0.00451340526342392
v116_s0074,116,74,0,0,0,1.0,2.35575066653837e-06,0.005564441904425621
v116_s0075,116,75,0,0,0,1.0,1.9734147826966364e-06,0.0032297156285494566
v116_s0076,116,76,0,0,0,1.0,2.809465968311997e-06,0.02156718634068966
v116_s0077,116,77,0,0,0,1.0,2.5594044927856885e-06,0.00487898662686348
v116_s0078,116,78,0,0,0,1.0,1.2451347402020474e-06,0.003329901723191142
v116_s0079,116,79,0,0,0,1.0,9.410233587914263e-07,0.0018121524481102824
v116_s0080,116,80,0,0,0,1.0,8.967149369709659e-07,0.0010477617615833879
v116_s0081,116,81,0,0,0,1.0,1.192888589685026e-06,0.001223539700731635
v116_s0082,116,82,0,0,0,1.0,1.9316353245812934e-06,0.001453210017643869
v116_s0083,116,83,0,0,0,1.0,3.994707185484003e-06,0.08536624163389206
v116_s0084,116,84,0,0,0,1.0,6.250294973142445e-06,0.15217255055904388
v116_s0085,116,85,0,0,0,1.0,2.1419234599306947e-06,0.009683600626885891
v116_s0086,116,86,0,0,0,1.0,9.964533091988415e-07,0.000634297146461904
v116_s0087,116,87,0,0,0,1.0,7.949628866299463e-07,0.000544736860319972
v116_s0088,116,88,0,0,0,1.0,1.7461966308474075e-06,0.009102086536586285
v116_s0089,116,89,0,0,0,1.0,2.3278839762497228e-06,0.009151003323495388
v116_s0090,116,90,0,0,0,1.0,3.4445401979610324e-06,0.03851050138473511
v116_s0091,116,91,0,0,0,1.0,4.031352091260487e-06,0.038319338113069534
v116_s0092,116,92,0,0,0,1.0,1.9663202692754567e-05,0.46531274914741516
v116_s0093,116,93,0,5,0,1.99999960000008e-07,7.213216304080561e-05,0.9669468402862549
v116_s0094,116,94,0,3,0,3.3333322222225924e-07,5.198160215513781e-05,0.8951663970947266
v116_s0095,116,95,0,0,0,1.0,3.6316666864877334e-06,0.03382445499300957
v116_s0096,116,96,0,0,0,1.0,3.5084685805486515e-06,0.024442292749881744
v116_s0097,116,97,0,0,0,1.0,1.57752165250713e-05,0.28123825788497925
v116_s0098,116,98,0,5,0,1.99999960000008e-07,8.350846474058926e-05,0.8310460448265076
v116_s0099,116,99,0,3,0,3.3333322222225924e-07,6.687815766781569e-05,0.7677475810050964
v116_s0100,116,100,0,0,0,1.0,3.929936428903602e-05,0.261586993932724
v116_s0101,116,101,0,0,0,1.0,5.471303666126914e-06,0.040689099580049515
v116_s0102,116,102,0,0,0,1.0,1.621793671802152e-05,0.37414708733558655
v116_s0103,116,103,0,0,0,1.0,4.415313469507964e-06,0.07231097668409348
v116_s0104,116,104,0,0,0,1.0,2.097439164572279e-06,0.023124277591705322
v116_s0105,116,105,0,0,0,1.0,6.836018201283878e-06,0.09046189486980438
v116_s0106,116,106,0,0,0,1.0,5.301596502249595e-06,0.0691136047244072
v116_s0107,116,107,0,0,0,1.0,3.3476949283794966e-06,0.029520763084292412
v116_s0108,116,108,0,0,0,1.0,1.3713988664676435e-06,0.002385603031143546
v116_s0109,116,109,0,0,0,1.0,1.3649347465616302e-06,0.0017143917502835393
v116_s0110,116,110,0,0,0,1.0,1.6987685285130283e-06,0.0018940422451123595
v116_s0111,116,111,0,0,0,1.0,1.1363212024662062e-06,0.0034360820427536964
v116_s0112,116,112,0,0,0,1.0,1.5552129752904875e-06,0.011315710842609406
v116_s0113,116,113,0,0,0,1.0,3.4639133446034975e-06,0.020871808752417564
v116_s0114,116,114,0,0,0,1.0,3.0294127100205515e-06,0.03468948230147362
v116_s0115,116,115,0,0,0,1.0,2.3153515940066427e-06,0.009646644815802574
v116_s0116,116,116,0,0,0,1.0,2.8092285901948344e-06,0.006019012536853552
v116_s0117,116,117,0,0,0,1.0,2.498926278349245e-06,0.004485617857426405
v116_s0118,116,118,0,0,0,1.0,2.7805569970951183e-06,0.024490827694535255
v116_s0119,116,119,0,0,0,1.0,1.7425477381038945e-06,0.0017168312333524227
v116_s0120,116,120,0,0,0,1.0,1.1244054576309281e-06,0.0012230107095092535
v116_s0121,116,121,0,0,0,1.0,1.1753397757274797e-06,0.004248991142958403
v116_s0122,116,122,0,0,0,1.0,9.977773061109474e-07,0.0010521620279178023
v116_s0123,116,123,0,0,0,1.0,1.275434783565288e-06,0.003097016364336014
v116_s0124,116,124,0,0,0,1.0,8.653794907331758e-07,0.0009955695131793618
v116_s0125,116,125,0,0,0,1.0,9.804045930650318e-07,0.0013732537627220154
v116_s0126,116,126,0,0,0,1.0,8.947715173235338e-07,0.001618257025256753
v116_s0127,116,127,0,0,0,1.0,7.957333991726045e-07,0.0004023551882710308
v116_s0128,116,128,0,0,0,1.0,1.0666631169442553e-06,0.004609366413205862
v116_s0129,116,129,0,0,0,1.0,7.566096087430196e-07,0.0016719556879252195
v116_s0130,116,130,0,0,0,1.0,6.462207693402888e-07,0.0006084153428673744
v116_s0131,116,131,0,0,0,1.0,5.943318797108077e-07,0.00037697210791520774
v116_s0132,116,132,0,0,0,1.0,7.168203524088312e-07,0.0007008079555816948
v116_s0133,116,133,0,0,0,1.0,7.513083346566418e-07,0.0012240140931680799
v116_s0134,116,134,0,0,0,1.0,7.805514314895845e-07,0.0013571582967415452
v116_s0135,116,135,0,0,0,1.0,8.638643862468598e-07,0.0014580507995560765
v116_s0136,116,136,0,0,0,1.0,8.757710361351201e-07,0.001094387611374259
v116_s0137,116,137,0,0,0,1.0,7.347211976593826e-07,0.00036621963954530656
v116_s0138,116,138,0,0,0,1.0,7.844648735044757e-07,0.00125707290135324
v116_s0139,116,139,0,0,0,1.0,8.57237068885297e-07,0.0007640982512384653
v116_s0140,116,140,0,0,0,1.0,7.076791916915681e-07,0.0002909816976170987
v116_s0141,116,141,0,0,0,1.0,5.967085030533781e-07,0.00016359864093828946
v116_s0142,116,142,0,0,0,1.0,6.941746164557117e-07,0.0005247773951850832
v116_s0143,116,143,0,0,0,1.0,9.18512284897588e-07,0.00037229416193440557
v116_s0144,116,144,0,0,0,1.0,1.254725702892756e-06,0.0011580548016354442
v116_s0145,116,145,0,0,0,1.0,1.1533163615240483e-06,0.006546619813889265
v116_s0146,116,146,0,0,0,1.0,9.662473985372344e-07,0.006245661526918411
v116_s0147,116,147,0,0,0,1.0,1.258458723896183e-06,0.002843407215550542
v116_s0148,116,148,0,0,0,1.0,9.100746183321462e-07,0.001434808480553329
v116_s0149,116,149,0,0,0,1.0,8.233172366090002e-07,0.0021788221783936024
v116_s0150,116,150,0,0,0,1.0,7.953183853715018e-07,0.0009094029664993286
v116_s0151,116,151,0,0,0,1.0,8.821925803204067e-07,0.0009369793115183711
v116_s0152,116,152,0,0,0,1.0,8.024291560104757e-07,0.0005808967398479581
v116_s0153,116,153,0,0,0,1.0,1.1879562862304738e-06,0.0021751855965703726
v116_s0154,116,154,0,0,0,1.0,1.0860804877665942e-06,0.0012996885925531387
v116_s0155,116,155,0,0,0,1.0,1.007987407319888e-06,0.002246278803795576
v116_s0156,116,156,0,0,0,1.0,9.701986982690869e-07,0.0028609423898160458
v116_s0157,116,157,0,0,0,1.0,1.2238519957463723e-06,0.00268378178589046
v116_s0158,116,158,0,0,0,1.0,1.101031784855877e-06,0.0012946744682267308
v116_s0159,116,159,0,4,0,2.499999375000156e-07,7.26014914107509e-05,0.8316883444786072
v116_s0160,116,160,0,12,0,8.333332638888946e-08,0.00017707081860862672,0.9958894848823547
v116_s0161,116,161,0,0,0,1.0,4.434038601175416e-06,0.06460297107696533
v116_s0162,116,162,0,0,0,1.0,3.0340397643158212e-06,0.032074831426143646
v116_s0163,116,163,0,0,0,1.0,2.3691575279372046e-06,0.014048435725271702
v116_s0164,116,164,0,0,0,1.0,1.4563713648385601e-06,0.002339550293982029
v116_s0165,116,165,0,0,0,1.0,1.781411583579029e-06,0.004695910960435867
v116_s0166,116,166,0,0,0,1.0,1.3587015246230294e-06,0.0049820877611637115
v116_s0167,116,167,0,0,0,1.0,1.261644911210169e-06,0.004985144827514887
v116_s0168,116,168,0,0,0,1.0,1.4668881931356736e-06,0.004301511216908693
v116_s0169,116,169,0,0,0,1.0,1.4543941233569058e-06,0.005419062916189432
v116_s0170,116,170,0,0,0,1.0,1.2128284652135335e-06,0.0022813831456005573
v116_s0171,116,171,0,0,0,1.0,1.5810026070539607e-06,0.00326330098323524
v116_s0172,116,172,0,0,0,1.0,3.214268417650601e-06,0.023203903809189796
v116_s0173,116,173,0,0,0,1.0,1.1023686283806455e-06,0.003001031232997775
v116_s0174,116,174,0,0,0,1.0,1.5082057416293537e-06,0.007583892438560724
v116_s0175,116,175,0,0,0,1.0,6.8097560870228335e-06,0.1324680745601654
v116_s0176,116,176,0,0,0,1.0,1.8587470549391583e-06,0.010967912152409554
v116_s0177,116,177,0,0,0,1.0,1.0312558060832089e-06,0.003090773243457079
v116_s0178,116,178,0,0,0,1.0,1.735818614179152e-06,0.005701642949134111
v116_s0179,116,179,0,0,0,1.0,2.81781126432179e-06,0.01789826527237892
v116_s0180,116,180,0,0,0,1.0,1.62182220719842e-06,0.008577979169785976
v116_s0181,116,181,0,0,0,1.0,1.3570868304668693e-06,0.0035565304569900036
v116_s0182,116,182,0,0,0,1.0,1.7602548041395494e-06,0.007047609891742468
v116_s0183,116,183,0,0,0,1.0,1.0574053703749087e-06,0.0015958651201799512
v116_s0184,116,184,0,0,0,1.0,1.193900629914424e-06,0.0030658934265375137
v116_s0185,116,185,0,0,0,1.0,1.4014855196364806e-06,0.018247880041599274
v116_s0186,116,186,0,0,0,1.0,9.794752031666576e-07,0.0010791082167997956
v116_s0187,116,187,0,0,0,1.0,1.1914839888049755e-06,0.0026350717525929213
v116_s0188,116,188,0,0,0,1.0,2.362956138313166e-06,0.028339385986328125
v116_s0189,116,189,0,0,0,1.0,1.891625970529276e-06,0.01975180208683014
v116_s0190,116,190,0,0,0,1.0,1.9209749098081375e-06,0.006520877592265606
v116_s0191,116,191,0,0,0,1.0,3.256762511227862e-06,0.004702648613601923
v116_s0192,116,192,0,0,0,1.0,2.7784199119196273e-06,0.007220434490591288
v116_s0193,116,193,0,0,0,1.0,2.9931129574833903e-06,0.00965630728751421
v116_s0194,116,194,0,0,0,1.0,3.6541696317726746e-06,0.03717377409338951
v116_s0195,116,195,0,0,0,1.0,3.6285273381508887e-06,0.024991674348711967
v116_s0196,116,196,0,0,0,1.0,7.4064282671315596e-06,0.029714109376072884
v116_s0197,116,197,0,0,0,1.0,6.998481694608927e-06,0.038916297256946564
v116_s0198,116,198,0,0,0,1.0,1.6073115602921462e-06,0.009410406462848186
v116_s0199,116,199,0,0,0,1.0,4.625675046554534e-06,0.043894268572330475
v116_s0200,116,200,0,0,0,1.0,1.345101736660581e-05,0.13168799877166748
v116_s0201,116,201,0,0,0,1.0,6.0281504374870565e-06,0.047884501516819
v116_s0202,116,202,0,0,0,1.0,1.1356562481523724e-06,0.007020163349807262
v116_s0203,116,203,0,0,0,1.0,9.242681358045957e-07,0.0012733417097479105
v116_s0204,116,204,0,0,0,1.0,1.0663759439921705e-06,0.0025333056692034006
v116_s0205,116,205,0,0,0,1.0,1.7937292113856529e-06,0.015866611152887344
v116_s0206,116,206,0,0,0,1.0,1.1321893680360517e-06,0.003118843073025346
v116_s0207,116,207,0,0,0,1.0,1.4126319456408964e-06,0.001647339086048305
v116_s0208,116,208,0,0,0,1.0,1.3274208185976022e-06,0.0015567567897960544
v116_s0209,116,209,0,0,0,1.0,1.135320508183213e-05,0.3858630061149597
v116_s0210,116,210,0,3,0,3.3333322222225924e-07,5.066120138508268e-05,0.9399449229240417
v116_s0211,116,211,0,0,0,1.0,1.3511873476090841e-05,0.3017537295818329
v116_s0212,116,212,0,0,0,1.0,3.492102450763923e-06,0.023038489744067192
v116_s0213,116,213,0,0,0,1.0,3.282882971689105e-06,0.050229761749506
v116_s0214,116,214,0,0,0,1.0,2.297105766047025e-06,0.014726661145687103
v116_s0215,116,215,0,0,0,1.0,3.3791375244618393e-06,0.04880472645163536
v116_s0216,116,216,0,0,0,1.0,2.7164614948560484e-06,0.023629654198884964
v116_s0217,116,217,0,0,0,1.0,3.470539923000615e-06,0.06670340150594711
v116_s0218,116,218,0,0,0,1.0,5.523415438801749e-06,0.1225147396326065
v116_s0219,116,219,0,0,0,1.0,6.048458089935593e-06,0.08941394090652466
v116_s0220,116,220,0,0,0,1.0,1.659196072978375e-06,0.0062902746722102165
v116_s0221,116,221,0,0,0,1.0,1.0776144563351409e-06,0.005746722221374512
v116_s0222,116,222,0,0,0,1.0,9.798600331123453e-07,0.0013730170903727412
v116_s0223,116,223,0,0,0,1.0,1.139647110903752e-06,0.003311742562800646
v116_s0224,116,224,0,0,0,1.0,1.7361635400447994e-06,0.021487191319465637
v116_s0225,116,225,0,0,0,1.0,1.5060143141454319e-06,0.005430480465292931
v116_s0226,116,226,0,0,0,1.0,1.2094212706870167e-06,0.0034781612921506166
v116_s0227,116,227,0,0,0,1.0,7.57311454435694e-07,0.0013252160279080272
v116_s0228,116,228,0,0,0,1.0,6.785785444662906e-07,0.0006381694693118334
v116_s0229,116,229,0,0,0,1.0,5.87375780014554e-07,0.0008708933601155877
v116_s0230,116,230,0,0,0,1.0,6.939430932106916e-07,0.0021716984920203686
v116_s0231,116,231,0,0,0,1.0,7.092105533956783e-07,0.001471747294999659
v116_s0232,116,232,0,0,0,1.0,5.174408101993322e-07,0.00024921161821112037
v116_s0233,116,233,0,0,0,1.0,4.856498776462104e-07,0.00020115965162403882
v116_s0234,116,234,0,0,0,1.0,5.097708708490245e-07,0.00033300372888334095
v116_s0235,116,235,0,0,0,1.0,5.222869390308915e-07,0.0005195090780034661
v116_s0236,116,236,0,0,0,1.0,6.152926061986363e-07,0.0005597207928076386
v116_s0237,116,237,0,0,0,1.0,7.592196880068514e-07,0.0027872929349541664
v116_s0238,116,238,0,0,0,1.0,1.4786628526053391e-06,0.007928979583084583
v116_s0239,116,239,0,0,0,1.0,2.6019724828074686e-06,0.026230433955788612
v116_s0240,116,240,0,0,0,1.0,6.89325361236115e-07,0.0030859154649078846
v116_s0241,116,241,0,0,0,1.0,6.762618909306184e-07,0.003931254148483276
v116_s0242,116,242,0,0,0,1.0,6.797739615649334e-07,0.0022036749869585037
v116_s0243,116,243,0,0,0,1.0,7.483719173251302e-07,0.002297939034178853
v116_s0244,116,244,0,0,0,1.0,1.3595620202977443e-06,0.01739620976150036
v116_s0245,116,245,0,0,0,1.0,1.7748095615388593e-06,0.02597745694220066
v116_s0246,116,246,0,0,0,1.0,6.700023504890851e-07,0.0004931138246320188
v116_s0247,116,247,0,0,0,1.0,1.1840804745588684e-06,0.0027757184579968452
v116_s0248,116,248,0,0,0,1.0,1.1000568065355765e-06,0.002453658264130354
v116_s0249,116,249,0,0,0,1.0,7.879530130594503e-07,0.000816886022221297
v116_s0250,116,250,0,0,0,1.0,5.999782501930895e-07,0.00019525535753928125
v116_s0251,116,251,0,0,0,1.0,6.07701736043964e-07,0.0025186254642903805
v116_s0252,116,252,0,0,0,1.0,6.819088866905076e-07,0.0008384985267184675
v116_s0253,116,253,0,0,0,1.0,1.3272986052470515e-06,0.006451368797570467
v116_s0254,116,254,0,0,0,1.0,8.502655646225321e-07,0.0006293547921814024
v116_s0255,116,255,0,0,0,1.0,2.826958279911196e-06,0.004086959175765514
v116_s0256,116,256,0,0,0,1.0,7.501764685002854e-07,0.0004589911550283432
v116_s0257,116,257,0,0,0,1.0,5.282272468321025e-07,0.00022212030307855457
v116_s0258,116,258,0,0,0,1.0,4.6335242132045096e-07,0.0003170580603182316
v116_s0259,116,259,0,0,0,1.0,4.570950295601506e-06,0.049650680273771286
v116_s0260,116,260,0,0,0,1.0,6.637112051066651e-07,0.0004248995683155954
v116_s0261,116,261,0,0,0,1.0,7.002187203397625e-07,0.00045367737766355276
v116_s0262,116,262,0,0,0,1.0,5.968100822428823e-07,0.000587079266551882
v116_s0263,116,263,0,0,0,1.0,5.589041620623902e-07,0.00045332356239669025
v116_s0264,116,264,0,0,0,1.0,4.6106953277558205e-07,0.0002750367275439203
v116_s0265,116,265,0,0,0,1.0,9.382243888467201e-07,0.005138477310538292
v116_s0266,116,266,0,0,0,1.0,6.111121138019371e-07,0.001634762971661985
v116_s0267,116,267,0,0,0,1.0,4.632461809706001e-07,0.0003322287229821086
v116_s0268,116,268,0,0,0,1.0,5.18417323291942e-07,0.00025024928618222475
v116_s0269,116,269,0,0,0,1.0,6.399839662662998e-07,0.0005644220509566367
v116_s0270,116,270,0,0,0,1.0,1.225375399371842e-06,0.0016023360658437014
v116_s0271,116,271,0,0,0,1.0,7.195982334451401e-07,0.0003524397616274655
v116_s0272,116,272,0,0,0,1.0,9.830421277001733e-07,0.0037595711182802916
v116_s0273,116,273,0,0,0,1.0,6.691744829367963e-07,0.0005247585941106081
v116_s0274,116,274,0,0,0,1.0,7.213017170215608e-07,0.00029661471489816904
v116_s0275,116,275,0,0,0,1.0,5.869570145478065e-07,0.00032478771754540503
v116_s0276,116,276,0,0,0,1.0,5.25384734828549e-07,0.00015876498946454376
v116_s0277,116,277,0,0,0,1.0,5.178100082048331e-07,0.00024035945534706116
v116_s0278,116,278,0,0,0,1.0,7.21642607004469e-07,0.00037776899989694357
v116_s0279,116,279,0,0,0,1.0,7.006141800047772e-07,0.00037464004708454013
v116_s0280,116,280,0,0,0,1.0,5.941747076576576e-07,0.00021617786842398345
v116_s0281,116,281,0,0,0,1.0,8.163794973370386e-07,0.0016517925541847944
v116_s0282,116,282,0,0,0,1.0,6.27306519618287e-07,0.00023843982489779592
v116_s0283,116,283,0,0,0,1.0,6.43659745946934e-07,0.00037848364445380867
v116_s0284,116,284,0,0,0,1.0,7.020707926130854e-07,0.00043122065835632384
v116_s0285,116,285,0,0,0,1.0,7.63830030336976e-07,0.000717649410944432
v116_s0286,116,286,0,0,0,1.0,7.556388368357148e-07,0.0024473778903484344
v116_s0287,116,287,0,0,0,1.0,7.037691602818086e-07,0.00037717146915383637
v116_s0288,116,288,0,0,0,1.0,5.096386530567543e-07,0.00017468469741288573
v116_s0289,116,289,0,0,0,1.0,6.611518301724573e-07,0.0010048977565020323
v116_s0290,116,290,0,0,0,1.0,9.225092298947857e-07,0.0010000565089285374
v116_s0291,116,291,0,0,0,1.0,7.131135362214991e-07,0.0003590895503293723
v116_s0292,116,292,0,0,0,1.0,3.6522145819617435e-05,0.38758066296577454
v116_s0293,116,293,0,0,0,1.0,5.951181947239093e-07,0.00028532909345813096
v116_s0294,116,294,0,0,0,1.0,5.812590870846179e-07,0.00047300520236603916
v116_s0295,116,295,0,0,0,1.0,8.161337063938845e-07,0.0008643908076919615
v116_s0296,116,296,0,0,0,1.0,9.854481959337136e-07,0.003337504807859659
v116_s0297,116,297,0,0,0,1.0,4.683057795773493e-06,0.05726903676986694
v116_s0298,116,298,0,0,0,1.0,2.170139168811147e-06,0.01653222367167473
v116_s0299,116,299,0,0,0,1.0,6.756678203601041e-07,0.0013462001224979758
v116_s0300,116,300,0,0,0,1.0,5.569851850850682e-07,0.00016873236745595932
v116_s0301,116,301,0,0,0,1.0,5.666556717187632e-07,0.000728057639207691
v116_s0302,116,302,0,0,0,1.0,1.0261106808684417e-06,0.004019737709313631
v116_s0303,116,303,0,0,0,1.0,6.442146514018532e-07,0.00104793650098145
v116_s0304,116,304,0,0,0,1.0,2.394018792983843e-06,0.019255338236689568
v116_s0305,116,305,0,0,0,1.0,9.324723464487761e-07,0.0024155625142157078
v116_s0306,116,306,0,0,0,1.0,4.661775392378331e-07,0.00021500496950466186
v116_s0307,116,307,0,0,0,1.0,6.683291076114983e-07,0.0008918181410990655
v116_s0308,116,308,0,0,0,1.0,5.2466964461928e-07,0.0005641222232952714
v116_s0309,116,309,0,0,0,1.0,1.4002325769979507e-06,0.003894125111401081
v116_s0310,116,310,0,0,0,1.0,7.453929242728918e-07,0.0003674490435514599
v116_s0311,116,311,0,0,0,1.0,8.016289143597533e-07,0.0011843059910461307
v116_s0312,116,312,0,0,0,1.0,5.3550006668956485e-06,0.021527526900172234
v116_s0313,116,313,0,0,0,1.0,5.84747056109336e-07,0.0005229378584772348
v116_s0314,116,314,0,0,0,1.0,4.937595008414064e-07,0.0005230099195614457
v116_s0315,116,315,0,0,0,1.0,3.6018369087287283e-07,0.0006449625943787396
v116_s0316,116,316,0,0,0,1.0,4.209537110000383e-07,0.000326737790601328
v116_s0317,116,317,0,0,0,1.0,4.947571028424136e-07,0.0002775772591121495
v116_s0318,116,318,0,0,0,1.0,6.576807436431409e-07,0.00045734341256320477
v116_s0319,116,319,0,0,0,1.0,6.42479506041127e-07,0.0010768909705802798
v116_s0320,116,320,0,0,0,1.0,6.982498916840996e-07,0.00033019992406480014
v116_s0321,116,321,0,0,0,1.0,6.27539691322454e-07,0.0005214898847043514
v116_s0322,116,322,0,0,0,1.0,1.2771860156135517e-06,0.0019523351220414042
v116_s0323,116,323,0,0,0,1.0,8.708906875654066e-07,0.000772153667639941
v116_s0324,116,324,0,0,0,1.0,5.665523303832742e-07,0.00038507120916619897
v116_s0325,116,325,0,0,0,1.0,6.407335604308173e-07,0.000498028879519552
v116_s0326,116,326,0,0,0,1.0,1.2753675946441945e-06,0.009337659925222397
v116_s0327,116,327,0,0,0,1.0,1.4347309615914128e-06,0.010713495314121246
v116_s0328,116,328,0,0,0,1.0,8.292541338050796e-07,0.002057380275800824
v116_s0329,116,329,0,0,0,1.0,9.758769010659307e-07,0.0036627633962780237
v116_s0330,116,330,0,0,0,1.0,1.0568485322437482e-06,0.0014898697845637798
v116_s0331,116,331,0,0,0,1.0,1.3656585906574037e-06,0.0020460248924791813
v116_s0332,116,332,0,0,0,1.0,1.1625215847743675e-06,0.001606977777555585
v116_s0333,116,333,0,0,0,1.0,7.989387427187467e-07,0.0010969133581966162
v116_s0334,116,334,0,0,0,1.0,8.139903684423189e-07,0.001767700188793242
v116_s0335,116,335,0,0,0,1.0,9.215801810569246e-07,0.0024490044452250004
v116_s0336,116,336,0,0,0,1.0,1.7225625015271362e-06,0.005512705072760582
v116_s0337,116,337,0,0,0,1.0,9.363560593556031e-07,0.001278754323720932
v116_s0338,116,338,0,0,0,1.0,9.606815183360595e-07,0.000762797484640032
v116_s0339,116,339,0,0,0,1.0,6.323406864794379e-07,0.0006948495865799487
v116_s0340,116,340,0,0,0,1.0,6.609238312194066e-07,0.0008784093661233783
v116_s0341,116,341,0,0,0,1.0,6.607116347367992e-07,0.0004212454950902611
v116_s0342,116,342,0,0,0,1.0,5.113832912684302e-07,0.0004176299262326211
v116_s0343,116,343,0,0,0,1.0,5.591977014773875e-07,0.0005605592741630971
v116_s0344,116,344,0,0,0,1.0,5.274542331790144e-07,0.00072760897455737
v116_s0345,116,345,0,0,0,1.0,5.156242650627973e-07,0.0007353551918640733
v116_s0346,116,346,0,0,0,1.0,5.089655132906046e-07,0.00044179815449751914
v116_s0347,116,347,0,0,0,1.0,5.318144076227327e-07,0.0007090180879458785
v116_s0348,116,348,0,0,0,1.0,4.885125122200407e-07,0.0004198617534711957
v116_s0349,116,349,0,0,0,1.0,5.130293629918015e-07,0.0005012533511035144
v116_s0350,116,350,0,0,0,1.0,6.748817895640968e-07,0.00021190090046729892
v116_s0351,116,351,0,0,0,1.0,7.47875390061381e-07,0.0007872385904192924
v116_s0352,116,352,0,0,0,1.0,7.544007303295075e-07,0.0007628687308169901
v116_s0353,116,353,0,0,0,1.0,9.50554294831818e-07,0.002485338831320405
v116_s0354,116,354,0,0,0,1.0,1.2284800732231815e-06,0.004521667957305908
v116_s0355,116,355,0,0,0,1.0,6.135418288977235e-07,0.00042870690231211483
v116_s0356,116,356,0,0,0,1.0,9.74666363617871e-07,0.0025731322821229696
v116_s0357,116,357,0,0,0,1.0,9.305078947363654e-07,0.001450092880986631
v116_s0358,116,358,0,0,0,1.0,1.055347411238472e-06,0.0008299960172735155
v116_s0359,116,359,0,0,0,1.0,7.903598771008546e-07,0.00031908918754197657
v116_s0360,116,360,0,0,0,1.0,7.628964340256061e-07,0.0009436844266019762
v116_s0361,116,361,0,0,0,1.0,6.851520311101922e-07,0.0012485142797231674
v116_s0362,116,362,0,0,0,1.0,1.753620381350629e-06,0.012325264513492584
v116_s0363,116,363,0,0,0,1.0,8.010341616682126e-07,0.0015277111670002341
v116_s0364,116,364,0,0,0,1.0,7.778605777275516e-07,0.003097924869507551
v116_s0365,116,365,0,0,0,1.0,5.796005098090973e-07,0.0004685620660893619
v116_s0366,116,366,0,0,0,1.0,6.320439069895656e-07,0.0005211867392063141
v116_s0367,116,367,0,0,0,1.0,6.67645622343116e-07,0.0007617209921590984
v116_s0368,116,368,0,0,0,1.0,5.254216830508085e-07,0.00028237764490768313
v116_s0369,116,369,0,0,0,1.0,5.122213906361139e-07,0.0006664666580036283
v116_s0370,116,370,0,0,0,1.0,5.201507065066835e-07,0.0003979463072028011
v116_s0371,116,371,0,0,0,1.0,5.692919557986897e-07,0.0003282332909293473
v116_s0372,116,372,0,0,0,1.0,5.471825375025219e-07,0.001790743786841631
v116_s0373,116,373,0,0,0,1.0,4.348627840045083e-07,0.00021400464174803346
v116_s0374,116,374,0,0,0,1.0,5.409133336797822e-07,0.0002779453352559358
v116_s0375,116,375,0,0,0,1.0,4.7430455651920056e-07,0.00020144200243521482
v116_s0376,116,376,0,0,0,1.0,5.610699531644059e-07,0.0007468925323337317
v116_s0377,116,377,0,0,0,1.0,5.85758584747964e-07,0.0026348938699811697
v116_s0378,116,378,0,0,0,1.0,6.165826675896824e-07,0.0023932787589728832
v116_s0379,116,379,0,0,0,1.0,3.3919925499503734e-06,0.04509986564517021
v116_s0380,116,380,0,0,0,1.0,3.6392289075593e-06,0.0474313423037529
v116_s0381,116,381,0,0,0,1.0,2.6064781195600517e-06,0.018366890028119087
v116_s0382,116,382,0,0,0,1.0,1.3889985893911216e-05,0.14957287907600403
v116_s0383,116,383,0,0,0,1.0,8.607448762631975e-07,0.002670631045475602
v116_s0384,116,384,0,0,0,1.0,1.9368499124539085e-06,0.0464872345328331
v116_s0385,116,385,0,1,0,9.99999000001e-07,2.0763884094776586e-05,0.6010802984237671
v116_s0386,116,386,0,2,0,4.99999750000125e-07,4.016306047560647e-05,0.9271306991577148
v116_s0387,116,387,0,0,0,1.0,1.0256724181090249e-06,0.012914557009935379
v116_s0388,116,388,0,0,0,1.0,5.381727419262461e-07,0.0007128983270376921
v116_s0389,116,389,0,0,0,1.0,4.7614480536140036e-07,0.0005254576099105179
v116_s0390,116,390,0,0,0,1.0,2.042725782303023e-06,0.042439959943294525
v116_s0391,116,391,0,0,0,1.0,6.022370371283614e-07,0.0005624390905722976
v116_s0392,116,392,0,0,0,1.0,6.336138085316634e-07,0.001181267318315804
v116_s0393,116,393,0,0,0,1.0,5.335261334948882e-07,0.0017513143830001354
v116_s0394,116,394,0,0,0,1.0,6.883329319862241e-07,0.001722891116514802
v116_s0395,116,395,0,0,0,1.0,8.057841114350595e-07,0.0009581498452462256
v116_s0396,116,396,0,0,0,1.0,5.658010877596098e-07,0.0005695315776392817
v116_s0397,116,397,0,0,0,1.0,1.10468317870982e-06,0.0017209689831361175
v116_s0398,116,398,0,0,0,1.0,7.805158475093776e-07,0.0005858255317434669
v116_s0399,116,399,0,0,0,1.0,9.204126172335236e-07,0.0008455200004391372
v116_s0400,116,400,0,0,0,1.0,6.13434622209752e-07,0.0003077298460993916
v116_s0401,116,401,0,0,0,1.0,5.694403171219165e-07,0.0002787693520076573
v116_s0402,116,402,0,0,0,1.0,5.172845476408838e-07,0.00024930882500484586
v116_s0403,116,403,0,0,0,1.0,7.4889981078740675e-06,0.23620662093162537
v116_s0404,116,404,0,0,0,1.0,4.810554514733667e-07,0.0011083594290539622
v116_s0405,116,405,0,0,0,1.0,8.721910489839502e-06,0.2355084866285324
v116_s0406,116,406,0,0,0,1.0,5.088102170702768e-07,0.0002248284436063841
v116_s0407,116,407,0,0,0,1.0,4.785540568263968e-07,0.00011959687253693119
v116_s0408,116,408,0,0,0,1.0,4.181380859336059e-07,0.0004460318887140602
v116_s0409,116,409,0,0,0,1.0,4.4200436377650476e-07,0.00017327444220427424
v116_s0410,116,410,0,0,0,1.0,5.631801514027757e-07,0.004295033868402243
v116_s0411,116,411,0,0,0,1.0,4.597088718583109e-07,0.00039911281783133745
v116_s0412,116,412,0,0,0,1.0,3.9748806557327043e-07,0.00019516918109729886
v116_s0413,116,413,0,0,0,1.0,4.439769440978125e-07,0.0005101465503685176
v116_s0414,116,414,0,0,0,1.0,3.9561845710522903e-07,0.0003877344133798033
v116_s0415,116,415,0,0,0,1.0,4.1163940522892517e-07,0.0002503394498489797
v116_s0416,116,416,0,0,0,1.0,5.382320296121179e-07,0.0013028645189478993
v116_s0417,116,417,0,0,0,1.0,1.661084866100282e-06,0.04546598345041275
v116_s0418,116,418,0,0,0,1.0,6.996596084718476e-07,0.00038879632484167814
v116_s0419,116,419,0,0,0,1.0,6.54232735541882e-07,0.0003736906801350415
v116_s0420,116,420,0,0,0,1.0,5.905413900109124e-07,0.000528299598954618
v116_s0421,116,421,0,0,0,1.0,1.2128298294555862e-06,0.01071332860738039
v116_s0422,116,422,0,0,0,1.0,1.0476471743459115e-06,0.007105804979801178
v116_s0423,116,423,0,0,0,1.0,5.53846859929763e-07,0.0006913639372214675
v116_s0424,116,424,0,0,0,1.0,5.303525085764704e-07,0.0006911481614224613
v116_s0425,116,425,0,0,0,1.0,6.043688927093172e-07,0.0020083561539649963
v116_s0426,116,426,0,0,0,1.0,8.046021093832678e-07,0.005468021612614393
v116_s0427,116,427,0,0,0,1.0,5.168339498595742e-07,0.0011179118882864714
v116_s0428,116,428,0,0,0,1.0,8.38704352190689e-07,0.003331579500809312
v116_s0429,116,429,0,0,0,1.0,5.712357733500539e-07,0.0009028336498886347
v116_s0430,116,430,0,0,0,1.0,4.858852094002941e-07,0.0004953902680426836
v116_s0431,116,431,0,0,0,1.0,1.0690597491702647e-06,0.0008868546574376523
v116_s0432,116,432,0,0,0,1.0,4.2806945543816255e-07,0.00027280874201096594
v116_s0433,116,433,0,0,0,1.0,5.129269311510143e-07,0.00030357364448718727
v116_s0434,116,434,0,0,0,1.0,5.584604991781816e-07,0.0016618439694866538
v116_s0435,116,435,0,0,0,1.0,4.6838340495014563e-07,0.0002867001458071172
v116_s0436,116,436,0,0,0,1.0,3.520195832606987e-07,0.0008491719490848482
v116_s0437,116,437,0,0,0,1.0,5.381941718951566e-07,0.004693716298788786
v116_s0438,116,438,0,0,0,1.0,3.7993655155332817e-07,0.00023690660600550473
v116_s0439,116,439,0,0,0,1.0,7.503144843212795e-07,0.0006642978987656534
v116_s0440,116,440,0,0,0,1.0,4.592312734530424e-07,0.0005406700656749308
v116_s0441,116,441,0,0,0,1.0,5.305320769366517e-07,0.0004613500495906919
v116_s0442,116,442,0,0,0,1.0,5.344558644537756e-07,0.00046124649816192687
v116_s0443,116,443,0,0,0,1.0,4.638026780412474e-07,0.0002303904911968857
v116_s0444,116,444,0,0,0,1.0,5.250934691503062e-07,0.000249423406785354
v116_s0445,116,445,0,0,0,1.0,3.813617013292969e-07,0.0002640039019752294
v116_s0446,116,446,0,0,0,1.0,4.16792431678914e-07,0.00034059036988765
v116_s0447,116,447,0,0,0,1.0,3.762417009056662e-07,0.00029560347320511937
v116_s0448,116,448,0,0,0,1.0,4.254324323937908e-07,0.0009884401224553585
v116_s0449,116,449,0,0,0,1.0,3.4776672919178964e-07,0.0002678707242012024
v116_s0450,116,450,0,0,0,1.0,3.1022523216961417e-07,0.000166297351825051
v116_s0451,116,451,0,0,0,1.0,3.0575603204852086e-07,7.630442269146442e-05
v116_s0452,116,452,0,0,0,1.0,4.306651817387319e-07,0.0008273499552160501
v116_s0453,116,453,0,0,0,1.0,3.521639087011863e-07,0.000629707588814199
v116_s0454,116,454,0,0,0,1.0,4.0997178984980565e-07,0.0006937519065104425
v116_s0455,116,455,0,0,0,1.0,3.501779985981557e-07,0.00029353846912272274
v116_s0456,116,456,0,0,0,1.0,3.455263595242286e-07,0.00024080606817733496
v116_s0457,116,457,0,0,0,1.0,2.7408373171056155e-07,0.00013034652511123568
v116_s0458,116,458,0,0,0,1.0,3.0784838145336835e-07,0.0001519210054539144
v116_s0459,116,459,0,0,0,1.0,3.1332615435530897e-07,0.00030797786894254386
v116_s0460,116,460,0,0,0,1.0,2.824556020186719e-07,0.00031225927523337305
v116_s0461,116,461,0,0,0,1.0,3.755793898108095e-07,0.0012492977548390627
v116_s0462,116,462,0,0,0,1.0,7.46506941595726e-07,0.0021038874983787537
v116_s0463,116,463,0,0,0,1.0,2.441971673761145e-07,0.0001673895021667704
v116_s0464,116,464,0,0,0,1.0,6.375613565978711e-07,0.006254920270293951
v116_s0465,116,465,0,0,0,1.0,4.1926972471628687e-07,0.0014376245671883225
v116_s0466,116,466,0,0,0,1.0,4.7146920678642346e-07,0.0018810450565069914
v116_s0467,116,467,0,0,0,1.0,3.555221042006451e-07,0.0005693896091543138
v116_s0468,116,468,0,0,0,1.0,3.4390825476293685e-07,0.00027165067149326205
v116_s0469,116,469,0,0,0,1.0,4.407204414746957e-07,0.0008861197857186198
v116_s0470,116,470,0,0,0,1.0,3.847451921501488e-07,0.002701155375689268
v116_s0471,116,471,0,0,0,1.0,3.3877142868732335e-07,0.0017209198558703065
v116_s0472,116,472,0,0,0,1.0,4.938931397191482e-07,0.003978388849645853
v116_s0473,116,473,0,0,0,1.0,4.3003711880373885e-07,0.0015527080977335572
v116_s0474,116,474,0,0,0,1.0,3.303118774056202e-07,0.0010791929671540856
v116_s0475,116,475,0,0,0,1.0,1.995097989038186e-07,0.0001124293776229024
v116_s0476,116,476,0,0,0,1.0,2.082286982840742e-07,0.00024437534739263356
v116_s0477,116,477,0,0,0,1.0,1.7025954548444133e-06,0.028051383793354034
v116_s0478,116,478,0,0,0,1.0,1.3231698403615155e-06,0.012601486407220364
v116_s0479,116,479,0,0,0,1.0,2.490156703061075e-07,0.000472526386147365
v116_s0480,116,480,0,0,0,1.0,2.2796808707425953e-07,0.000491722603328526
v116_s0481,116,481,0,0,0,1.0,2.985331320815021e-06,0.061875201761722565
v116_s0482,116,482,0,0,0,1.0,3.0018497909622965e-07,0.0007405694341287017
v116_s0483,116,483,0,0,0,1.0,4.667126916046982e-07,0.002848094329237938
v116_s0484,116,484,0,49,0,2.0408162848813002e-08,0.0007095159962773323,0.9989802241325378
v116_s0485,116,485,0,63,0,1.5873015621063245e-08,0.0009620136697776616,0.9999158382415771
v116_s0486,116,486,0,17,0,5.882352595155729e-08,0.0002596226113382727,0.9919420480728149
v116_s0487,116,487,0,15,0,6.666666222222252e-08,0.00021809381723869592,0.998446524143219
v116_s0488,116,488,0,6,0,1.666666388888935e-07,0.00011726403317879885,0.8394284844398499
v116_s0489,116,489,0,14,0,7.142856632653097e-08,0.00036332389572635293,0.7148643136024475
v116_s0490,116,490,0,1,0,9.99999000001e-07,2.0997833416913636e-05,0.5061053037643433
v116_s0491,116,491,0,0,0,1.0,5.769423296442255e-06,0.11194413155317307
v116_s0492,116,492,0,0,0,1.0,8.500325634486217e-07,0.003969606943428516
v116_s0493,116,493,0,0,0,1.0,1.6511385183548555e-05,0.2891485095024109
v116_s0494,116,494,0,0,0,1.0,7.26487257907138e-07,0.005201846361160278
v116_s0495,116,495,89,0,0,1.123595492993309e-08,4.1738908862498647e-07,0.0016865795478224754
v116_s0496,116,496,93,0,0,1.075268805642271e-08,2.638149112499377e-07,0.00026240013539791107
v116_s0497,116,497,100,0,0,9.9999999e-09,3.4426170714141335e-07,0.0009175149607472122
v116_s0498,116,498,104,0,0,9.615384522928995e-09,4.2877383066297625e-07,0.0030983637552708387
v116_s0499,116,499,112,0,0,8.928571348852042e-09,2.328111804672517e-06,0.053412068635225296
v116_s0500,116,500,119,1,0,8.333333263888889e-09,5.415586565504782e-05,0.5544333457946777
v116_s0501,116,501,123,0,0,8.130081234714787e-09,1.181725906462816e-06,0.027977900579571724
v116_s0502,116,502,134,0,0,7.462686511472489e-09,5.963198645986267e-07,0.001944656833074987
v116_s0503,116,503,134,0,0,7.462686511472489e-09,5.5651116781518795e-06,0.1258263885974884
v116_s0504,116,504,142,0,0,7.042253471533426e-09,5.17116234277637e-07,0.004244078882038593
v116_s0505,116,505,145,0,0,6.8965516765755055e-09,7.055174364722916e-07,0.004595682490617037
v116_s0506,116,506,151,0,0,6.622516512433665e-09,8.52771449899592e-07,0.01139901578426361
v116_s0507,116,507,154,0,0,6.493506451340867e-09,1.5390255612146575e-06,0.02441384457051754
v116_s0508,116,508,158,0,0,6.32911388399295e-09,5.753674940933706e-07,0.005757063161581755
v116_s0509,116,509,162,0,0,6.172839468068892e-09,5.742782605011598e-07,0.0047282748855650425
v116_s0510,116,510,166,0,0,6.024096349252431e-09,9.279757477997919e-07,0.015335611999034882
v116_s0511,116,511,170,4,0,5.7471264037521466e-09,6.975804717512801e-05,0.9339478015899658
v116_s0512,116,512,174,0,0,5.7471264037521466e-09,4.839484972762875e-07,0.0012767481384798884
v116_s0513,116,513,181,11,0,5.208333306206597e-09,0.00017933839990291744,0.9883769154548645
v116_s0514,116,514,188,0,0,5.319148907876868e-09,6.231176143955963e-07,0.0017230806406587362
v116_s0515,116,515,196,0,0,5.10204079029571e-09,9.136588232649956e-07,0.004393130540847778
v116_s0516,116,516,202,0,0,4.950495024997549e-09,2.1694022507290356e-06,0.04450073093175888
v116_s0517,116,517,204,0,0,4.901960760284506e-09,1.6720901840017177e-05,0.3638617992401123
v116_s0518,116,518,213,0,0,4.694835658709691e-09,2.7286887416266836e-06,0.032226014882326126
v116_s0519,116,519,225,0,0,4.444444424691358e-09,8.255416332758614e-07,0.0032324199564754963
v116_s0520,116,520,234,0,0,4.273504255241435e-09,7.653290481357544e-07,0.004804665222764015
v116_s0521,116,521,245,0,0,4.081632636401499e-09,6.973216386541026e-07,0.004163455683737993
v116_s0522,116,522,263,0,0,3.802281354363949e-09,3.9640212889935356e-07,0.0006437941920012236
v116_s0523,116,523,280,0,0,3.571428558673469e-09,4.4931121578883904e-07,0.0005776026519015431
v116_s0524,116,524,302,0,0,3.3112582671812637e-09,3.936942221116624e-07,0.0006001264555379748
v116_s0525,116,525,318,0,0,3.1446540781614652e-09,5.048898970017035e-07,0.0015871033538132906
v116_s0526,116,526,340,0,0,2.941176461937716e-09,6.445615099437418e-07,0.001957673579454422
v116_s0527,116,527,369,0,0,2.7100270929267557e-09,4.817273406843015e-07,0.000882411259226501
v116_s0528,116,528,394,0,0,2.538071059548043e-09,4.393264987356815e-07,0.0021163830533623695
v116_s0529,116,529,422,0,0,2.36966824083017e-09,1.2123718988732435e-06,0.012629513628780842
v116_s0530,116,530,456,0,0,2.192982451331179e-09,4.1524725702402066e-07,0.0005282550118863583
v116_s0531,116,531,486,0,0,2.057613164490508e-09,4.358391834102804e-07,0.0006098882877267897
v116_s0532,116,532,527,0,0,1.8975332032304872e-09,5.354220320441527e-07,0.0006518830196000636
v116_s0533,116,533,564,0,0,1.7730496422463657e-09,4.794082997250371e-07,0.00044987196451984346
v116_s0534,116,534,560,0,0,1.78571428252551e-09,4.6757060090385494e-07,0.0016976955812424421
v116_s0535,116,535,560,0,0,1.78571428252551e-09,4.161176150319079e-07,0.000504896801430732
v116_s0536,116,536,569,0,0,1.7574692411995267e-09,5.123990831634728e-07,0.0019758737180382013
v116_s0537,116,537,565,0,0,1.769911501292192e-09,3.997940893896157e-07,0.0003727219009306282
v116_s0538,116,538,566,0,0,1.7667844491752924e-09,3.8683555203533615e-07,0.0005746568785980344
v116_s0539,116,539,580,0,0,1.7241379280618311e-09,3.4758764400066866e-07,0.0005142821464687586
v116_s0540,116,540,581,0,0,1.7211703929067634e-09,4.667627138132957e-07,0.0007395753636956215
v116_s0541,116,541,580,0,0,1.7241379280618311e-09,7.707636200393608e-07,0.0029036093037575483
v116_s0542,116,542,578,1,0,1.7271157137700937e-09,3.7529007386183366e-05,0.7416388988494873
v116_s0543,116,543,585,0,0,1.709401706479655e-09,2.3855504878156353e-06,0.028333306312561035
v116_s0544,116,544,585,0,0,1.709401706479655e-09,6.054457344362163e-07,0.003180144354701042
v116_s0545,116,545,596,0,0,1.6778523461781e-09,6.893516797390475e-07,0.0010572416940703988
v116_s0546,116,546,600,0,0,1.6666666638888887e-09,8.55340545058425e-07,0.005288711283355951
v116_s0547,116,547,606,0,0,1.6501650137786055e-09,1.4206937521521468e-05,0.15331964194774628
v116_s0548,116,548,606,0,0,1.6501650137786055e-09,7.422537237289362e-06,0.12242655456066132
v116_s0549,116,549,604,0,0,1.6556291363317399e-09,1.3988934597364278e-06,0.005505855195224285
v116_s0550,116,550,604,0,0,1.6556291363317399e-09,4.83253643324133e-07,0.0009088164661079645
v116_s0551,116,551,623,0,0,1.6051364340206478e-09,1.233351440532715e-06,0.01174725778400898
v116_s0552,116,552,624,0,0,1.6025640999958907e-09,4.266331870894646e-06,0.06329767405986786
v116_s0553,116,553,655,0,0,1.526717554921042e-09,1.8911168808699585e-06,0.02566993050277233
v116_s0554,116,554,707,0,0,1.4144271550008101e-09,7.953483986966603e-07,0.0017759366892278194
v116_s0555,116,555,762,0,0,1.3123359562830236e-09,7.55006965391658e-07,0.0027736297342926264
v116_s0556,116,556,819,0,0,1.221001219510377e-09,1.1929749916816945e-06,0.00812572706490755
v116_s0557,116,557,875,0,0,1.1428571415510203e-09,9.205479614138312e-07,0.004852768033742905
v116_s0558,116,558,953,0,0,1.0493179422357629e-09,1.9463227545202244e-06,0.03077288158237934
v116_s0559,116,559,1042,14,0,9.469696960729451e-10,0.00021441983699332923,0.9999796152114868
v116_s0560,116,560,1149,19,0,8.561643828286262e-10,0.00026026854175142944,0.9998530149459839
v116_s0561,116,561,1269,29,0,7.704160240597718e-10,0.0004218118847347796,0.9984032511711121
v116_s0562,116,562,1391,1,0,7.183908040816157e-10,2.5312730940640904e-05,0.6599000096321106
v116_s0563,116,563,1535,11,0,6.468305299826451e-10,0.00020837770716752857,0.9769063591957092
v116_s0564,116,564,1702,19,0,5.810575243573168e-10,0.0003366302407812327,0.999388575553894
v116_s0565,116,565,1720,22,3,0.0034443174492282905,0.00038299313746392727,0.9841545820236206
v116_s0566,116,566,1767,0,0,5.659309561030385e-10,4.173115939920535e-06,0.06763365864753723
v116_s0567,116,567,1815,0,0,5.509641870242621e-10,5.863071237399708e-07,0.0012209615670144558
v116_s0568,116,568,1857,0,0,5.385029614763042e-10,1.2880434042017441e-05,0.44446367025375366
v116_s0569,116,569,1903,0,0,5.254860743428869e-10,1.5700769608884002e-06,0.00896210502833128
v116_s0570,116,570,1934,37,0,5.073566714828225e-10,0.0005739410407841206,0.999992847442627
v116_s0571,116,571,1995,0,0,5.012531325808254e-10,7.565517989860382e-06,0.13473360240459442
v116_s0572,116,572,2029,0,0,4.928536222312204e-10,2.569309071986936e-05,0.3533717095851898
v116_s0573,116,573,2069,0,0,4.833252776784315e-10,4.293191523174755e-06,0.029964609071612358
v116_s0574,116,574,2115,7,0,4.712535341794281e-10,0.0001319555303780362,0.9669426083564758
v116_s0575,116,575,2163,10,0,4.6019328096631696e-10,0.00016156792116817087,0.9910249710083008
v116_s0576,116,576,2199,0,0,4.547521598659608e-10,2.7291549486108124e-05,0.25072458386421204
v116_s0577,116,577,2252,5,0,4.4306601664020117e-10,7.388407539110631e-05,0.9584384560585022
v116_s0578,116,578,2304,0,0,4.3402777758939767e-10,1.335145043412922e-06,0.009738982655107975
v116_s0579,116,579,2367,0,0,4.224757074683246e-10,9.25400854612235e-07,0.001385976793244481
v116_s0580,116,580,2418,0,0,4.13564929522926e-10,1.0348046544095268e-06,0.0022589336149394512
v116_s0581,116,581,2487,7,0,4.009623093821322e-10,9.601486090105027e-05,0.9668290615081787
v116_s0582,116,582,2542,38,0,3.8759689907457487e-10,0.0005788811249658465,0.9999924898147583
v116_s0583,116,583,2621,0,0,3.815337655926998e-10,1.0427167580928653e-05,0.20370109379291534
v116_s0584,116,584,2585,4,0,3.8624951703891485e-10,8.890600292943418e-05,0.9332902431488037
v116_s0585,116,585,2559,0,0,3.9077764736585476e-10,3.6084636576561024e-06,0.028431588783860207
v116_s0586,116,586,2526,1,1,0.0007914527104109805,5.235235585132614e-05,0.7305808067321777
v116_s0587,116,587,2513,0,0,3.979307598894028e-10,2.3629036149941385e-06,0.0349830761551857
v116_s0588,116,588,2491,0,0,4.0144520256866915e-10,1.1879787052748725e-05,0.2365506887435913
v116_s0589,116,589,2462,7,0,4.0502227606114934e-10,0.0001151530523202382,0.994865357875824
v116_s0590,116,590,2431,3,3,0.002465078470638834,4.0146969695342705e-05,0.6244792342185974
v116_s0591,116,591,2413,0,0,4.144218813035964e-10,8.870622991707933e-07,0.0019345474429428577
v116_s0592,116,592,2390,0,0,4.1841004166593723e-10,7.894169584687916e-07,0.0013408272061496973
v116_s0593,116,593,2365,0,0,4.2283298079372815e-10,8.018865287340304e-07,0.002541409572586417
v116_s0594,116,594,2349,0,0,4.2571306920999867e-10,3.301574679426267e-06,0.05849670246243477
v116_s0595,116,595,2324,0,0,4.3029259878214604e-10,3.6558064948621904e-06,0.09068156033754349
v116_s0596,116,596,2310,0,0,4.329004327130301e-10,1.7090744677261682e-06,0.017361309379339218
v116_s0597,116,597,2284,0,0,4.3782837108676514e-10,2.7293469884170918e-06,0.04255971685051918
v116_s0598,116,598,2266,0,0,4.413062663542338e-10,2.1079649741295725e-06,0.02220810204744339
v116_s0599,116,599,2249,0,0,4.446420629414664e-10,2.300767846463714e-06,0.030637936666607857
v116_s0600,116,600,2231,0,0,4.4822949329976265e-10,8.0468532814848e-07,0.004057224839925766
v116_s0601,116,601,2210,0,0,4.5248868757805943e-10,2.5610866032366175e-06,0.038039010018110275
v116_s0602,116,602,2183,0,0,4.5808520363807365e-10,1.1076535884058103e-06,0.006353821139782667
v116_s0603,116,603,2167,31,0,4.549590534781806e-10,0.0004788468067999929,0.9999916553497314
v116_s0604,116,604,2142,57,0,4.547521598659608e-10,0.0008720525656826794,0.9999967813491821
v116_s0605,116,605,2130,29,5,0.004631774430462356,0.0004909700946882367,0.9999877214431763
v116_s0606,116,606,2117,18,0,4.683840747220684e-10,0.0002896614605560899,0.9999388456344604
v116_s0607,116,607,1859,0,0,5.379236145573299e-10,1.2749978850479238e-06,0.008057979866862297
v116_s0608,116,608,1800,5,5,0.005540166755933425,9.368007886223495e-05,0.8835145235061646
v116_s0609,116,609,1746,0,0,5.727376858117195e-10,3.4336803764745127e-06,0.023796789348125458
v116_s0610,116,610,1695,0,0,5.899705011268609e-10,1.148431510955561e-05,0.0762040764093399
v116_s0611,116,611,1642,0,0,6.090133979238651e-10,6.457721610786393e-06,0.03209194168448448
v116_s0612,116,612,1595,0,0,6.269592472558248e-10,1.272342046831909e-06,0.006686434615403414
v116_s0613,116,613,1554,2,0,6.426735214378705e-10,3.653353633126244e-05,0.7590420842170715
v116_s0614,116,614,1502,4,0,6.640106237290765e-10,7.229136099340394e-05,0.7097271084785461
v116_s0615,116,615,1465,0,0,6.825938561893557e-10,3.6425276448426303e-06,0.09279844909906387
v116_s0616,116,616,1348,0,0,7.418397620609496e-10,1.5319088561227545e-05,0.393073707818985
v116_s0617,116,617,1245,0,0,8.032128507604715e-10,1.4384429505298613e-06,0.007288566790521145
v116_s0618,116,618,1145,16,0,8.613264419799082e-10,0.0002424658596282825,0.9961011409759521
v116_s0619,116,619,1051,19,0,9.345794383788975e-10,0.0003109988756477833,0.9976029992103577
v116_s0620,116,620,966,0,0,1.0351966862989682e-09,1.3231656339485198e-05,0.3820835053920746
v116_s0621,116,621,887,11,0,1.1135857448623766e-09,0.00018469216593075544,0.9715357422828674
v116_s0622,116,622,818,9,0,1.2091898413431804e-09,0.00017298111924901605,0.9738227128982544
v116_s0623,116,623,743,0,0,1.3458950183769918e-09,2.469993205522769e-06,0.03217117860913277
v116_s0624,116,624,682,4,0,1.4577259453969008e-09,4.8186197091126814e-05,0.6536409258842468
v116_s0625,116,625,620,23,0,1.5552099509250233e-09,0.00036654871655628085,0.9947492480278015
v116_s0626,116,626,563,0,0,1.7761989311257567e-09,7.273350206560281e-07,0.004452632274478674
v116_s0627,116,627,513,0,0,1.9493177349915834e-09,9.178513664664933e-07,0.006072771269828081
v116_s0628,116,628,0,0,0,1.0,4.4597354076358897e-07,0.0005926690064370632
v116_s0629,116,629,0,4,0,2.499999375000156e-07,8.13393053249456e-05,0.9652763605117798
v116_s0630,116,630,0,5,0,1.99999960000008e-07,8.522867574356496e-05,0.9915453791618347
v116_s0631,116,631,0,0,0,1.0,9.588229659129865e-06,0.23008903861045837
v116_s0632,116,632,0,4,0,2.499999375000156e-07,9.320587560068816e-05,0.9861333966255188
v116_s0633,116,633,0,0,0,1.0,4.544701369013637e-06,0.09826027601957321
v116_s0634,116,634,0,0,0,1.0,2.574186510173604e-06,0.02977702021598816
v116_s0635,116,635,0,0,0,1.0,1.1537988484633388e-06,0.015311738476157188
v116_s0636,116,636,0,0,0,1.0,2.3070153929438675e-06,0.060995396226644516
v116_s0637,116,637,0,0,0,1.0,1.002759290713584e-06,0.008095345459878445
v116_s0638,116,638,0,1,0,9.99999000001e-07,2.1454328816616908e-05,0.5436203479766846
v116_s0639,116,639,0,0,0,1.0,9.76134856500721e-07,0.006669111084192991
v116_s0640,116,640,0,0,0,1.0,2.655178468558006e-05,0.415953129529953
v116_s0641,116,641,0,0,0,1.0,2.136124749085866e-06,0.04685200750827789
v116_s0642,116,642,0,0,0,1.0,7.76214619691018e-07,0.006315547041594982
v116_s0643,116,643,0,0,0,1.0,7.537366855103755e-07,0.007518330123275518
v116_s0644,116,644,0,0,0,1.0,3.4451511510269484e-07,0.0008983676671050489
v116_s0645,116,645,0,0,0,1.0,2.7009352834284073e-06,0.07461987435817719
v116_s0646,116,646,0,0,0,1.0,1.5862569853197783e-05,0.41290852427482605
v116_s0647,116,647,0,0,0,1.0,6.696209879919479e-07,0.005852825939655304
v116_s0648,116,648,0,9,0,1.1111109876543348e-07,0.00013673509238287807,0.997434675693512
v116_s0649,116,649,0,0,0,1.0,4.392887603898998e-06,0.06660638004541397
v116_s0650,116,650,0,0,0,1.0,4.1136135564556753e-07,0.0009786810260266066
v116_s0651,116,651,0,0,0,1.0,6.298672587945475e-07,0.0036692284047603607
v116_s0652,116,652,0,0,0,1.0,7.253489116010314e-07,0.01440725103020668
v116_s0653,116,653,0,0,0,1.0,4.407020242069848e-06,0.1036449447274208
v116_s0654,116,654,0,0,0,1.0,5.658572490574443e-07,0.008077258244156837
v116_s0655,116,655,0,0,0,1.0,3.797229055635398e-07,0.0022425800561904907
v116_s0656,116,656,0,0,0,1.0,3.5221648886363255e-07,0.0009057322167791426
v116_s0657,116,657,0,0,0,1.0,5.208765401221171e-07,0.003312469692900777
v116_s0658,116,658,0,0,0,1.0,5.909949777560541e-06,0.15565939247608185
v116_s0659,116,659,0,2,0,4.99999750000125e-07,3.239400029997341e-05,0.8041301965713501
v116_s0660,116,660,0,0,0,1.0,4.911421456199605e-06,0.07635034620761871
v116_s0661,116,661,0,12,0,8.333332638888946e-08,0.00021607664530165493,0.9799929261207581
v116_s0662,116,662,0,22,0,4.5454543388429843e-08,0.00035806233063340187,0.9996343851089478
v116_s0663,116,663,0,30,0,3.3333332222222255e-08,0.00048102138680405915,0.9999840259552002
v116_s0664,116,664,0,31,0,3.225806347554634e-08,0.0004891865537501872,0.9999806880950928
v116_s0665,116,665,0,2,0,4.99999750000125e-07,6.486333586508408e-05,0.7422457933425903
v116_s0666,116,666,0,3,0,3.3333322222225924e-07,7.737195846857503e-05,0.7301239967346191
v116_s0667,116,667,0,24,0,4.166666493055563e-08,0.0004062542284373194,0.9997001886367798
v116_s0668,116,668,0,0,0,1.0,2.0270663299015723e-05,0.26038646697998047
v116_s0669,116,669,0,0,0,1.0,2.576209226390347e-06,0.02059045433998108
v116_s0670,116,670,0,22,0,4.5454543388429843e-08,0.00036021359846927226,0.9999352693557739
v116_s0671,116,671,0,18,0,5.555555246913597e-08,0.0002714585862122476,0.9987249970436096
v116_s0672,116,672,0,17,0,5.882352595155729e-08,0.0002744871308095753,0.9917142987251282
v116_s0673,116,673,0,4,0,2.499999375000156e-07,8.48716517793946e-05,0.805355966091156
v116_s0674,116,674,0,6,0,1.666666388888935e-07,0.00011400035145925358,0.9608463048934937
v116_s0675,116,675,0,15,0,6.666666222222252e-08,0.00027369402232579887,0.999911904335022
v116_s0676,116,676,0,9,0,1.1111109876543348e-07,0.00015609984984621406,0.9917751550674438
v116_s0677,116,677,0,0,0,1.0,2.367292609051219e-06,0.011727643199265003
v116_s0678,116,678,0,9,0,1.1111109876543348e-07,0.00013299293641466647,0.993798553943634
v116_s0679,116,679,0,5,0,1.99999960000008e-07,7.873791037127376e-05,0.9211527109146118
v116_s0680,116,680,0,6,0,1.666666388888935e-07,9.335012146038935e-05,0.9259132146835327
v116_s0681,116,681,0,0,0,1.0,1.767094545357395e-06,0.015214155428111553
v116_s0682,116,682,0,10,0,9.9999990000001e-08,0.00014718099555466324,0.9891189336776733
v116_s0683,116,683,0,21,0,4.761904535147403e-08,0.0003108419186901301,0.9999915361404419
v116_s0684,116,684,0,24,0,4.166666493055563e-08,0.0003837101685348898,0.9999951124191284
v116_s0685,116,685,0,6,0,1.666666388888935e-07,9.767995652509853e-05,0.9848731756210327
v116_s0686,116,686,0,1,0,9.99999000001e-07,1.9331686416990124e-05,0.5658643245697021
v116_s0687,116,687,0,1,0,9.99999000001e-07,1.790877286111936e-05,0.5651276707649231
v116_s0688,116,688,0,0,0,1.0,1.91257345250051e-06,0.050001565366983414
v116_s0689,116,689,0,0,0,1.0,3.0697077590957633e-07,0.00044094829354435205
v116_s0690,116,690,0,0,0,1.0,3.2408971151198784e-07,0.00043285710853524506
v116_s0691,116,691,0,0,0,1.0,4.698744930919929e-07,0.0018377158557996154
v116_s0692,116,692,0,0,0,1.0,4.5056160047352023e-07,0.0013767862692475319
v116_s0693,116,693,0,0,0,1.0,1.0685111192287877e-05,0.2599676549434662
v116_s0694,116,694,0,0,0,1.0,4.456674957964424e-07,0.0010046096285805106
v116_s0695,116,695,0,0,0,1.0,8.428137903138122e-07,0.018464433029294014
v116_s0696,116,696,0,0,0,1.0,8.333802725246642e-06,0.2001168429851532
v116_s0697,116,697,0,0,0,1.0,5.693336788681336e-06,0.09873742610216141
v116_s0698,116,698,0,8,0,1.2499998437500196e-07,0.00014605768956243992,0.9989331364631653
v116_s0699,116,699,0,0,0,1.0,2.2753686153009767e-06,0.039122771471738815
v116_s0700,116,700,0,8,0,1.2499998437500196e-07,0.00012168974353699014,0.9980223178863525
v116_s0701,116,701,0,0,0,1.0,3.047831796720857e-06,0.04805178567767143
v116_s0702,116,702,0,0,0,1.0,1.356287725684524e-06,0.009697888046503067
v116_s0703,116,703,0,0,0,1.0,4.89913134060771e-07,0.001345361233688891
v116_s0704,116,704,0,0,0,1.0,7.128135735001706e-07,0.0032093175686895847
v116_s0705,116,705,0,0,0,1.0,5.045391162639135e-07,0.0013015157310292125
v116_s0706,116,706,0,0,0,1.0,4.6238758955041703e-07,0.0007191302138380706
v116_s0707,116,707,0,0,0,1.0,4.773589239448484e-07,0.0006808689213357866
v116_s0708,116,708,0,0,0,1.0,3.732016295998619e-07,0.0004252800717949867
v116_s0709,116,709,0,0,0,1.0,4.597267491135426e-07,0.0008577000116929412
v116_s0710,116,710,0,0,0,1.0,4.414257546159206e-07,0.0007178836967796087
v116_s0711,116,711,0,0,0,1.0,3.9252569195014075e-07,0.0007536874618381262
v116_s0712,116,712,0,0,0,1.0,3.4032086659863126e-07,0.00021233069128356874
v116_s0713,116,713,0,0,0,1.0,3.770197167796141e-07,0.0008672464755363762
v116_s0714,116,714,0,0,0,1.0,3.0991691346571315e-07,0.00036112082307226956
v116_s0715,116,715,0,0,0,1.0,3.7607907188430545e-07,0.00035840042983181775
v116_s0716,116,716,0,0,0,1.0,3.606158429647621e-07,0.00041199749102815986
v116_s0717,116,717,0,0,0,1.0,3.6071574527341e-07,0.00023928705195430666
v116_s0718,116,718,0,0,0,1.0,3.27911692465932e-07,0.00021224645024631172
v116_s0719,116,719,0,0,0,1.0,3.904189611603215e-07,0.0006238998030312359
v116_s0720,116,720,0,0,0,1.0,1.037549736793153e-06,0.011922378093004227
v116_s0721,116,721,0,0,0,1.0,5.118348553878604e-07,0.00296997744590044
v116_s0722,116,722,0,0,0,1.0,3.6784143730983487e-07,0.0006057996652089059
v116_s0723,116,723,0,0,0,1.0,4.367527992599207e-07,0.0004737908311653882
v116_s0724,116,724,0,0,0,1.0,5.087380259283236e-07,0.0018565483624115586
v116_s0725,116,725,0,0,0,1.0,3.8669963942083996e-07,0.00047495411126874387
v116_s0726,116,726,0,0,0,1.0,4.118083438697795e-07,0.0008262481424026191
v116_s0727,116,727,0,0,0,1.0,4.625649694389722e-07,0.002154859248548746
v116_s0728,116,728,0,0,0,1.0,4.188477760180831e-07,0.0017826221883296967
v116_s0729,116,729,0,0,0,1.0,3.945534103877435e-07,0.0005085526499897242
v116_s0730,116,730,0,0,0,1.0,4.1083134760810935e-07,0.0006661028019152582
v116_s0731,116,731,0,0,0,1.0,4.250279630468867e-07,0.0006678677164018154
v116_s0732,116,732,0,0,0,1.0,4.5719468744209735e-07,0.00028819922590628266
v116_s0733,116,733,0,0,0,1.0,4.6360491978703067e-07,0.0008790058782324195
v116_s0734,116,734,0,0,0,1.0,5.547801720240386e-07,0.0005441422108560801
v116_s0735,116,735,0,0,0,1.0,4.1456036115050665e-07,0.0007298711570911109
v116_s0736,116,736,0,0,0,1.0,3.648347615126113e-07,0.0002534746890887618
v116_s0737,116,737,0,0,0,1.0,3.4212371247122064e-07,0.00038693021633662283
v116_s0738,116,738,0,0,0,1.0,3.393422502995236e-07,0.00027791433967649937
v116_s0739,116,739,0,0,0,1.0,3.586663126498024e-07,0.0005010890308767557
v116_s0740,116,740,0,0,0,1.0,4.003777007710596e-07,0.00032532415934838355
v116_s0741,116,741,0,0,0,1.0,3.89525212085573e-07,0.0003134672879241407
v116_s0742,116,742,0,0,0,1.0,3.760952722586808e-07,0.0003204250242561102
v116_s0743,116,743,0,0,0,1.0,4.863602498517139e-07,0.0026033923495560884
v116_s0744,116,744,0,0,0,1.0,4.4329362935968675e-07,0.0011998112313449383
v116_s0745,116,745,0,0,0,1.0,4.1668630501590087e-07,0.0004391461843624711
v116_s0746,116,746,0,0,0,1.0,3.78269817247201e-07,0.00023508652520831674
v116_s0747,116,747,0,0,0,1.0,3.4094435363840603e-07,0.00030582613544538617
v116_s0748,116,748,0,0,0,1.0,9.515437682239281e-07,0.016525736078619957
v116_s0749,116,749,0,0,0,1.0,1.341939650956192e-06,0.04028242826461792
v116_s0750,116,750,0,0,0,1.0,1.0213611858489458e-06,0.028545096516609192
v116_s0751,116,751,0,0,0,1.0,8.760739547142293e-07,0.015786264091730118
v116_s0752,116,752,0,0,0,1.0,8.477199457956885e-07,0.014223728328943253
v116_s0753,116,753,0,0,0,1.0,4.157113266956003e-07,0.0014863612595945597
v116_s0754,116,754,0,0,0,1.0,5.202025477046845e-07,0.003130099503323436
v116_s0755,116,755,0,0,0,1.0,4.65178686681611e-07,0.0017377216136083007
v116_s0756,116,756,0,0,0,1.0,4.661742423195392e-07,0.0007218417013064027
v116_s0757,116,757,0,0,0,1.0,4.6694606226083124e-07,0.00043155252933502197
v116_s0758,116,758,0,0,0,1.0,5.235597200226039e-07,0.0008410303853452206
v116_s0759,116,759,0,0,0,1.0,4.309811174607603e-07,0.00044247147161513567
v116_s0760,116,760,0,0,0,1.0,5.592887077909836e-07,0.0012878610286861658
v116_s0761,116,761,0,0,0,1.0,4.211162831779802e-07,0.00032622888102196157
v116_s0762,116,762,0,0,0,1.0,4.05444524176346e-07,0.0002770558639895171
v116_s0763,116,763,0,0,0,1.0,3.842514502139238e-07,0.00025349692441523075
v116_s0764,116,764,0,0,0,1.0,3.487066351226531e-07,0.00030355105991475284
v116_s0765,116,765,0,0,0,1.0,3.7572675637420616e-07,0.00030599618912674487
v116_s0766,116,766,0,0,0,1.0,3.768691385630518e-07,0.0004209209291730076
v116_s0767,116,767,0,0,0,1.0,3.560129471225082e-07,0.0002441098913550377
v116_s0768,116,768,0,0,0,1.0,3.4216981248391676e-07,0.0002235616702819243
v116_s0769,116,769,0,0,0,1.0,3.676868232105335e-07,0.00021740859665442258
v116_s0770,116,770,0,0,0,1.0,4.1202432043974113e-07,0.00025594542967155576
v116_s0771,116,771,0,0,0,1.0,4.1590880073272274e-07,0.0002612074895296246
v116_s0772,116,772,0,0,0,1.0,4.5540005544353335e-07,0.0003227215784136206
v116_s0773,116,773,0,0,0,1.0,4.97277881095215e-07,0.001687913783825934
v116_s0774,116,774,0,0,0,1.0,9.434346566195018e-07,0.010817780159413815
v116_s0775,116,775,0,0,0,1.0,1.2595750149557716e-06,0.008821033872663975
v116_s0776,116,776,0,0,0,1.0,6.399170047188818e-07,0.0022767141927033663
v116_s0777,116,777,0,0,0,1.0,4.445017225407355e-07,0.0013184256386011839
v116_s0778,116,778,0,0,0,1.0,4.2833539737330284e-07,0.0012823964934796095
v116_s0779,116,779,0,0,0,1.0,4.7204346742546477e-07,0.0008115406963042915
v116_s0780,116,780,0,0,0,1.0,4.848907337873243e-07,0.0012892988743260503
v116_s0781,116,781,0,0,0,1.0,9.012094324134523e-07,0.010938312858343124
v116_s0782,116,782,0,0,0,1.0,5.020389153287397e-07,0.0016586136771366
v116_s0783,116,783,0,0,0,1.0,5.620478304990684e-07,0.0035936657804995775
v116_s0784,116,784,0,0,0,1.0,9.4580440190839e-07,0.02019606903195381
v116_s0785,116,785,0,0,0,1.0,8.24056087367353e-07,0.008343405090272427
v116_s0786,116,786,0,0,0,1.0,8.761746244090318e-07,0.019212111830711365
v116_s0787,116,787,0,0,0,1.0,7.673306754441e-07,0.015113286674022675
v116_s0788,116,788,0,0,0,1.0,9.100895681513066e-07,0.012511949986219406
v116_s0789,116,789,0,0,0,1.0,7.46897740100394e-07,0.006884412374347448
v116_s0790,116,790,0,0,0,1.0,5.655111294800008e-07,0.00105889025144279
v116_s0791,116,791,0,0,0,1.0,4.6475332737827557e-07,0.00029474939219653606
v116_s0792,116,792,0,0,0,1.0,4.6224906213865324e-07,0.0005854166811332107
v116_s0793,116,793,0,0,0,1.0,4.736503456115315e-07,0.0003282730176579207
v116_s0794,116,794,0,0,0,1.0,6.67665631226555e-07,0.0007980656810104847
v116_s0795,116,795,0,0,0,1.0,5.843148187523184e-07,0.0007762075983919203
v116_s0796,116,796,0,0,0,1.0,7.96489530330291e-07,0.002704282756894827
v116_s0797,116,797,0,0,0,1.0,6.16011107013037e-07,0.0018028891645371914
v116_s0798,116,798,0,0,0,1.0,6.322397894109599e-07,0.0009905786719173193
v116_s0799,116,799,0,0,0,1.0,5.874788939763675e-07,0.0003970864927396178
v116_s0800,116,800,0,0,0,1.0,6.082357799641613e-07,0.00033714447636157274
v116_s0801,116,801,0,0,0,1.0,6.092623152653687e-07,0.00037361017893999815
v116_s0802,116,802,0,0,0,1.0,5.681864649886847e-07,0.00044487349805422127
v116_s0803,116,803,0,0,0,1.0,6.044907649993547e-07,0.0006579593173228204
v116_s0804,116,804,0,0,0,1.0,5.025221980758943e-07,0.000305611320072785
v116_s0805,116,805,0,0,0,1.0,5.165688889974263e-07,0.0003465331392362714
v116_s0806,116,806,0,0,0,1.0,5.329567329681595e-07,0.0024688271805644035
v116_s0807,116,807,0,0,0,1.0,2.334167220396921e-06,0.04499596357345581
v116_s0808,116,808,0,0,0,1.0,4.935067181577324e-07,0.0005387812852859497
v116_s0809,116,809,0,0,0,1.0,5.717205340260989e-07,0.0007329460349865258
v116_s0810,116,810,0,0,0,1.0,6.749615977241774e-07,0.0024998984299600124
v116_s0811,116,811,0,0,0,1.0,6.966030241528642e-07,0.004665964283049107
v116_s0812,116,812,0,0,0,1.0,7.039906222416903e-07,0.00274900090880692
v116_s0813,116,813,0,0,0,1.0,7.776883990118222e-07,0.0012653075391426682
v116_s0814,116,814,0,0,0,1.0,1.4173523368299357e-06,0.009336089715361595
v116_s0815,116,815,0,0,0,1.0,1.4758522866031853e-06,0.003202559659257531
v116_s0816,116,816,0,0,0,1.0,1.8296329926670296e-06,0.0044623324647545815
v116_s0817,116,817,0,0,0,1.0,3.4940931072924286e-06,0.02587117999792099
v116_s0818,116,818,0,0,0,1.0,1.1886297215824015e-05,0.11866382509469986
v116_s0819,116,819,0,24,0,4.166666493055563e-08,0.0004126776475459337,0.9960436820983887
v116_s0820,116,820,0,21,0,4.761904535147403e-08,0.0003391100908629596,0.9943034648895264
v116_s0821,116,821,0,1,0,9.99999000001e-07,6.979686440899968e-05,0.5317373871803284
v116_s0822,116,822,0,0,0,1.0,1.872910274869355e-06,0.008723695762455463
v116_s0823,116,823,0,0,0,1.0,3.7677476939279586e-05,0.2909369468688965
v116_s0824,116,824,0,0,0,1.0,2.9949803774798056e-06,0.01913098804652691
v116_s0825,116,825,0,0,0,1.0,6.3144107116386294e-06,0.06996408104896545
v116_s0826,116,826,0,0,0,1.0,8.497962085129984e-07,0.0013408445520326495
v116_s0827,116,827,0,0,0,1.0,8.818332730697875e-07,0.002992158755660057
v116_s0828,116,828,0,0,0,1.0,1.192409172290354e-06,0.01519611943513155
v116_s0829,116,829,0,0,0,1.0,1.4006845958647318e-06,0.028952613472938538
v116_s0830,116,830,0,0,0,1.0,1.7400232081854483e-06,0.006206775549799204
v116_s0831,116,831,0,0,0,1.0,1.44553052905394e-06,0.022903332486748695
v116_s0832,116,832,0,0,0,1.0,1.0861710961762583e-06,0.014956376515328884
v116_s0833,116,833,0,0,0,1.0,8.787411616140162e-07,0.0016116666374728084
v116_s0834,116,834,0,0,0,1.0,1.1554493539733812e-06,0.003780835308134556
v116_s0835,116,835,0,0,0,1.0,1.6914368643483613e-06,0.0181146077811718
v116_s0836,116,836,0,0,0,1.0,2.2167307633935707e-06,0.031623225659132004
v116_s0837,116,837,0,0,0,1.0,9.80942786554806e-07,0.002663552528247237
v116_s0838,116,838,0,0,0,1.0,6.063303885639471e-07,0.0010009249672293663
v116_s0839,116,839,0,0,0,1.0,6.151940965537506e-07,0.001309957355260849
v116_s0840,116,840,0,0,0,1.0,7.540510864600947e-07,0.008032291196286678
v116_s0841,116,841,0,0,0,1.0,1.0119475746250828e-06,0.01227827649563551
v116_s0842,116,842,0,0,0,1.0,5.811077130601916e-07,0.002656949684023857
v116_s0843,116,843,0,0,0,1.0,7.375538189080544e-07,0.004383428953588009
v116_s0844,116,844,0,0,0,1.0,9.999657777370885e-07,0.007346970494836569
v116_s0845,116,845,0,0,0,1.0,7.469731144738034e-07,0.003457792568951845
v116_s0846,116,846,0,0,0,1.0,6.922000466147438e-07,0.003002277109771967
v116_s0847,116,847,0,0,0,1.0,6.142231541161891e-07,0.003537963144481182
v116_s0848,116,848,0,0,0,1.0,7.485940045626194e-07,0.0004784972406923771
v116_s0849,116,849,0,0,0,1.0,9.706918717711233e-07,0.002557606203481555
v116_s0850,116,850,0,0,0,1.0,7.722629220552335e-07,0.00653490424156189
v116_s0851,116,851,0,0,0,1.0,3.037698206753703e-06,0.096572645008564
v116_s0852,116,852,0,0,0,1.0,1.287921804760117e-06,0.025632672011852264
v116_s0853,116,853,0,0,0,1.0,6.773648806301935e-07,0.0053335861302912235
v116_s0854,116,854,0,0,0,1.0,6.592042041120294e-07,0.0020955556537956
v116_s0855,116,855,0,0,0,1.0,6.29379883321235e-07,0.002609447343274951
v116_s0856,116,856,0,0,0,1.0,6.707206807732291e-07,0.0022836788557469845
v116_s0857,116,857,0,0,0,1.0,5.769124982180074e-07,0.0008235476561821997
v116_s0858,116,858,0,0,0,1.0,6.352461809910892e-07,0.0004682334547396749
v116_s0859,116,859,0,0,0,1.0,7.578122449558578e-07,0.0016503847436979413
v116_s0860,116,860,0,0,0,1.0,4.963947048963746e-07,0.0005163210444152355
v116_s0861,116,861,0,0,0,1.0,5.064074457550305e-07,0.0006278360961005092
v116_s0862,116,862,0,0,0,1.0,5.216188014856016e-07,0.0012041361769661307
v116_s0863,116,863,0,0,0,1.0,5.05099592373881e-07,0.0004949142457917333
v116_s0864,116,864,0,0,0,1.0,4.5018833816357073e-07,0.0004825856303796172
v116_s0865,116,865,0,0,0,1.0,6.174591362650972e-07,0.0012067115167155862
v116_s0866,116,866,0,0,0,1.0,4.478015398490243e-06,0.028653575107455254
v116_s0867,116,867,0,0,0,1.0,6.246256134545547e-07,0.0005976671236567199
v116_s0868,116,868,0,0,0,1.0,5.129420515004313e-07,0.0012301712995395064
v116_s0869,116,869,0,0,0,1.0,4.696021846939402e-07,0.0008396951016038656
v116_s0870,116,870,0,0,0,1.0,5.817431087962177e-07,0.0010726116597652435
v116_s0871,116,871,0,0,0,1.0,4.736739924737776e-07,0.0015051643131300807
v116_s0872,116,872,0,0,0,1.0,4.949883987137582e-07,0.0013567176647484303
v116_s0873,116,873,0,0,0,1.0,5.176643185222929e-07,0.0013615528587251902
v116_s0874,116,874,0,0,0,1.0,5.139178824720148e-07,0.0009307523723691702
v116_s0875,116,875,0,0,0,1.0,4.7135506520135095e-07,0.00046537385787814856
v116_s0876,116,876,0,0,0,1.0,3.8613492847616726e-07,0.00014722412743140012
v116_s0877,116,877,0,0,0,1.0,6.644282848355942e-07,0.006141088902950287
v116_s0878,116,878,0,0,0,1.0,3.120868768746732e-06,0.020810473710298538
v116_s0879,116,879,0,0,0,1.0,1.843814243329689e-05,0.15159206092357635
v116_s0880,116,880,0,0,0,1.0,1.0526208598093945e-06,0.008076601661741734
v116_s0881,116,881,0,0,0,1.0,3.585186050258926e-07,0.0002385612897342071
v116_s0882,116,882,0,0,0,1.0,9.564719221089035e-07,0.008942492306232452
v116_s0883,116,883,0,0,0,1.0,9.555572432873305e-06,0.17367717623710632
v116_s0884,116,884,0,0,0,1.0,5.846655994901084e-07,0.0013713339576497674
v116_s0885,116,885,0,0,0,1.0,5.180551170269609e-07,0.0009751483448781073
v116_s0886,116,886,0,0,0,1.0,6.462564101639146e-07,0.002150344429537654
v116_s0887,116,887,0,0,0,1.0,2.0155748643446714e-06,0.025635918602347374
v116_s0888,116,888,0,0,0,1.0,4.941368842992233e-07,0.0002502759743947536
v116_s0889,116,889,0,0,0,1.0,7.250820317494799e-07,0.0005221372121013701
v116_s0890,116,890,0,0,0,1.0,6.908819045747805e-07,0.0004166499711573124
v116_s0891,116,891,0,0,0,1.0,9.315781426266767e-07,0.002424006350338459
v116_s0892,116,892,0,0,0,1.0,7.142773483792553e-07,0.001703221700154245
v116_s0893,116,893,0,0,0,1.0,4.1143334783555474e-07,0.000769086997024715
v116_s0894,116,894,0,0,0,1.0,4.214001592117711e-07,0.0003341970150358975
v116_s0895,116,895,0,0,0,1.0,4.3037047703364806e-07,0.0005985444295220077
v116_s0896,116,896,0,0,0,1.0,4.910926918455516e-07,0.0003747851005755365
v116_s0897,116,897,0,0,0,1.0,2.0485951608861797e-05,0.21838615834712982
v116_s0898,116,898,0,0,0,1.0,9.833942158365971e-07,0.003342424053698778
v116_s0899,116,899,0,0,0,1.0,5.507598643816891e-07,0.000569286523386836
v116_s0900,116,900,0,0,0,1.0,4.5713579766015755e-07,0.0002725931990426034
v116_s0901,116,901,0,0,0,1.0,5.575224122367217e-07,0.0006210355786606669
v116_s0902,116,902,0,0,0,1.0,8.338116117556638e-07,0.008058132603764534
v116_s0903,116,903,0,0,0,1.0,8.189584264073346e-07,0.007220239844173193
v116_s0904,116,904,0,0,0,1.0,4.654681049487408e-07,0.0015692927408963442
v116_s0905,116,905,0,0,0,1.0,4.586535169437411e-07,0.0006003441521897912
v116_s0906,116,906,0,0,0,1.0,3.7322007528928225e-07,0.0003323193232063204
v116_s0907,116,907,0,0,0,1.0,4.1179720255968277e-07,0.0008198387222364545
